timestamp, memory.used [MiB], memory.total [MiB], utilization.gpu [%], utilization.memory [%], power.draw [W]
2026/04/02 13:53:36.341, 82883 MiB, 97887 MiB, 0 %, 0 %, 234.13 W
2026/04/02 13:53:38.346, 83045 MiB, 97887 MiB, 0 %, 0 %, 133.88 W
2026/04/02 13:53:40.346, 83045 MiB, 97887 MiB, 0 %, 0 %, 110.45 W
2026/04/02 13:53:42.346, 93109 MiB, 97887 MiB, 100 %, 32 %, 258.37 W
2026/04/02 13:53:44.346, 93109 MiB, 97887 MiB, 100 %, 33 %, 350.02 W
2026/04/02 13:53:46.347, 93889 MiB, 97887 MiB, 100 %, 33 %, 350.06 W
2026/04/02 13:53:48.347, 94149 MiB, 97887 MiB, 100 %, 33 %, 350.09 W
2026/04/02 13:53:50.347, 94149 MiB, 97887 MiB, 100 %, 29 %, 350.52 W
2026/04/02 13:53:52.347, 84005 MiB, 97887 MiB, 0 %, 0 %, 278.02 W
2026/04/02 13:53:54.347, 0 MiB, 97887 MiB, 86 %, 51 %, 130.43 W
2026/04/02 13:53:56.347, 0 MiB, 97887 MiB, 0 %, 0 %, 136.04 W
2026/04/02 13:53:58.348, 0 MiB, 97887 MiB, 0 %, 0 %, 73.19 W
2026/04/02 13:54:00.348, 0 MiB, 97887 MiB, 0 %, 0 %, 71.15 W
2026/04/02 13:54:02.349, 0 MiB, 97887 MiB, 0 %, 0 %, 54.28 W
2026/04/02 13:54:04.349, 1 MiB, 97887 MiB, 0 %, 0 %, 29.03 W
2026/04/02 13:54:06.354, 3 MiB, 97887 MiB, 0 %, 0 %, 35.29 W
2026/04/02 13:54:08.354, 3 MiB, 97887 MiB, 0 %, 0 %, 29.02 W
2026/04/02 13:54:10.355, 3 MiB, 97887 MiB, 0 %, 0 %, 28.84 W
2026/04/02 13:54:12.355, 559 MiB, 97887 MiB, 0 %, 0 %, 37.38 W
2026/04/02 13:54:14.355, 82745 MiB, 97887 MiB, 0 %, 0 %, 148.34 W
2026/04/02 13:54:16.356, 0 MiB, 97887 MiB, 0 %, 0 %, 139.19 W
2026/04/02 13:54:18.356, 0 MiB, 97887 MiB, 0 %, 0 %, 71.32 W
2026/04/02 13:54:20.357, 0 MiB, 97887 MiB, 0 %, 0 %, 65.45 W
2026/04/02 13:54:22.358, 0 MiB, 97887 MiB, 0 %, 0 %, 47.12 W
2026/04/02 13:54:24.359, 0 MiB, 97887 MiB, 0 %, 0 %, 27.60 W
2026/04/02 13:54:26.359, 0 MiB, 97887 MiB, 0 %, 0 %, 27.42 W
2026/04/02 13:54:28.360, 0 MiB, 97887 MiB, 0 %, 0 %, 27.18 W
2026/04/02 13:54:30.361, 0 MiB, 97887 MiB, 0 %, 0 %, 27.15 W
2026/04/02 13:54:32.362, 0 MiB, 97887 MiB, 0 %, 0 %, 26.85 W
2026/04/02 13:54:34.362, 0 MiB, 97887 MiB, 0 %, 0 %, 26.42 W
2026/04/02 13:54:36.363, 0 MiB, 97887 MiB, 0 %, 0 %, 26.58 W
2026/04/02 13:54:38.364, 0 MiB, 97887 MiB, 0 %, 0 %, 26.70 W
2026/04/02 13:54:40.365, 0 MiB, 97887 MiB, 0 %, 0 %, 26.76 W
2026/04/02 13:54:42.365, 0 MiB, 97887 MiB, 0 %, 0 %, 27.05 W
2026/04/02 13:54:44.365, 0 MiB, 97887 MiB, 0 %, 0 %, 26.68 W
2026/04/02 13:54:46.366, 0 MiB, 97887 MiB, 0 %, 0 %, 26.37 W
2026/04/02 13:54:48.367, 0 MiB, 97887 MiB, 0 %, 0 %, 26.39 W
2026/04/02 13:54:50.367, 0 MiB, 97887 MiB, 0 %, 0 %, 26.14 W
2026/04/02 13:54:52.368, 0 MiB, 97887 MiB, 0 %, 0 %, 25.99 W
2026/04/02 13:54:54.368, 0 MiB, 97887 MiB, 0 %, 0 %, 26.14 W
2026/04/02 13:54:56.369, 0 MiB, 97887 MiB, 0 %, 0 %, 25.99 W
2026/04/02 13:54:58.370, 0 MiB, 97887 MiB, 0 %, 0 %, 26.01 W
2026/04/02 13:55:00.371, 0 MiB, 97887 MiB, 0 %, 0 %, 26.05 W
2026/04/02 13:55:02.371, 0 MiB, 97887 MiB, 0 %, 0 %, 25.62 W
2026/04/02 13:55:04.372, 0 MiB, 97887 MiB, 0 %, 0 %, 25.40 W
2026/04/02 13:55:06.372, 0 MiB, 97887 MiB, 0 %, 0 %, 25.57 W
2026/04/02 13:55:08.373, 0 MiB, 97887 MiB, 0 %, 0 %, 25.50 W
2026/04/02 13:55:10.373, 0 MiB, 97887 MiB, 0 %, 0 %, 25.41 W
2026/04/02 13:55:12.374, 0 MiB, 97887 MiB, 0 %, 0 %, 25.27 W
2026/04/02 13:55:14.374, 0 MiB, 97887 MiB, 0 %, 0 %, 25.53 W
2026/04/02 13:55:16.375, 0 MiB, 97887 MiB, 0 %, 0 %, 25.39 W
2026/04/02 13:55:18.376, 0 MiB, 97887 MiB, 0 %, 0 %, 25.18 W
2026/04/02 13:55:20.376, 0 MiB, 97887 MiB, 0 %, 0 %, 25.23 W
2026/04/02 13:55:22.377, 0 MiB, 97887 MiB, 0 %, 0 %, 25.29 W
2026/04/02 13:55:24.378, 0 MiB, 97887 MiB, 0 %, 0 %, 24.99 W
2026/04/02 13:55:26.379, 0 MiB, 97887 MiB, 0 %, 0 %, 24.99 W
2026/04/02 13:55:28.379, 0 MiB, 97887 MiB, 0 %, 0 %, 24.84 W
2026/04/02 13:55:30.380, 0 MiB, 97887 MiB, 0 %, 0 %, 24.75 W
2026/04/02 13:55:32.381, 0 MiB, 97887 MiB, 0 %, 0 %, 24.78 W
2026/04/02 13:55:34.382, 0 MiB, 97887 MiB, 0 %, 0 %, 24.46 W
2026/04/02 13:55:36.382, 0 MiB, 97887 MiB, 0 %, 0 %, 24.61 W
2026/04/02 13:55:38.383, 0 MiB, 97887 MiB, 0 %, 0 %, 24.51 W
2026/04/02 13:55:40.384, 0 MiB, 97887 MiB, 0 %, 0 %, 24.64 W
2026/04/02 13:55:42.385, 0 MiB, 97887 MiB, 0 %, 0 %, 24.91 W
2026/04/02 13:55:44.386, 0 MiB, 97887 MiB, 0 %, 0 %, 23.81 W
2026/04/02 13:55:46.387, 0 MiB, 97887 MiB, 0 %, 0 %, 24.10 W
2026/04/02 13:55:48.387, 0 MiB, 97887 MiB, 0 %, 0 %, 24.13 W
2026/04/02 13:55:50.388, 0 MiB, 97887 MiB, 0 %, 0 %, 24.34 W
2026/04/02 13:55:52.389, 0 MiB, 97887 MiB, 0 %, 0 %, 24.35 W
2026/04/02 13:55:54.390, 0 MiB, 97887 MiB, 0 %, 0 %, 24.31 W
2026/04/02 13:55:56.390, 0 MiB, 97887 MiB, 0 %, 0 %, 24.33 W
2026/04/02 13:55:58.391, 0 MiB, 97887 MiB, 0 %, 0 %, 23.98 W
2026/04/02 13:56:00.392, 0 MiB, 97887 MiB, 0 %, 0 %, 24.16 W
2026/04/02 13:56:02.392, 0 MiB, 97887 MiB, 0 %, 0 %, 24.18 W
2026/04/02 13:56:04.393, 0 MiB, 97887 MiB, 0 %, 0 %, 23.84 W
2026/04/02 13:56:06.393, 0 MiB, 97887 MiB, 0 %, 0 %, 23.99 W
2026/04/02 13:56:08.394, 0 MiB, 97887 MiB, 0 %, 0 %, 24.06 W
2026/04/02 13:56:10.395, 0 MiB, 97887 MiB, 0 %, 0 %, 23.99 W
2026/04/02 13:56:12.396, 0 MiB, 97887 MiB, 0 %, 0 %, 23.90 W
2026/04/02 13:56:14.396, 0 MiB, 97887 MiB, 0 %, 0 %, 23.84 W
2026/04/02 13:56:16.397, 0 MiB, 97887 MiB, 0 %, 0 %, 23.94 W
2026/04/02 13:56:18.398, 0 MiB, 97887 MiB, 0 %, 0 %, 23.79 W
2026/04/02 13:56:20.398, 0 MiB, 97887 MiB, 0 %, 0 %, 23.75 W
2026/04/02 13:56:22.399, 0 MiB, 97887 MiB, 0 %, 0 %, 22.90 W
2026/04/02 13:56:24.400, 0 MiB, 97887 MiB, 0 %, 0 %, 22.81 W
2026/04/02 13:56:26.401, 0 MiB, 97887 MiB, 0 %, 0 %, 23.50 W
2026/04/02 13:56:28.401, 0 MiB, 97887 MiB, 0 %, 0 %, 23.38 W
2026/04/02 13:56:30.402, 0 MiB, 97887 MiB, 0 %, 0 %, 23.35 W
2026/04/02 13:56:32.403, 0 MiB, 97887 MiB, 0 %, 0 %, 23.30 W
2026/04/02 13:56:34.403, 0 MiB, 97887 MiB, 0 %, 0 %, 23.25 W
2026/04/02 13:56:36.404, 0 MiB, 97887 MiB, 0 %, 0 %, 23.41 W
2026/04/02 13:56:38.405, 0 MiB, 97887 MiB, 0 %, 0 %, 23.26 W
2026/04/02 13:56:40.405, 0 MiB, 97887 MiB, 0 %, 0 %, 23.13 W
2026/04/02 13:56:42.406, 0 MiB, 97887 MiB, 0 %, 0 %, 23.41 W
2026/04/02 13:56:44.407, 0 MiB, 97887 MiB, 0 %, 0 %, 23.47 W
2026/04/02 13:56:46.407, 0 MiB, 97887 MiB, 0 %, 0 %, 23.58 W
2026/04/02 13:56:48.408, 0 MiB, 97887 MiB, 0 %, 0 %, 23.39 W
2026/04/02 13:56:50.408, 0 MiB, 97887 MiB, 0 %, 0 %, 23.07 W
2026/04/02 13:56:52.409, 0 MiB, 97887 MiB, 0 %, 0 %, 23.38 W
2026/04/02 13:56:54.409, 0 MiB, 97887 MiB, 0 %, 0 %, 23.26 W
2026/04/02 13:56:56.410, 0 MiB, 97887 MiB, 0 %, 0 %, 22.99 W
2026/04/02 13:56:58.411, 0 MiB, 97887 MiB, 0 %, 0 %, 23.34 W
2026/04/02 13:57:00.411, 0 MiB, 97887 MiB, 0 %, 0 %, 22.40 W
2026/04/02 13:57:02.412, 0 MiB, 97887 MiB, 0 %, 0 %, 22.48 W
2026/04/02 13:57:04.413, 0 MiB, 97887 MiB, 0 %, 0 %, 22.85 W
2026/04/02 13:57:06.413, 0 MiB, 97887 MiB, 0 %, 0 %, 22.53 W
2026/04/02 13:57:08.414, 0 MiB, 97887 MiB, 0 %, 0 %, 23.01 W
2026/04/02 13:57:10.415, 0 MiB, 97887 MiB, 0 %, 0 %, 22.86 W
2026/04/02 13:57:12.415, 0 MiB, 97887 MiB, 0 %, 0 %, 22.91 W
2026/04/02 13:57:14.416, 0 MiB, 97887 MiB, 0 %, 0 %, 23.07 W
2026/04/02 13:57:16.416, 0 MiB, 97887 MiB, 0 %, 0 %, 23.01 W
2026/04/02 13:57:18.417, 0 MiB, 97887 MiB, 0 %, 0 %, 23.27 W
2026/04/02 13:57:20.419, 0 MiB, 97887 MiB, 0 %, 0 %, 23.03 W
2026/04/02 13:57:22.419, 0 MiB, 97887 MiB, 0 %, 0 %, 22.94 W
2026/04/02 13:57:24.420, 0 MiB, 97887 MiB, 0 %, 0 %, 23.28 W
2026/04/02 13:57:26.421, 0 MiB, 97887 MiB, 0 %, 0 %, 23.21 W
2026/04/02 13:57:28.422, 0 MiB, 97887 MiB, 0 %, 0 %, 22.97 W
2026/04/02 13:57:30.423, 0 MiB, 97887 MiB, 0 %, 0 %, 22.96 W
2026/04/02 13:57:32.424, 0 MiB, 97887 MiB, 0 %, 0 %, 22.97 W
2026/04/02 13:57:34.425, 0 MiB, 97887 MiB, 0 %, 0 %, 22.95 W
2026/04/02 13:57:36.425, 0 MiB, 97887 MiB, 0 %, 0 %, 22.75 W
2026/04/02 13:57:38.426, 0 MiB, 97887 MiB, 0 %, 0 %, 22.39 W
2026/04/02 13:57:40.427, 0 MiB, 97887 MiB, 0 %, 0 %, 22.25 W
2026/04/02 13:57:42.428, 0 MiB, 97887 MiB, 0 %, 0 %, 22.53 W
2026/04/02 13:57:44.428, 0 MiB, 97887 MiB, 0 %, 0 %, 22.54 W
2026/04/02 13:57:46.429, 0 MiB, 97887 MiB, 0 %, 0 %, 22.32 W
2026/04/02 13:57:48.430, 0 MiB, 97887 MiB, 0 %, 0 %, 22.73 W
2026/04/02 13:57:50.430, 0 MiB, 97887 MiB, 0 %, 0 %, 22.51 W
2026/04/02 13:57:52.431, 0 MiB, 97887 MiB, 0 %, 0 %, 22.53 W
2026/04/02 13:57:54.432, 0 MiB, 97887 MiB, 0 %, 0 %, 22.42 W
2026/04/02 13:57:56.433, 0 MiB, 97887 MiB, 0 %, 0 %, 22.39 W
2026/04/02 13:57:58.433, 0 MiB, 97887 MiB, 0 %, 0 %, 22.08 W
2026/04/02 13:58:00.434, 0 MiB, 97887 MiB, 0 %, 0 %, 22.06 W
2026/04/02 13:58:02.435, 0 MiB, 97887 MiB, 0 %, 0 %, 22.22 W
2026/04/02 13:58:04.435, 0 MiB, 97887 MiB, 0 %, 0 %, 22.54 W
2026/04/02 13:58:06.436, 0 MiB, 97887 MiB, 0 %, 0 %, 22.16 W
2026/04/02 13:58:08.436, 0 MiB, 97887 MiB, 0 %, 0 %, 22.40 W
2026/04/02 13:58:10.437, 0 MiB, 97887 MiB, 0 %, 0 %, 22.08 W
2026/04/02 13:58:12.438, 0 MiB, 97887 MiB, 0 %, 0 %, 22.15 W
2026/04/02 13:58:14.439, 0 MiB, 97887 MiB, 0 %, 0 %, 22.35 W
2026/04/02 13:58:16.439, 0 MiB, 97887 MiB, 0 %, 0 %, 22.65 W
2026/04/02 13:58:18.440, 0 MiB, 97887 MiB, 0 %, 0 %, 22.73 W
2026/04/02 13:58:20.441, 0 MiB, 97887 MiB, 0 %, 0 %, 21.94 W
2026/04/02 13:58:22.442, 0 MiB, 97887 MiB, 0 %, 0 %, 22.03 W
2026/04/02 13:58:24.442, 0 MiB, 97887 MiB, 0 %, 0 %, 22.31 W
2026/04/02 13:58:26.443, 0 MiB, 97887 MiB, 0 %, 0 %, 22.38 W
2026/04/02 13:58:28.444, 0 MiB, 97887 MiB, 0 %, 0 %, 22.33 W
2026/04/02 13:58:30.445, 0 MiB, 97887 MiB, 0 %, 0 %, 22.48 W
2026/04/02 13:58:32.446, 0 MiB, 97887 MiB, 0 %, 0 %, 22.54 W
2026/04/02 13:58:34.447, 0 MiB, 97887 MiB, 0 %, 0 %, 22.75 W
2026/04/02 13:58:36.447, 0 MiB, 97887 MiB, 0 %, 0 %, 22.72 W
2026/04/02 13:58:38.448, 0 MiB, 97887 MiB, 0 %, 0 %, 22.60 W
2026/04/02 13:58:40.449, 0 MiB, 97887 MiB, 0 %, 0 %, 22.57 W
2026/04/02 13:58:42.450, 0 MiB, 97887 MiB, 0 %, 0 %, 22.78 W
2026/04/02 13:58:44.451, 0 MiB, 97887 MiB, 0 %, 0 %, 22.92 W
2026/04/02 13:58:46.452, 0 MiB, 97887 MiB, 0 %, 0 %, 22.81 W
2026/04/02 13:58:48.453, 0 MiB, 97887 MiB, 0 %, 0 %, 22.97 W
2026/04/02 13:58:50.453, 0 MiB, 97887 MiB, 0 %, 0 %, 22.88 W
2026/04/02 13:58:52.454, 0 MiB, 97887 MiB, 0 %, 0 %, 22.53 W
2026/04/02 13:58:54.455, 0 MiB, 97887 MiB, 0 %, 0 %, 21.86 W
2026/04/02 13:58:56.455, 0 MiB, 97887 MiB, 0 %, 0 %, 22.24 W
2026/04/02 13:58:58.456, 0 MiB, 97887 MiB, 0 %, 0 %, 21.69 W
2026/04/02 13:59:00.457, 0 MiB, 97887 MiB, 0 %, 0 %, 21.89 W
2026/04/02 13:59:02.458, 0 MiB, 97887 MiB, 0 %, 0 %, 21.80 W
2026/04/02 13:59:04.458, 0 MiB, 97887 MiB, 0 %, 0 %, 21.62 W
2026/04/02 13:59:06.459, 0 MiB, 97887 MiB, 0 %, 0 %, 21.99 W
2026/04/02 13:59:08.460, 0 MiB, 97887 MiB, 0 %, 0 %, 21.83 W
2026/04/02 13:59:10.460, 0 MiB, 97887 MiB, 0 %, 0 %, 21.92 W
2026/04/02 13:59:12.461, 0 MiB, 97887 MiB, 0 %, 0 %, 21.90 W
2026/04/02 13:59:14.462, 0 MiB, 97887 MiB, 0 %, 0 %, 21.66 W
2026/04/02 13:59:16.463, 0 MiB, 97887 MiB, 0 %, 0 %, 22.00 W
2026/04/02 13:59:18.464, 0 MiB, 97887 MiB, 0 %, 0 %, 21.96 W
2026/04/02 13:59:20.464, 0 MiB, 97887 MiB, 0 %, 0 %, 21.51 W
2026/04/02 13:59:22.465, 0 MiB, 97887 MiB, 0 %, 0 %, 22.10 W
2026/04/02 13:59:24.466, 0 MiB, 97887 MiB, 0 %, 0 %, 22.26 W
2026/04/02 13:59:26.466, 0 MiB, 97887 MiB, 0 %, 0 %, 22.12 W
2026/04/02 13:59:28.467, 0 MiB, 97887 MiB, 0 %, 0 %, 22.32 W
2026/04/02 13:59:30.468, 0 MiB, 97887 MiB, 0 %, 0 %, 22.12 W
2026/04/02 13:59:32.469, 0 MiB, 97887 MiB, 0 %, 0 %, 22.25 W
2026/04/02 13:59:34.469, 0 MiB, 97887 MiB, 0 %, 0 %, 22.32 W
2026/04/02 13:59:36.470, 0 MiB, 97887 MiB, 0 %, 0 %, 22.35 W
2026/04/02 13:59:38.471, 0 MiB, 97887 MiB, 0 %, 0 %, 22.22 W
2026/04/02 13:59:40.472, 0 MiB, 97887 MiB, 0 %, 0 %, 22.09 W
2026/04/02 13:59:42.472, 0 MiB, 97887 MiB, 0 %, 0 %, 22.49 W
2026/04/02 13:59:44.473, 0 MiB, 97887 MiB, 0 %, 0 %, 22.50 W
2026/04/02 13:59:46.473, 0 MiB, 97887 MiB, 0 %, 0 %, 22.11 W
2026/04/02 13:59:48.474, 0 MiB, 97887 MiB, 0 %, 0 %, 22.10 W
2026/04/02 13:59:50.475, 0 MiB, 97887 MiB, 0 %, 0 %, 22.11 W
2026/04/02 13:59:52.475, 0 MiB, 97887 MiB, 0 %, 0 %, 21.99 W
2026/04/02 13:59:54.476, 0 MiB, 97887 MiB, 0 %, 0 %, 22.04 W
2026/04/02 13:59:56.476, 0 MiB, 97887 MiB, 0 %, 0 %, 21.94 W
2026/04/02 13:59:58.477, 0 MiB, 97887 MiB, 0 %, 0 %, 21.84 W
2026/04/02 14:00:00.478, 0 MiB, 97887 MiB, 0 %, 0 %, 22.03 W
2026/04/02 14:00:02.478, 0 MiB, 97887 MiB, 0 %, 0 %, 22.34 W
2026/04/02 14:00:04.479, 0 MiB, 97887 MiB, 0 %, 0 %, 22.14 W
2026/04/02 14:00:06.479, 0 MiB, 97887 MiB, 0 %, 0 %, 22.00 W
2026/04/02 14:00:08.480, 0 MiB, 97887 MiB, 0 %, 0 %, 22.29 W
2026/04/02 14:00:10.480, 0 MiB, 97887 MiB, 0 %, 0 %, 22.63 W
2026/04/02 14:00:12.480, 0 MiB, 97887 MiB, 0 %, 0 %, 22.55 W
2026/04/02 14:00:14.481, 0 MiB, 97887 MiB, 0 %, 0 %, 22.48 W
2026/04/02 14:00:16.481, 0 MiB, 97887 MiB, 0 %, 0 %, 22.24 W
2026/04/02 14:00:18.482, 0 MiB, 97887 MiB, 0 %, 0 %, 21.99 W
2026/04/02 14:00:20.483, 0 MiB, 97887 MiB, 0 %, 0 %, 22.28 W
2026/04/02 14:00:22.484, 0 MiB, 97887 MiB, 0 %, 0 %, 22.04 W
2026/04/02 14:00:24.484, 0 MiB, 97887 MiB, 0 %, 0 %, 22.09 W
2026/04/02 14:00:26.485, 0 MiB, 97887 MiB, 0 %, 0 %, 22.14 W
2026/04/02 14:00:28.486, 0 MiB, 97887 MiB, 0 %, 0 %, 22.29 W
2026/04/02 14:00:30.487, 0 MiB, 97887 MiB, 0 %, 0 %, 22.42 W
2026/04/02 14:00:32.487, 0 MiB, 97887 MiB, 0 %, 0 %, 21.62 W
2026/04/02 14:00:34.488, 0 MiB, 97887 MiB, 0 %, 0 %, 22.04 W
2026/04/02 14:00:36.489, 0 MiB, 97887 MiB, 0 %, 0 %, 22.07 W
2026/04/02 14:00:38.490, 0 MiB, 97887 MiB, 0 %, 0 %, 22.36 W
2026/04/02 14:00:40.490, 0 MiB, 97887 MiB, 0 %, 0 %, 22.30 W
2026/04/02 14:00:42.491, 0 MiB, 97887 MiB, 0 %, 0 %, 22.04 W
2026/04/02 14:00:44.492, 0 MiB, 97887 MiB, 0 %, 0 %, 22.30 W
2026/04/02 14:00:46.493, 0 MiB, 97887 MiB, 0 %, 0 %, 22.28 W
2026/04/02 14:00:48.494, 0 MiB, 97887 MiB, 0 %, 0 %, 22.16 W
2026/04/02 14:00:50.494, 0 MiB, 97887 MiB, 0 %, 0 %, 22.29 W
2026/04/02 14:00:52.495, 0 MiB, 97887 MiB, 0 %, 0 %, 22.18 W
2026/04/02 14:00:54.495, 0 MiB, 97887 MiB, 0 %, 0 %, 22.17 W
2026/04/02 14:00:56.496, 0 MiB, 97887 MiB, 0 %, 0 %, 22.32 W
2026/04/02 14:00:58.497, 0 MiB, 97887 MiB, 0 %, 0 %, 21.99 W
2026/04/02 14:01:00.498, 0 MiB, 97887 MiB, 0 %, 0 %, 22.31 W
2026/04/02 14:01:02.499, 0 MiB, 97887 MiB, 0 %, 0 %, 22.55 W
2026/04/02 14:01:04.499, 0 MiB, 97887 MiB, 0 %, 0 %, 22.41 W
2026/04/02 14:01:06.500, 0 MiB, 97887 MiB, 0 %, 0 %, 22.44 W
2026/04/02 14:01:08.501, 0 MiB, 97887 MiB, 0 %, 0 %, 22.32 W
2026/04/02 14:01:10.502, 0 MiB, 97887 MiB, 0 %, 0 %, 21.91 W
2026/04/02 14:01:12.502, 0 MiB, 97887 MiB, 0 %, 0 %, 22.00 W
2026/04/02 14:01:14.503, 3 MiB, 97887 MiB, 0 %, 0 %, 25.44 W
2026/04/02 14:01:16.503, 3 MiB, 97887 MiB, 0 %, 0 %, 23.10 W
2026/04/02 14:01:18.506, 3 MiB, 97887 MiB, 0 %, 0 %, 22.27 W
2026/04/02 14:01:20.506, 559 MiB, 97887 MiB, 0 %, 0 %, 29.87 W
2026/04/02 14:01:22.506, 76055 MiB, 97887 MiB, 47 %, 24 %, 145.26 W
2026/04/02 14:01:24.507, 76265 MiB, 97887 MiB, 0 %, 0 %, 116.00 W
2026/04/02 14:01:26.507, 76265 MiB, 97887 MiB, 0 %, 0 %, 115.40 W
2026/04/02 14:01:28.507, 76265 MiB, 97887 MiB, 0 %, 0 %, 94.40 W
2026/04/02 14:01:30.507, 86829 MiB, 97887 MiB, 100 %, 32 %, 202.68 W
2026/04/02 14:01:32.508, 87089 MiB, 97887 MiB, 100 %, 31 %, 349.92 W
2026/04/02 14:01:34.510, 87089 MiB, 97887 MiB, 100 %, 33 %, 349.97 W
2026/04/02 14:01:36.511, 87089 MiB, 97887 MiB, 100 %, 32 %, 349.82 W
2026/04/02 14:01:38.511, 87089 MiB, 97887 MiB, 100 %, 29 %, 351.42 W
2026/04/02 14:01:40.511, 89593 MiB, 97887 MiB, 0 %, 0 %, 192.62 W
2026/04/02 14:01:42.511, 89655 MiB, 97887 MiB, 91 %, 62 %, 357.76 W
2026/04/02 14:01:44.511, 89875 MiB, 97887 MiB, 0 %, 0 %, 225.56 W
2026/04/02 14:01:46.512, 89875 MiB, 97887 MiB, 100 %, 31 %, 300.70 W
2026/04/02 14:01:48.512, 89955 MiB, 97887 MiB, 100 %, 1 %, 201.60 W
2026/04/02 14:01:50.512, 90415 MiB, 97887 MiB, 100 %, 44 %, 349.90 W
2026/04/02 14:01:52.512, 90415 MiB, 97887 MiB, 92 %, 47 %, 349.12 W
2026/04/02 14:01:54.512, 90415 MiB, 97887 MiB, 100 %, 38 %, 349.33 W
2026/04/02 14:01:56.512, 90415 MiB, 97887 MiB, 0 %, 0 %, 310.60 W
2026/04/02 14:01:58.512, 90415 MiB, 97887 MiB, 100 %, 30 %, 350.00 W
2026/04/02 14:02:00.513, 90415 MiB, 97887 MiB, 44 %, 8 %, 344.60 W
2026/04/02 14:02:02.513, 90415 MiB, 97887 MiB, 100 %, 28 %, 350.04 W
2026/04/02 14:02:04.513, 90415 MiB, 97887 MiB, 100 %, 1 %, 306.17 W
2026/04/02 14:02:06.513, 90415 MiB, 97887 MiB, 99 %, 20 %, 301.56 W
2026/04/02 14:02:08.513, 90415 MiB, 97887 MiB, 99 %, 40 %, 309.54 W
2026/04/02 14:02:10.513, 93235 MiB, 97887 MiB, 100 %, 30 %, 335.98 W
2026/04/02 14:02:12.514, 93235 MiB, 97887 MiB, 38 %, 33 %, 299.44 W
2026/04/02 14:02:14.514, 93235 MiB, 97887 MiB, 100 %, 32 %, 314.12 W
2026/04/02 14:02:16.514, 93235 MiB, 97887 MiB, 95 %, 50 %, 252.67 W
2026/04/02 14:02:18.514, 93235 MiB, 97887 MiB, 100 %, 44 %, 349.18 W
2026/04/02 14:02:20.514, 93235 MiB, 97887 MiB, 74 %, 24 %, 351.18 W
2026/04/02 14:02:22.514, 93235 MiB, 97887 MiB, 100 %, 32 %, 350.53 W
2026/04/02 14:02:24.515, 93235 MiB, 97887 MiB, 100 %, 31 %, 350.02 W
2026/04/02 14:02:26.515, 93235 MiB, 97887 MiB, 100 %, 31 %, 350.05 W
2026/04/02 14:02:28.515, 93235 MiB, 97887 MiB, 100 %, 32 %, 351.12 W
2026/04/02 14:02:30.515, 93235 MiB, 97887 MiB, 100 %, 31 %, 350.09 W
2026/04/02 14:02:32.515, 93235 MiB, 97887 MiB, 99 %, 34 %, 300.74 W
2026/04/02 14:02:34.515, 93235 MiB, 97887 MiB, 100 %, 32 %, 350.44 W
2026/04/02 14:02:36.516, 93235 MiB, 97887 MiB, 99 %, 25 %, 346.95 W
2026/04/02 14:02:38.516, 93235 MiB, 97887 MiB, 100 %, 32 %, 349.94 W
2026/04/02 14:02:40.516, 96613 MiB, 97887 MiB, 76 %, 23 %, 334.32 W
2026/04/02 14:02:42.516, 0 MiB, 97887 MiB, 0 %, 0 %, 153.21 W
2026/04/02 14:02:44.517, 0 MiB, 97887 MiB, 0 %, 0 %, 108.22 W
2026/04/02 14:02:46.518, 0 MiB, 97887 MiB, 0 %, 0 %, 69.73 W
2026/04/02 14:02:48.519, 0 MiB, 97887 MiB, 0 %, 0 %, 62.58 W
2026/04/02 14:02:50.519, 0 MiB, 97887 MiB, 0 %, 0 %, 36.11 W
2026/04/02 14:02:52.520, 0 MiB, 97887 MiB, 0 %, 0 %, 28.22 W
2026/04/02 14:02:54.521, 0 MiB, 97887 MiB, 0 %, 0 %, 28.26 W
2026/04/02 14:02:56.522, 0 MiB, 97887 MiB, 0 %, 0 %, 27.40 W
2026/04/02 14:02:58.523, 0 MiB, 97887 MiB, 0 %, 0 %, 27.20 W
2026/04/02 14:03:00.523, 0 MiB, 97887 MiB, 0 %, 0 %, 26.75 W
2026/04/02 14:03:02.524, 0 MiB, 97887 MiB, 0 %, 0 %, 27.06 W
2026/04/02 14:03:04.526, 0 MiB, 97887 MiB, 0 %, 0 %, 26.67 W
2026/04/02 14:03:06.526, 0 MiB, 97887 MiB, 0 %, 0 %, 26.53 W
2026/04/02 14:03:08.527, 0 MiB, 97887 MiB, 0 %, 0 %, 26.48 W
2026/04/02 14:03:10.528, 0 MiB, 97887 MiB, 0 %, 0 %, 26.35 W
2026/04/02 14:03:12.529, 0 MiB, 97887 MiB, 0 %, 0 %, 26.01 W
2026/04/02 14:03:14.530, 0 MiB, 97887 MiB, 0 %, 0 %, 25.84 W
2026/04/02 14:03:16.531, 0 MiB, 97887 MiB, 0 %, 0 %, 25.56 W
2026/04/02 14:03:18.531, 0 MiB, 97887 MiB, 0 %, 0 %, 25.97 W
2026/04/02 14:03:20.532, 0 MiB, 97887 MiB, 0 %, 0 %, 25.53 W
2026/04/02 14:03:22.533, 0 MiB, 97887 MiB, 0 %, 0 %, 25.23 W
2026/04/02 14:03:24.534, 0 MiB, 97887 MiB, 0 %, 0 %, 25.20 W
2026/04/02 14:03:26.535, 0 MiB, 97887 MiB, 0 %, 0 %, 25.35 W
2026/04/02 14:03:28.535, 0 MiB, 97887 MiB, 0 %, 0 %, 25.13 W
2026/04/02 14:03:30.536, 0 MiB, 97887 MiB, 0 %, 0 %, 24.69 W
2026/04/02 14:03:32.536, 0 MiB, 97887 MiB, 0 %, 0 %, 24.87 W
2026/04/02 14:03:34.537, 0 MiB, 97887 MiB, 0 %, 0 %, 25.00 W
2026/04/02 14:03:36.537, 0 MiB, 97887 MiB, 0 %, 0 %, 24.72 W
2026/04/02 14:03:38.538, 3 MiB, 97887 MiB, 0 %, 0 %, 29.18 W
2026/04/02 14:03:40.538, 3 MiB, 97887 MiB, 0 %, 0 %, 24.47 W
2026/04/02 14:03:42.538, 3 MiB, 97887 MiB, 0 %, 0 %, 24.74 W
2026/04/02 14:03:44.538, 2307 MiB, 97887 MiB, 0 %, 0 %, 47.89 W
2026/04/02 14:03:46.539, 73183 MiB, 97887 MiB, 63 %, 28 %, 191.14 W
2026/04/02 14:03:48.539, 73325 MiB, 97887 MiB, 7 %, 4 %, 120.34 W
2026/04/02 14:03:50.539, 73325 MiB, 97887 MiB, 0 %, 0 %, 98.93 W
2026/04/02 14:03:52.539, 81347 MiB, 97887 MiB, 17 %, 4 %, 118.05 W
2026/04/02 14:03:54.539, 83389 MiB, 97887 MiB, 100 %, 31 %, 349.88 W
2026/04/02 14:03:56.539, 83909 MiB, 97887 MiB, 100 %, 33 %, 349.86 W
2026/04/02 14:03:58.540, 84429 MiB, 97887 MiB, 100 %, 31 %, 350.01 W
2026/04/02 14:04:00.540, 84429 MiB, 97887 MiB, 100 %, 33 %, 350.43 W
2026/04/02 14:04:02.540, 74285 MiB, 97887 MiB, 51 %, 29 %, 335.95 W
2026/04/02 14:04:04.540, 91335 MiB, 97887 MiB, 100 %, 31 %, 267.83 W
2026/04/02 14:04:06.540, 94175 MiB, 97887 MiB, 99 %, 74 %, 293.85 W
2026/04/02 14:04:08.541, 94175 MiB, 97887 MiB, 0 %, 0 %, 323.63 W
2026/04/02 14:04:10.541, 94175 MiB, 97887 MiB, 100 %, 30 %, 345.71 W
2026/04/02 14:04:12.541, 94175 MiB, 97887 MiB, 100 %, 30 %, 349.88 W
2026/04/02 14:04:14.541, 94175 MiB, 97887 MiB, 100 %, 32 %, 349.80 W
2026/04/02 14:04:16.541, 94175 MiB, 97887 MiB, 100 %, 30 %, 349.77 W
2026/04/02 14:04:18.542, 94175 MiB, 97887 MiB, 100 %, 40 %, 363.17 W
2026/04/02 14:04:20.542, 94175 MiB, 97887 MiB, 100 %, 29 %, 350.02 W
2026/04/02 14:04:22.542, 94175 MiB, 97887 MiB, 100 %, 30 %, 347.96 W
2026/04/02 14:04:24.542, 94175 MiB, 97887 MiB, 100 %, 32 %, 350.04 W
2026/04/02 14:04:26.542, 94175 MiB, 97887 MiB, 96 %, 1 %, 299.84 W
2026/04/02 14:04:28.542, 94175 MiB, 97887 MiB, 100 %, 1 %, 277.64 W
2026/04/02 14:04:30.542, 94175 MiB, 97887 MiB, 0 %, 0 %, 258.83 W
2026/04/02 14:04:32.543, 94175 MiB, 97887 MiB, 100 %, 30 %, 326.53 W
2026/04/02 14:04:34.543, 94175 MiB, 97887 MiB, 0 %, 0 %, 292.78 W
2026/04/02 14:04:36.543, 94175 MiB, 97887 MiB, 0 %, 0 %, 254.77 W
2026/04/02 14:04:38.543, 94175 MiB, 97887 MiB, 100 %, 32 %, 342.68 W
2026/04/02 14:04:40.543, 94175 MiB, 97887 MiB, 100 %, 32 %, 349.91 W
2026/04/02 14:04:42.543, 94175 MiB, 97887 MiB, 100 %, 33 %, 349.83 W
2026/04/02 14:04:44.544, 94175 MiB, 97887 MiB, 100 %, 31 %, 350.29 W
2026/04/02 14:04:46.544, 94175 MiB, 97887 MiB, 100 %, 44 %, 349.71 W
2026/04/02 14:04:48.544, 94175 MiB, 97887 MiB, 100 %, 30 %, 349.92 W
2026/04/02 14:04:50.544, 94175 MiB, 97887 MiB, 100 %, 16 %, 359.51 W
2026/04/02 14:04:52.544, 94175 MiB, 97887 MiB, 100 %, 29 %, 350.57 W
2026/04/02 14:04:54.544, 94175 MiB, 97887 MiB, 100 %, 32 %, 348.23 W
2026/04/02 14:04:56.545, 94175 MiB, 97887 MiB, 100 %, 28 %, 350.58 W
2026/04/02 14:04:58.545, 94175 MiB, 97887 MiB, 100 %, 35 %, 349.58 W
2026/04/02 14:05:00.545, 94175 MiB, 97887 MiB, 100 %, 29 %, 350.03 W
2026/04/02 14:05:02.545, 96515 MiB, 97887 MiB, 100 %, 29 %, 344.21 W
2026/04/02 14:05:04.545, 96515 MiB, 97887 MiB, 0 %, 0 %, 281.13 W
2026/04/02 14:05:06.545, 96515 MiB, 97887 MiB, 0 %, 0 %, 285.73 W
2026/04/02 14:05:08.546, 96515 MiB, 97887 MiB, 100 %, 31 %, 360.18 W
2026/04/02 14:05:10.546, 96515 MiB, 97887 MiB, 0 %, 0 %, 267.50 W
2026/04/02 14:05:12.546, 96515 MiB, 97887 MiB, 42 %, 36 %, 336.17 W
2026/04/02 14:05:14.546, 96515 MiB, 97887 MiB, 100 %, 40 %, 367.86 W
2026/04/02 14:05:16.546, 96515 MiB, 97887 MiB, 100 %, 32 %, 349.94 W
2026/04/02 14:05:18.546, 96515 MiB, 97887 MiB, 100 %, 30 %, 340.06 W
2026/04/02 14:05:20.546, 96515 MiB, 97887 MiB, 100 %, 29 %, 350.06 W
2026/04/02 14:05:22.547, 96515 MiB, 97887 MiB, 100 %, 32 %, 323.20 W
2026/04/02 14:05:24.547, 96515 MiB, 97887 MiB, 100 %, 1 %, 318.62 W
2026/04/02 14:05:26.547, 96515 MiB, 97887 MiB, 100 %, 33 %, 315.32 W
2026/04/02 14:05:28.547, 96515 MiB, 97887 MiB, 0 %, 0 %, 259.45 W
2026/04/02 14:05:30.547, 96515 MiB, 97887 MiB, 0 %, 0 %, 298.66 W
2026/04/02 14:05:32.548, 96515 MiB, 97887 MiB, 100 %, 33 %, 267.54 W
2026/04/02 14:05:34.548, 96515 MiB, 97887 MiB, 99 %, 22 %, 281.92 W
2026/04/02 14:05:36.548, 96515 MiB, 97887 MiB, 100 %, 34 %, 362.57 W
2026/04/02 14:05:38.548, 96515 MiB, 97887 MiB, 36 %, 25 %, 338.32 W
2026/04/02 14:05:40.548, 96515 MiB, 97887 MiB, 100 %, 31 %, 349.99 W
2026/04/02 14:05:42.548, 96515 MiB, 97887 MiB, 0 %, 0 %, 284.05 W
2026/04/02 14:05:44.548, 96515 MiB, 97887 MiB, 100 %, 29 %, 326.75 W
2026/04/02 14:05:46.549, 96515 MiB, 97887 MiB, 0 %, 0 %, 276.79 W
2026/04/02 14:05:48.549, 96515 MiB, 97887 MiB, 82 %, 67 %, 256.91 W
2026/04/02 14:05:50.549, 96515 MiB, 97887 MiB, 99 %, 46 %, 305.01 W
2026/04/02 14:05:52.549, 96515 MiB, 97887 MiB, 58 %, 46 %, 356.28 W
2026/04/02 14:05:54.549, 96515 MiB, 97887 MiB, 100 %, 1 %, 311.46 W
2026/04/02 14:05:56.549, 96515 MiB, 97887 MiB, 100 %, 31 %, 268.11 W
2026/04/02 14:05:58.549, 96515 MiB, 97887 MiB, 100 %, 1 %, 320.40 W
2026/04/02 14:06:00.550, 96515 MiB, 97887 MiB, 100 %, 32 %, 321.30 W
2026/04/02 14:06:02.550, 96515 MiB, 97887 MiB, 66 %, 52 %, 339.38 W
2026/04/02 14:06:04.550, 96515 MiB, 97887 MiB, 100 %, 34 %, 336.22 W
2026/04/02 14:06:06.550, 96515 MiB, 97887 MiB, 100 %, 5 %, 232.21 W
2026/04/02 14:06:08.550, 96515 MiB, 97887 MiB, 100 %, 29 %, 350.16 W
2026/04/02 14:06:10.551, 96515 MiB, 97887 MiB, 100 %, 42 %, 349.44 W
2026/04/02 14:06:12.551, 96595 MiB, 97887 MiB, 99 %, 62 %, 372.96 W
2026/04/02 14:06:14.551, 96595 MiB, 97887 MiB, 100 %, 30 %, 275.66 W
2026/04/02 14:06:16.551, 96595 MiB, 97887 MiB, 82 %, 66 %, 336.33 W
2026/04/02 14:06:18.551, 96595 MiB, 97887 MiB, 100 %, 32 %, 318.32 W
2026/04/02 14:06:20.551, 96595 MiB, 97887 MiB, 100 %, 0 %, 266.71 W
2026/04/02 14:06:22.552, 96595 MiB, 97887 MiB, 99 %, 33 %, 323.58 W
2026/04/02 14:06:24.552, 96595 MiB, 97887 MiB, 99 %, 31 %, 286.43 W
2026/04/02 14:06:26.552, 96595 MiB, 97887 MiB, 100 %, 31 %, 349.97 W
2026/04/02 14:06:28.552, 96595 MiB, 97887 MiB, 100 %, 31 %, 349.87 W
2026/04/02 14:06:30.552, 96595 MiB, 97887 MiB, 100 %, 24 %, 350.12 W
2026/04/02 14:06:32.553, 96595 MiB, 97887 MiB, 43 %, 8 %, 344.73 W
2026/04/02 14:06:34.553, 96595 MiB, 97887 MiB, 100 %, 39 %, 349.37 W
2026/04/02 14:06:36.553, 96595 MiB, 97887 MiB, 61 %, 36 %, 343.04 W
2026/04/02 14:06:38.553, 96595 MiB, 97887 MiB, 100 %, 32 %, 349.88 W
2026/04/02 14:06:40.553, 96595 MiB, 97887 MiB, 100 %, 18 %, 350.75 W
2026/04/02 14:06:42.553, 96595 MiB, 97887 MiB, 100 %, 32 %, 349.99 W
2026/04/02 14:06:44.554, 96595 MiB, 97887 MiB, 100 %, 27 %, 349.83 W
2026/04/02 14:06:46.554, 96595 MiB, 97887 MiB, 100 %, 29 %, 350.01 W
2026/04/02 14:06:48.554, 96595 MiB, 97887 MiB, 100 %, 25 %, 350.07 W
2026/04/02 14:06:50.554, 96595 MiB, 97887 MiB, 100 %, 31 %, 350.19 W
2026/04/02 14:06:52.554, 96595 MiB, 97887 MiB, 100 %, 34 %, 349.72 W
2026/04/02 14:06:54.554, 96595 MiB, 97887 MiB, 100 %, 28 %, 349.75 W
2026/04/02 14:06:56.555, 96595 MiB, 97887 MiB, 100 %, 30 %, 349.93 W
2026/04/02 14:06:58.556, 96595 MiB, 97887 MiB, 100 %, 28 %, 349.98 W
2026/04/02 14:07:00.556, 96595 MiB, 97887 MiB, 100 %, 32 %, 350.01 W
2026/04/02 14:07:02.556, 96595 MiB, 97887 MiB, 100 %, 32 %, 349.98 W
2026/04/02 14:07:04.556, 96595 MiB, 97887 MiB, 100 %, 32 %, 350.10 W
2026/04/02 14:07:06.556, 96595 MiB, 97887 MiB, 100 %, 39 %, 357.11 W
2026/04/02 14:07:08.557, 96595 MiB, 97887 MiB, 100 %, 29 %, 349.87 W
2026/04/02 14:07:10.559, 96595 MiB, 97887 MiB, 100 %, 28 %, 334.58 W
2026/04/02 14:07:12.559, 96595 MiB, 97887 MiB, 100 %, 17 %, 349.92 W
2026/04/02 14:07:14.559, 96595 MiB, 97887 MiB, 100 %, 30 %, 350.07 W
2026/04/02 14:07:16.559, 96595 MiB, 97887 MiB, 100 %, 35 %, 350.02 W
2026/04/02 14:07:18.559, 96595 MiB, 97887 MiB, 100 %, 32 %, 344.95 W
2026/04/02 14:07:20.559, 96595 MiB, 97887 MiB, 0 %, 0 %, 277.27 W
2026/04/02 14:07:22.559, 96595 MiB, 97887 MiB, 100 %, 31 %, 302.20 W
2026/04/02 14:07:24.559, 96595 MiB, 97887 MiB, 100 %, 32 %, 362.38 W
2026/04/02 14:07:26.561, 96595 MiB, 97887 MiB, 100 %, 32 %, 349.96 W
2026/04/02 14:07:28.561, 96595 MiB, 97887 MiB, 100 %, 32 %, 350.24 W
2026/04/02 14:07:30.562, 96595 MiB, 97887 MiB, 100 %, 28 %, 350.06 W
2026/04/02 14:07:32.562, 96595 MiB, 97887 MiB, 100 %, 28 %, 350.02 W
2026/04/02 14:07:34.562, 96595 MiB, 97887 MiB, 100 %, 28 %, 350.02 W
2026/04/02 14:07:36.562, 96595 MiB, 97887 MiB, 0 %, 0 %, 299.80 W
2026/04/02 14:07:38.562, 96595 MiB, 97887 MiB, 100 %, 36 %, 350.00 W
2026/04/02 14:07:40.562, 96595 MiB, 97887 MiB, 100 %, 28 %, 349.84 W
2026/04/02 14:07:42.562, 96595 MiB, 97887 MiB, 100 %, 27 %, 349.97 W
2026/04/02 14:07:44.563, 96595 MiB, 97887 MiB, 100 %, 27 %, 349.98 W
2026/04/02 14:07:46.563, 96595 MiB, 97887 MiB, 100 %, 28 %, 350.00 W
2026/04/02 14:07:48.563, 96595 MiB, 97887 MiB, 100 %, 35 %, 349.91 W
2026/04/02 14:07:50.563, 96595 MiB, 97887 MiB, 100 %, 28 %, 350.00 W
2026/04/02 14:07:52.563, 96595 MiB, 97887 MiB, 100 %, 38 %, 350.11 W
2026/04/02 14:07:54.563, 96595 MiB, 97887 MiB, 0 %, 0 %, 318.81 W
2026/04/02 14:07:56.563, 96595 MiB, 97887 MiB, 39 %, 7 %, 279.81 W
2026/04/02 14:07:58.564, 96595 MiB, 97887 MiB, 0 %, 0 %, 289.55 W
2026/04/02 14:08:00.564, 96595 MiB, 97887 MiB, 100 %, 32 %, 363.07 W
2026/04/02 14:08:02.564, 96595 MiB, 97887 MiB, 100 %, 25 %, 350.60 W
2026/04/02 14:08:04.564, 96595 MiB, 97887 MiB, 100 %, 29 %, 350.00 W
2026/04/02 14:08:06.564, 96595 MiB, 97887 MiB, 100 %, 27 %, 350.01 W
2026/04/02 14:08:08.564, 96595 MiB, 97887 MiB, 100 %, 29 %, 350.32 W
2026/04/02 14:08:10.564, 96595 MiB, 97887 MiB, 100 %, 32 %, 349.68 W
2026/04/02 14:08:12.564, 96595 MiB, 97887 MiB, 99 %, 25 %, 308.35 W
2026/04/02 14:08:14.565, 96595 MiB, 97887 MiB, 100 %, 32 %, 350.11 W
2026/04/02 14:08:16.565, 96595 MiB, 97887 MiB, 99 %, 34 %, 349.52 W
2026/04/02 14:08:18.565, 96595 MiB, 97887 MiB, 100 %, 17 %, 349.83 W
2026/04/02 14:08:20.565, 96595 MiB, 97887 MiB, 100 %, 14 %, 349.88 W
2026/04/02 14:08:22.565, 96595 MiB, 97887 MiB, 100 %, 45 %, 350.02 W
2026/04/02 14:08:24.565, 96595 MiB, 97887 MiB, 99 %, 30 %, 336.65 W
2026/04/02 14:08:26.566, 96595 MiB, 97887 MiB, 100 %, 37 %, 350.11 W
2026/04/02 14:08:28.566, 96595 MiB, 97887 MiB, 100 %, 36 %, 350.06 W
2026/04/02 14:08:30.566, 96595 MiB, 97887 MiB, 100 %, 25 %, 349.89 W
2026/04/02 14:08:32.566, 96595 MiB, 97887 MiB, 100 %, 31 %, 349.87 W
2026/04/02 14:08:34.566, 96595 MiB, 97887 MiB, 100 %, 28 %, 349.95 W
2026/04/02 14:08:36.566, 96595 MiB, 97887 MiB, 100 %, 28 %, 349.99 W
2026/04/02 14:08:38.567, 96595 MiB, 97887 MiB, 100 %, 31 %, 352.78 W
2026/04/02 14:08:40.567, 96595 MiB, 97887 MiB, 100 %, 32 %, 350.01 W
2026/04/02 14:08:42.567, 96595 MiB, 97887 MiB, 100 %, 35 %, 351.75 W
2026/04/02 14:08:44.567, 96595 MiB, 97887 MiB, 100 %, 28 %, 350.38 W
2026/04/02 14:08:46.567, 96595 MiB, 97887 MiB, 100 %, 31 %, 361.75 W
2026/04/02 14:08:48.568, 96595 MiB, 97887 MiB, 100 %, 29 %, 350.06 W
2026/04/02 14:08:50.568, 96595 MiB, 97887 MiB, 100 %, 32 %, 326.19 W
2026/04/02 14:08:52.568, 96595 MiB, 97887 MiB, 100 %, 32 %, 349.92 W
2026/04/02 14:08:54.568, 96595 MiB, 97887 MiB, 100 %, 27 %, 344.74 W
2026/04/02 14:08:56.568, 96595 MiB, 97887 MiB, 61 %, 50 %, 285.04 W
2026/04/02 14:08:58.568, 96595 MiB, 97887 MiB, 14 %, 13 %, 321.49 W
2026/04/02 14:09:00.569, 96595 MiB, 97887 MiB, 100 %, 32 %, 364.58 W
2026/04/02 14:09:02.569, 96595 MiB, 97887 MiB, 100 %, 32 %, 350.56 W
2026/04/02 14:09:04.569, 96595 MiB, 97887 MiB, 100 %, 32 %, 349.91 W
2026/04/02 14:09:06.569, 96595 MiB, 97887 MiB, 100 %, 31 %, 349.93 W
2026/04/02 14:09:08.569, 96595 MiB, 97887 MiB, 100 %, 28 %, 306.36 W
2026/04/02 14:09:10.569, 96595 MiB, 97887 MiB, 100 %, 32 %, 349.97 W
2026/04/02 14:09:12.570, 96595 MiB, 97887 MiB, 100 %, 28 %, 350.05 W
2026/04/02 14:09:14.570, 96595 MiB, 97887 MiB, 100 %, 27 %, 349.97 W
2026/04/02 14:09:16.570, 96595 MiB, 97887 MiB, 100 %, 30 %, 350.46 W
2026/04/02 14:09:18.570, 96595 MiB, 97887 MiB, 100 %, 30 %, 349.99 W
2026/04/02 14:09:20.570, 96595 MiB, 97887 MiB, 100 %, 27 %, 349.14 W
2026/04/02 14:09:22.571, 96595 MiB, 97887 MiB, 100 %, 32 %, 349.98 W
2026/04/02 14:09:24.571, 96595 MiB, 97887 MiB, 100 %, 32 %, 350.00 W
2026/04/02 14:09:26.571, 96595 MiB, 97887 MiB, 100 %, 28 %, 349.93 W
2026/04/02 14:09:28.571, 96595 MiB, 97887 MiB, 90 %, 25 %, 352.44 W
2026/04/02 14:09:30.571, 96595 MiB, 97887 MiB, 100 %, 27 %, 350.01 W
2026/04/02 14:09:32.571, 96595 MiB, 97887 MiB, 14 %, 10 %, 333.96 W
2026/04/02 14:09:34.572, 96595 MiB, 97887 MiB, 100 %, 32 %, 350.05 W
2026/04/02 14:09:36.572, 96595 MiB, 97887 MiB, 100 %, 16 %, 349.92 W
2026/04/02 14:09:38.572, 96595 MiB, 97887 MiB, 100 %, 25 %, 347.95 W
2026/04/02 14:09:40.572, 96595 MiB, 97887 MiB, 0 %, 0 %, 339.01 W
2026/04/02 14:09:42.572, 96595 MiB, 97887 MiB, 0 %, 0 %, 294.20 W
2026/04/02 14:09:44.572, 96595 MiB, 97887 MiB, 100 %, 32 %, 349.90 W
2026/04/02 14:09:46.573, 96595 MiB, 97887 MiB, 100 %, 16 %, 350.13 W
2026/04/02 14:09:48.573, 96595 MiB, 97887 MiB, 100 %, 30 %, 349.96 W
2026/04/02 14:09:50.573, 96595 MiB, 97887 MiB, 100 %, 44 %, 349.97 W
2026/04/02 14:09:52.573, 96595 MiB, 97887 MiB, 100 %, 30 %, 349.13 W
2026/04/02 14:09:54.573, 96595 MiB, 97887 MiB, 100 %, 30 %, 349.89 W
2026/04/02 14:09:56.573, 96595 MiB, 97887 MiB, 100 %, 21 %, 348.42 W
2026/04/02 14:09:58.574, 96595 MiB, 97887 MiB, 100 %, 32 %, 350.64 W
2026/04/02 14:10:00.574, 96595 MiB, 97887 MiB, 100 %, 15 %, 350.37 W
2026/04/02 14:10:02.574, 96595 MiB, 97887 MiB, 100 %, 31 %, 349.91 W
2026/04/02 14:10:04.574, 96595 MiB, 97887 MiB, 100 %, 36 %, 349.70 W
2026/04/02 14:10:06.574, 96595 MiB, 97887 MiB, 100 %, 26 %, 350.03 W
2026/04/02 14:10:08.575, 96595 MiB, 97887 MiB, 100 %, 29 %, 350.37 W
2026/04/02 14:10:10.575, 96595 MiB, 97887 MiB, 100 %, 32 %, 349.95 W
2026/04/02 14:10:12.575, 96595 MiB, 97887 MiB, 100 %, 32 %, 349.83 W
2026/04/02 14:10:14.575, 96595 MiB, 97887 MiB, 100 %, 32 %, 349.92 W
2026/04/02 14:10:16.575, 96595 MiB, 97887 MiB, 100 %, 31 %, 350.11 W
2026/04/02 14:10:18.576, 96595 MiB, 97887 MiB, 100 %, 24 %, 350.06 W
2026/04/02 14:10:20.576, 96595 MiB, 97887 MiB, 100 %, 32 %, 350.66 W
2026/04/02 14:10:22.576, 96595 MiB, 97887 MiB, 100 %, 39 %, 349.39 W
2026/04/02 14:10:24.576, 96595 MiB, 97887 MiB, 59 %, 13 %, 279.70 W
2026/04/02 14:10:26.576, 96595 MiB, 97887 MiB, 99 %, 51 %, 341.08 W
2026/04/02 14:10:28.577, 96595 MiB, 97887 MiB, 100 %, 35 %, 293.18 W
2026/04/02 14:10:30.577, 96595 MiB, 97887 MiB, 92 %, 33 %, 276.01 W
2026/04/02 14:10:32.577, 96595 MiB, 97887 MiB, 100 %, 28 %, 349.85 W
2026/04/02 14:10:34.577, 96595 MiB, 97887 MiB, 99 %, 32 %, 349.78 W
2026/04/02 14:10:36.577, 96595 MiB, 97887 MiB, 100 %, 31 %, 349.94 W
2026/04/02 14:10:38.577, 96595 MiB, 97887 MiB, 100 %, 35 %, 349.89 W
2026/04/02 14:10:40.578, 96595 MiB, 97887 MiB, 100 %, 32 %, 349.98 W
2026/04/02 14:10:42.578, 96595 MiB, 97887 MiB, 100 %, 28 %, 349.83 W
2026/04/02 14:10:44.578, 96595 MiB, 97887 MiB, 100 %, 29 %, 350.00 W
2026/04/02 14:10:46.578, 96595 MiB, 97887 MiB, 100 %, 28 %, 349.95 W
2026/04/02 14:10:48.578, 96595 MiB, 97887 MiB, 100 %, 32 %, 351.51 W
2026/04/02 14:10:50.579, 96595 MiB, 97887 MiB, 100 %, 28 %, 350.02 W
2026/04/02 14:10:52.579, 96595 MiB, 97887 MiB, 100 %, 31 %, 348.09 W
2026/04/02 14:10:54.579, 96595 MiB, 97887 MiB, 100 %, 29 %, 350.08 W
2026/04/02 14:10:56.579, 96595 MiB, 97887 MiB, 100 %, 24 %, 350.18 W
2026/04/02 14:10:58.579, 96595 MiB, 97887 MiB, 100 %, 31 %, 349.78 W
2026/04/02 14:11:00.579, 96595 MiB, 97887 MiB, 100 %, 36 %, 350.23 W
2026/04/02 14:11:02.580, 96595 MiB, 97887 MiB, 100 %, 32 %, 349.93 W
2026/04/02 14:11:04.580, 96595 MiB, 97887 MiB, 100 %, 30 %, 303.93 W
2026/04/02 14:11:06.580, 96595 MiB, 97887 MiB, 100 %, 26 %, 349.97 W
2026/04/02 14:11:08.580, 96595 MiB, 97887 MiB, 100 %, 32 %, 349.32 W
2026/04/02 14:11:10.580, 96595 MiB, 97887 MiB, 100 %, 28 %, 349.98 W
2026/04/02 14:11:12.580, 96595 MiB, 97887 MiB, 100 %, 24 %, 349.94 W
2026/04/02 14:11:14.581, 96595 MiB, 97887 MiB, 100 %, 32 %, 350.08 W
2026/04/02 14:11:16.581, 96595 MiB, 97887 MiB, 100 %, 28 %, 349.99 W
2026/04/02 14:11:18.581, 96595 MiB, 97887 MiB, 100 %, 30 %, 350.00 W
2026/04/02 14:11:20.581, 96595 MiB, 97887 MiB, 100 %, 23 %, 349.92 W
2026/04/02 14:11:22.581, 96595 MiB, 97887 MiB, 100 %, 29 %, 349.93 W
2026/04/02 14:11:24.581, 96595 MiB, 97887 MiB, 100 %, 24 %, 349.71 W
2026/04/02 14:11:26.582, 96595 MiB, 97887 MiB, 100 %, 28 %, 350.08 W
2026/04/02 14:11:28.582, 96595 MiB, 97887 MiB, 100 %, 15 %, 350.60 W
2026/04/02 14:11:30.582, 96595 MiB, 97887 MiB, 100 %, 28 %, 350.10 W
2026/04/02 14:11:32.582, 96595 MiB, 97887 MiB, 100 %, 45 %, 349.89 W
2026/04/02 14:11:34.582, 96595 MiB, 97887 MiB, 100 %, 26 %, 349.97 W
2026/04/02 14:11:36.582, 96595 MiB, 97887 MiB, 100 %, 17 %, 350.00 W
2026/04/02 14:11:38.583, 96595 MiB, 97887 MiB, 100 %, 30 %, 350.01 W
2026/04/02 14:11:40.583, 96595 MiB, 97887 MiB, 100 %, 28 %, 349.99 W
2026/04/02 14:11:42.583, 96595 MiB, 97887 MiB, 100 %, 27 %, 369.62 W
2026/04/02 14:11:44.583, 96595 MiB, 97887 MiB, 100 %, 28 %, 350.42 W
2026/04/02 14:11:46.583, 96595 MiB, 97887 MiB, 100 %, 28 %, 350.12 W
2026/04/02 14:11:48.583, 96595 MiB, 97887 MiB, 100 %, 29 %, 349.90 W
2026/04/02 14:11:50.584, 96595 MiB, 97887 MiB, 100 %, 31 %, 349.92 W
2026/04/02 14:11:52.584, 96595 MiB, 97887 MiB, 100 %, 24 %, 350.06 W
2026/04/02 14:11:54.584, 96595 MiB, 97887 MiB, 100 %, 32 %, 350.63 W
2026/04/02 14:11:56.584, 96595 MiB, 97887 MiB, 100 %, 41 %, 349.99 W
2026/04/02 14:11:58.584, 96595 MiB, 97887 MiB, 100 %, 32 %, 350.07 W
2026/04/02 14:12:00.584, 96595 MiB, 97887 MiB, 100 %, 28 %, 350.05 W
2026/04/02 14:12:02.585, 96595 MiB, 97887 MiB, 86 %, 27 %, 307.61 W
2026/04/02 14:12:04.585, 96595 MiB, 97887 MiB, 100 %, 23 %, 349.91 W
2026/04/02 14:12:06.585, 96595 MiB, 97887 MiB, 100 %, 15 %, 350.10 W
2026/04/02 14:12:08.585, 96595 MiB, 97887 MiB, 100 %, 44 %, 349.71 W
2026/04/02 14:12:10.585, 96595 MiB, 97887 MiB, 99 %, 30 %, 349.68 W
2026/04/02 14:12:12.586, 96595 MiB, 97887 MiB, 100 %, 27 %, 349.72 W
2026/04/02 14:12:14.586, 96595 MiB, 97887 MiB, 100 %, 38 %, 349.88 W
2026/04/02 14:12:16.586, 96595 MiB, 97887 MiB, 100 %, 30 %, 350.00 W
2026/04/02 14:12:18.586, 96595 MiB, 97887 MiB, 100 %, 30 %, 349.90 W
2026/04/02 14:12:20.586, 96595 MiB, 97887 MiB, 100 %, 29 %, 350.11 W
2026/04/02 14:12:22.586, 96595 MiB, 97887 MiB, 100 %, 41 %, 349.95 W
2026/04/02 14:12:24.587, 96595 MiB, 97887 MiB, 100 %, 29 %, 349.98 W
2026/04/02 14:12:26.587, 96595 MiB, 97887 MiB, 100 %, 31 %, 349.98 W
2026/04/02 14:12:28.587, 96595 MiB, 97887 MiB, 100 %, 32 %, 350.02 W
2026/04/02 14:12:30.587, 96595 MiB, 97887 MiB, 100 %, 32 %, 350.03 W
2026/04/02 14:12:32.587, 96595 MiB, 97887 MiB, 100 %, 24 %, 350.06 W
2026/04/02 14:12:34.587, 96595 MiB, 97887 MiB, 100 %, 28 %, 350.06 W
2026/04/02 14:12:36.588, 96595 MiB, 97887 MiB, 100 %, 25 %, 343.83 W
2026/04/02 14:12:38.588, 96595 MiB, 97887 MiB, 12 %, 11 %, 336.39 W
2026/04/02 14:12:40.588, 96595 MiB, 97887 MiB, 54 %, 49 %, 341.69 W
2026/04/02 14:12:42.588, 96595 MiB, 97887 MiB, 100 %, 32 %, 304.60 W
2026/04/02 14:12:44.588, 96595 MiB, 97887 MiB, 100 %, 27 %, 350.00 W
2026/04/02 14:12:46.589, 96595 MiB, 97887 MiB, 100 %, 27 %, 350.02 W
2026/04/02 14:12:48.589, 96595 MiB, 97887 MiB, 100 %, 32 %, 349.97 W
2026/04/02 14:12:50.589, 96595 MiB, 97887 MiB, 100 %, 28 %, 349.94 W
2026/04/02 14:12:52.589, 96595 MiB, 97887 MiB, 100 %, 29 %, 349.97 W
2026/04/02 14:12:54.589, 96595 MiB, 97887 MiB, 97 %, 31 %, 351.41 W
2026/04/02 14:12:56.589, 96595 MiB, 97887 MiB, 100 %, 26 %, 350.01 W
2026/04/02 14:12:58.590, 96595 MiB, 97887 MiB, 99 %, 69 %, 350.39 W
2026/04/02 14:13:00.590, 96695 MiB, 97887 MiB, 99 %, 69 %, 349.98 W
2026/04/02 14:13:02.590, 96695 MiB, 97887 MiB, 99 %, 66 %, 349.98 W
2026/04/02 14:13:04.590, 96695 MiB, 97887 MiB, 99 %, 66 %, 349.99 W
2026/04/02 14:13:06.590, 96695 MiB, 97887 MiB, 99 %, 65 %, 349.99 W
2026/04/02 14:13:08.591, 96695 MiB, 97887 MiB, 99 %, 64 %, 349.99 W
2026/04/02 14:13:10.591, 96695 MiB, 97887 MiB, 99 %, 64 %, 349.97 W
2026/04/02 14:13:12.591, 96695 MiB, 97887 MiB, 99 %, 64 %, 349.93 W
2026/04/02 14:13:14.591, 96695 MiB, 97887 MiB, 99 %, 63 %, 350.05 W
2026/04/02 14:13:16.591, 96695 MiB, 97887 MiB, 99 %, 61 %, 349.89 W
2026/04/02 14:13:18.592, 96695 MiB, 97887 MiB, 99 %, 61 %, 350.09 W
2026/04/02 14:13:20.592, 96695 MiB, 97887 MiB, 99 %, 60 %, 349.93 W
2026/04/02 14:13:22.592, 96695 MiB, 97887 MiB, 99 %, 60 %, 350.00 W
2026/04/02 14:13:24.592, 96695 MiB, 97887 MiB, 99 %, 59 %, 350.04 W
2026/04/02 14:13:26.592, 96695 MiB, 97887 MiB, 99 %, 60 %, 349.98 W
2026/04/02 14:13:28.592, 96695 MiB, 97887 MiB, 99 %, 59 %, 350.08 W
2026/04/02 14:13:30.593, 96695 MiB, 97887 MiB, 99 %, 60 %, 349.98 W
2026/04/02 14:13:32.593, 96695 MiB, 97887 MiB, 99 %, 59 %, 349.86 W
2026/04/02 14:13:34.593, 96695 MiB, 97887 MiB, 99 %, 59 %, 350.08 W
2026/04/02 14:13:36.593, 96695 MiB, 97887 MiB, 98 %, 59 %, 350.02 W
2026/04/02 14:13:38.593, 96775 MiB, 97887 MiB, 98 %, 58 %, 349.90 W
2026/04/02 14:13:40.594, 96775 MiB, 97887 MiB, 98 %, 59 %, 349.98 W
2026/04/02 14:13:42.594, 96775 MiB, 97887 MiB, 99 %, 58 %, 350.00 W
2026/04/02 14:13:44.594, 96775 MiB, 97887 MiB, 99 %, 58 %, 350.02 W
2026/04/02 14:13:46.594, 96775 MiB, 97887 MiB, 99 %, 58 %, 349.88 W
2026/04/02 14:13:48.594, 96775 MiB, 97887 MiB, 99 %, 58 %, 349.90 W
2026/04/02 14:13:50.595, 96775 MiB, 97887 MiB, 98 %, 58 %, 349.99 W
2026/04/02 14:13:52.595, 96775 MiB, 97887 MiB, 98 %, 57 %, 349.98 W
2026/04/02 14:13:54.595, 96775 MiB, 97887 MiB, 98 %, 57 %, 350.04 W
2026/04/02 14:13:56.595, 96775 MiB, 97887 MiB, 98 %, 57 %, 349.90 W
2026/04/02 14:13:58.595, 96775 MiB, 97887 MiB, 98 %, 57 %, 350.04 W
2026/04/02 14:14:00.596, 96775 MiB, 97887 MiB, 98 %, 57 %, 349.90 W
2026/04/02 14:14:02.596, 96775 MiB, 97887 MiB, 98 %, 54 %, 349.98 W
2026/04/02 14:14:04.596, 96775 MiB, 97887 MiB, 98 %, 54 %, 350.01 W
2026/04/02 14:14:06.596, 96775 MiB, 97887 MiB, 98 %, 53 %, 350.01 W
2026/04/02 14:14:08.596, 96775 MiB, 97887 MiB, 98 %, 53 %, 349.92 W
2026/04/02 14:14:10.597, 96775 MiB, 97887 MiB, 98 %, 54 %, 349.94 W
2026/04/02 14:14:12.597, 96775 MiB, 97887 MiB, 98 %, 54 %, 350.02 W
2026/04/02 14:14:14.597, 96775 MiB, 97887 MiB, 98 %, 54 %, 349.95 W
2026/04/02 14:14:16.597, 96775 MiB, 97887 MiB, 98 %, 54 %, 350.13 W
2026/04/02 14:14:18.598, 96775 MiB, 97887 MiB, 98 %, 54 %, 350.04 W
2026/04/02 14:14:20.598, 96775 MiB, 97887 MiB, 98 %, 54 %, 349.99 W
2026/04/02 14:14:22.598, 96775 MiB, 97887 MiB, 98 %, 54 %, 349.96 W
2026/04/02 14:14:24.598, 96775 MiB, 97887 MiB, 98 %, 53 %, 349.99 W
2026/04/02 14:14:26.598, 96775 MiB, 97887 MiB, 98 %, 53 %, 350.04 W
2026/04/02 14:14:28.599, 96775 MiB, 97887 MiB, 98 %, 54 %, 349.99 W
2026/04/02 14:14:30.599, 96775 MiB, 97887 MiB, 98 %, 54 %, 349.98 W
2026/04/02 14:14:32.599, 96775 MiB, 97887 MiB, 98 %, 54 %, 349.97 W
2026/04/02 14:14:34.599, 96775 MiB, 97887 MiB, 98 %, 54 %, 350.00 W
2026/04/02 14:14:36.599, 96775 MiB, 97887 MiB, 98 %, 54 %, 349.87 W
2026/04/02 14:14:38.600, 96775 MiB, 97887 MiB, 98 %, 53 %, 349.97 W
2026/04/02 14:14:40.600, 96775 MiB, 97887 MiB, 98 %, 53 %, 349.99 W
2026/04/02 14:14:42.600, 96775 MiB, 97887 MiB, 98 %, 53 %, 349.99 W
2026/04/02 14:14:44.600, 96775 MiB, 97887 MiB, 98 %, 53 %, 349.99 W
2026/04/02 14:14:46.600, 96775 MiB, 97887 MiB, 98 %, 53 %, 349.94 W
2026/04/02 14:14:48.601, 96775 MiB, 97887 MiB, 98 %, 53 %, 350.03 W
2026/04/02 14:14:50.601, 96775 MiB, 97887 MiB, 98 %, 53 %, 349.98 W
2026/04/02 14:14:52.601, 96775 MiB, 97887 MiB, 98 %, 53 %, 350.01 W
2026/04/02 14:14:54.601, 96775 MiB, 97887 MiB, 98 %, 53 %, 350.00 W
2026/04/02 14:14:56.601, 96775 MiB, 97887 MiB, 98 %, 53 %, 350.03 W
2026/04/02 14:14:58.602, 96775 MiB, 97887 MiB, 98 %, 53 %, 349.90 W
2026/04/02 14:15:00.602, 96775 MiB, 97887 MiB, 98 %, 53 %, 350.00 W
2026/04/02 14:15:02.602, 96775 MiB, 97887 MiB, 98 %, 53 %, 350.00 W
2026/04/02 14:15:04.602, 96775 MiB, 97887 MiB, 98 %, 53 %, 350.04 W
2026/04/02 14:15:06.602, 96775 MiB, 97887 MiB, 98 %, 53 %, 350.02 W
2026/04/02 14:15:08.603, 96775 MiB, 97887 MiB, 98 %, 53 %, 349.92 W
2026/04/02 14:15:10.603, 96775 MiB, 97887 MiB, 98 %, 52 %, 349.86 W
2026/04/02 14:15:12.603, 96775 MiB, 97887 MiB, 98 %, 53 %, 350.02 W
2026/04/02 14:15:14.603, 96775 MiB, 97887 MiB, 98 %, 53 %, 350.11 W
2026/04/02 14:15:16.603, 96775 MiB, 97887 MiB, 98 %, 52 %, 349.85 W
2026/04/02 14:15:18.604, 96775 MiB, 97887 MiB, 98 %, 52 %, 349.97 W
2026/04/02 14:15:20.604, 96775 MiB, 97887 MiB, 98 %, 53 %, 349.99 W
2026/04/02 14:15:22.604, 96775 MiB, 97887 MiB, 98 %, 52 %, 349.97 W
2026/04/02 14:15:24.604, 96775 MiB, 97887 MiB, 98 %, 52 %, 349.97 W
2026/04/02 14:15:26.604, 96775 MiB, 97887 MiB, 98 %, 53 %, 349.94 W
2026/04/02 14:15:28.605, 96775 MiB, 97887 MiB, 98 %, 52 %, 349.95 W
2026/04/02 14:15:30.605, 96775 MiB, 97887 MiB, 98 %, 52 %, 349.98 W
2026/04/02 14:15:32.605, 96775 MiB, 97887 MiB, 98 %, 52 %, 349.92 W
2026/04/02 14:15:34.605, 96775 MiB, 97887 MiB, 98 %, 52 %, 349.99 W
2026/04/02 14:15:36.605, 96775 MiB, 97887 MiB, 98 %, 52 %, 349.99 W
2026/04/02 14:15:38.606, 96775 MiB, 97887 MiB, 98 %, 53 %, 349.95 W
2026/04/02 14:15:40.606, 96775 MiB, 97887 MiB, 98 %, 53 %, 350.01 W
2026/04/02 14:15:42.606, 96775 MiB, 97887 MiB, 98 %, 52 %, 350.08 W
2026/04/02 14:15:44.606, 96775 MiB, 97887 MiB, 98 %, 52 %, 350.07 W
2026/04/02 14:15:46.606, 96775 MiB, 97887 MiB, 98 %, 52 %, 349.91 W
2026/04/02 14:15:48.607, 96775 MiB, 97887 MiB, 98 %, 53 %, 349.92 W
2026/04/02 14:15:50.607, 96775 MiB, 97887 MiB, 98 %, 53 %, 349.99 W
2026/04/02 14:15:52.607, 96775 MiB, 97887 MiB, 98 %, 52 %, 349.94 W
2026/04/02 14:15:54.607, 96775 MiB, 97887 MiB, 98 %, 52 %, 350.02 W
2026/04/02 14:15:56.608, 96775 MiB, 97887 MiB, 98 %, 60 %, 349.83 W
2026/04/02 14:15:58.608, 96795 MiB, 97887 MiB, 98 %, 59 %, 349.93 W
2026/04/02 14:16:00.608, 96795 MiB, 97887 MiB, 97 %, 59 %, 350.04 W
2026/04/02 14:16:02.608, 96795 MiB, 97887 MiB, 97 %, 59 %, 350.04 W
2026/04/02 14:16:04.608, 96795 MiB, 97887 MiB, 98 %, 59 %, 349.92 W
2026/04/02 14:16:06.609, 96795 MiB, 97887 MiB, 97 %, 58 %, 350.04 W
2026/04/02 14:16:08.609, 96795 MiB, 97887 MiB, 97 %, 59 %, 350.07 W
2026/04/02 14:16:10.609, 96795 MiB, 97887 MiB, 97 %, 59 %, 349.97 W
2026/04/02 14:16:12.609, 96795 MiB, 97887 MiB, 97 %, 58 %, 350.08 W
2026/04/02 14:16:14.609, 96795 MiB, 97887 MiB, 97 %, 59 %, 350.06 W
2026/04/02 14:16:16.610, 96795 MiB, 97887 MiB, 97 %, 58 %, 350.01 W
2026/04/02 14:16:18.610, 96795 MiB, 97887 MiB, 98 %, 59 %, 350.04 W
2026/04/02 14:16:20.610, 96795 MiB, 97887 MiB, 97 %, 58 %, 350.00 W
2026/04/02 14:16:22.610, 96795 MiB, 97887 MiB, 97 %, 58 %, 350.14 W
2026/04/02 14:16:24.610, 96795 MiB, 97887 MiB, 97 %, 58 %, 349.93 W
2026/04/02 14:16:26.611, 96795 MiB, 97887 MiB, 97 %, 58 %, 349.93 W
2026/04/02 14:16:28.611, 96795 MiB, 97887 MiB, 97 %, 58 %, 350.03 W
2026/04/02 14:16:30.611, 96795 MiB, 97887 MiB, 97 %, 58 %, 349.94 W
2026/04/02 14:16:32.611, 96795 MiB, 97887 MiB, 97 %, 58 %, 349.98 W
2026/04/02 14:16:34.611, 96795 MiB, 97887 MiB, 97 %, 58 %, 349.94 W
2026/04/02 14:16:36.612, 96795 MiB, 97887 MiB, 97 %, 58 %, 350.00 W
2026/04/02 14:16:38.612, 96795 MiB, 97887 MiB, 98 %, 58 %, 349.89 W
2026/04/02 14:16:40.612, 96795 MiB, 97887 MiB, 97 %, 58 %, 349.87 W
2026/04/02 14:16:42.612, 96795 MiB, 97887 MiB, 97 %, 58 %, 350.18 W
2026/04/02 14:16:44.612, 96795 MiB, 97887 MiB, 97 %, 58 %, 350.07 W
2026/04/02 14:16:46.613, 96795 MiB, 97887 MiB, 98 %, 58 %, 349.99 W
2026/04/02 14:16:48.613, 96795 MiB, 97887 MiB, 98 %, 58 %, 350.05 W
2026/04/02 14:16:50.613, 96795 MiB, 97887 MiB, 97 %, 56 %, 349.80 W
2026/04/02 14:16:52.613, 96795 MiB, 97887 MiB, 97 %, 57 %, 349.96 W
2026/04/02 14:16:54.613, 96795 MiB, 97887 MiB, 97 %, 57 %, 350.03 W
2026/04/02 14:16:56.614, 96795 MiB, 97887 MiB, 97 %, 56 %, 349.84 W
2026/04/02 14:16:58.614, 96795 MiB, 97887 MiB, 97 %, 56 %, 350.01 W
2026/04/02 14:17:00.614, 96795 MiB, 97887 MiB, 97 %, 56 %, 349.92 W
2026/04/02 14:17:02.614, 96795 MiB, 97887 MiB, 97 %, 56 %, 349.98 W
2026/04/02 14:17:04.614, 96795 MiB, 97887 MiB, 97 %, 56 %, 350.00 W
2026/04/02 14:17:06.614, 96795 MiB, 97887 MiB, 96 %, 56 %, 349.99 W
2026/04/02 14:17:08.615, 96795 MiB, 97887 MiB, 98 %, 55 %, 349.61 W
2026/04/02 14:17:10.615, 96795 MiB, 97887 MiB, 97 %, 55 %, 349.99 W
2026/04/02 14:17:12.615, 96795 MiB, 97887 MiB, 97 %, 55 %, 349.87 W
2026/04/02 14:17:14.615, 96795 MiB, 97887 MiB, 97 %, 56 %, 350.11 W
2026/04/02 14:17:16.615, 96795 MiB, 97887 MiB, 97 %, 55 %, 350.07 W
2026/04/02 14:17:18.616, 96795 MiB, 97887 MiB, 98 %, 55 %, 350.02 W
2026/04/02 14:17:20.616, 96795 MiB, 97887 MiB, 98 %, 55 %, 349.88 W
2026/04/02 14:17:22.616, 96795 MiB, 97887 MiB, 97 %, 56 %, 350.16 W
2026/04/02 14:17:24.616, 96795 MiB, 97887 MiB, 98 %, 55 %, 350.00 W
2026/04/02 14:17:26.616, 96795 MiB, 97887 MiB, 97 %, 55 %, 349.97 W
2026/04/02 14:17:28.617, 96795 MiB, 97887 MiB, 97 %, 55 %, 350.06 W
2026/04/02 14:17:30.617, 96795 MiB, 97887 MiB, 97 %, 55 %, 349.83 W
2026/04/02 14:17:32.617, 96795 MiB, 97887 MiB, 98 %, 55 %, 350.04 W
2026/04/02 14:17:34.617, 96795 MiB, 97887 MiB, 97 %, 55 %, 350.09 W
2026/04/02 14:17:36.617, 96795 MiB, 97887 MiB, 97 %, 55 %, 349.93 W
2026/04/02 14:17:38.618, 96795 MiB, 97887 MiB, 97 %, 55 %, 350.09 W
2026/04/02 14:17:40.618, 96795 MiB, 97887 MiB, 97 %, 55 %, 350.16 W
2026/04/02 14:17:42.618, 96795 MiB, 97887 MiB, 98 %, 55 %, 349.99 W
2026/04/02 14:17:44.618, 96795 MiB, 97887 MiB, 97 %, 54 %, 349.92 W
2026/04/02 14:17:46.618, 96795 MiB, 97887 MiB, 97 %, 55 %, 349.90 W
2026/04/02 14:17:48.619, 96795 MiB, 97887 MiB, 96 %, 55 %, 350.01 W
2026/04/02 14:17:50.619, 96795 MiB, 97887 MiB, 96 %, 55 %, 350.15 W
2026/04/02 14:17:52.619, 96795 MiB, 97887 MiB, 96 %, 54 %, 349.96 W
2026/04/02 14:17:54.619, 96795 MiB, 97887 MiB, 96 %, 53 %, 349.69 W
2026/04/02 14:17:56.619, 96795 MiB, 97887 MiB, 94 %, 53 %, 349.80 W
2026/04/02 14:17:58.620, 96795 MiB, 97887 MiB, 97 %, 54 %, 350.25 W
2026/04/02 14:18:00.620, 96795 MiB, 97887 MiB, 97 %, 54 %, 349.85 W
2026/04/02 14:18:02.620, 96795 MiB, 97887 MiB, 96 %, 54 %, 350.03 W
2026/04/02 14:18:04.620, 96795 MiB, 97887 MiB, 96 %, 54 %, 349.81 W
2026/04/02 14:18:06.621, 96795 MiB, 97887 MiB, 96 %, 54 %, 349.96 W
2026/04/02 14:18:08.621, 96795 MiB, 97887 MiB, 96 %, 54 %, 350.04 W
2026/04/02 14:18:10.621, 96795 MiB, 97887 MiB, 97 %, 54 %, 350.15 W
2026/04/02 14:18:12.621, 96795 MiB, 97887 MiB, 96 %, 54 %, 350.03 W
2026/04/02 14:18:14.621, 96795 MiB, 97887 MiB, 97 %, 54 %, 350.22 W
2026/04/02 14:18:16.622, 96795 MiB, 97887 MiB, 97 %, 53 %, 349.89 W
2026/04/02 14:18:18.622, 96795 MiB, 97887 MiB, 97 %, 53 %, 349.81 W
2026/04/02 14:18:20.622, 96795 MiB, 97887 MiB, 96 %, 54 %, 350.17 W
2026/04/02 14:18:22.622, 96795 MiB, 97887 MiB, 97 %, 53 %, 349.84 W
2026/04/02 14:18:24.623, 96795 MiB, 97887 MiB, 96 %, 53 %, 349.80 W
2026/04/02 14:18:26.623, 96795 MiB, 97887 MiB, 97 %, 52 %, 349.83 W
2026/04/02 14:18:28.623, 96795 MiB, 97887 MiB, 97 %, 52 %, 349.96 W
2026/04/02 14:18:30.623, 96795 MiB, 97887 MiB, 96 %, 51 %, 349.74 W
2026/04/02 14:18:32.624, 96795 MiB, 97887 MiB, 97 %, 51 %, 350.03 W
2026/04/02 14:18:34.624, 96795 MiB, 97887 MiB, 97 %, 51 %, 349.89 W
2026/04/02 14:18:36.624, 96795 MiB, 97887 MiB, 97 %, 51 %, 350.08 W
2026/04/02 14:18:38.624, 96795 MiB, 97887 MiB, 97 %, 51 %, 349.86 W
2026/04/02 14:18:40.625, 96795 MiB, 97887 MiB, 96 %, 51 %, 350.03 W
2026/04/02 14:18:42.625, 96795 MiB, 97887 MiB, 97 %, 51 %, 350.06 W
2026/04/02 14:18:44.625, 96795 MiB, 97887 MiB, 96 %, 50 %, 349.91 W
2026/04/02 14:18:46.625, 96795 MiB, 97887 MiB, 96 %, 51 %, 349.92 W
2026/04/02 14:18:48.625, 96795 MiB, 97887 MiB, 96 %, 51 %, 350.03 W
2026/04/02 14:18:50.626, 96795 MiB, 97887 MiB, 96 %, 51 %, 349.84 W
2026/04/02 14:18:52.626, 96795 MiB, 97887 MiB, 97 %, 51 %, 350.07 W
2026/04/02 14:18:54.626, 96815 MiB, 97887 MiB, 96 %, 56 %, 351.73 W
2026/04/02 14:18:56.626, 96815 MiB, 97887 MiB, 97 %, 56 %, 349.89 W
2026/04/02 14:18:58.626, 96815 MiB, 97887 MiB, 96 %, 56 %, 349.98 W
2026/04/02 14:19:00.627, 96815 MiB, 97887 MiB, 96 %, 56 %, 350.03 W
2026/04/02 14:19:02.627, 96815 MiB, 97887 MiB, 97 %, 56 %, 350.05 W
2026/04/02 14:19:04.627, 96815 MiB, 97887 MiB, 0 %, 0 %, 227.27 W
2026/04/02 14:19:06.629, 0 MiB, 97887 MiB, 0 %, 0 %, 158.10 W
2026/04/02 14:19:08.629, 3 MiB, 97887 MiB, 0 %, 0 %, 79.67 W
2026/04/02 14:19:10.629, 3 MiB, 97887 MiB, 0 %, 0 %, 76.70 W
2026/04/02 14:19:12.629, 3 MiB, 97887 MiB, 0 %, 0 %, 68.34 W
2026/04/02 14:19:14.630, 3 MiB, 97887 MiB, 0 %, 0 %, 36.09 W
2026/04/02 14:19:16.630, 559 MiB, 97887 MiB, 0 %, 0 %, 75.65 W
2026/04/02 14:19:18.631, 6515 MiB, 97887 MiB, 13 %, 1 %, 128.23 W
2026/04/02 14:19:20.631, 0 MiB, 97887 MiB, 25 %, 12 %, 139.09 W
2026/04/02 14:19:22.652, 0 MiB, 97887 MiB, 0 %, 0 %, 148.14 W
2026/04/02 14:19:24.653, 0 MiB, 97887 MiB, 0 %, 0 %, 75.34 W
2026/04/02 14:19:26.653, 0 MiB, 97887 MiB, 0 %, 0 %, 71.26 W
2026/04/02 14:19:28.654, 0 MiB, 97887 MiB, 0 %, 0 %, 47.41 W
2026/04/02 14:19:30.655, 0 MiB, 97887 MiB, 0 %, 0 %, 32.89 W
2026/04/02 14:19:32.656, 0 MiB, 97887 MiB, 0 %, 0 %, 30.93 W
2026/04/02 14:19:34.656, 0 MiB, 97887 MiB, 0 %, 0 %, 30.38 W
2026/04/02 14:19:36.657, 0 MiB, 97887 MiB, 0 %, 0 %, 29.67 W
2026/04/02 14:19:38.658, 0 MiB, 97887 MiB, 0 %, 0 %, 29.79 W
2026/04/02 14:19:40.659, 0 MiB, 97887 MiB, 0 %, 0 %, 30.52 W
2026/04/02 14:19:42.660, 0 MiB, 97887 MiB, 0 %, 0 %, 30.13 W
2026/04/02 14:19:44.660, 3 MiB, 97887 MiB, 0 %, 0 %, 35.65 W
2026/04/02 14:19:46.660, 3 MiB, 97887 MiB, 0 %, 0 %, 29.25 W
2026/04/02 14:19:48.660, 3 MiB, 97887 MiB, 0 %, 0 %, 29.51 W
2026/04/02 14:19:50.661, 559 MiB, 97887 MiB, 0 %, 0 %, 29.25 W
2026/04/02 14:19:52.661, 73073 MiB, 97887 MiB, 1 %, 0 %, 146.00 W
2026/04/02 14:19:54.662, 0 MiB, 97887 MiB, 0 %, 0 %, 141.67 W
2026/04/02 14:19:56.663, 0 MiB, 97887 MiB, 0 %, 0 %, 98.05 W
2026/04/02 14:19:58.663, 0 MiB, 97887 MiB, 0 %, 0 %, 65.98 W
2026/04/02 14:20:00.664, 0 MiB, 97887 MiB, 0 %, 0 %, 46.63 W
2026/04/02 14:20:02.665, 0 MiB, 97887 MiB, 0 %, 0 %, 27.88 W
2026/04/02 14:20:04.666, 0 MiB, 97887 MiB, 0 %, 0 %, 27.59 W
2026/04/02 14:20:06.666, 0 MiB, 97887 MiB, 0 %, 0 %, 27.46 W
2026/04/02 14:20:08.667, 0 MiB, 97887 MiB, 0 %, 0 %, 27.53 W
2026/04/02 14:20:10.668, 0 MiB, 97887 MiB, 0 %, 0 %, 27.46 W
2026/04/02 14:20:12.669, 0 MiB, 97887 MiB, 0 %, 0 %, 27.21 W
2026/04/02 14:20:14.670, 0 MiB, 97887 MiB, 0 %, 0 %, 27.18 W
2026/04/02 14:20:16.671, 0 MiB, 97887 MiB, 0 %, 0 %, 27.11 W
2026/04/02 14:20:18.671, 0 MiB, 97887 MiB, 0 %, 0 %, 27.67 W
2026/04/02 14:20:20.672, 0 MiB, 97887 MiB, 0 %, 0 %, 26.85 W
2026/04/02 14:20:22.673, 0 MiB, 97887 MiB, 0 %, 0 %, 26.64 W
2026/04/02 14:20:24.674, 0 MiB, 97887 MiB, 0 %, 0 %, 26.56 W
2026/04/02 14:20:26.675, 0 MiB, 97887 MiB, 0 %, 0 %, 26.78 W
2026/04/02 14:20:28.676, 0 MiB, 97887 MiB, 0 %, 0 %, 26.67 W
2026/04/02 14:20:30.676, 0 MiB, 97887 MiB, 0 %, 0 %, 26.35 W
2026/04/02 14:20:32.677, 0 MiB, 97887 MiB, 0 %, 0 %, 26.42 W
2026/04/02 14:20:34.678, 0 MiB, 97887 MiB, 0 %, 0 %, 26.25 W
2026/04/02 14:20:36.679, 0 MiB, 97887 MiB, 0 %, 0 %, 25.97 W
2026/04/02 14:20:38.680, 0 MiB, 97887 MiB, 0 %, 0 %, 26.40 W
2026/04/02 14:20:40.681, 3 MiB, 97887 MiB, 0 %, 0 %, 27.31 W
2026/04/02 14:20:42.681, 3 MiB, 97887 MiB, 0 %, 0 %, 26.32 W
2026/04/02 14:20:44.682, 3 MiB, 97887 MiB, 0 %, 0 %, 26.03 W
2026/04/02 14:20:46.682, 3 MiB, 97887 MiB, 0 %, 0 %, 26.02 W
2026/04/02 14:20:48.682, 3 MiB, 97887 MiB, 0 %, 0 %, 25.51 W
2026/04/02 14:20:50.682, 3 MiB, 97887 MiB, 0 %, 0 %, 26.34 W
2026/04/02 14:20:52.683, 1133 MiB, 97887 MiB, 0 %, 0 %, 39.81 W
2026/04/02 14:20:54.683, 3 MiB, 97887 MiB, 0 %, 0 %, 153.54 W
2026/04/02 14:20:56.684, 3 MiB, 97887 MiB, 0 %, 0 %, 126.77 W
2026/04/02 14:20:58.685, 3 MiB, 97887 MiB, 0 %, 0 %, 76.50 W
2026/04/02 14:21:00.686, 3 MiB, 97887 MiB, 0 %, 0 %, 65.89 W
2026/04/02 14:21:02.687, 3 MiB, 97887 MiB, 0 %, 0 %, 53.53 W
2026/04/02 14:21:04.688, 3 MiB, 97887 MiB, 0 %, 0 %, 28.89 W
2026/04/02 14:21:06.689, 3 MiB, 97887 MiB, 0 %, 0 %, 25.28 W
2026/04/02 14:21:08.689, 3 MiB, 97887 MiB, 0 %, 0 %, 25.30 W
2026/04/02 14:21:10.690, 3 MiB, 97887 MiB, 0 %, 0 %, 25.47 W
2026/04/02 14:21:12.691, 3 MiB, 97887 MiB, 0 %, 0 %, 25.61 W
2026/04/02 14:21:14.692, 3 MiB, 97887 MiB, 0 %, 0 %, 25.62 W
2026/04/02 14:21:16.693, 3 MiB, 97887 MiB, 0 %, 0 %, 25.12 W
2026/04/02 14:21:18.694, 3 MiB, 97887 MiB, 0 %, 0 %, 25.17 W
2026/04/02 14:21:20.695, 3 MiB, 97887 MiB, 0 %, 0 %, 25.21 W
2026/04/02 14:21:22.696, 3 MiB, 97887 MiB, 0 %, 0 %, 25.15 W
2026/04/02 14:21:24.697, 3 MiB, 97887 MiB, 0 %, 0 %, 25.32 W
2026/04/02 14:21:26.697, 3 MiB, 97887 MiB, 0 %, 0 %, 25.17 W
2026/04/02 14:21:28.698, 3 MiB, 97887 MiB, 0 %, 0 %, 24.96 W
2026/04/02 14:21:30.699, 3 MiB, 97887 MiB, 0 %, 0 %, 24.69 W
2026/04/02 14:21:32.700, 3 MiB, 97887 MiB, 0 %, 0 %, 24.58 W
2026/04/02 14:21:34.701, 3 MiB, 97887 MiB, 0 %, 0 %, 24.52 W
2026/04/02 14:21:36.702, 3 MiB, 97887 MiB, 0 %, 0 %, 24.46 W
2026/04/02 14:21:38.702, 3 MiB, 97887 MiB, 0 %, 0 %, 24.49 W
2026/04/02 14:21:40.702, 3 MiB, 97887 MiB, 0 %, 0 %, 24.45 W
2026/04/02 14:21:42.702, 3 MiB, 97887 MiB, 0 %, 0 %, 24.72 W
2026/04/02 14:21:44.703, 559 MiB, 97887 MiB, 0 %, 0 %, 37.12 W
2026/04/02 14:21:46.703, 3 MiB, 97887 MiB, 24 %, 12 %, 152.06 W
2026/04/02 14:21:48.704, 3 MiB, 97887 MiB, 0 %, 0 %, 130.02 W
2026/04/02 14:21:50.704, 3 MiB, 97887 MiB, 0 %, 0 %, 87.90 W
2026/04/02 14:21:52.705, 3 MiB, 97887 MiB, 0 %, 0 %, 61.60 W
2026/04/02 14:21:54.706, 3 MiB, 97887 MiB, 0 %, 0 %, 33.98 W
2026/04/02 14:21:56.706, 3 MiB, 97887 MiB, 0 %, 0 %, 24.71 W
2026/04/02 14:21:58.707, 3 MiB, 97887 MiB, 0 %, 0 %, 24.62 W
2026/04/02 14:22:00.708, 3 MiB, 97887 MiB, 0 %, 0 %, 24.71 W
2026/04/02 14:22:02.708, 3 MiB, 97887 MiB, 0 %, 0 %, 24.82 W
2026/04/02 14:22:04.709, 3 MiB, 97887 MiB, 0 %, 0 %, 24.62 W
2026/04/02 14:22:06.710, 3 MiB, 97887 MiB, 0 %, 0 %, 24.67 W
2026/04/02 14:22:08.711, 3 MiB, 97887 MiB, 0 %, 0 %, 24.92 W
2026/04/02 14:22:10.712, 3 MiB, 97887 MiB, 0 %, 0 %, 24.86 W
2026/04/02 14:22:12.712, 3 MiB, 97887 MiB, 0 %, 0 %, 24.48 W
2026/04/02 14:22:14.713, 3 MiB, 97887 MiB, 0 %, 0 %, 24.43 W
2026/04/02 14:22:16.714, 3 MiB, 97887 MiB, 0 %, 0 %, 24.51 W
2026/04/02 14:22:18.715, 3 MiB, 97887 MiB, 0 %, 0 %, 24.42 W
2026/04/02 14:22:20.715, 3 MiB, 97887 MiB, 0 %, 0 %, 24.17 W
2026/04/02 14:22:22.716, 3 MiB, 97887 MiB, 0 %, 0 %, 24.41 W
2026/04/02 14:22:24.716, 3 MiB, 97887 MiB, 0 %, 0 %, 23.81 W
2026/04/02 14:22:26.717, 3 MiB, 97887 MiB, 0 %, 0 %, 24.01 W
2026/04/02 14:22:28.718, 3 MiB, 97887 MiB, 0 %, 0 %, 24.01 W
2026/04/02 14:22:30.719, 3 MiB, 97887 MiB, 0 %, 0 %, 23.80 W
2026/04/02 14:22:32.719, 3 MiB, 97887 MiB, 0 %, 0 %, 23.76 W
2026/04/02 14:22:34.720, 3 MiB, 97887 MiB, 0 %, 0 %, 23.98 W
2026/04/02 14:22:36.721, 3 MiB, 97887 MiB, 0 %, 0 %, 23.96 W
2026/04/02 14:22:38.722, 3 MiB, 97887 MiB, 0 %, 0 %, 23.94 W
2026/04/02 14:22:40.722, 3 MiB, 97887 MiB, 0 %, 0 %, 24.03 W
2026/04/02 14:22:42.722, 3 MiB, 97887 MiB, 0 %, 0 %, 24.04 W
2026/04/02 14:22:44.723, 3 MiB, 97887 MiB, 0 %, 0 %, 24.03 W
2026/04/02 14:22:46.723, 3 MiB, 97887 MiB, 0 %, 0 %, 24.12 W
2026/04/02 14:22:48.724, 3 MiB, 97887 MiB, 0 %, 0 %, 24.01 W
2026/04/02 14:22:50.725, 3 MiB, 97887 MiB, 0 %, 0 %, 23.96 W
2026/04/02 14:22:52.726, 3 MiB, 97887 MiB, 0 %, 0 %, 23.76 W
2026/04/02 14:22:54.727, 3 MiB, 97887 MiB, 0 %, 0 %, 23.99 W
2026/04/02 14:22:56.728, 3 MiB, 97887 MiB, 0 %, 0 %, 24.13 W
2026/04/02 14:22:58.728, 3 MiB, 97887 MiB, 0 %, 0 %, 24.12 W
2026/04/02 14:23:00.729, 3 MiB, 97887 MiB, 0 %, 0 %, 24.08 W
2026/04/02 14:23:02.730, 3 MiB, 97887 MiB, 0 %, 0 %, 23.34 W
2026/04/02 14:23:04.731, 3 MiB, 97887 MiB, 0 %, 0 %, 23.51 W
2026/04/02 14:23:06.731, 3 MiB, 97887 MiB, 0 %, 0 %, 24.01 W
2026/04/02 14:23:08.732, 3 MiB, 97887 MiB, 0 %, 0 %, 23.77 W
2026/04/02 14:23:10.733, 3 MiB, 97887 MiB, 0 %, 0 %, 23.68 W
2026/04/02 14:23:12.734, 3 MiB, 97887 MiB, 0 %, 0 %, 23.98 W
2026/04/02 14:23:14.735, 3 MiB, 97887 MiB, 0 %, 0 %, 23.63 W
2026/04/02 14:23:16.735, 3 MiB, 97887 MiB, 0 %, 0 %, 23.65 W
2026/04/02 14:23:18.736, 3 MiB, 97887 MiB, 0 %, 0 %, 23.83 W
2026/04/02 14:23:20.737, 3 MiB, 97887 MiB, 0 %, 0 %, 23.77 W
2026/04/02 14:23:22.738, 3 MiB, 97887 MiB, 0 %, 0 %, 23.73 W
2026/04/02 14:23:24.739, 3 MiB, 97887 MiB, 0 %, 0 %, 23.38 W
2026/04/02 14:23:26.740, 3 MiB, 97887 MiB, 0 %, 0 %, 23.79 W
2026/04/02 14:23:28.741, 3 MiB, 97887 MiB, 0 %, 0 %, 23.92 W
2026/04/02 14:23:30.741, 3 MiB, 97887 MiB, 0 %, 0 %, 23.73 W
2026/04/02 14:23:32.742, 3 MiB, 97887 MiB, 0 %, 0 %, 23.62 W
2026/04/02 14:23:34.743, 3 MiB, 97887 MiB, 0 %, 0 %, 23.55 W
2026/04/02 14:23:36.744, 3 MiB, 97887 MiB, 0 %, 0 %, 23.39 W
2026/04/02 14:23:38.744, 3 MiB, 97887 MiB, 0 %, 0 %, 23.40 W
2026/04/02 14:23:40.745, 3 MiB, 97887 MiB, 0 %, 0 %, 23.06 W
2026/04/02 14:23:42.746, 3 MiB, 97887 MiB, 0 %, 0 %, 23.25 W
2026/04/02 14:23:44.746, 3 MiB, 97887 MiB, 0 %, 0 %, 23.27 W
2026/04/02 14:23:46.747, 3 MiB, 97887 MiB, 0 %, 0 %, 23.02 W
2026/04/02 14:23:48.748, 3 MiB, 97887 MiB, 0 %, 0 %, 23.14 W
2026/04/02 14:23:50.749, 3 MiB, 97887 MiB, 0 %, 0 %, 23.05 W
2026/04/02 14:23:52.749, 3 MiB, 97887 MiB, 0 %, 0 %, 23.09 W
2026/04/02 14:23:54.750, 3 MiB, 97887 MiB, 0 %, 0 %, 22.96 W
2026/04/02 14:23:56.751, 3 MiB, 97887 MiB, 0 %, 0 %, 23.12 W
2026/04/02 14:23:58.752, 3 MiB, 97887 MiB, 0 %, 0 %, 22.85 W
2026/04/02 14:24:00.752, 3 MiB, 97887 MiB, 0 %, 0 %, 22.85 W
2026/04/02 14:24:02.753, 3 MiB, 97887 MiB, 0 %, 0 %, 22.92 W
2026/04/02 14:24:04.754, 3 MiB, 97887 MiB, 0 %, 0 %, 22.75 W
2026/04/02 14:24:06.754, 3 MiB, 97887 MiB, 0 %, 0 %, 22.93 W
2026/04/02 14:24:08.755, 3 MiB, 97887 MiB, 0 %, 0 %, 23.11 W
2026/04/02 14:24:10.756, 3 MiB, 97887 MiB, 0 %, 0 %, 22.35 W
2026/04/02 14:24:12.757, 3 MiB, 97887 MiB, 0 %, 0 %, 22.43 W
2026/04/02 14:24:14.757, 3 MiB, 97887 MiB, 0 %, 0 %, 22.01 W
2026/04/02 14:24:16.758, 3 MiB, 97887 MiB, 0 %, 0 %, 22.11 W
2026/04/02 14:24:18.758, 3 MiB, 97887 MiB, 0 %, 0 %, 22.53 W
2026/04/02 14:24:20.759, 3 MiB, 97887 MiB, 0 %, 0 %, 22.50 W
2026/04/02 14:24:22.760, 3 MiB, 97887 MiB, 0 %, 0 %, 22.25 W
2026/04/02 14:24:24.761, 3 MiB, 97887 MiB, 0 %, 0 %, 22.81 W
2026/04/02 14:24:26.761, 3 MiB, 97887 MiB, 0 %, 0 %, 22.58 W
2026/04/02 14:24:28.762, 3 MiB, 97887 MiB, 0 %, 0 %, 22.59 W
2026/04/02 14:24:30.762, 3 MiB, 97887 MiB, 0 %, 0 %, 22.78 W
2026/04/02 14:24:32.762, 3 MiB, 97887 MiB, 0 %, 0 %, 22.59 W
2026/04/02 14:24:34.763, 3 MiB, 97887 MiB, 0 %, 0 %, 22.56 W
2026/04/02 14:24:36.763, 3 MiB, 97887 MiB, 0 %, 0 %, 22.47 W
2026/04/02 14:24:38.764, 3 MiB, 97887 MiB, 0 %, 0 %, 23.04 W
2026/04/02 14:24:40.765, 3 MiB, 97887 MiB, 0 %, 0 %, 23.11 W
2026/04/02 14:24:42.765, 3 MiB, 97887 MiB, 0 %, 0 %, 22.84 W
2026/04/02 14:24:44.766, 3 MiB, 97887 MiB, 0 %, 0 %, 22.82 W
2026/04/02 14:24:46.766, 3 MiB, 97887 MiB, 0 %, 0 %, 22.80 W
2026/04/02 14:24:48.767, 3 MiB, 97887 MiB, 0 %, 0 %, 23.06 W
2026/04/02 14:24:50.767, 3 MiB, 97887 MiB, 0 %, 0 %, 23.02 W
2026/04/02 14:24:52.767, 3 MiB, 97887 MiB, 0 %, 0 %, 23.56 W
2026/04/02 14:24:54.767, 6515 MiB, 97887 MiB, 0 %, 0 %, 48.82 W
2026/04/02 14:24:56.768, 73183 MiB, 97887 MiB, 22 %, 10 %, 189.93 W
2026/04/02 14:24:58.768, 73345 MiB, 97887 MiB, 29 %, 17 %, 119.40 W
2026/04/02 14:25:00.768, 73345 MiB, 97887 MiB, 0 %, 0 %, 101.87 W
2026/04/02 14:25:02.768, 81347 MiB, 97887 MiB, 3 %, 0 %, 96.34 W
2026/04/02 14:25:04.769, 84169 MiB, 97887 MiB, 100 %, 37 %, 349.49 W
2026/04/02 14:25:06.769, 84169 MiB, 97887 MiB, 98 %, 22 %, 347.02 W
2026/04/02 14:25:08.769, 84169 MiB, 97887 MiB, 100 %, 31 %, 349.94 W
2026/04/02 14:25:10.769, 84171 MiB, 97887 MiB, 85 %, 31 %, 295.12 W
2026/04/02 14:25:12.770, 84171 MiB, 97887 MiB, 100 %, 29 %, 349.87 W
2026/04/02 14:25:14.770, 84171 MiB, 97887 MiB, 100 %, 32 %, 350.06 W
2026/04/02 14:25:16.770, 84171 MiB, 97887 MiB, 100 %, 30 %, 350.01 W
2026/04/02 14:25:18.770, 84171 MiB, 97887 MiB, 100 %, 31 %, 349.96 W
2026/04/02 14:25:20.770, 84171 MiB, 97887 MiB, 100 %, 44 %, 349.95 W
2026/04/02 14:25:22.770, 73627 MiB, 97887 MiB, 63 %, 28 %, 342.52 W
2026/04/02 14:25:24.771, 86033 MiB, 97887 MiB, 100 %, 34 %, 245.77 W
2026/04/02 14:25:26.771, 87033 MiB, 97887 MiB, 100 %, 30 %, 309.09 W
2026/04/02 14:25:28.771, 87033 MiB, 97887 MiB, 86 %, 1 %, 285.61 W
2026/04/02 14:25:30.771, 87033 MiB, 97887 MiB, 0 %, 0 %, 186.60 W
2026/04/02 14:25:32.771, 87033 MiB, 97887 MiB, 100 %, 33 %, 370.51 W
2026/04/02 14:25:34.772, 87033 MiB, 97887 MiB, 100 %, 32 %, 350.72 W
2026/04/02 14:25:36.772, 87033 MiB, 97887 MiB, 100 %, 37 %, 353.27 W
2026/04/02 14:25:38.772, 87033 MiB, 97887 MiB, 100 %, 31 %, 350.14 W
2026/04/02 14:25:40.772, 87033 MiB, 97887 MiB, 100 %, 18 %, 351.37 W
2026/04/02 14:25:42.772, 87033 MiB, 97887 MiB, 100 %, 31 %, 350.01 W
2026/04/02 14:25:44.772, 87033 MiB, 97887 MiB, 100 %, 31 %, 351.43 W
2026/04/02 14:25:46.773, 87033 MiB, 97887 MiB, 100 %, 32 %, 350.11 W
2026/04/02 14:25:48.773, 87033 MiB, 97887 MiB, 100 %, 28 %, 350.56 W
2026/04/02 14:25:50.773, 87033 MiB, 97887 MiB, 100 %, 43 %, 349.46 W
2026/04/02 14:25:52.773, 87033 MiB, 97887 MiB, 100 %, 30 %, 349.28 W
2026/04/02 14:25:54.773, 87033 MiB, 97887 MiB, 100 %, 31 %, 349.98 W
2026/04/02 14:25:56.774, 89073 MiB, 97887 MiB, 100 %, 35 %, 354.05 W
2026/04/02 14:25:58.774, 89073 MiB, 97887 MiB, 0 %, 0 %, 289.28 W
2026/04/02 14:26:00.774, 89073 MiB, 97887 MiB, 100 %, 33 %, 349.88 W
2026/04/02 14:26:02.774, 89075 MiB, 97887 MiB, 100 %, 31 %, 282.76 W
2026/04/02 14:26:04.774, 89075 MiB, 97887 MiB, 100 %, 1 %, 263.54 W
2026/04/02 14:26:06.774, 89075 MiB, 97887 MiB, 100 %, 31 %, 265.88 W
2026/04/02 14:26:08.775, 89075 MiB, 97887 MiB, 99 %, 45 %, 257.58 W
2026/04/02 14:26:10.775, 89075 MiB, 97887 MiB, 100 %, 35 %, 349.94 W
2026/04/02 14:26:12.775, 89075 MiB, 97887 MiB, 5 %, 2 %, 332.65 W
2026/04/02 14:26:14.775, 89075 MiB, 97887 MiB, 100 %, 35 %, 349.96 W
2026/04/02 14:26:16.775, 89075 MiB, 97887 MiB, 100 %, 26 %, 349.95 W
2026/04/02 14:26:18.776, 89075 MiB, 97887 MiB, 20 %, 3 %, 286.89 W
2026/04/02 14:26:20.776, 89075 MiB, 97887 MiB, 100 %, 32 %, 282.57 W
2026/04/02 14:26:22.776, 89075 MiB, 97887 MiB, 100 %, 29 %, 235.86 W
2026/04/02 14:26:24.776, 89075 MiB, 97887 MiB, 79 %, 1 %, 224.58 W
2026/04/02 14:26:26.777, 89075 MiB, 97887 MiB, 100 %, 23 %, 366.10 W
2026/04/02 14:26:28.777, 89075 MiB, 97887 MiB, 100 %, 30 %, 350.00 W
2026/04/02 14:26:30.777, 89075 MiB, 97887 MiB, 100 %, 28 %, 347.60 W
2026/04/02 14:26:32.777, 89075 MiB, 97887 MiB, 100 %, 30 %, 349.99 W
2026/04/02 14:26:34.777, 89855 MiB, 97887 MiB, 61 %, 49 %, 363.60 W
2026/04/02 14:26:36.777, 89855 MiB, 97887 MiB, 0 %, 0 %, 286.48 W
2026/04/02 14:26:38.778, 89855 MiB, 97887 MiB, 100 %, 30 %, 316.53 W
2026/04/02 14:26:40.778, 91135 MiB, 97887 MiB, 100 %, 1 %, 225.18 W
2026/04/02 14:26:42.778, 91135 MiB, 97887 MiB, 100 %, 30 %, 278.93 W
2026/04/02 14:26:44.778, 91135 MiB, 97887 MiB, 99 %, 62 %, 289.39 W
2026/04/02 14:26:46.778, 91715 MiB, 97887 MiB, 99 %, 33 %, 271.59 W
2026/04/02 14:26:48.779, 91715 MiB, 97887 MiB, 100 %, 35 %, 351.74 W
2026/04/02 14:26:50.779, 91715 MiB, 97887 MiB, 100 %, 33 %, 350.17 W
2026/04/02 14:26:52.779, 91715 MiB, 97887 MiB, 100 %, 39 %, 349.53 W
2026/04/02 14:26:54.779, 91715 MiB, 97887 MiB, 100 %, 28 %, 348.42 W
2026/04/02 14:26:56.780, 91715 MiB, 97887 MiB, 32 %, 8 %, 299.60 W
2026/04/02 14:26:58.780, 91715 MiB, 97887 MiB, 100 %, 28 %, 350.02 W
2026/04/02 14:27:00.780, 91715 MiB, 97887 MiB, 100 %, 38 %, 349.46 W
2026/04/02 14:27:02.780, 91715 MiB, 97887 MiB, 100 %, 32 %, 349.98 W
2026/04/02 14:27:04.780, 91715 MiB, 97887 MiB, 100 %, 33 %, 349.74 W
2026/04/02 14:27:06.781, 91715 MiB, 97887 MiB, 100 %, 29 %, 349.64 W
2026/04/02 14:27:08.781, 91715 MiB, 97887 MiB, 100 %, 39 %, 349.99 W
2026/04/02 14:27:10.781, 91715 MiB, 97887 MiB, 100 %, 30 %, 349.82 W
2026/04/02 14:27:12.781, 91715 MiB, 97887 MiB, 100 %, 31 %, 349.98 W
2026/04/02 14:27:14.782, 91715 MiB, 97887 MiB, 0 %, 0 %, 320.03 W
2026/04/02 14:27:16.782, 91715 MiB, 97887 MiB, 33 %, 30 %, 306.39 W
2026/04/02 14:27:18.782, 91715 MiB, 97887 MiB, 100 %, 31 %, 349.87 W
2026/04/02 14:27:20.782, 91715 MiB, 97887 MiB, 100 %, 40 %, 350.03 W
2026/04/02 14:27:22.783, 91715 MiB, 97887 MiB, 40 %, 36 %, 338.13 W
2026/04/02 14:27:24.783, 91715 MiB, 97887 MiB, 0 %, 0 %, 329.16 W
2026/04/02 14:27:26.783, 91715 MiB, 97887 MiB, 0 %, 0 %, 275.95 W
2026/04/02 14:27:28.783, 91715 MiB, 97887 MiB, 96 %, 1 %, 230.64 W
2026/04/02 14:27:30.783, 91715 MiB, 97887 MiB, 0 %, 0 %, 325.79 W
2026/04/02 14:27:32.784, 91715 MiB, 97887 MiB, 48 %, 1 %, 255.02 W
2026/04/02 14:27:34.784, 91715 MiB, 97887 MiB, 100 %, 32 %, 259.96 W
2026/04/02 14:27:36.784, 91715 MiB, 97887 MiB, 100 %, 31 %, 272.55 W
2026/04/02 14:27:38.784, 91715 MiB, 97887 MiB, 0 %, 0 %, 265.73 W
2026/04/02 14:27:40.785, 91715 MiB, 97887 MiB, 100 %, 31 %, 364.64 W
2026/04/02 14:27:42.785, 91715 MiB, 97887 MiB, 100 %, 27 %, 349.90 W
2026/04/02 14:27:44.785, 94555 MiB, 97887 MiB, 100 %, 28 %, 339.06 W
2026/04/02 14:27:46.785, 94555 MiB, 97887 MiB, 99 %, 49 %, 350.47 W
2026/04/02 14:27:48.785, 95155 MiB, 97887 MiB, 100 %, 32 %, 343.46 W
2026/04/02 14:27:50.786, 95155 MiB, 97887 MiB, 100 %, 31 %, 302.69 W
2026/04/02 14:27:52.786, 95155 MiB, 97887 MiB, 99 %, 34 %, 303.37 W
2026/04/02 14:27:54.786, 95155 MiB, 97887 MiB, 100 %, 29 %, 363.22 W
2026/04/02 14:27:56.786, 95155 MiB, 97887 MiB, 100 %, 28 %, 349.96 W
2026/04/02 14:27:58.787, 95155 MiB, 97887 MiB, 98 %, 34 %, 300.60 W
2026/04/02 14:28:00.787, 95155 MiB, 97887 MiB, 100 %, 29 %, 301.08 W
2026/04/02 14:28:02.787, 95155 MiB, 97887 MiB, 100 %, 29 %, 306.85 W
2026/04/02 14:28:04.787, 95155 MiB, 97887 MiB, 9 %, 1 %, 254.19 W
2026/04/02 14:28:06.788, 95155 MiB, 97887 MiB, 9 %, 1 %, 338.22 W
2026/04/02 14:28:08.788, 95155 MiB, 97887 MiB, 100 %, 31 %, 306.01 W
2026/04/02 14:28:10.788, 95155 MiB, 97887 MiB, 0 %, 0 %, 275.84 W
2026/04/02 14:28:12.788, 95155 MiB, 97887 MiB, 24 %, 23 %, 339.61 W
2026/04/02 14:28:14.789, 95155 MiB, 97887 MiB, 100 %, 31 %, 305.87 W
2026/04/02 14:28:16.789, 95155 MiB, 97887 MiB, 41 %, 30 %, 349.53 W
2026/04/02 14:28:18.789, 95155 MiB, 97887 MiB, 89 %, 64 %, 368.20 W
2026/04/02 14:28:20.789, 95155 MiB, 97887 MiB, 100 %, 28 %, 350.55 W
2026/04/02 14:28:22.790, 95155 MiB, 97887 MiB, 100 %, 28 %, 349.90 W
2026/04/02 14:28:24.790, 95155 MiB, 97887 MiB, 100 %, 32 %, 350.94 W
2026/04/02 14:28:26.790, 95155 MiB, 97887 MiB, 100 %, 28 %, 349.98 W
2026/04/02 14:28:28.790, 95155 MiB, 97887 MiB, 100 %, 28 %, 323.72 W
2026/04/02 14:28:30.790, 95155 MiB, 97887 MiB, 0 %, 0 %, 265.04 W
2026/04/02 14:28:32.791, 95155 MiB, 97887 MiB, 100 %, 31 %, 300.49 W
2026/04/02 14:28:34.791, 95155 MiB, 97887 MiB, 0 %, 0 %, 264.07 W
2026/04/02 14:28:36.791, 95155 MiB, 97887 MiB, 100 %, 25 %, 344.74 W
2026/04/02 14:28:38.791, 95155 MiB, 97887 MiB, 83 %, 23 %, 314.57 W
2026/04/02 14:28:40.791, 95155 MiB, 97887 MiB, 39 %, 7 %, 293.98 W
2026/04/02 14:28:42.791, 95155 MiB, 97887 MiB, 100 %, 28 %, 350.04 W
2026/04/02 14:28:44.792, 95155 MiB, 97887 MiB, 100 %, 30 %, 347.45 W
2026/04/02 14:28:46.792, 95155 MiB, 97887 MiB, 100 %, 29 %, 321.30 W
2026/04/02 14:28:48.792, 95155 MiB, 97887 MiB, 45 %, 41 %, 356.81 W
2026/04/02 14:28:50.792, 95155 MiB, 97887 MiB, 75 %, 23 %, 279.04 W
2026/04/02 14:28:52.792, 95155 MiB, 97887 MiB, 99 %, 46 %, 288.31 W
2026/04/02 14:28:54.793, 95155 MiB, 97887 MiB, 100 %, 31 %, 348.86 W
2026/04/02 14:28:56.793, 95155 MiB, 97887 MiB, 15 %, 1 %, 353.88 W
2026/04/02 14:28:58.793, 95155 MiB, 97887 MiB, 0 %, 0 %, 331.15 W
2026/04/02 14:29:00.793, 95155 MiB, 97887 MiB, 100 %, 31 %, 289.73 W
2026/04/02 14:29:02.793, 95155 MiB, 97887 MiB, 100 %, 30 %, 341.69 W
2026/04/02 14:29:04.794, 95155 MiB, 97887 MiB, 86 %, 25 %, 298.82 W
2026/04/02 14:29:06.794, 95155 MiB, 97887 MiB, 99 %, 67 %, 349.96 W
2026/04/02 14:29:08.794, 95155 MiB, 97887 MiB, 100 %, 31 %, 351.50 W
2026/04/02 14:29:10.794, 95155 MiB, 97887 MiB, 100 %, 43 %, 349.93 W
2026/04/02 14:29:12.794, 95155 MiB, 97887 MiB, 100 %, 27 %, 349.86 W
2026/04/02 14:29:14.795, 95155 MiB, 97887 MiB, 100 %, 23 %, 360.47 W
2026/04/02 14:29:16.795, 95155 MiB, 97887 MiB, 100 %, 32 %, 350.08 W
2026/04/02 14:29:18.795, 95155 MiB, 97887 MiB, 99 %, 33 %, 331.79 W
2026/04/02 14:29:20.795, 95155 MiB, 97887 MiB, 99 %, 67 %, 309.08 W
2026/04/02 14:29:22.795, 95155 MiB, 97887 MiB, 99 %, 68 %, 349.97 W
2026/04/02 14:29:24.796, 95155 MiB, 97887 MiB, 100 %, 6 %, 323.23 W
2026/04/02 14:29:26.796, 95155 MiB, 97887 MiB, 100 %, 31 %, 297.70 W
2026/04/02 14:29:28.796, 95155 MiB, 97887 MiB, 0 %, 0 %, 311.06 W
2026/04/02 14:29:30.796, 95155 MiB, 97887 MiB, 100 %, 13 %, 365.79 W
2026/04/02 14:29:32.796, 95155 MiB, 97887 MiB, 100 %, 31 %, 350.08 W
2026/04/02 14:29:34.797, 95155 MiB, 97887 MiB, 100 %, 30 %, 349.61 W
2026/04/02 14:29:36.797, 95155 MiB, 97887 MiB, 100 %, 32 %, 349.88 W
2026/04/02 14:29:38.797, 95155 MiB, 97887 MiB, 100 %, 31 %, 350.43 W
2026/04/02 14:29:40.797, 95155 MiB, 97887 MiB, 100 %, 23 %, 303.73 W
2026/04/02 14:29:42.797, 95155 MiB, 97887 MiB, 100 %, 28 %, 349.96 W
2026/04/02 14:29:44.798, 95155 MiB, 97887 MiB, 99 %, 27 %, 348.44 W
2026/04/02 14:29:46.798, 95155 MiB, 97887 MiB, 100 %, 31 %, 349.99 W
2026/04/02 14:29:48.798, 95155 MiB, 97887 MiB, 100 %, 31 %, 349.82 W
2026/04/02 14:29:50.798, 95155 MiB, 97887 MiB, 100 %, 27 %, 350.42 W
2026/04/02 14:29:52.798, 95155 MiB, 97887 MiB, 65 %, 33 %, 344.04 W
2026/04/02 14:29:54.799, 95155 MiB, 97887 MiB, 100 %, 15 %, 350.01 W
2026/04/02 14:29:56.799, 95155 MiB, 97887 MiB, 100 %, 16 %, 350.25 W
2026/04/02 14:29:58.799, 95155 MiB, 97887 MiB, 100 %, 31 %, 349.86 W
2026/04/02 14:30:00.799, 95155 MiB, 97887 MiB, 100 %, 22 %, 350.07 W
2026/04/02 14:30:02.800, 95155 MiB, 97887 MiB, 100 %, 29 %, 349.99 W
2026/04/02 14:30:04.800, 95155 MiB, 97887 MiB, 100 %, 30 %, 349.69 W
2026/04/02 14:30:06.800, 95155 MiB, 97887 MiB, 100 %, 31 %, 350.02 W
2026/04/02 14:30:08.800, 95155 MiB, 97887 MiB, 100 %, 31 %, 350.03 W
2026/04/02 14:30:10.801, 95155 MiB, 97887 MiB, 100 %, 25 %, 350.36 W
2026/04/02 14:30:12.801, 95155 MiB, 97887 MiB, 99 %, 66 %, 350.12 W
2026/04/02 14:30:14.801, 95155 MiB, 97887 MiB, 100 %, 31 %, 349.95 W
2026/04/02 14:30:16.801, 95155 MiB, 97887 MiB, 100 %, 24 %, 350.59 W
2026/04/02 14:30:18.802, 95155 MiB, 97887 MiB, 100 %, 30 %, 349.99 W
2026/04/02 14:30:20.802, 95155 MiB, 97887 MiB, 100 %, 44 %, 349.35 W
2026/04/02 14:30:22.802, 95155 MiB, 97887 MiB, 100 %, 28 %, 349.98 W
2026/04/02 14:30:24.802, 95155 MiB, 97887 MiB, 100 %, 27 %, 349.83 W
2026/04/02 14:30:26.802, 95155 MiB, 97887 MiB, 100 %, 33 %, 349.99 W
2026/04/02 14:30:28.803, 95155 MiB, 97887 MiB, 99 %, 66 %, 349.90 W
2026/04/02 14:30:30.803, 95155 MiB, 97887 MiB, 100 %, 32 %, 300.61 W
2026/04/02 14:30:32.803, 95155 MiB, 97887 MiB, 100 %, 27 %, 350.00 W
2026/04/02 14:30:34.803, 95155 MiB, 97887 MiB, 100 %, 31 %, 350.66 W
2026/04/02 14:30:36.803, 95155 MiB, 97887 MiB, 100 %, 27 %, 350.01 W
2026/04/02 14:30:38.804, 95155 MiB, 97887 MiB, 100 %, 26 %, 349.96 W
2026/04/02 14:30:40.804, 95155 MiB, 97887 MiB, 100 %, 14 %, 350.48 W
2026/04/02 14:30:42.804, 95155 MiB, 97887 MiB, 58 %, 24 %, 342.96 W
2026/04/02 14:30:44.804, 95155 MiB, 97887 MiB, 100 %, 31 %, 296.82 W
2026/04/02 14:30:46.805, 95155 MiB, 97887 MiB, 99 %, 41 %, 298.79 W
2026/04/02 14:30:48.805, 95155 MiB, 97887 MiB, 99 %, 29 %, 283.26 W
2026/04/02 14:30:50.805, 95155 MiB, 97887 MiB, 100 %, 30 %, 348.82 W
2026/04/02 14:30:52.805, 95155 MiB, 97887 MiB, 100 %, 31 %, 349.89 W
2026/04/02 14:30:54.806, 95155 MiB, 97887 MiB, 100 %, 25 %, 353.27 W
2026/04/02 14:30:56.806, 95155 MiB, 97887 MiB, 100 %, 31 %, 350.51 W
2026/04/02 14:30:58.806, 95155 MiB, 97887 MiB, 100 %, 27 %, 349.77 W
2026/04/02 14:31:00.806, 95155 MiB, 97887 MiB, 100 %, 31 %, 349.91 W
2026/04/02 14:31:02.806, 95155 MiB, 97887 MiB, 100 %, 29 %, 349.93 W
2026/04/02 14:31:04.806, 95155 MiB, 97887 MiB, 100 %, 31 %, 350.14 W
2026/04/02 14:31:06.807, 95155 MiB, 97887 MiB, 99 %, 66 %, 350.01 W
2026/04/02 14:31:08.807, 95155 MiB, 97887 MiB, 100 %, 31 %, 350.08 W
2026/04/02 14:31:10.807, 95155 MiB, 97887 MiB, 100 %, 20 %, 350.03 W
2026/04/02 14:31:12.807, 95155 MiB, 97887 MiB, 100 %, 28 %, 349.82 W
2026/04/02 14:31:14.808, 95155 MiB, 97887 MiB, 100 %, 44 %, 349.47 W
2026/04/02 14:31:16.808, 95155 MiB, 97887 MiB, 99 %, 67 %, 349.97 W
2026/04/02 14:31:18.808, 95155 MiB, 97887 MiB, 100 %, 44 %, 349.94 W
2026/04/02 14:31:20.808, 95155 MiB, 97887 MiB, 100 %, 24 %, 349.94 W
2026/04/02 14:31:22.809, 95155 MiB, 97887 MiB, 100 %, 32 %, 349.97 W
2026/04/02 14:31:24.809, 95155 MiB, 97887 MiB, 100 %, 30 %, 350.03 W
2026/04/02 14:31:26.809, 95155 MiB, 97887 MiB, 100 %, 31 %, 349.96 W
2026/04/02 14:31:28.809, 95155 MiB, 97887 MiB, 100 %, 39 %, 349.61 W
2026/04/02 14:31:30.809, 95155 MiB, 97887 MiB, 100 %, 31 %, 349.24 W
2026/04/02 14:31:32.810, 95155 MiB, 97887 MiB, 100 %, 28 %, 350.04 W
2026/04/02 14:31:34.810, 95155 MiB, 97887 MiB, 100 %, 31 %, 347.85 W
2026/04/02 14:31:36.810, 95155 MiB, 97887 MiB, 100 %, 28 %, 350.11 W
2026/04/02 14:31:38.810, 95155 MiB, 97887 MiB, 100 %, 19 %, 350.15 W
2026/04/02 14:31:40.811, 95155 MiB, 97887 MiB, 100 %, 29 %, 349.91 W
2026/04/02 14:31:42.811, 95155 MiB, 97887 MiB, 100 %, 26 %, 364.05 W
2026/04/02 14:31:44.811, 95155 MiB, 97887 MiB, 99 %, 27 %, 346.88 W
2026/04/02 14:31:46.811, 95155 MiB, 97887 MiB, 100 %, 30 %, 349.98 W
2026/04/02 14:31:48.812, 95155 MiB, 97887 MiB, 0 %, 0 %, 310.36 W
2026/04/02 14:31:50.812, 95155 MiB, 97887 MiB, 100 %, 45 %, 349.95 W
2026/04/02 14:31:52.812, 95155 MiB, 97887 MiB, 100 %, 45 %, 349.42 W
2026/04/02 14:31:54.812, 95155 MiB, 97887 MiB, 100 %, 29 %, 350.03 W
2026/04/02 14:31:56.812, 95155 MiB, 97887 MiB, 100 %, 29 %, 349.65 W
2026/04/02 14:31:58.813, 95155 MiB, 97887 MiB, 100 %, 16 %, 362.88 W
2026/04/02 14:32:00.813, 95155 MiB, 97887 MiB, 100 %, 31 %, 349.83 W
2026/04/02 14:32:02.813, 95155 MiB, 97887 MiB, 100 %, 31 %, 360.08 W
2026/04/02 14:32:04.813, 95155 MiB, 97887 MiB, 100 %, 31 %, 350.56 W
2026/04/02 14:32:06.814, 95155 MiB, 97887 MiB, 100 %, 28 %, 349.82 W
2026/04/02 14:32:08.814, 95155 MiB, 97887 MiB, 100 %, 27 %, 350.00 W
2026/04/02 14:32:10.814, 95155 MiB, 97887 MiB, 100 %, 29 %, 305.64 W
2026/04/02 14:32:12.814, 95155 MiB, 97887 MiB, 100 %, 27 %, 350.00 W
2026/04/02 14:32:14.815, 95155 MiB, 97887 MiB, 100 %, 32 %, 349.58 W
2026/04/02 14:32:16.815, 95155 MiB, 97887 MiB, 100 %, 24 %, 349.79 W
2026/04/02 14:32:18.815, 95155 MiB, 97887 MiB, 100 %, 30 %, 349.88 W
2026/04/02 14:32:20.815, 95155 MiB, 97887 MiB, 100 %, 20 %, 350.17 W
2026/04/02 14:32:22.815, 95155 MiB, 97887 MiB, 100 %, 31 %, 350.09 W
2026/04/02 14:32:24.816, 95155 MiB, 97887 MiB, 100 %, 29 %, 349.94 W
2026/04/02 14:32:26.816, 95155 MiB, 97887 MiB, 100 %, 32 %, 300.59 W
2026/04/02 14:32:28.816, 95155 MiB, 97887 MiB, 100 %, 31 %, 350.00 W
2026/04/02 14:32:30.816, 95155 MiB, 97887 MiB, 100 %, 30 %, 347.87 W
2026/04/02 14:32:32.817, 95155 MiB, 97887 MiB, 100 %, 31 %, 350.05 W
2026/04/02 14:32:34.817, 95155 MiB, 97887 MiB, 99 %, 22 %, 346.31 W
2026/04/02 14:32:36.817, 95155 MiB, 97887 MiB, 100 %, 32 %, 349.93 W
2026/04/02 14:32:38.817, 95155 MiB, 97887 MiB, 99 %, 32 %, 349.36 W
2026/04/02 14:32:40.818, 95155 MiB, 97887 MiB, 100 %, 19 %, 349.92 W
2026/04/02 14:32:42.818, 95155 MiB, 97887 MiB, 3 %, 1 %, 330.88 W
2026/04/02 14:32:44.818, 95155 MiB, 97887 MiB, 100 %, 32 %, 349.90 W
2026/04/02 14:32:46.818, 95155 MiB, 97887 MiB, 99 %, 66 %, 349.99 W
2026/04/02 14:32:48.819, 95155 MiB, 97887 MiB, 100 %, 31 %, 350.01 W
2026/04/02 14:32:50.819, 95155 MiB, 97887 MiB, 100 %, 21 %, 350.03 W
2026/04/02 14:32:52.819, 95155 MiB, 97887 MiB, 100 %, 27 %, 349.86 W
2026/04/02 14:32:54.819, 95155 MiB, 97887 MiB, 100 %, 41 %, 349.91 W
2026/04/02 14:32:56.819, 95155 MiB, 97887 MiB, 100 %, 28 %, 350.10 W
2026/04/02 14:32:58.820, 95155 MiB, 97887 MiB, 100 %, 27 %, 349.91 W
2026/04/02 14:33:00.820, 95155 MiB, 97887 MiB, 100 %, 27 %, 301.80 W
2026/04/02 14:33:02.820, 95155 MiB, 97887 MiB, 100 %, 28 %, 349.98 W
2026/04/02 14:33:04.820, 95155 MiB, 97887 MiB, 100 %, 27 %, 350.00 W
2026/04/02 14:33:06.820, 95155 MiB, 97887 MiB, 100 %, 27 %, 349.92 W
2026/04/02 14:33:08.821, 95155 MiB, 97887 MiB, 100 %, 24 %, 348.65 W
2026/04/02 14:33:10.821, 95155 MiB, 97887 MiB, 100 %, 31 %, 349.89 W
2026/04/02 14:33:12.821, 95155 MiB, 97887 MiB, 99 %, 33 %, 350.14 W
2026/04/02 14:33:14.821, 95155 MiB, 97887 MiB, 100 %, 24 %, 349.85 W
2026/04/02 14:33:16.821, 95155 MiB, 97887 MiB, 11 %, 4 %, 332.84 W
2026/04/02 14:33:18.821, 95155 MiB, 97887 MiB, 100 %, 28 %, 350.06 W
2026/04/02 14:33:20.822, 95155 MiB, 97887 MiB, 100 %, 27 %, 366.99 W
2026/04/02 14:33:22.822, 95155 MiB, 97887 MiB, 100 %, 27 %, 349.96 W
2026/04/02 14:33:24.822, 95155 MiB, 97887 MiB, 100 %, 31 %, 350.15 W
2026/04/02 14:33:26.822, 95155 MiB, 97887 MiB, 100 %, 31 %, 349.89 W
2026/04/02 14:33:28.822, 95155 MiB, 97887 MiB, 100 %, 28 %, 349.91 W
2026/04/02 14:33:30.823, 95155 MiB, 97887 MiB, 100 %, 30 %, 349.94 W
2026/04/02 14:33:32.823, 95155 MiB, 97887 MiB, 100 %, 29 %, 350.61 W
2026/04/02 14:33:34.823, 95155 MiB, 97887 MiB, 100 %, 30 %, 350.28 W
2026/04/02 14:33:36.823, 95155 MiB, 97887 MiB, 100 %, 31 %, 350.02 W
2026/04/02 14:33:38.823, 95155 MiB, 97887 MiB, 100 %, 27 %, 350.63 W
2026/04/02 14:33:40.824, 95155 MiB, 97887 MiB, 100 %, 31 %, 349.98 W
2026/04/02 14:33:42.824, 95155 MiB, 97887 MiB, 74 %, 28 %, 304.05 W
2026/04/02 14:33:44.824, 95155 MiB, 97887 MiB, 99 %, 66 %, 349.91 W
2026/04/02 14:33:46.824, 95155 MiB, 97887 MiB, 99 %, 66 %, 349.98 W
2026/04/02 14:33:48.824, 95155 MiB, 97887 MiB, 100 %, 28 %, 350.89 W
2026/04/02 14:33:50.825, 95155 MiB, 97887 MiB, 100 %, 31 %, 350.02 W
2026/04/02 14:33:52.825, 95155 MiB, 97887 MiB, 100 %, 31 %, 350.14 W
2026/04/02 14:33:54.825, 95155 MiB, 97887 MiB, 100 %, 28 %, 349.96 W
2026/04/02 14:33:56.825, 95155 MiB, 97887 MiB, 100 %, 31 %, 349.87 W
2026/04/02 14:33:58.825, 95155 MiB, 97887 MiB, 100 %, 31 %, 350.04 W
2026/04/02 14:34:00.826, 95155 MiB, 97887 MiB, 99 %, 67 %, 356.36 W
2026/04/02 14:34:02.826, 95155 MiB, 97887 MiB, 100 %, 25 %, 349.94 W
2026/04/02 14:34:04.826, 95155 MiB, 97887 MiB, 100 %, 34 %, 349.67 W
2026/04/02 14:34:06.826, 95155 MiB, 97887 MiB, 100 %, 32 %, 305.47 W
2026/04/02 14:34:08.826, 95155 MiB, 97887 MiB, 100 %, 28 %, 349.95 W
2026/04/02 14:34:10.826, 95155 MiB, 97887 MiB, 100 %, 27 %, 349.95 W
2026/04/02 14:34:12.827, 95155 MiB, 97887 MiB, 99 %, 27 %, 349.95 W
2026/04/02 14:34:14.827, 95155 MiB, 97887 MiB, 99 %, 33 %, 352.09 W
2026/04/02 14:34:16.827, 95155 MiB, 97887 MiB, 100 %, 15 %, 350.03 W
2026/04/02 14:34:18.827, 95155 MiB, 97887 MiB, 58 %, 10 %, 348.23 W
2026/04/02 14:34:20.827, 95155 MiB, 97887 MiB, 100 %, 42 %, 349.38 W
2026/04/02 14:34:22.827, 95155 MiB, 97887 MiB, 35 %, 17 %, 339.78 W
2026/04/02 14:34:24.828, 95155 MiB, 97887 MiB, 59 %, 36 %, 342.92 W
2026/04/02 14:34:26.828, 95155 MiB, 97887 MiB, 100 %, 25 %, 349.86 W
2026/04/02 14:34:28.828, 95155 MiB, 97887 MiB, 100 %, 13 %, 350.08 W
2026/04/02 14:34:30.828, 95155 MiB, 97887 MiB, 100 %, 31 %, 349.91 W
2026/04/02 14:34:32.828, 95155 MiB, 97887 MiB, 100 %, 29 %, 349.95 W
2026/04/02 14:34:34.829, 95155 MiB, 97887 MiB, 100 %, 30 %, 362.41 W
2026/04/02 14:34:36.829, 95155 MiB, 97887 MiB, 100 %, 30 %, 350.03 W
2026/04/02 14:34:38.829, 95155 MiB, 97887 MiB, 100 %, 31 %, 349.75 W
2026/04/02 14:34:40.829, 95155 MiB, 97887 MiB, 100 %, 29 %, 350.10 W
2026/04/02 14:34:42.829, 95155 MiB, 97887 MiB, 99 %, 67 %, 349.97 W
2026/04/02 14:34:44.829, 95155 MiB, 97887 MiB, 100 %, 28 %, 350.97 W
2026/04/02 14:34:46.830, 95155 MiB, 97887 MiB, 100 %, 31 %, 349.90 W
2026/04/02 14:34:48.830, 95155 MiB, 97887 MiB, 100 %, 31 %, 351.66 W
2026/04/02 14:34:50.830, 95155 MiB, 97887 MiB, 100 %, 27 %, 350.29 W
2026/04/02 14:34:52.830, 95155 MiB, 97887 MiB, 100 %, 29 %, 349.58 W
2026/04/02 14:34:54.830, 95155 MiB, 97887 MiB, 99 %, 67 %, 350.20 W
2026/04/02 14:34:56.831, 95155 MiB, 97887 MiB, 99 %, 67 %, 350.00 W
2026/04/02 14:34:58.831, 95155 MiB, 97887 MiB, 100 %, 28 %, 349.89 W
2026/04/02 14:35:00.831, 95155 MiB, 97887 MiB, 100 %, 27 %, 350.00 W
2026/04/02 14:35:02.831, 95155 MiB, 97887 MiB, 100 %, 28 %, 304.41 W
2026/04/02 14:35:04.831, 95155 MiB, 97887 MiB, 100 %, 31 %, 349.95 W
2026/04/02 14:35:06.832, 95155 MiB, 97887 MiB, 100 %, 30 %, 349.88 W
2026/04/02 14:35:08.832, 95155 MiB, 97887 MiB, 100 %, 25 %, 349.71 W
2026/04/02 14:35:10.832, 95155 MiB, 97887 MiB, 99 %, 45 %, 349.71 W
2026/04/02 14:35:12.832, 95155 MiB, 97887 MiB, 100 %, 28 %, 349.85 W
2026/04/02 14:35:14.832, 95155 MiB, 97887 MiB, 100 %, 15 %, 350.15 W
2026/04/02 14:35:16.832, 95155 MiB, 97887 MiB, 100 %, 30 %, 349.95 W
2026/04/02 14:35:18.833, 95155 MiB, 97887 MiB, 100 %, 30 %, 350.05 W
2026/04/02 14:35:20.833, 95155 MiB, 97887 MiB, 100 %, 27 %, 349.93 W
2026/04/02 14:35:22.833, 95155 MiB, 97887 MiB, 15 %, 4 %, 351.40 W
2026/04/02 14:35:24.833, 95155 MiB, 97887 MiB, 100 %, 45 %, 350.17 W
2026/04/02 14:35:26.833, 95155 MiB, 97887 MiB, 56 %, 29 %, 325.26 W
2026/04/02 14:35:28.834, 95155 MiB, 97887 MiB, 100 %, 26 %, 349.98 W
2026/04/02 14:35:30.834, 95155 MiB, 97887 MiB, 100 %, 22 %, 349.68 W
2026/04/02 14:35:32.834, 95155 MiB, 97887 MiB, 100 %, 28 %, 349.77 W
2026/04/02 14:35:34.834, 95155 MiB, 97887 MiB, 99 %, 67 %, 350.04 W
2026/04/02 14:35:36.834, 95155 MiB, 97887 MiB, 100 %, 27 %, 350.81 W
2026/04/02 14:35:38.835, 95155 MiB, 97887 MiB, 100 %, 31 %, 350.00 W
2026/04/02 14:35:40.835, 95155 MiB, 97887 MiB, 100 %, 30 %, 349.72 W
2026/04/02 14:35:42.835, 95155 MiB, 97887 MiB, 100 %, 31 %, 349.96 W
2026/04/02 14:35:44.835, 95155 MiB, 97887 MiB, 100 %, 31 %, 349.99 W
2026/04/02 14:35:46.835, 95155 MiB, 97887 MiB, 100 %, 31 %, 349.90 W
2026/04/02 14:35:48.835, 95155 MiB, 97887 MiB, 100 %, 39 %, 350.12 W
2026/04/02 14:35:50.836, 95155 MiB, 97887 MiB, 100 %, 31 %, 349.90 W
2026/04/02 14:35:52.836, 95155 MiB, 97887 MiB, 100 %, 26 %, 350.41 W
2026/04/02 14:35:54.836, 95155 MiB, 97887 MiB, 100 %, 31 %, 305.03 W
2026/04/02 14:35:56.836, 95155 MiB, 97887 MiB, 100 %, 32 %, 349.69 W
2026/04/02 14:35:58.836, 95155 MiB, 97887 MiB, 100 %, 26 %, 349.65 W
2026/04/02 14:36:00.837, 95155 MiB, 97887 MiB, 100 %, 26 %, 350.00 W
2026/04/02 14:36:02.837, 95155 MiB, 97887 MiB, 100 %, 27 %, 350.46 W
2026/04/02 14:36:04.837, 95155 MiB, 97887 MiB, 100 %, 27 %, 350.00 W
2026/04/02 14:36:06.837, 95155 MiB, 97887 MiB, 100 %, 24 %, 349.96 W
2026/04/02 14:36:08.837, 95155 MiB, 97887 MiB, 100 %, 13 %, 350.00 W
2026/04/02 14:36:10.838, 95155 MiB, 97887 MiB, 98 %, 45 %, 333.53 W
2026/04/02 14:36:12.838, 95155 MiB, 97887 MiB, 100 %, 34 %, 350.05 W
2026/04/02 14:36:14.838, 95155 MiB, 97887 MiB, 100 %, 44 %, 350.17 W
2026/04/02 14:36:16.838, 95155 MiB, 97887 MiB, 100 %, 29 %, 349.99 W
2026/04/02 14:36:18.838, 95155 MiB, 97887 MiB, 100 %, 37 %, 350.16 W
2026/04/02 14:36:20.838, 95155 MiB, 97887 MiB, 100 %, 28 %, 349.96 W
2026/04/02 14:36:22.839, 95155 MiB, 97887 MiB, 100 %, 30 %, 349.95 W
2026/04/02 14:36:24.839, 95155 MiB, 97887 MiB, 100 %, 29 %, 349.98 W
2026/04/02 14:36:26.839, 95155 MiB, 97887 MiB, 100 %, 27 %, 349.98 W
2026/04/02 14:36:28.839, 95155 MiB, 97887 MiB, 100 %, 24 %, 363.38 W
2026/04/02 14:36:30.839, 95255 MiB, 97887 MiB, 99 %, 66 %, 349.98 W
2026/04/02 14:36:32.840, 95255 MiB, 97887 MiB, 100 %, 31 %, 350.11 W
2026/04/02 14:36:34.840, 95255 MiB, 97887 MiB, 100 %, 27 %, 349.90 W
2026/04/02 14:36:36.840, 95255 MiB, 97887 MiB, 100 %, 27 %, 349.88 W
2026/04/02 14:36:38.840, 95255 MiB, 97887 MiB, 100 %, 32 %, 349.69 W
2026/04/02 14:36:40.841, 95255 MiB, 97887 MiB, 100 %, 27 %, 350.02 W
2026/04/02 14:36:42.843, 95255 MiB, 97887 MiB, 100 %, 27 %, 349.96 W
2026/04/02 14:36:44.843, 95255 MiB, 97887 MiB, 100 %, 23 %, 349.87 W
2026/04/02 14:36:46.843, 95255 MiB, 97887 MiB, 100 %, 28 %, 350.10 W
2026/04/02 14:36:48.843, 95255 MiB, 97887 MiB, 100 %, 30 %, 350.22 W
2026/04/02 14:36:50.843, 95255 MiB, 97887 MiB, 100 %, 27 %, 350.53 W
2026/04/02 14:36:52.844, 95255 MiB, 97887 MiB, 100 %, 31 %, 300.24 W
2026/04/02 14:36:54.844, 95255 MiB, 97887 MiB, 100 %, 27 %, 349.94 W
2026/04/02 14:36:56.844, 95255 MiB, 97887 MiB, 100 %, 28 %, 349.96 W
2026/04/02 14:36:58.844, 95255 MiB, 97887 MiB, 99 %, 30 %, 349.99 W
2026/04/02 14:37:00.844, 95255 MiB, 97887 MiB, 100 %, 29 %, 348.40 W
2026/04/02 14:37:02.844, 95255 MiB, 97887 MiB, 100 %, 29 %, 349.88 W
2026/04/02 14:37:04.845, 95255 MiB, 97887 MiB, 17 %, 13 %, 334.73 W
2026/04/02 14:37:06.845, 95255 MiB, 97887 MiB, 100 %, 30 %, 350.12 W
2026/04/02 14:37:08.845, 95255 MiB, 97887 MiB, 86 %, 45 %, 348.29 W
2026/04/02 14:37:10.845, 95255 MiB, 97887 MiB, 100 %, 27 %, 349.82 W
2026/04/02 14:37:12.845, 95255 MiB, 97887 MiB, 100 %, 27 %, 349.86 W
2026/04/02 14:37:14.846, 95255 MiB, 97887 MiB, 100 %, 27 %, 349.96 W
2026/04/02 14:37:16.846, 95255 MiB, 97887 MiB, 100 %, 22 %, 350.06 W
2026/04/02 14:37:18.846, 95255 MiB, 97887 MiB, 100 %, 28 %, 349.96 W
2026/04/02 14:37:20.846, 95255 MiB, 97887 MiB, 100 %, 24 %, 350.07 W
2026/04/02 14:37:22.847, 95255 MiB, 97887 MiB, 100 %, 30 %, 354.10 W
2026/04/02 14:37:24.847, 95255 MiB, 97887 MiB, 100 %, 29 %, 349.80 W
2026/04/02 14:37:26.847, 95255 MiB, 97887 MiB, 100 %, 30 %, 350.23 W
2026/04/02 14:37:28.847, 95255 MiB, 97887 MiB, 100 %, 26 %, 349.99 W
2026/04/02 14:37:30.847, 95255 MiB, 97887 MiB, 100 %, 29 %, 349.99 W
2026/04/02 14:37:32.847, 95255 MiB, 97887 MiB, 100 %, 31 %, 350.08 W
2026/04/02 14:37:34.848, 95255 MiB, 97887 MiB, 100 %, 31 %, 350.10 W
2026/04/02 14:37:36.848, 95255 MiB, 97887 MiB, 100 %, 30 %, 349.95 W
2026/04/02 14:37:38.848, 95255 MiB, 97887 MiB, 100 %, 30 %, 349.82 W
2026/04/02 14:37:40.848, 95255 MiB, 97887 MiB, 100 %, 32 %, 349.97 W
2026/04/02 14:37:42.848, 95255 MiB, 97887 MiB, 42 %, 27 %, 339.45 W
2026/04/02 14:37:44.849, 95255 MiB, 97887 MiB, 100 %, 30 %, 349.97 W
2026/04/02 14:37:46.849, 95255 MiB, 97887 MiB, 74 %, 38 %, 346.15 W
2026/04/02 14:37:48.849, 95255 MiB, 97887 MiB, 100 %, 27 %, 349.94 W
2026/04/02 14:37:50.849, 95255 MiB, 97887 MiB, 100 %, 35 %, 350.51 W
2026/04/02 14:37:52.849, 95255 MiB, 97887 MiB, 100 %, 27 %, 349.99 W
2026/04/02 14:37:54.850, 95255 MiB, 97887 MiB, 100 %, 38 %, 349.49 W
2026/04/02 14:37:56.850, 95255 MiB, 97887 MiB, 100 %, 32 %, 350.10 W
2026/04/02 14:37:58.850, 95255 MiB, 97887 MiB, 99 %, 67 %, 350.10 W
2026/04/02 14:38:00.850, 95255 MiB, 97887 MiB, 100 %, 24 %, 352.95 W
2026/04/02 14:38:02.850, 95255 MiB, 97887 MiB, 100 %, 27 %, 349.98 W
2026/04/02 14:38:04.851, 95255 MiB, 97887 MiB, 100 %, 30 %, 351.47 W
2026/04/02 14:38:06.851, 95255 MiB, 97887 MiB, 100 %, 29 %, 349.89 W
2026/04/02 14:38:08.851, 95255 MiB, 97887 MiB, 100 %, 33 %, 350.33 W
2026/04/02 14:38:10.851, 95255 MiB, 97887 MiB, 100 %, 31 %, 350.44 W
2026/04/02 14:38:12.851, 95255 MiB, 97887 MiB, 100 %, 32 %, 350.20 W
2026/04/02 14:38:14.851, 95255 MiB, 97887 MiB, 100 %, 36 %, 349.42 W
2026/04/02 14:38:16.852, 95255 MiB, 97887 MiB, 98 %, 62 %, 350.05 W
2026/04/02 14:38:18.852, 95255 MiB, 97887 MiB, 100 %, 31 %, 349.99 W
2026/04/02 14:38:20.852, 95255 MiB, 97887 MiB, 100 %, 40 %, 349.92 W
2026/04/02 14:38:22.852, 95255 MiB, 97887 MiB, 100 %, 31 %, 349.90 W
2026/04/02 14:38:24.852, 95255 MiB, 97887 MiB, 100 %, 16 %, 350.00 W
2026/04/02 14:38:26.853, 95255 MiB, 97887 MiB, 100 %, 32 %, 349.98 W
2026/04/02 14:38:28.853, 95255 MiB, 97887 MiB, 100 %, 31 %, 350.02 W
2026/04/02 14:38:30.853, 95255 MiB, 97887 MiB, 100 %, 31 %, 349.61 W
2026/04/02 14:38:32.853, 95255 MiB, 97887 MiB, 99 %, 68 %, 350.04 W
2026/04/02 14:38:34.854, 95255 MiB, 97887 MiB, 100 %, 28 %, 350.17 W
2026/04/02 14:38:36.854, 95255 MiB, 97887 MiB, 100 %, 36 %, 349.99 W
2026/04/02 14:38:38.854, 95255 MiB, 97887 MiB, 100 %, 30 %, 349.30 W
2026/04/02 14:38:40.854, 95255 MiB, 97887 MiB, 100 %, 31 %, 349.94 W
2026/04/02 14:38:42.854, 95255 MiB, 97887 MiB, 100 %, 26 %, 349.85 W
2026/04/02 14:38:44.855, 95255 MiB, 97887 MiB, 100 %, 28 %, 349.82 W
2026/04/02 14:38:46.855, 95255 MiB, 97887 MiB, 100 %, 23 %, 349.89 W
2026/04/02 14:38:48.855, 95255 MiB, 97887 MiB, 100 %, 24 %, 349.89 W
2026/04/02 14:38:50.855, 95255 MiB, 97887 MiB, 99 %, 67 %, 350.02 W
2026/04/02 14:38:52.855, 95255 MiB, 97887 MiB, 99 %, 23 %, 346.62 W
2026/04/02 14:38:54.856, 95255 MiB, 97887 MiB, 100 %, 24 %, 350.05 W
2026/04/02 14:38:56.856, 95255 MiB, 97887 MiB, 96 %, 26 %, 352.36 W
2026/04/02 14:38:58.856, 95255 MiB, 97887 MiB, 100 %, 27 %, 349.72 W
2026/04/02 14:39:00.856, 95255 MiB, 97887 MiB, 100 %, 25 %, 349.72 W
2026/04/02 14:39:02.856, 95255 MiB, 97887 MiB, 100 %, 28 %, 349.94 W
2026/04/02 14:39:04.857, 95255 MiB, 97887 MiB, 100 %, 18 %, 350.14 W
2026/04/02 14:39:06.857, 95255 MiB, 97887 MiB, 100 %, 30 %, 349.90 W
2026/04/02 14:39:08.857, 95255 MiB, 97887 MiB, 100 %, 39 %, 349.25 W
2026/04/02 14:39:10.857, 95255 MiB, 97887 MiB, 100 %, 31 %, 349.18 W
2026/04/02 14:39:12.857, 95255 MiB, 97887 MiB, 100 %, 28 %, 349.96 W
2026/04/02 14:39:14.858, 95255 MiB, 97887 MiB, 100 %, 29 %, 349.67 W
2026/04/02 14:39:16.858, 95255 MiB, 97887 MiB, 100 %, 31 %, 349.90 W
2026/04/02 14:39:18.858, 95255 MiB, 97887 MiB, 100 %, 18 %, 350.25 W
2026/04/02 14:39:20.858, 95255 MiB, 97887 MiB, 100 %, 30 %, 350.07 W
2026/04/02 14:39:22.858, 95255 MiB, 97887 MiB, 100 %, 29 %, 350.43 W
2026/04/02 14:39:24.858, 95255 MiB, 97887 MiB, 100 %, 26 %, 349.97 W
2026/04/02 14:39:26.859, 95255 MiB, 97887 MiB, 100 %, 34 %, 349.65 W
2026/04/02 14:39:28.859, 95255 MiB, 97887 MiB, 100 %, 32 %, 349.51 W
2026/04/02 14:39:30.859, 95255 MiB, 97887 MiB, 99 %, 68 %, 350.05 W
2026/04/02 14:39:32.859, 95255 MiB, 97887 MiB, 99 %, 67 %, 349.99 W
2026/04/02 14:39:34.859, 95255 MiB, 97887 MiB, 100 %, 31 %, 349.89 W
2026/04/02 14:39:36.860, 95255 MiB, 97887 MiB, 100 %, 45 %, 349.34 W
2026/04/02 14:39:38.860, 95255 MiB, 97887 MiB, 100 %, 29 %, 350.18 W
2026/04/02 14:39:40.860, 95255 MiB, 97887 MiB, 100 %, 17 %, 350.01 W
2026/04/02 14:39:42.860, 95255 MiB, 97887 MiB, 100 %, 24 %, 349.98 W
2026/04/02 14:39:44.860, 95255 MiB, 97887 MiB, 100 %, 28 %, 349.97 W
2026/04/02 14:39:46.861, 95255 MiB, 97887 MiB, 100 %, 31 %, 350.04 W
2026/04/02 14:39:48.861, 95255 MiB, 97887 MiB, 100 %, 31 %, 350.06 W
2026/04/02 14:39:50.861, 95255 MiB, 97887 MiB, 100 %, 29 %, 360.09 W
2026/04/02 14:39:52.861, 95255 MiB, 97887 MiB, 100 %, 27 %, 349.93 W
2026/04/02 14:39:54.861, 95255 MiB, 97887 MiB, 100 %, 30 %, 350.25 W
2026/04/02 14:39:56.861, 95255 MiB, 97887 MiB, 100 %, 27 %, 350.40 W
2026/04/02 14:39:58.861, 95255 MiB, 97887 MiB, 100 %, 31 %, 350.49 W
2026/04/02 14:40:00.862, 95255 MiB, 97887 MiB, 100 %, 27 %, 349.91 W
2026/04/02 14:40:02.862, 95255 MiB, 97887 MiB, 100 %, 31 %, 350.09 W
2026/04/02 14:40:04.862, 95255 MiB, 97887 MiB, 100 %, 33 %, 349.54 W
2026/04/02 14:40:06.862, 95255 MiB, 97887 MiB, 100 %, 26 %, 349.82 W
2026/04/02 14:40:08.863, 95255 MiB, 97887 MiB, 100 %, 24 %, 349.98 W
2026/04/02 14:40:10.864, 95255 MiB, 97887 MiB, 99 %, 67 %, 350.00 W
2026/04/02 14:40:12.864, 95255 MiB, 97887 MiB, 99 %, 67 %, 349.98 W
2026/04/02 14:40:14.864, 95255 MiB, 97887 MiB, 100 %, 31 %, 350.11 W
2026/04/02 14:40:16.864, 95255 MiB, 97887 MiB, 100 %, 14 %, 350.02 W
2026/04/02 14:40:18.864, 95255 MiB, 97887 MiB, 100 %, 27 %, 349.86 W
2026/04/02 14:40:20.865, 95255 MiB, 97887 MiB, 100 %, 27 %, 350.00 W
2026/04/02 14:40:22.865, 95255 MiB, 97887 MiB, 100 %, 31 %, 350.04 W
2026/04/02 14:40:24.865, 95255 MiB, 97887 MiB, 100 %, 31 %, 350.11 W
2026/04/02 14:40:26.865, 95255 MiB, 97887 MiB, 100 %, 29 %, 350.01 W
2026/04/02 14:40:28.865, 95255 MiB, 97887 MiB, 100 %, 27 %, 350.08 W
2026/04/02 14:40:30.865, 95255 MiB, 97887 MiB, 100 %, 26 %, 354.90 W
2026/04/02 14:40:32.866, 95255 MiB, 97887 MiB, 99 %, 68 %, 349.97 W
2026/04/02 14:40:34.866, 95255 MiB, 97887 MiB, 100 %, 32 %, 350.01 W
2026/04/02 14:40:36.866, 95255 MiB, 97887 MiB, 100 %, 30 %, 350.46 W
2026/04/02 14:40:38.866, 95255 MiB, 97887 MiB, 58 %, 13 %, 295.43 W
2026/04/02 14:40:40.866, 95255 MiB, 97887 MiB, 100 %, 36 %, 349.73 W
2026/04/02 14:40:42.866, 95255 MiB, 97887 MiB, 99 %, 40 %, 349.20 W
2026/04/02 14:40:44.867, 95255 MiB, 97887 MiB, 100 %, 15 %, 350.14 W
2026/04/02 14:40:46.867, 95255 MiB, 97887 MiB, 100 %, 26 %, 349.69 W
2026/04/02 14:40:48.867, 95255 MiB, 97887 MiB, 100 %, 20 %, 350.09 W
2026/04/02 14:40:50.867, 95255 MiB, 97887 MiB, 99 %, 68 %, 349.98 W
2026/04/02 14:40:52.867, 95255 MiB, 97887 MiB, 99 %, 68 %, 349.95 W
2026/04/02 14:40:54.868, 95255 MiB, 97887 MiB, 100 %, 27 %, 350.02 W
2026/04/02 14:40:56.868, 95255 MiB, 97887 MiB, 100 %, 43 %, 350.13 W
2026/04/02 14:40:58.868, 95255 MiB, 97887 MiB, 100 %, 29 %, 349.94 W
2026/04/02 14:41:00.868, 95255 MiB, 97887 MiB, 100 %, 34 %, 349.76 W
2026/04/02 14:41:02.868, 95255 MiB, 97887 MiB, 100 %, 25 %, 349.95 W
2026/04/02 14:41:04.869, 95255 MiB, 97887 MiB, 100 %, 27 %, 349.72 W
2026/04/02 14:41:06.869, 95255 MiB, 97887 MiB, 100 %, 31 %, 350.00 W
2026/04/02 14:41:08.869, 95255 MiB, 97887 MiB, 100 %, 24 %, 349.98 W
2026/04/02 14:41:10.869, 95255 MiB, 97887 MiB, 100 %, 30 %, 333.21 W
2026/04/02 14:41:12.870, 95255 MiB, 97887 MiB, 100 %, 31 %, 350.06 W
2026/04/02 14:41:14.872, 95255 MiB, 97887 MiB, 100 %, 27 %, 349.91 W
2026/04/02 14:41:16.872, 95255 MiB, 97887 MiB, 100 %, 24 %, 352.35 W
2026/04/02 14:41:18.872, 95255 MiB, 97887 MiB, 100 %, 26 %, 350.09 W
2026/04/02 14:41:20.872, 95255 MiB, 97887 MiB, 100 %, 44 %, 350.01 W
2026/04/02 14:41:22.872, 95255 MiB, 97887 MiB, 100 %, 27 %, 350.25 W
2026/04/02 14:41:24.873, 95255 MiB, 97887 MiB, 100 %, 26 %, 349.95 W
2026/04/02 14:41:26.873, 95255 MiB, 97887 MiB, 100 %, 12 %, 350.11 W
2026/04/02 14:41:28.873, 95255 MiB, 97887 MiB, 99 %, 29 %, 350.25 W
2026/04/02 14:41:30.873, 95255 MiB, 97887 MiB, 99 %, 68 %, 350.02 W
2026/04/02 14:41:32.873, 95255 MiB, 97887 MiB, 100 %, 30 %, 350.01 W
2026/04/02 14:41:34.874, 95255 MiB, 97887 MiB, 100 %, 26 %, 350.02 W
2026/04/02 14:41:36.874, 95255 MiB, 97887 MiB, 99 %, 33 %, 301.96 W
2026/04/02 14:41:38.874, 95255 MiB, 97887 MiB, 100 %, 30 %, 349.70 W
2026/04/02 14:41:40.874, 95255 MiB, 97887 MiB, 99 %, 39 %, 349.68 W
2026/04/02 14:41:42.874, 95255 MiB, 97887 MiB, 100 %, 30 %, 349.57 W
2026/04/02 14:41:44.874, 95255 MiB, 97887 MiB, 100 %, 27 %, 350.00 W
2026/04/02 14:41:46.874, 95255 MiB, 97887 MiB, 100 %, 31 %, 349.99 W
2026/04/02 14:41:48.875, 95255 MiB, 97887 MiB, 100 %, 22 %, 350.05 W
2026/04/02 14:41:50.875, 95255 MiB, 97887 MiB, 100 %, 30 %, 350.62 W
2026/04/02 14:41:52.875, 95255 MiB, 97887 MiB, 99 %, 68 %, 349.98 W
2026/04/02 14:41:54.875, 95255 MiB, 97887 MiB, 100 %, 31 %, 349.60 W
2026/04/02 14:41:56.876, 95255 MiB, 97887 MiB, 100 %, 37 %, 349.93 W
2026/04/02 14:41:58.876, 95255 MiB, 97887 MiB, 100 %, 24 %, 349.81 W
2026/04/02 14:42:00.876, 95255 MiB, 97887 MiB, 100 %, 32 %, 349.99 W
2026/04/02 14:42:02.876, 95255 MiB, 97887 MiB, 100 %, 25 %, 350.04 W
2026/04/02 14:42:04.876, 95255 MiB, 97887 MiB, 100 %, 27 %, 350.05 W
2026/04/02 14:42:06.876, 95255 MiB, 97887 MiB, 100 %, 27 %, 349.93 W
2026/04/02 14:42:08.877, 95255 MiB, 97887 MiB, 100 %, 29 %, 349.81 W
2026/04/02 14:42:10.877, 95255 MiB, 97887 MiB, 100 %, 29 %, 295.50 W
2026/04/02 14:42:12.877, 95255 MiB, 97887 MiB, 100 %, 27 %, 350.38 W
2026/04/02 14:42:14.877, 95255 MiB, 97887 MiB, 100 %, 31 %, 351.20 W
2026/04/02 14:42:16.877, 95255 MiB, 97887 MiB, 100 %, 30 %, 350.04 W
2026/04/02 14:42:18.878, 95255 MiB, 97887 MiB, 100 %, 31 %, 350.22 W
2026/04/02 14:42:20.878, 95255 MiB, 97887 MiB, 100 %, 30 %, 349.90 W
2026/04/02 14:42:22.878, 95255 MiB, 97887 MiB, 100 %, 30 %, 350.10 W
2026/04/02 14:42:24.878, 95255 MiB, 97887 MiB, 100 %, 30 %, 349.58 W
2026/04/02 14:42:26.878, 95255 MiB, 97887 MiB, 100 %, 29 %, 349.96 W
2026/04/02 14:42:28.879, 95255 MiB, 97887 MiB, 99 %, 28 %, 349.98 W
2026/04/02 14:42:30.879, 95255 MiB, 97887 MiB, 99 %, 28 %, 349.36 W
2026/04/02 14:42:32.879, 95255 MiB, 97887 MiB, 99 %, 67 %, 350.02 W
2026/04/02 14:42:34.879, 95255 MiB, 97887 MiB, 100 %, 31 %, 349.62 W
2026/04/02 14:42:36.880, 95255 MiB, 97887 MiB, 100 %, 30 %, 349.95 W
2026/04/02 14:42:38.880, 95255 MiB, 97887 MiB, 100 %, 27 %, 349.13 W
2026/04/02 14:42:40.880, 95255 MiB, 97887 MiB, 100 %, 29 %, 349.94 W
2026/04/02 14:42:42.880, 95255 MiB, 97887 MiB, 100 %, 31 %, 350.76 W
2026/04/02 14:42:44.880, 95255 MiB, 97887 MiB, 100 %, 30 %, 349.96 W
2026/04/02 14:42:46.881, 95255 MiB, 97887 MiB, 100 %, 30 %, 349.89 W
2026/04/02 14:42:48.881, 95255 MiB, 97887 MiB, 100 %, 26 %, 349.97 W
2026/04/02 14:42:50.881, 95255 MiB, 97887 MiB, 100 %, 32 %, 350.63 W
2026/04/02 14:42:52.881, 95255 MiB, 97887 MiB, 100 %, 25 %, 349.93 W
2026/04/02 14:42:54.881, 95255 MiB, 97887 MiB, 100 %, 27 %, 352.70 W
2026/04/02 14:42:56.881, 95255 MiB, 97887 MiB, 100 %, 31 %, 349.89 W
2026/04/02 14:42:58.882, 95255 MiB, 97887 MiB, 100 %, 12 %, 350.06 W
2026/04/02 14:43:00.882, 95255 MiB, 97887 MiB, 100 %, 30 %, 350.06 W
2026/04/02 14:43:02.882, 95255 MiB, 97887 MiB, 100 %, 27 %, 350.30 W
2026/04/02 14:43:04.882, 95255 MiB, 97887 MiB, 100 %, 32 %, 349.90 W
2026/04/02 14:43:06.883, 95255 MiB, 97887 MiB, 100 %, 31 %, 305.67 W
2026/04/02 14:43:08.883, 95255 MiB, 97887 MiB, 100 %, 34 %, 350.01 W
2026/04/02 14:43:10.883, 95255 MiB, 97887 MiB, 99 %, 68 %, 350.00 W
2026/04/02 14:43:12.883, 95255 MiB, 97887 MiB, 99 %, 68 %, 349.99 W
2026/04/02 14:43:14.884, 95255 MiB, 97887 MiB, 100 %, 30 %, 350.09 W
2026/04/02 14:43:16.884, 95255 MiB, 97887 MiB, 100 %, 24 %, 350.05 W
2026/04/02 14:43:18.884, 95255 MiB, 97887 MiB, 100 %, 32 %, 350.03 W
2026/04/02 14:43:20.884, 95255 MiB, 97887 MiB, 100 %, 40 %, 349.52 W
2026/04/02 14:43:22.884, 95255 MiB, 97887 MiB, 100 %, 31 %, 350.09 W
2026/04/02 14:43:24.884, 95255 MiB, 97887 MiB, 100 %, 31 %, 349.98 W
2026/04/02 14:43:26.885, 95255 MiB, 97887 MiB, 100 %, 27 %, 349.98 W
2026/04/02 14:43:28.885, 95255 MiB, 97887 MiB, 100 %, 32 %, 350.02 W
2026/04/02 14:43:30.885, 95255 MiB, 97887 MiB, 99 %, 33 %, 349.97 W
2026/04/02 14:43:32.885, 95255 MiB, 97887 MiB, 100 %, 27 %, 350.10 W
2026/04/02 14:43:34.885, 95255 MiB, 97887 MiB, 99 %, 68 %, 350.01 W
2026/04/02 14:43:36.886, 95255 MiB, 97887 MiB, 85 %, 24 %, 356.29 W
2026/04/02 14:43:38.886, 95255 MiB, 97887 MiB, 100 %, 32 %, 350.52 W
2026/04/02 14:43:40.886, 95255 MiB, 97887 MiB, 34 %, 21 %, 335.84 W
2026/04/02 14:43:42.886, 95255 MiB, 97887 MiB, 100 %, 30 %, 350.05 W
2026/04/02 14:43:44.886, 95255 MiB, 97887 MiB, 100 %, 28 %, 301.06 W
2026/04/02 14:43:46.886, 95255 MiB, 97887 MiB, 100 %, 30 %, 350.20 W
2026/04/02 14:43:48.887, 95255 MiB, 97887 MiB, 100 %, 27 %, 349.40 W
2026/04/02 14:43:50.887, 95255 MiB, 97887 MiB, 100 %, 29 %, 349.16 W
2026/04/02 14:43:52.887, 95255 MiB, 97887 MiB, 99 %, 68 %, 350.03 W
2026/04/02 14:43:54.887, 95255 MiB, 97887 MiB, 99 %, 68 %, 350.00 W
2026/04/02 14:43:56.887, 95255 MiB, 97887 MiB, 99 %, 67 %, 350.04 W
2026/04/02 14:43:58.888, 95255 MiB, 97887 MiB, 99 %, 68 %, 349.97 W
2026/04/02 14:44:00.888, 95255 MiB, 97887 MiB, 99 %, 68 %, 350.04 W
2026/04/02 14:44:02.888, 95255 MiB, 97887 MiB, 99 %, 68 %, 349.99 W
2026/04/02 14:44:04.888, 95255 MiB, 97887 MiB, 99 %, 67 %, 349.98 W
2026/04/02 14:44:06.889, 95255 MiB, 97887 MiB, 99 %, 67 %, 349.96 W
2026/04/02 14:44:08.889, 95255 MiB, 97887 MiB, 99 %, 67 %, 350.00 W
2026/04/02 14:44:10.889, 95255 MiB, 97887 MiB, 99 %, 66 %, 350.04 W
2026/04/02 14:44:12.889, 95255 MiB, 97887 MiB, 99 %, 66 %, 350.02 W
2026/04/02 14:44:14.890, 95255 MiB, 97887 MiB, 99 %, 66 %, 350.00 W
2026/04/02 14:44:16.890, 95255 MiB, 97887 MiB, 99 %, 66 %, 349.95 W
2026/04/02 14:44:18.890, 95255 MiB, 97887 MiB, 99 %, 66 %, 350.02 W
2026/04/02 14:44:20.890, 95255 MiB, 97887 MiB, 99 %, 65 %, 350.01 W
2026/04/02 14:44:22.891, 95255 MiB, 97887 MiB, 99 %, 65 %, 350.02 W
2026/04/02 14:44:24.891, 95255 MiB, 97887 MiB, 99 %, 66 %, 350.03 W
2026/04/02 14:44:26.891, 95255 MiB, 97887 MiB, 99 %, 65 %, 350.00 W
2026/04/02 14:44:28.891, 95255 MiB, 97887 MiB, 99 %, 65 %, 350.00 W
2026/04/02 14:44:30.892, 95255 MiB, 97887 MiB, 99 %, 65 %, 349.99 W
2026/04/02 14:44:32.892, 95255 MiB, 97887 MiB, 99 %, 65 %, 349.98 W
2026/04/02 14:44:34.892, 95255 MiB, 97887 MiB, 99 %, 65 %, 350.00 W
2026/04/02 14:44:36.892, 95255 MiB, 97887 MiB, 99 %, 65 %, 349.98 W
2026/04/02 14:44:38.893, 95255 MiB, 97887 MiB, 99 %, 64 %, 349.98 W
2026/04/02 14:44:40.893, 95255 MiB, 97887 MiB, 99 %, 65 %, 350.02 W
2026/04/02 14:44:42.893, 95255 MiB, 97887 MiB, 99 %, 65 %, 350.00 W
2026/04/02 14:44:44.893, 95255 MiB, 97887 MiB, 99 %, 64 %, 350.04 W
2026/04/02 14:44:46.894, 95255 MiB, 97887 MiB, 99 %, 64 %, 350.00 W
2026/04/02 14:44:48.894, 95255 MiB, 97887 MiB, 99 %, 64 %, 350.04 W
2026/04/02 14:44:50.894, 95255 MiB, 97887 MiB, 99 %, 64 %, 349.99 W
2026/04/02 14:44:52.894, 95255 MiB, 97887 MiB, 99 %, 64 %, 349.98 W
2026/04/02 14:44:54.895, 95335 MiB, 97887 MiB, 99 %, 64 %, 350.07 W
2026/04/02 14:44:56.895, 95335 MiB, 97887 MiB, 99 %, 63 %, 349.89 W
2026/04/02 14:44:58.895, 95335 MiB, 97887 MiB, 99 %, 63 %, 350.03 W
2026/04/02 14:45:00.895, 95335 MiB, 97887 MiB, 99 %, 63 %, 349.94 W
2026/04/02 14:45:02.896, 95335 MiB, 97887 MiB, 99 %, 63 %, 350.01 W
2026/04/02 14:45:04.896, 95335 MiB, 97887 MiB, 99 %, 63 %, 349.94 W
2026/04/02 14:45:06.896, 95335 MiB, 97887 MiB, 99 %, 63 %, 349.94 W
2026/04/02 14:45:08.896, 95335 MiB, 97887 MiB, 99 %, 63 %, 349.98 W
2026/04/02 14:45:10.897, 95335 MiB, 97887 MiB, 99 %, 64 %, 350.00 W
2026/04/02 14:45:12.897, 95335 MiB, 97887 MiB, 99 %, 63 %, 349.92 W
2026/04/02 14:45:14.897, 95335 MiB, 97887 MiB, 99 %, 63 %, 349.93 W
2026/04/02 14:45:16.897, 95335 MiB, 97887 MiB, 99 %, 64 %, 349.97 W
2026/04/02 14:45:18.897, 95335 MiB, 97887 MiB, 99 %, 64 %, 349.97 W
2026/04/02 14:45:20.898, 95335 MiB, 97887 MiB, 99 %, 63 %, 349.99 W
2026/04/02 14:45:22.898, 95335 MiB, 97887 MiB, 99 %, 64 %, 350.05 W
2026/04/02 14:45:24.898, 95335 MiB, 97887 MiB, 99 %, 64 %, 349.98 W
2026/04/02 14:45:26.898, 95335 MiB, 97887 MiB, 99 %, 63 %, 350.03 W
2026/04/02 14:45:28.898, 95335 MiB, 97887 MiB, 99 %, 64 %, 349.97 W
2026/04/02 14:45:30.899, 95335 MiB, 97887 MiB, 99 %, 64 %, 349.95 W
2026/04/02 14:45:32.899, 95435 MiB, 97887 MiB, 99 %, 64 %, 350.01 W
2026/04/02 14:45:34.899, 95435 MiB, 97887 MiB, 99 %, 63 %, 350.06 W
2026/04/02 14:45:36.899, 95435 MiB, 97887 MiB, 99 %, 63 %, 350.00 W
2026/04/02 14:45:38.900, 95435 MiB, 97887 MiB, 99 %, 63 %, 349.96 W
2026/04/02 14:45:40.900, 95435 MiB, 97887 MiB, 99 %, 64 %, 350.05 W
2026/04/02 14:45:42.900, 95435 MiB, 97887 MiB, 99 %, 63 %, 350.02 W
2026/04/02 14:45:44.900, 95435 MiB, 97887 MiB, 99 %, 63 %, 350.02 W
2026/04/02 14:45:46.900, 95435 MiB, 97887 MiB, 99 %, 63 %, 349.92 W
2026/04/02 14:45:48.901, 95435 MiB, 97887 MiB, 99 %, 64 %, 350.05 W
2026/04/02 14:45:50.901, 95435 MiB, 97887 MiB, 99 %, 63 %, 350.04 W
2026/04/02 14:45:52.901, 95435 MiB, 97887 MiB, 99 %, 61 %, 350.03 W
2026/04/02 14:45:54.901, 95435 MiB, 97887 MiB, 99 %, 61 %, 349.96 W
2026/04/02 14:45:56.902, 95435 MiB, 97887 MiB, 99 %, 61 %, 349.97 W
2026/04/02 14:45:58.902, 95435 MiB, 97887 MiB, 99 %, 61 %, 349.96 W
2026/04/02 14:46:00.902, 95435 MiB, 97887 MiB, 99 %, 61 %, 349.98 W
2026/04/02 14:46:02.902, 95435 MiB, 97887 MiB, 99 %, 61 %, 350.04 W
2026/04/02 14:46:04.902, 95435 MiB, 97887 MiB, 99 %, 61 %, 350.03 W
2026/04/02 14:46:06.903, 95435 MiB, 97887 MiB, 99 %, 61 %, 350.09 W
2026/04/02 14:46:08.903, 95435 MiB, 97887 MiB, 99 %, 61 %, 349.96 W
2026/04/02 14:46:10.903, 95435 MiB, 97887 MiB, 99 %, 61 %, 350.02 W
2026/04/02 14:46:12.904, 95435 MiB, 97887 MiB, 99 %, 61 %, 350.02 W
2026/04/02 14:46:14.905, 95435 MiB, 97887 MiB, 99 %, 61 %, 349.97 W
2026/04/02 14:46:16.905, 95435 MiB, 97887 MiB, 99 %, 61 %, 350.05 W
2026/04/02 14:46:18.905, 95435 MiB, 97887 MiB, 99 %, 61 %, 349.97 W
2026/04/02 14:46:20.905, 95435 MiB, 97887 MiB, 99 %, 62 %, 350.01 W
2026/04/02 14:46:22.906, 95435 MiB, 97887 MiB, 99 %, 61 %, 350.04 W
2026/04/02 14:46:24.906, 95435 MiB, 97887 MiB, 99 %, 60 %, 350.03 W
2026/04/02 14:46:26.906, 95435 MiB, 97887 MiB, 99 %, 61 %, 349.94 W
2026/04/02 14:46:28.906, 95435 MiB, 97887 MiB, 99 %, 60 %, 350.03 W
2026/04/02 14:46:30.906, 95435 MiB, 97887 MiB, 99 %, 60 %, 349.92 W
2026/04/02 14:46:32.907, 95435 MiB, 97887 MiB, 99 %, 60 %, 350.05 W
2026/04/02 14:46:34.907, 95435 MiB, 97887 MiB, 99 %, 60 %, 350.04 W
2026/04/02 14:46:36.907, 95435 MiB, 97887 MiB, 99 %, 60 %, 349.95 W
2026/04/02 14:46:38.907, 95435 MiB, 97887 MiB, 99 %, 61 %, 349.99 W
2026/04/02 14:46:40.908, 95435 MiB, 97887 MiB, 99 %, 61 %, 350.00 W
2026/04/02 14:46:42.908, 95435 MiB, 97887 MiB, 99 %, 61 %, 350.02 W
2026/04/02 14:46:44.908, 95435 MiB, 97887 MiB, 99 %, 60 %, 349.87 W
2026/04/02 14:46:46.908, 95435 MiB, 97887 MiB, 99 %, 60 %, 349.98 W
2026/04/02 14:46:48.908, 95435 MiB, 97887 MiB, 98 %, 60 %, 350.08 W
2026/04/02 14:46:50.909, 95435 MiB, 97887 MiB, 99 %, 60 %, 349.99 W
2026/04/02 14:46:52.909, 95435 MiB, 97887 MiB, 99 %, 60 %, 349.97 W
2026/04/02 14:46:54.909, 95435 MiB, 97887 MiB, 99 %, 60 %, 349.94 W
2026/04/02 14:46:56.909, 95435 MiB, 97887 MiB, 99 %, 60 %, 350.02 W
2026/04/02 14:46:58.910, 95435 MiB, 97887 MiB, 99 %, 60 %, 350.03 W
2026/04/02 14:47:00.910, 95435 MiB, 97887 MiB, 99 %, 60 %, 349.97 W
2026/04/02 14:47:02.910, 95435 MiB, 97887 MiB, 99 %, 60 %, 350.06 W
2026/04/02 14:47:04.910, 95435 MiB, 97887 MiB, 98 %, 59 %, 349.89 W
2026/04/02 14:47:06.910, 95435 MiB, 97887 MiB, 99 %, 60 %, 350.00 W
2026/04/02 14:47:08.911, 95435 MiB, 97887 MiB, 99 %, 60 %, 349.94 W
2026/04/02 14:47:10.911, 95435 MiB, 97887 MiB, 99 %, 60 %, 349.98 W
2026/04/02 14:47:12.911, 95435 MiB, 97887 MiB, 99 %, 59 %, 349.99 W
2026/04/02 14:47:14.911, 95435 MiB, 97887 MiB, 99 %, 60 %, 349.92 W
2026/04/02 14:47:16.912, 95435 MiB, 97887 MiB, 99 %, 60 %, 349.98 W
2026/04/02 14:47:18.912, 95435 MiB, 97887 MiB, 99 %, 59 %, 349.98 W
2026/04/02 14:47:20.912, 95435 MiB, 97887 MiB, 99 %, 60 %, 350.02 W
2026/04/02 14:47:22.912, 95435 MiB, 97887 MiB, 99 %, 60 %, 350.01 W
2026/04/02 14:47:24.912, 95435 MiB, 97887 MiB, 99 %, 59 %, 349.98 W
2026/04/02 14:47:26.913, 95435 MiB, 97887 MiB, 99 %, 59 %, 350.00 W
2026/04/02 14:47:28.913, 95435 MiB, 97887 MiB, 99 %, 59 %, 349.99 W
2026/04/02 14:47:30.913, 95435 MiB, 97887 MiB, 99 %, 59 %, 350.06 W
2026/04/02 14:47:32.913, 95435 MiB, 97887 MiB, 98 %, 58 %, 349.90 W
2026/04/02 14:47:34.914, 95435 MiB, 97887 MiB, 98 %, 59 %, 350.13 W
2026/04/02 14:47:36.914, 95435 MiB, 97887 MiB, 98 %, 58 %, 349.82 W
2026/04/02 14:47:38.914, 95455 MiB, 97887 MiB, 98 %, 57 %, 349.92 W
2026/04/02 14:47:40.914, 95455 MiB, 97887 MiB, 98 %, 58 %, 349.92 W
2026/04/02 14:47:42.914, 95455 MiB, 97887 MiB, 98 %, 58 %, 350.02 W
2026/04/02 14:47:44.915, 95455 MiB, 97887 MiB, 98 %, 57 %, 349.97 W
2026/04/02 14:47:46.915, 95455 MiB, 97887 MiB, 98 %, 57 %, 349.92 W
2026/04/02 14:47:48.915, 95455 MiB, 97887 MiB, 98 %, 57 %, 349.80 W
2026/04/02 14:47:50.915, 95455 MiB, 97887 MiB, 98 %, 57 %, 350.00 W
2026/04/02 14:47:52.915, 95455 MiB, 97887 MiB, 98 %, 57 %, 349.89 W
2026/04/02 14:47:54.915, 95455 MiB, 97887 MiB, 98 %, 57 %, 350.01 W
2026/04/02 14:47:56.916, 95455 MiB, 97887 MiB, 98 %, 57 %, 350.00 W
2026/04/02 14:47:58.916, 95455 MiB, 97887 MiB, 98 %, 58 %, 350.02 W
2026/04/02 14:48:00.916, 95455 MiB, 97887 MiB, 98 %, 57 %, 349.97 W
2026/04/02 14:48:02.916, 95455 MiB, 97887 MiB, 98 %, 57 %, 349.91 W
2026/04/02 14:48:04.916, 95455 MiB, 97887 MiB, 98 %, 57 %, 350.00 W
2026/04/02 14:48:06.917, 95455 MiB, 97887 MiB, 98 %, 56 %, 349.96 W
2026/04/02 14:48:08.917, 95455 MiB, 97887 MiB, 98 %, 57 %, 350.09 W
2026/04/02 14:48:10.917, 95455 MiB, 97887 MiB, 98 %, 57 %, 364.36 W
2026/04/02 14:48:12.917, 95455 MiB, 97887 MiB, 98 %, 57 %, 349.93 W
2026/04/02 14:48:14.917, 95455 MiB, 97887 MiB, 98 %, 57 %, 350.01 W
2026/04/02 14:48:16.918, 95455 MiB, 97887 MiB, 98 %, 57 %, 350.01 W
2026/04/02 14:48:18.918, 95455 MiB, 97887 MiB, 98 %, 57 %, 349.99 W
2026/04/02 14:48:20.918, 95455 MiB, 97887 MiB, 98 %, 57 %, 350.17 W
2026/04/02 14:48:22.918, 95455 MiB, 97887 MiB, 98 %, 57 %, 350.02 W
2026/04/02 14:48:24.918, 95455 MiB, 97887 MiB, 98 %, 57 %, 350.03 W
2026/04/02 14:48:26.919, 95455 MiB, 97887 MiB, 98 %, 57 %, 350.04 W
2026/04/02 14:48:28.919, 95455 MiB, 97887 MiB, 98 %, 57 %, 349.95 W
2026/04/02 14:48:30.919, 95455 MiB, 97887 MiB, 98 %, 57 %, 349.93 W
2026/04/02 14:48:32.919, 95455 MiB, 97887 MiB, 98 %, 57 %, 350.03 W
2026/04/02 14:48:34.920, 95455 MiB, 97887 MiB, 98 %, 57 %, 350.07 W
2026/04/02 14:48:36.920, 95455 MiB, 97887 MiB, 98 %, 57 %, 349.93 W
2026/04/02 14:48:38.920, 95455 MiB, 97887 MiB, 98 %, 58 %, 350.13 W
2026/04/02 14:48:40.920, 95455 MiB, 97887 MiB, 98 %, 57 %, 350.00 W
2026/04/02 14:48:42.921, 95455 MiB, 97887 MiB, 99 %, 58 %, 350.01 W
2026/04/02 14:48:44.921, 95455 MiB, 97887 MiB, 98 %, 57 %, 349.98 W
2026/04/02 14:48:46.921, 95455 MiB, 97887 MiB, 98 %, 56 %, 349.83 W
2026/04/02 14:48:48.921, 95455 MiB, 97887 MiB, 98 %, 54 %, 349.87 W
2026/04/02 14:48:50.922, 95455 MiB, 97887 MiB, 98 %, 54 %, 350.00 W
2026/04/02 14:48:52.922, 95455 MiB, 97887 MiB, 98 %, 54 %, 349.97 W
2026/04/02 14:48:54.922, 95455 MiB, 97887 MiB, 98 %, 54 %, 349.95 W
2026/04/02 14:48:56.922, 95455 MiB, 97887 MiB, 98 %, 54 %, 350.09 W
2026/04/02 14:48:58.923, 95455 MiB, 97887 MiB, 98 %, 54 %, 350.03 W
2026/04/02 14:49:00.923, 95455 MiB, 97887 MiB, 98 %, 54 %, 349.95 W
2026/04/02 14:49:02.923, 95455 MiB, 97887 MiB, 98 %, 53 %, 350.01 W
2026/04/02 14:49:04.923, 95455 MiB, 97887 MiB, 98 %, 53 %, 350.02 W
2026/04/02 14:49:06.924, 95455 MiB, 97887 MiB, 98 %, 54 %, 350.02 W
2026/04/02 14:49:08.924, 95455 MiB, 97887 MiB, 97 %, 53 %, 350.02 W
2026/04/02 14:49:10.924, 95455 MiB, 97887 MiB, 97 %, 53 %, 350.00 W
2026/04/02 14:49:12.924, 95455 MiB, 97887 MiB, 98 %, 53 %, 349.90 W
2026/04/02 14:49:14.925, 95455 MiB, 97887 MiB, 97 %, 52 %, 349.94 W
2026/04/02 14:49:16.925, 95455 MiB, 97887 MiB, 98 %, 60 %, 350.09 W
2026/04/02 14:49:18.925, 95455 MiB, 97887 MiB, 98 %, 59 %, 349.87 W
2026/04/02 14:49:20.925, 95455 MiB, 97887 MiB, 98 %, 60 %, 349.98 W
2026/04/02 14:49:22.926, 95455 MiB, 97887 MiB, 98 %, 60 %, 350.14 W
2026/04/02 14:49:24.926, 95455 MiB, 97887 MiB, 97 %, 59 %, 349.85 W
2026/04/02 14:49:26.926, 95455 MiB, 97887 MiB, 98 %, 60 %, 350.05 W
2026/04/02 14:49:28.926, 95455 MiB, 97887 MiB, 98 %, 60 %, 349.95 W
2026/04/02 14:49:30.927, 95455 MiB, 97887 MiB, 98 %, 59 %, 349.87 W
2026/04/02 14:49:32.927, 95455 MiB, 97887 MiB, 98 %, 59 %, 349.96 W
2026/04/02 14:49:34.927, 95455 MiB, 97887 MiB, 98 %, 60 %, 350.07 W
2026/04/02 14:49:36.927, 95455 MiB, 97887 MiB, 98 %, 59 %, 349.95 W
2026/04/02 14:49:38.928, 95455 MiB, 97887 MiB, 98 %, 60 %, 350.01 W
2026/04/02 14:49:40.928, 95455 MiB, 97887 MiB, 98 %, 59 %, 349.76 W
2026/04/02 14:49:42.928, 95455 MiB, 97887 MiB, 98 %, 60 %, 350.02 W
2026/04/02 14:49:44.928, 95455 MiB, 97887 MiB, 98 %, 60 %, 350.08 W
2026/04/02 14:49:46.929, 95455 MiB, 97887 MiB, 98 %, 60 %, 349.91 W
2026/04/02 14:49:48.929, 95455 MiB, 97887 MiB, 98 %, 59 %, 349.87 W
2026/04/02 14:49:50.929, 95455 MiB, 97887 MiB, 98 %, 60 %, 350.02 W
2026/04/02 14:49:52.929, 95455 MiB, 97887 MiB, 98 %, 59 %, 349.89 W
2026/04/02 14:49:54.929, 95455 MiB, 97887 MiB, 98 %, 59 %, 350.02 W
2026/04/02 14:49:56.930, 95455 MiB, 97887 MiB, 97 %, 60 %, 350.14 W
2026/04/02 14:49:58.930, 95455 MiB, 97887 MiB, 98 %, 59 %, 349.83 W
2026/04/02 14:50:00.930, 95455 MiB, 97887 MiB, 97 %, 59 %, 350.00 W
2026/04/02 14:50:02.930, 95455 MiB, 97887 MiB, 97 %, 59 %, 350.03 W
2026/04/02 14:50:04.931, 95455 MiB, 97887 MiB, 98 %, 60 %, 350.08 W
2026/04/02 14:50:06.931, 95455 MiB, 97887 MiB, 98 %, 60 %, 350.14 W
2026/04/02 14:50:08.931, 95455 MiB, 97887 MiB, 98 %, 60 %, 349.92 W
2026/04/02 14:50:10.932, 95455 MiB, 97887 MiB, 98 %, 60 %, 349.86 W
2026/04/02 14:50:12.932, 95455 MiB, 97887 MiB, 98 %, 60 %, 350.03 W
2026/04/02 14:50:14.932, 95455 MiB, 97887 MiB, 97 %, 58 %, 349.91 W
2026/04/02 14:50:16.932, 95455 MiB, 97887 MiB, 97 %, 58 %, 349.85 W
2026/04/02 14:50:18.932, 95455 MiB, 97887 MiB, 97 %, 59 %, 350.06 W
2026/04/02 14:50:20.933, 95455 MiB, 97887 MiB, 97 %, 59 %, 349.91 W
2026/04/02 14:50:22.933, 95455 MiB, 97887 MiB, 97 %, 58 %, 349.90 W
2026/04/02 14:50:24.933, 95455 MiB, 97887 MiB, 98 %, 57 %, 349.86 W
2026/04/02 14:50:26.933, 95475 MiB, 97887 MiB, 97 %, 56 %, 349.76 W
2026/04/02 14:50:28.933, 95475 MiB, 97887 MiB, 97 %, 56 %, 349.87 W
2026/04/02 14:50:30.934, 95475 MiB, 97887 MiB, 97 %, 56 %, 349.96 W
2026/04/02 14:50:32.934, 95475 MiB, 97887 MiB, 97 %, 57 %, 349.97 W
2026/04/02 14:50:34.934, 95475 MiB, 97887 MiB, 97 %, 57 %, 350.03 W
2026/04/02 14:50:36.934, 95475 MiB, 97887 MiB, 97 %, 57 %, 349.96 W
2026/04/02 14:50:38.935, 95475 MiB, 97887 MiB, 96 %, 56 %, 349.95 W
2026/04/02 14:50:40.935, 95475 MiB, 97887 MiB, 97 %, 57 %, 350.29 W
2026/04/02 14:50:42.935, 95475 MiB, 97887 MiB, 97 %, 57 %, 349.96 W
2026/04/02 14:50:44.935, 95475 MiB, 97887 MiB, 97 %, 57 %, 350.04 W
2026/04/02 14:50:46.936, 95475 MiB, 97887 MiB, 97 %, 56 %, 350.07 W
2026/04/02 14:50:48.936, 95475 MiB, 97887 MiB, 97 %, 56 %, 350.23 W
2026/04/02 14:50:50.936, 95475 MiB, 97887 MiB, 97 %, 56 %, 350.03 W
2026/04/02 14:50:52.936, 95475 MiB, 97887 MiB, 97 %, 56 %, 349.67 W
2026/04/02 14:50:54.937, 95475 MiB, 97887 MiB, 97 %, 56 %, 350.08 W
2026/04/02 14:50:56.937, 95475 MiB, 97887 MiB, 97 %, 56 %, 350.04 W
2026/04/02 14:50:58.937, 95475 MiB, 97887 MiB, 97 %, 56 %, 349.88 W
2026/04/02 14:51:00.937, 95475 MiB, 97887 MiB, 97 %, 55 %, 349.62 W
2026/04/02 14:51:02.938, 95475 MiB, 97887 MiB, 98 %, 56 %, 350.06 W
2026/04/02 14:51:04.938, 95475 MiB, 97887 MiB, 97 %, 54 %, 349.71 W
2026/04/02 14:51:06.938, 95475 MiB, 97887 MiB, 97 %, 55 %, 349.98 W
2026/04/02 14:51:08.938, 95475 MiB, 97887 MiB, 97 %, 55 %, 349.99 W
2026/04/02 14:51:10.939, 95475 MiB, 97887 MiB, 97 %, 54 %, 350.05 W
2026/04/02 14:51:12.939, 95475 MiB, 97887 MiB, 96 %, 54 %, 349.94 W
2026/04/02 14:51:14.939, 95475 MiB, 97887 MiB, 97 %, 54 %, 349.95 W
2026/04/02 14:51:16.939, 95475 MiB, 97887 MiB, 97 %, 54 %, 350.15 W
2026/04/02 14:51:18.940, 95475 MiB, 97887 MiB, 98 %, 51 %, 349.49 W
2026/04/02 14:51:20.940, 95475 MiB, 97887 MiB, 98 %, 52 %, 350.05 W
2026/04/02 14:51:22.940, 95475 MiB, 97887 MiB, 98 %, 52 %, 350.04 W
2026/04/02 14:51:24.940, 95475 MiB, 97887 MiB, 97 %, 51 %, 349.96 W
2026/04/02 14:51:26.941, 95475 MiB, 97887 MiB, 98 %, 52 %, 349.96 W
2026/04/02 14:51:28.941, 95495 MiB, 97887 MiB, 97 %, 50 %, 349.67 W
2026/04/02 14:51:30.941, 95495 MiB, 97887 MiB, 97 %, 51 %, 350.07 W
2026/04/02 14:51:32.941, 95495 MiB, 97887 MiB, 97 %, 48 %, 349.62 W
2026/04/02 14:51:34.942, 3 MiB, 97887 MiB, 0 %, 0 %, 166.11 W
2026/04/02 14:51:36.942, 3 MiB, 97887 MiB, 0 %, 0 %, 117.28 W
2026/04/02 14:51:38.943, 3 MiB, 97887 MiB, 0 %, 0 %, 76.03 W
2026/04/02 14:51:40.944, 3 MiB, 97887 MiB, 0 %, 0 %, 70.49 W
2026/04/02 14:51:42.944, 3 MiB, 97887 MiB, 0 %, 0 %, 63.31 W
2026/04/02 14:51:44.945, 3 MiB, 97887 MiB, 0 %, 0 %, 33.58 W
2026/04/02 14:51:46.946, 3 MiB, 97887 MiB, 0 %, 0 %, 33.38 W
2026/04/02 14:51:48.947, 3 MiB, 97887 MiB, 0 %, 0 %, 31.66 W
2026/04/02 14:51:50.948, 3 MiB, 97887 MiB, 0 %, 0 %, 30.60 W
2026/04/02 14:51:52.948, 3 MiB, 97887 MiB, 0 %, 0 %, 30.66 W
2026/04/02 14:51:54.949, 3 MiB, 97887 MiB, 0 %, 0 %, 29.97 W
2026/04/02 14:51:56.950, 3 MiB, 97887 MiB, 0 %, 0 %, 29.62 W
2026/04/02 14:51:58.950, 3 MiB, 97887 MiB, 0 %, 0 %, 29.29 W
2026/04/02 14:52:00.951, 3 MiB, 97887 MiB, 0 %, 0 %, 29.24 W
2026/04/02 14:52:02.952, 3 MiB, 97887 MiB, 0 %, 0 %, 28.78 W
2026/04/02 14:52:04.952, 3 MiB, 97887 MiB, 0 %, 0 %, 29.15 W
2026/04/02 14:52:06.953, 3 MiB, 97887 MiB, 0 %, 0 %, 28.73 W
2026/04/02 14:52:08.954, 3 MiB, 97887 MiB, 0 %, 0 %, 28.54 W
2026/04/02 14:52:10.954, 3 MiB, 97887 MiB, 0 %, 0 %, 28.38 W
2026/04/02 14:52:12.955, 3 MiB, 97887 MiB, 0 %, 0 %, 27.95 W
2026/04/02 14:52:14.956, 3 MiB, 97887 MiB, 0 %, 0 %, 27.71 W
2026/04/02 14:52:16.957, 3 MiB, 97887 MiB, 0 %, 0 %, 27.81 W
2026/04/02 14:52:18.958, 3 MiB, 97887 MiB, 0 %, 0 %, 27.48 W
2026/04/02 14:52:20.959, 3 MiB, 97887 MiB, 0 %, 0 %, 27.36 W
2026/04/02 14:52:22.960, 3 MiB, 97887 MiB, 0 %, 0 %, 27.73 W
2026/04/02 14:52:24.961, 3 MiB, 97887 MiB, 0 %, 0 %, 27.73 W
2026/04/02 14:52:26.962, 3 MiB, 97887 MiB, 0 %, 0 %, 26.87 W
2026/04/02 14:52:28.963, 3 MiB, 97887 MiB, 0 %, 0 %, 26.87 W
2026/04/02 14:52:30.964, 3 MiB, 97887 MiB, 0 %, 0 %, 26.42 W
2026/04/02 14:52:32.964, 3 MiB, 97887 MiB, 0 %, 0 %, 26.54 W
2026/04/02 14:52:34.965, 3 MiB, 97887 MiB, 0 %, 0 %, 26.25 W
2026/04/02 14:52:36.965, 3 MiB, 97887 MiB, 0 %, 0 %, 26.36 W
2026/04/02 14:52:38.966, 3 MiB, 97887 MiB, 0 %, 0 %, 26.55 W
2026/04/02 14:52:40.968, 3 MiB, 97887 MiB, 0 %, 0 %, 26.20 W
2026/04/02 14:52:42.969, 3 MiB, 97887 MiB, 0 %, 0 %, 26.21 W
2026/04/02 14:52:44.969, 3 MiB, 97887 MiB, 0 %, 0 %, 26.34 W
2026/04/02 14:52:46.970, 3 MiB, 97887 MiB, 0 %, 0 %, 26.40 W
2026/04/02 14:52:48.971, 3 MiB, 97887 MiB, 0 %, 0 %, 26.12 W
2026/04/02 14:52:50.972, 3 MiB, 97887 MiB, 0 %, 0 %, 26.12 W
2026/04/02 14:52:52.973, 3 MiB, 97887 MiB, 0 %, 0 %, 26.27 W
2026/04/02 14:52:54.973, 3 MiB, 97887 MiB, 0 %, 0 %, 25.49 W
2026/04/02 14:52:56.974, 3 MiB, 97887 MiB, 0 %, 0 %, 25.69 W
2026/04/02 14:52:58.975, 3 MiB, 97887 MiB, 0 %, 0 %, 25.55 W
2026/04/02 14:53:00.976, 3 MiB, 97887 MiB, 0 %, 0 %, 25.54 W
2026/04/02 14:53:02.977, 3 MiB, 97887 MiB, 0 %, 0 %, 25.25 W
2026/04/02 14:53:04.978, 3 MiB, 97887 MiB, 0 %, 0 %, 25.23 W
2026/04/02 14:53:06.979, 3 MiB, 97887 MiB, 0 %, 0 %, 24.98 W
2026/04/02 14:53:08.980, 3 MiB, 97887 MiB, 0 %, 0 %, 25.24 W
2026/04/02 14:53:10.981, 3 MiB, 97887 MiB, 0 %, 0 %, 25.03 W
2026/04/02 14:53:12.982, 3 MiB, 97887 MiB, 0 %, 0 %, 25.23 W
2026/04/02 14:53:14.982, 3 MiB, 97887 MiB, 0 %, 0 %, 25.29 W
2026/04/02 14:53:16.983, 3 MiB, 97887 MiB, 0 %, 0 %, 24.80 W
2026/04/02 14:53:18.984, 3 MiB, 97887 MiB, 0 %, 0 %, 24.81 W
2026/04/02 14:53:20.984, 3 MiB, 97887 MiB, 0 %, 0 %, 24.65 W
2026/04/02 14:53:22.985, 3 MiB, 97887 MiB, 0 %, 0 %, 24.57 W
2026/04/02 14:53:24.986, 3 MiB, 97887 MiB, 0 %, 0 %, 24.52 W
2026/04/02 14:53:26.987, 3 MiB, 97887 MiB, 0 %, 0 %, 24.51 W
2026/04/02 14:53:28.988, 3 MiB, 97887 MiB, 0 %, 0 %, 24.68 W
2026/04/02 14:53:30.989, 3 MiB, 97887 MiB, 0 %, 0 %, 24.68 W
2026/04/02 14:53:32.989, 3 MiB, 97887 MiB, 0 %, 0 %, 24.59 W
2026/04/02 14:53:34.990, 3 MiB, 97887 MiB, 0 %, 0 %, 24.43 W
2026/04/02 14:53:36.991, 3 MiB, 97887 MiB, 0 %, 0 %, 24.33 W
2026/04/02 14:53:38.992, 3 MiB, 97887 MiB, 0 %, 0 %, 24.82 W
2026/04/02 14:53:40.993, 3 MiB, 97887 MiB, 0 %, 0 %, 24.63 W
2026/04/02 14:53:42.994, 3 MiB, 97887 MiB, 0 %, 0 %, 24.27 W
2026/04/02 14:53:44.995, 3 MiB, 97887 MiB, 0 %, 0 %, 24.30 W
2026/04/02 14:53:46.995, 3 MiB, 97887 MiB, 0 %, 0 %, 24.51 W
2026/04/02 14:53:48.996, 3 MiB, 97887 MiB, 0 %, 0 %, 24.53 W
2026/04/02 14:53:50.997, 3 MiB, 97887 MiB, 0 %, 0 %, 24.11 W
2026/04/02 14:53:52.998, 3 MiB, 97887 MiB, 0 %, 0 %, 24.25 W
2026/04/02 14:53:54.999, 3 MiB, 97887 MiB, 0 %, 0 %, 24.26 W
2026/04/02 14:53:57.000, 3 MiB, 97887 MiB, 0 %, 0 %, 24.11 W
2026/04/02 14:53:59.000, 3 MiB, 97887 MiB, 0 %, 0 %, 24.11 W
2026/04/02 14:54:01.001, 3 MiB, 97887 MiB, 0 %, 0 %, 24.29 W
2026/04/02 14:54:03.002, 3 MiB, 97887 MiB, 0 %, 0 %, 23.79 W
2026/04/02 14:54:05.003, 3 MiB, 97887 MiB, 0 %, 0 %, 23.79 W
2026/04/02 14:54:07.004, 3 MiB, 97887 MiB, 0 %, 0 %, 23.77 W
2026/04/02 14:54:09.005, 3 MiB, 97887 MiB, 0 %, 0 %, 23.65 W
2026/04/02 14:54:11.006, 3 MiB, 97887 MiB, 0 %, 0 %, 23.76 W
2026/04/02 14:54:13.006, 3 MiB, 97887 MiB, 0 %, 0 %, 23.72 W
2026/04/02 14:54:15.007, 3 MiB, 97887 MiB, 0 %, 0 %, 23.89 W
2026/04/02 14:54:17.008, 3 MiB, 97887 MiB, 0 %, 0 %, 23.72 W
2026/04/02 14:54:19.009, 3 MiB, 97887 MiB, 0 %, 0 %, 23.47 W
2026/04/02 14:54:21.009, 3 MiB, 97887 MiB, 0 %, 0 %, 23.36 W
2026/04/02 14:54:23.010, 3 MiB, 97887 MiB, 0 %, 0 %, 23.69 W
2026/04/02 14:54:25.011, 3 MiB, 97887 MiB, 0 %, 0 %, 23.50 W
2026/04/02 14:54:27.012, 3 MiB, 97887 MiB, 0 %, 0 %, 23.25 W
2026/04/02 14:54:29.013, 3 MiB, 97887 MiB, 0 %, 0 %, 23.37 W
2026/04/02 14:54:31.014, 3 MiB, 97887 MiB, 0 %, 0 %, 23.06 W
2026/04/02 14:54:33.014, 3 MiB, 97887 MiB, 0 %, 0 %, 23.45 W
2026/04/02 14:54:35.015, 3 MiB, 97887 MiB, 0 %, 0 %, 23.35 W
2026/04/02 14:54:37.016, 3 MiB, 97887 MiB, 0 %, 0 %, 23.32 W
2026/04/02 14:54:39.017, 3 MiB, 97887 MiB, 0 %, 0 %, 22.89 W
2026/04/02 14:54:41.018, 3 MiB, 97887 MiB, 0 %, 0 %, 23.09 W
2026/04/02 14:54:43.018, 3 MiB, 97887 MiB, 0 %, 0 %, 22.98 W
2026/04/02 14:54:45.019, 3 MiB, 97887 MiB, 0 %, 0 %, 23.01 W
2026/04/02 14:54:47.020, 3 MiB, 97887 MiB, 0 %, 0 %, 23.71 W
2026/04/02 14:54:49.021, 3 MiB, 97887 MiB, 0 %, 0 %, 22.83 W
2026/04/02 14:54:51.022, 3 MiB, 97887 MiB, 0 %, 0 %, 22.23 W
2026/04/02 14:54:53.023, 3 MiB, 97887 MiB, 0 %, 0 %, 23.31 W
2026/04/02 14:54:55.024, 3 MiB, 97887 MiB, 0 %, 0 %, 23.27 W
2026/04/02 14:54:57.024, 3 MiB, 97887 MiB, 0 %, 0 %, 22.97 W
2026/04/02 14:54:59.025, 3 MiB, 97887 MiB, 0 %, 0 %, 23.28 W
2026/04/02 14:55:01.026, 3 MiB, 97887 MiB, 0 %, 0 %, 23.27 W
2026/04/02 14:55:03.027, 3 MiB, 97887 MiB, 0 %, 0 %, 23.36 W
2026/04/02 14:55:05.028, 3 MiB, 97887 MiB, 0 %, 0 %, 23.39 W
2026/04/02 14:55:07.028, 3 MiB, 97887 MiB, 0 %, 0 %, 23.53 W
2026/04/02 14:55:09.029, 3 MiB, 97887 MiB, 0 %, 0 %, 23.43 W
2026/04/02 14:55:11.029, 3 MiB, 97887 MiB, 0 %, 0 %, 23.40 W
2026/04/02 14:55:13.030, 3 MiB, 97887 MiB, 0 %, 0 %, 23.33 W
2026/04/02 14:55:15.031, 3 MiB, 97887 MiB, 0 %, 0 %, 23.48 W
2026/04/02 14:55:17.031, 3 MiB, 97887 MiB, 0 %, 0 %, 23.76 W
2026/04/02 14:55:19.032, 3 MiB, 97887 MiB, 0 %, 0 %, 23.60 W
2026/04/02 14:55:21.033, 3 MiB, 97887 MiB, 0 %, 0 %, 23.38 W
2026/04/02 14:55:23.034, 3 MiB, 97887 MiB, 0 %, 0 %, 23.43 W
2026/04/02 14:55:25.035, 3 MiB, 97887 MiB, 0 %, 0 %, 23.56 W
2026/04/02 14:55:27.036, 3 MiB, 97887 MiB, 0 %, 0 %, 23.13 W
2026/04/02 14:55:29.037, 3 MiB, 97887 MiB, 0 %, 0 %, 23.10 W
2026/04/02 14:55:31.038, 3 MiB, 97887 MiB, 0 %, 0 %, 22.79 W
2026/04/02 14:55:33.038, 3 MiB, 97887 MiB, 0 %, 0 %, 22.95 W
2026/04/02 14:55:35.039, 3 MiB, 97887 MiB, 0 %, 0 %, 23.07 W
2026/04/02 14:55:37.040, 3 MiB, 97887 MiB, 0 %, 0 %, 22.87 W
2026/04/02 14:55:39.041, 3 MiB, 97887 MiB, 0 %, 0 %, 23.24 W
2026/04/02 14:55:41.042, 3 MiB, 97887 MiB, 0 %, 0 %, 23.14 W
2026/04/02 14:55:43.043, 3 MiB, 97887 MiB, 0 %, 0 %, 23.42 W
2026/04/02 14:55:45.044, 3 MiB, 97887 MiB, 0 %, 0 %, 23.65 W
2026/04/02 14:55:47.045, 3 MiB, 97887 MiB, 0 %, 0 %, 23.27 W
2026/04/02 14:55:49.046, 3 MiB, 97887 MiB, 0 %, 0 %, 23.46 W
2026/04/02 14:55:51.046, 3 MiB, 97887 MiB, 0 %, 0 %, 23.54 W
2026/04/02 14:55:53.047, 3 MiB, 97887 MiB, 0 %, 0 %, 23.09 W
2026/04/02 14:55:55.048, 3 MiB, 97887 MiB, 0 %, 0 %, 22.97 W
2026/04/02 14:55:57.049, 3 MiB, 97887 MiB, 0 %, 0 %, 23.17 W
2026/04/02 14:55:59.050, 3 MiB, 97887 MiB, 0 %, 0 %, 23.42 W
2026/04/02 14:56:01.051, 3 MiB, 97887 MiB, 0 %, 0 %, 23.34 W
2026/04/02 14:56:03.051, 3 MiB, 97887 MiB, 0 %, 0 %, 22.88 W
2026/04/02 14:56:05.052, 3 MiB, 97887 MiB, 0 %, 0 %, 22.79 W
2026/04/02 14:56:07.053, 3 MiB, 97887 MiB, 0 %, 0 %, 22.93 W
2026/04/02 14:56:09.054, 3 MiB, 97887 MiB, 0 %, 0 %, 22.71 W
2026/04/02 14:56:11.055, 3 MiB, 97887 MiB, 0 %, 0 %, 22.65 W
2026/04/02 14:56:13.055, 3 MiB, 97887 MiB, 0 %, 0 %, 22.59 W
2026/04/02 14:56:15.056, 3 MiB, 97887 MiB, 0 %, 0 %, 22.79 W
2026/04/02 14:56:17.057, 3 MiB, 97887 MiB, 0 %, 0 %, 22.76 W
2026/04/02 14:56:19.058, 3 MiB, 97887 MiB, 0 %, 0 %, 23.04 W
2026/04/02 14:56:21.059, 3 MiB, 97887 MiB, 0 %, 0 %, 22.72 W
2026/04/02 14:56:23.059, 3 MiB, 97887 MiB, 0 %, 0 %, 22.84 W
2026/04/02 14:56:25.060, 3 MiB, 97887 MiB, 0 %, 0 %, 22.72 W
2026/04/02 14:56:27.061, 3 MiB, 97887 MiB, 0 %, 0 %, 22.50 W
2026/04/02 14:56:29.062, 3 MiB, 97887 MiB, 0 %, 0 %, 22.82 W
2026/04/02 14:56:31.063, 3 MiB, 97887 MiB, 0 %, 0 %, 22.90 W
2026/04/02 14:56:33.064, 3 MiB, 97887 MiB, 0 %, 0 %, 22.99 W
2026/04/02 14:56:35.064, 3 MiB, 97887 MiB, 0 %, 0 %, 22.78 W
2026/04/02 14:56:37.065, 3 MiB, 97887 MiB, 0 %, 0 %, 23.07 W
2026/04/02 14:56:39.066, 3 MiB, 97887 MiB, 0 %, 0 %, 22.81 W
2026/04/02 14:56:41.066, 3 MiB, 97887 MiB, 0 %, 0 %, 22.85 W
2026/04/02 14:56:43.067, 3 MiB, 97887 MiB, 0 %, 0 %, 22.80 W
2026/04/02 14:56:45.068, 3 MiB, 97887 MiB, 0 %, 0 %, 23.07 W
2026/04/02 14:56:47.069, 3 MiB, 97887 MiB, 0 %, 0 %, 22.50 W
2026/04/02 14:56:49.070, 3 MiB, 97887 MiB, 0 %, 0 %, 22.60 W
2026/04/02 14:56:51.071, 3 MiB, 97887 MiB, 0 %, 0 %, 22.51 W
2026/04/02 14:56:53.072, 3 MiB, 97887 MiB, 0 %, 0 %, 22.69 W
2026/04/02 14:56:55.072, 3 MiB, 97887 MiB, 0 %, 0 %, 22.95 W
2026/04/02 14:56:57.073, 3 MiB, 97887 MiB, 0 %, 0 %, 22.76 W
2026/04/02 14:56:59.074, 3 MiB, 97887 MiB, 0 %, 0 %, 22.78 W
2026/04/02 14:57:01.074, 3 MiB, 97887 MiB, 0 %, 0 %, 22.95 W
2026/04/02 14:57:03.075, 3 MiB, 97887 MiB, 0 %, 0 %, 22.77 W
2026/04/02 14:57:05.076, 3 MiB, 97887 MiB, 0 %, 0 %, 22.89 W
