timestamp, memory.used [MiB], memory.total [MiB], utilization.gpu [%], utilization.memory [%], power.draw [W]
2026/04/02 11:00:14.636, 81175 MiB, 97887 MiB, 0 %, 0 %, 152.35 W
2026/04/02 11:00:16.639, 81337 MiB, 97887 MiB, 0 %, 0 %, 130.36 W
2026/04/02 11:00:18.640, 89359 MiB, 97887 MiB, 16 %, 2 %, 121.91 W
2026/04/02 11:00:20.640, 91401 MiB, 97887 MiB, 100 %, 18 %, 350.40 W
2026/04/02 11:00:22.640, 91921 MiB, 97887 MiB, 98 %, 33 %, 351.55 W
2026/04/02 11:00:24.640, 92441 MiB, 97887 MiB, 100 %, 25 %, 349.92 W
2026/04/02 11:00:26.641, 92441 MiB, 97887 MiB, 99 %, 34 %, 349.68 W
2026/04/02 11:00:28.641, 82317 MiB, 97887 MiB, 100 %, 29 %, 349.80 W
2026/04/02 11:00:30.641, 0 MiB, 97887 MiB, 32 %, 18 %, 166.30 W
2026/04/02 11:00:32.642, 0 MiB, 97887 MiB, 0 %, 0 %, 138.10 W
2026/04/02 11:00:34.643, 0 MiB, 97887 MiB, 0 %, 0 %, 72.44 W
2026/04/02 11:00:36.643, 0 MiB, 97887 MiB, 0 %, 0 %, 69.69 W
2026/04/02 11:00:38.644, 0 MiB, 97887 MiB, 0 %, 0 %, 42.17 W
2026/04/02 11:00:40.644, 0 MiB, 97887 MiB, 0 %, 0 %, 29.23 W
2026/04/02 11:00:42.645, 0 MiB, 97887 MiB, 0 %, 0 %, 29.02 W
2026/04/02 11:00:44.645, 0 MiB, 97887 MiB, 0 %, 0 %, 28.55 W
2026/04/02 11:00:46.646, 0 MiB, 97887 MiB, 0 %, 0 %, 28.16 W
2026/04/02 11:00:48.647, 0 MiB, 97887 MiB, 0 %, 0 %, 27.85 W
2026/04/02 11:00:50.648, 0 MiB, 97887 MiB, 0 %, 0 %, 27.56 W
2026/04/02 11:00:52.648, 0 MiB, 97887 MiB, 0 %, 0 %, 27.44 W
2026/04/02 11:00:54.649, 0 MiB, 97887 MiB, 0 %, 0 %, 27.57 W
2026/04/02 11:00:56.650, 0 MiB, 97887 MiB, 0 %, 0 %, 27.82 W
2026/04/02 11:00:58.651, 0 MiB, 97887 MiB, 0 %, 0 %, 26.94 W
2026/04/02 11:01:00.652, 0 MiB, 97887 MiB, 0 %, 0 %, 26.83 W
2026/04/02 11:01:02.652, 0 MiB, 97887 MiB, 0 %, 0 %, 27.10 W
2026/04/02 11:01:04.653, 0 MiB, 97887 MiB, 0 %, 0 %, 27.00 W
2026/04/02 11:01:06.654, 0 MiB, 97887 MiB, 0 %, 0 %, 26.92 W
2026/04/02 11:01:08.655, 0 MiB, 97887 MiB, 0 %, 0 %, 26.63 W
2026/04/02 11:01:10.655, 0 MiB, 97887 MiB, 0 %, 0 %, 26.77 W
2026/04/02 11:01:12.656, 0 MiB, 97887 MiB, 0 %, 0 %, 26.75 W
2026/04/02 11:01:14.657, 0 MiB, 97887 MiB, 0 %, 0 %, 26.67 W
2026/04/02 11:01:16.658, 0 MiB, 97887 MiB, 0 %, 0 %, 26.34 W
2026/04/02 11:01:18.659, 0 MiB, 97887 MiB, 0 %, 0 %, 26.34 W
2026/04/02 11:01:20.660, 0 MiB, 97887 MiB, 0 %, 0 %, 26.12 W
2026/04/02 11:01:22.660, 0 MiB, 97887 MiB, 0 %, 0 %, 26.21 W
2026/04/02 11:01:24.661, 0 MiB, 97887 MiB, 0 %, 0 %, 25.78 W
2026/04/02 11:01:26.662, 0 MiB, 97887 MiB, 0 %, 0 %, 25.82 W
2026/04/02 11:01:28.663, 0 MiB, 97887 MiB, 0 %, 0 %, 26.15 W
2026/04/02 11:01:30.664, 0 MiB, 97887 MiB, 0 %, 0 %, 26.00 W
2026/04/02 11:01:32.665, 0 MiB, 97887 MiB, 0 %, 0 %, 25.78 W
2026/04/02 11:01:34.665, 0 MiB, 97887 MiB, 0 %, 0 %, 25.64 W
2026/04/02 11:01:36.666, 0 MiB, 97887 MiB, 0 %, 0 %, 25.63 W
2026/04/02 11:01:38.667, 0 MiB, 97887 MiB, 0 %, 0 %, 25.59 W
2026/04/02 11:01:40.668, 0 MiB, 97887 MiB, 0 %, 0 %, 25.45 W
2026/04/02 11:01:42.669, 0 MiB, 97887 MiB, 0 %, 0 %, 25.55 W
2026/04/02 11:01:44.669, 0 MiB, 97887 MiB, 0 %, 0 %, 25.48 W
2026/04/02 11:01:46.670, 0 MiB, 97887 MiB, 0 %, 0 %, 25.37 W
2026/04/02 11:01:48.670, 0 MiB, 97887 MiB, 0 %, 0 %, 25.25 W
2026/04/02 11:01:50.671, 0 MiB, 97887 MiB, 0 %, 0 %, 25.11 W
2026/04/02 11:01:52.671, 0 MiB, 97887 MiB, 0 %, 0 %, 24.99 W
2026/04/02 11:01:54.672, 0 MiB, 97887 MiB, 0 %, 0 %, 25.01 W
2026/04/02 11:01:56.673, 0 MiB, 97887 MiB, 0 %, 0 %, 24.68 W
2026/04/02 11:01:58.673, 0 MiB, 97887 MiB, 0 %, 0 %, 24.81 W
2026/04/02 11:02:00.674, 0 MiB, 97887 MiB, 0 %, 0 %, 24.91 W
2026/04/02 11:02:02.674, 0 MiB, 97887 MiB, 0 %, 0 %, 25.14 W
2026/04/02 11:02:04.675, 0 MiB, 97887 MiB, 0 %, 0 %, 24.64 W
2026/04/02 11:02:06.676, 0 MiB, 97887 MiB, 0 %, 0 %, 24.32 W
2026/04/02 11:02:08.676, 0 MiB, 97887 MiB, 0 %, 0 %, 24.40 W
2026/04/02 11:02:10.677, 0 MiB, 97887 MiB, 0 %, 0 %, 24.18 W
2026/04/02 11:02:12.678, 0 MiB, 97887 MiB, 0 %, 0 %, 24.41 W
2026/04/02 11:02:14.679, 0 MiB, 97887 MiB, 0 %, 0 %, 24.31 W
2026/04/02 11:02:16.679, 0 MiB, 97887 MiB, 0 %, 0 %, 24.39 W
2026/04/02 11:02:18.680, 0 MiB, 97887 MiB, 0 %, 0 %, 24.21 W
2026/04/02 11:02:20.681, 0 MiB, 97887 MiB, 0 %, 0 %, 24.37 W
2026/04/02 11:02:22.681, 0 MiB, 97887 MiB, 0 %, 0 %, 24.08 W
2026/04/02 11:02:24.682, 0 MiB, 97887 MiB, 0 %, 0 %, 24.03 W
2026/04/02 11:02:26.683, 0 MiB, 97887 MiB, 0 %, 0 %, 23.76 W
2026/04/02 11:02:28.684, 0 MiB, 97887 MiB, 0 %, 0 %, 23.66 W
2026/04/02 11:02:30.685, 0 MiB, 97887 MiB, 0 %, 0 %, 23.61 W
2026/04/02 11:02:32.685, 0 MiB, 97887 MiB, 0 %, 0 %, 23.92 W
2026/04/02 11:02:34.686, 0 MiB, 97887 MiB, 0 %, 0 %, 23.94 W
2026/04/02 11:02:36.687, 0 MiB, 97887 MiB, 0 %, 0 %, 24.08 W
2026/04/02 11:02:38.687, 0 MiB, 97887 MiB, 0 %, 0 %, 24.18 W
2026/04/02 11:02:40.688, 0 MiB, 97887 MiB, 0 %, 0 %, 24.28 W
2026/04/02 11:02:42.688, 0 MiB, 97887 MiB, 0 %, 0 %, 24.06 W
2026/04/02 11:02:44.689, 0 MiB, 97887 MiB, 0 %, 0 %, 23.85 W
2026/04/02 11:02:46.690, 0 MiB, 97887 MiB, 0 %, 0 %, 23.98 W
2026/04/02 11:02:48.691, 0 MiB, 97887 MiB, 0 %, 0 %, 24.10 W
2026/04/02 11:02:50.692, 0 MiB, 97887 MiB, 0 %, 0 %, 23.82 W
2026/04/02 11:02:52.693, 0 MiB, 97887 MiB, 0 %, 0 %, 23.49 W
2026/04/02 11:02:54.694, 0 MiB, 97887 MiB, 0 %, 0 %, 23.75 W
2026/04/02 11:02:56.694, 0 MiB, 97887 MiB, 0 %, 0 %, 23.85 W
2026/04/02 11:02:58.695, 0 MiB, 97887 MiB, 0 %, 0 %, 24.08 W
2026/04/02 11:03:00.696, 0 MiB, 97887 MiB, 0 %, 0 %, 23.88 W
2026/04/02 11:03:02.697, 0 MiB, 97887 MiB, 0 %, 0 %, 23.63 W
2026/04/02 11:03:04.698, 0 MiB, 97887 MiB, 0 %, 0 %, 23.70 W
2026/04/02 11:03:06.698, 0 MiB, 97887 MiB, 0 %, 0 %, 23.87 W
2026/04/02 11:03:08.699, 0 MiB, 97887 MiB, 0 %, 0 %, 23.92 W
2026/04/02 11:03:10.700, 0 MiB, 97887 MiB, 0 %, 0 %, 24.12 W
2026/04/02 11:03:12.701, 0 MiB, 97887 MiB, 0 %, 0 %, 23.36 W
2026/04/02 11:03:14.701, 0 MiB, 97887 MiB, 0 %, 0 %, 23.16 W
2026/04/02 11:03:16.702, 0 MiB, 97887 MiB, 0 %, 0 %, 23.34 W
2026/04/02 11:03:18.703, 0 MiB, 97887 MiB, 0 %, 0 %, 23.28 W
2026/04/02 11:03:20.704, 0 MiB, 97887 MiB, 0 %, 0 %, 23.77 W
2026/04/02 11:03:22.704, 0 MiB, 97887 MiB, 0 %, 0 %, 23.60 W
2026/04/02 11:03:24.704, 0 MiB, 97887 MiB, 0 %, 0 %, 23.70 W
2026/04/02 11:03:26.705, 0 MiB, 97887 MiB, 0 %, 0 %, 23.81 W
2026/04/02 11:03:28.706, 0 MiB, 97887 MiB, 0 %, 0 %, 23.54 W
2026/04/02 11:03:30.707, 0 MiB, 97887 MiB, 0 %, 0 %, 23.67 W
2026/04/02 11:03:32.707, 0 MiB, 97887 MiB, 0 %, 0 %, 23.28 W
2026/04/02 11:03:34.708, 0 MiB, 97887 MiB, 0 %, 0 %, 23.29 W
2026/04/02 11:03:36.708, 0 MiB, 97887 MiB, 0 %, 0 %, 23.39 W
2026/04/02 11:03:38.709, 0 MiB, 97887 MiB, 0 %, 0 %, 23.34 W
2026/04/02 11:03:40.709, 0 MiB, 97887 MiB, 0 %, 0 %, 23.25 W
2026/04/02 11:03:42.710, 0 MiB, 97887 MiB, 0 %, 0 %, 23.40 W
2026/04/02 11:03:44.711, 0 MiB, 97887 MiB, 0 %, 0 %, 23.18 W
2026/04/02 11:03:46.711, 0 MiB, 97887 MiB, 0 %, 0 %, 23.53 W
2026/04/02 11:03:48.712, 0 MiB, 97887 MiB, 0 %, 0 %, 23.16 W
2026/04/02 11:03:50.712, 0 MiB, 97887 MiB, 0 %, 0 %, 23.28 W
2026/04/02 11:03:52.713, 0 MiB, 97887 MiB, 0 %, 0 %, 23.14 W
2026/04/02 11:03:54.714, 0 MiB, 97887 MiB, 0 %, 0 %, 22.88 W
2026/04/02 11:03:56.714, 0 MiB, 97887 MiB, 0 %, 0 %, 23.28 W
2026/04/02 11:03:58.715, 0 MiB, 97887 MiB, 0 %, 0 %, 23.46 W
2026/04/02 11:04:00.715, 0 MiB, 97887 MiB, 0 %, 0 %, 23.53 W
2026/04/02 11:04:02.716, 0 MiB, 97887 MiB, 0 %, 0 %, 23.75 W
2026/04/02 11:04:04.717, 0 MiB, 97887 MiB, 0 %, 0 %, 23.28 W
2026/04/02 11:04:06.717, 0 MiB, 97887 MiB, 0 %, 0 %, 23.07 W
2026/04/02 11:04:08.718, 0 MiB, 97887 MiB, 0 %, 0 %, 23.26 W
2026/04/02 11:04:10.718, 0 MiB, 97887 MiB, 0 %, 0 %, 22.94 W
2026/04/02 11:04:12.719, 0 MiB, 97887 MiB, 0 %, 0 %, 22.71 W
2026/04/02 11:04:14.720, 0 MiB, 97887 MiB, 0 %, 0 %, 23.05 W
2026/04/02 11:04:16.721, 0 MiB, 97887 MiB, 0 %, 0 %, 22.87 W
2026/04/02 11:04:18.722, 0 MiB, 97887 MiB, 0 %, 0 %, 22.79 W
2026/04/02 11:04:20.723, 0 MiB, 97887 MiB, 0 %, 0 %, 23.09 W
2026/04/02 11:04:22.723, 0 MiB, 97887 MiB, 0 %, 0 %, 23.05 W
2026/04/02 11:04:24.724, 0 MiB, 97887 MiB, 0 %, 0 %, 23.01 W
2026/04/02 11:04:26.725, 0 MiB, 97887 MiB, 0 %, 0 %, 23.38 W
2026/04/02 11:04:28.725, 0 MiB, 97887 MiB, 0 %, 0 %, 23.47 W
2026/04/02 11:04:30.726, 0 MiB, 97887 MiB, 0 %, 0 %, 23.50 W
2026/04/02 11:04:32.727, 0 MiB, 97887 MiB, 0 %, 0 %, 23.34 W
2026/04/02 11:04:34.728, 0 MiB, 97887 MiB, 0 %, 0 %, 23.26 W
2026/04/02 11:04:36.729, 0 MiB, 97887 MiB, 0 %, 0 %, 23.16 W
2026/04/02 11:04:38.730, 0 MiB, 97887 MiB, 0 %, 0 %, 23.16 W
2026/04/02 11:04:40.731, 0 MiB, 97887 MiB, 0 %, 0 %, 22.96 W
2026/04/02 11:04:42.732, 0 MiB, 97887 MiB, 0 %, 0 %, 22.84 W
2026/04/02 11:04:44.733, 0 MiB, 97887 MiB, 0 %, 0 %, 22.97 W
2026/04/02 11:04:46.733, 0 MiB, 97887 MiB, 0 %, 0 %, 22.72 W
2026/04/02 11:04:48.734, 0 MiB, 97887 MiB, 0 %, 0 %, 22.55 W
2026/04/02 11:04:50.735, 0 MiB, 97887 MiB, 0 %, 0 %, 22.40 W
2026/04/02 11:04:52.735, 0 MiB, 97887 MiB, 0 %, 0 %, 22.40 W
2026/04/02 11:04:54.736, 0 MiB, 97887 MiB, 0 %, 0 %, 22.76 W
2026/04/02 11:04:56.737, 0 MiB, 97887 MiB, 0 %, 0 %, 22.53 W
2026/04/02 11:04:58.737, 0 MiB, 97887 MiB, 0 %, 0 %, 22.24 W
2026/04/02 11:05:00.738, 0 MiB, 97887 MiB, 0 %, 0 %, 22.92 W
2026/04/02 11:05:02.739, 0 MiB, 97887 MiB, 0 %, 0 %, 22.60 W
2026/04/02 11:05:04.740, 0 MiB, 97887 MiB, 0 %, 0 %, 22.77 W
2026/04/02 11:05:06.741, 0 MiB, 97887 MiB, 0 %, 0 %, 22.43 W
2026/04/02 11:05:08.742, 0 MiB, 97887 MiB, 0 %, 0 %, 22.91 W
2026/04/02 11:05:10.743, 0 MiB, 97887 MiB, 0 %, 0 %, 22.85 W
2026/04/02 11:05:12.744, 0 MiB, 97887 MiB, 0 %, 0 %, 22.76 W
2026/04/02 11:05:14.744, 0 MiB, 97887 MiB, 0 %, 0 %, 22.52 W
2026/04/02 11:05:16.745, 0 MiB, 97887 MiB, 0 %, 0 %, 22.40 W
2026/04/02 11:05:18.746, 0 MiB, 97887 MiB, 0 %, 0 %, 22.61 W
2026/04/02 11:05:20.747, 0 MiB, 97887 MiB, 0 %, 0 %, 22.27 W
2026/04/02 11:05:22.748, 0 MiB, 97887 MiB, 0 %, 0 %, 22.50 W
2026/04/02 11:05:24.748, 0 MiB, 97887 MiB, 0 %, 0 %, 22.39 W
2026/04/02 11:05:26.749, 0 MiB, 97887 MiB, 0 %, 0 %, 22.31 W
2026/04/02 11:05:28.750, 0 MiB, 97887 MiB, 0 %, 0 %, 22.19 W
2026/04/02 11:05:30.751, 0 MiB, 97887 MiB, 0 %, 0 %, 22.27 W
2026/04/02 11:05:32.752, 0 MiB, 97887 MiB, 0 %, 0 %, 22.26 W
2026/04/02 11:05:34.752, 0 MiB, 97887 MiB, 0 %, 0 %, 22.24 W
2026/04/02 11:05:36.753, 0 MiB, 97887 MiB, 0 %, 0 %, 22.06 W
2026/04/02 11:05:38.754, 0 MiB, 97887 MiB, 0 %, 0 %, 22.01 W
2026/04/02 11:05:40.755, 0 MiB, 97887 MiB, 0 %, 0 %, 22.36 W
2026/04/02 11:05:42.755, 0 MiB, 97887 MiB, 0 %, 0 %, 21.99 W
2026/04/02 11:05:44.756, 0 MiB, 97887 MiB, 0 %, 0 %, 21.86 W
2026/04/02 11:05:46.757, 0 MiB, 97887 MiB, 0 %, 0 %, 22.03 W
2026/04/02 11:05:48.758, 0 MiB, 97887 MiB, 0 %, 0 %, 22.21 W
2026/04/02 11:05:50.759, 0 MiB, 97887 MiB, 0 %, 0 %, 22.34 W
2026/04/02 11:05:52.759, 0 MiB, 97887 MiB, 0 %, 0 %, 22.30 W
2026/04/02 11:05:54.760, 0 MiB, 97887 MiB, 0 %, 0 %, 22.66 W
2026/04/02 11:05:56.761, 0 MiB, 97887 MiB, 0 %, 0 %, 22.03 W
2026/04/02 11:05:58.761, 0 MiB, 97887 MiB, 0 %, 0 %, 22.11 W
2026/04/02 11:06:00.762, 0 MiB, 97887 MiB, 0 %, 0 %, 22.64 W
2026/04/02 11:06:02.763, 0 MiB, 97887 MiB, 0 %, 0 %, 22.29 W
2026/04/02 11:06:04.763, 0 MiB, 97887 MiB, 0 %, 0 %, 22.08 W
2026/04/02 11:06:06.764, 0 MiB, 97887 MiB, 0 %, 0 %, 22.28 W
2026/04/02 11:06:08.765, 0 MiB, 97887 MiB, 0 %, 0 %, 22.31 W
2026/04/02 11:06:10.765, 0 MiB, 97887 MiB, 0 %, 0 %, 22.13 W
2026/04/02 11:06:12.766, 0 MiB, 97887 MiB, 0 %, 0 %, 22.34 W
2026/04/02 11:06:14.767, 0 MiB, 97887 MiB, 0 %, 0 %, 22.27 W
2026/04/02 11:06:16.768, 0 MiB, 97887 MiB, 0 %, 0 %, 22.37 W
2026/04/02 11:06:18.769, 0 MiB, 97887 MiB, 0 %, 0 %, 22.51 W
2026/04/02 11:06:20.769, 0 MiB, 97887 MiB, 0 %, 0 %, 22.48 W
2026/04/02 11:06:22.770, 0 MiB, 97887 MiB, 0 %, 0 %, 22.41 W
2026/04/02 11:06:24.771, 0 MiB, 97887 MiB, 0 %, 0 %, 22.34 W
2026/04/02 11:06:26.772, 0 MiB, 97887 MiB, 0 %, 0 %, 22.36 W
2026/04/02 11:06:28.772, 0 MiB, 97887 MiB, 0 %, 0 %, 22.37 W
2026/04/02 11:06:30.773, 0 MiB, 97887 MiB, 0 %, 0 %, 22.23 W
2026/04/02 11:06:32.773, 0 MiB, 97887 MiB, 0 %, 0 %, 22.30 W
2026/04/02 11:06:34.774, 0 MiB, 97887 MiB, 0 %, 0 %, 22.28 W
2026/04/02 11:06:36.775, 0 MiB, 97887 MiB, 0 %, 0 %, 22.16 W
2026/04/02 11:06:38.776, 0 MiB, 97887 MiB, 0 %, 0 %, 22.19 W
2026/04/02 11:06:40.776, 0 MiB, 97887 MiB, 0 %, 0 %, 22.08 W
2026/04/02 11:06:42.777, 0 MiB, 97887 MiB, 0 %, 0 %, 21.99 W
2026/04/02 11:06:44.778, 0 MiB, 97887 MiB, 0 %, 0 %, 21.31 W
2026/04/02 11:06:46.779, 0 MiB, 97887 MiB, 0 %, 0 %, 22.05 W
2026/04/02 11:06:48.779, 0 MiB, 97887 MiB, 0 %, 0 %, 21.92 W
2026/04/02 11:06:50.780, 0 MiB, 97887 MiB, 0 %, 0 %, 22.05 W
2026/04/02 11:06:52.781, 0 MiB, 97887 MiB, 0 %, 0 %, 21.87 W
2026/04/02 11:06:54.782, 0 MiB, 97887 MiB, 0 %, 0 %, 21.73 W
2026/04/02 11:06:56.782, 0 MiB, 97887 MiB, 0 %, 0 %, 21.97 W
2026/04/02 11:06:58.783, 0 MiB, 97887 MiB, 0 %, 0 %, 22.16 W
2026/04/02 11:07:00.784, 0 MiB, 97887 MiB, 0 %, 0 %, 21.98 W
2026/04/02 11:07:02.784, 0 MiB, 97887 MiB, 0 %, 0 %, 22.15 W
2026/04/02 11:07:04.785, 0 MiB, 97887 MiB, 0 %, 0 %, 22.04 W
2026/04/02 11:07:06.786, 0 MiB, 97887 MiB, 0 %, 0 %, 21.92 W
2026/04/02 11:07:08.786, 0 MiB, 97887 MiB, 0 %, 0 %, 22.24 W
2026/04/02 11:07:10.787, 0 MiB, 97887 MiB, 0 %, 0 %, 22.10 W
2026/04/02 11:07:12.788, 0 MiB, 97887 MiB, 0 %, 0 %, 22.53 W
2026/04/02 11:07:14.789, 0 MiB, 97887 MiB, 0 %, 0 %, 22.02 W
2026/04/02 11:07:16.789, 0 MiB, 97887 MiB, 0 %, 0 %, 22.28 W
2026/04/02 11:07:18.790, 0 MiB, 97887 MiB, 0 %, 0 %, 22.41 W
2026/04/02 11:07:20.791, 0 MiB, 97887 MiB, 0 %, 0 %, 21.81 W
2026/04/02 11:07:22.791, 0 MiB, 97887 MiB, 0 %, 0 %, 21.69 W
2026/04/02 11:07:24.792, 0 MiB, 97887 MiB, 0 %, 0 %, 22.00 W
2026/04/02 11:07:26.793, 0 MiB, 97887 MiB, 0 %, 0 %, 21.92 W
2026/04/02 11:07:28.794, 0 MiB, 97887 MiB, 0 %, 0 %, 22.09 W
2026/04/02 11:07:30.794, 0 MiB, 97887 MiB, 0 %, 0 %, 21.93 W
2026/04/02 11:07:32.795, 0 MiB, 97887 MiB, 0 %, 0 %, 21.84 W
2026/04/02 11:07:34.796, 0 MiB, 97887 MiB, 0 %, 0 %, 21.89 W
2026/04/02 11:07:36.796, 0 MiB, 97887 MiB, 0 %, 0 %, 21.96 W
2026/04/02 11:07:38.797, 0 MiB, 97887 MiB, 0 %, 0 %, 22.13 W
2026/04/02 11:07:40.798, 0 MiB, 97887 MiB, 0 %, 0 %, 21.78 W
2026/04/02 11:07:42.798, 0 MiB, 97887 MiB, 0 %, 0 %, 21.93 W
2026/04/02 11:07:44.799, 0 MiB, 97887 MiB, 0 %, 0 %, 21.82 W
2026/04/02 11:07:46.799, 0 MiB, 97887 MiB, 0 %, 0 %, 22.36 W
2026/04/02 11:07:48.800, 0 MiB, 97887 MiB, 0 %, 0 %, 21.76 W
2026/04/02 11:07:50.800, 0 MiB, 97887 MiB, 0 %, 0 %, 21.60 W
2026/04/02 11:07:52.801, 0 MiB, 97887 MiB, 0 %, 0 %, 21.77 W
2026/04/02 11:07:54.802, 0 MiB, 97887 MiB, 0 %, 0 %, 21.95 W
2026/04/02 11:07:56.803, 0 MiB, 97887 MiB, 0 %, 0 %, 22.08 W
2026/04/02 11:07:58.803, 0 MiB, 97887 MiB, 0 %, 0 %, 21.58 W
2026/04/02 11:08:00.804, 0 MiB, 97887 MiB, 0 %, 0 %, 21.53 W
2026/04/02 11:08:02.805, 0 MiB, 97887 MiB, 0 %, 0 %, 21.96 W
2026/04/02 11:08:04.805, 0 MiB, 97887 MiB, 0 %, 0 %, 21.92 W
2026/04/02 11:08:06.806, 0 MiB, 97887 MiB, 0 %, 0 %, 21.95 W
2026/04/02 11:08:08.807, 0 MiB, 97887 MiB, 0 %, 0 %, 22.02 W
2026/04/02 11:08:10.807, 0 MiB, 97887 MiB, 0 %, 0 %, 21.82 W
2026/04/02 11:08:12.807, 0 MiB, 97887 MiB, 0 %, 0 %, 21.70 W
2026/04/02 11:08:14.808, 0 MiB, 97887 MiB, 0 %, 0 %, 21.84 W
2026/04/02 11:08:16.808, 0 MiB, 97887 MiB, 0 %, 0 %, 21.77 W
2026/04/02 11:08:18.809, 0 MiB, 97887 MiB, 0 %, 0 %, 22.34 W
2026/04/02 11:08:20.810, 0 MiB, 97887 MiB, 0 %, 0 %, 22.19 W
2026/04/02 11:08:22.810, 0 MiB, 97887 MiB, 0 %, 0 %, 22.30 W
2026/04/02 11:08:24.811, 0 MiB, 97887 MiB, 0 %, 0 %, 22.05 W
2026/04/02 11:08:26.812, 0 MiB, 97887 MiB, 0 %, 0 %, 22.06 W
2026/04/02 11:08:28.813, 0 MiB, 97887 MiB, 0 %, 0 %, 22.03 W
2026/04/02 11:08:30.814, 0 MiB, 97887 MiB, 0 %, 0 %, 22.12 W
2026/04/02 11:08:32.815, 0 MiB, 97887 MiB, 0 %, 0 %, 21.93 W
2026/04/02 11:08:34.815, 0 MiB, 97887 MiB, 0 %, 0 %, 21.94 W
2026/04/02 11:08:36.816, 0 MiB, 97887 MiB, 0 %, 0 %, 21.67 W
2026/04/02 11:08:38.817, 0 MiB, 97887 MiB, 0 %, 0 %, 21.42 W
2026/04/02 11:08:40.817, 0 MiB, 97887 MiB, 0 %, 0 %, 21.69 W
2026/04/02 11:08:42.818, 0 MiB, 97887 MiB, 0 %, 0 %, 21.51 W
2026/04/02 11:08:44.819, 0 MiB, 97887 MiB, 0 %, 0 %, 21.54 W
2026/04/02 11:08:46.820, 0 MiB, 97887 MiB, 0 %, 0 %, 21.78 W
2026/04/02 11:08:48.820, 0 MiB, 97887 MiB, 0 %, 0 %, 21.96 W
2026/04/02 11:08:50.821, 0 MiB, 97887 MiB, 0 %, 0 %, 21.56 W
2026/04/02 11:08:52.822, 0 MiB, 97887 MiB, 0 %, 0 %, 21.78 W
2026/04/02 11:08:54.823, 0 MiB, 97887 MiB, 0 %, 0 %, 21.89 W
2026/04/02 11:08:56.824, 0 MiB, 97887 MiB, 0 %, 0 %, 21.68 W
2026/04/02 11:08:58.824, 0 MiB, 97887 MiB, 0 %, 0 %, 21.22 W
2026/04/02 11:09:00.825, 0 MiB, 97887 MiB, 0 %, 0 %, 21.22 W
2026/04/02 11:09:02.825, 0 MiB, 97887 MiB, 0 %, 0 %, 21.19 W
2026/04/02 11:09:04.827, 0 MiB, 97887 MiB, 0 %, 0 %, 21.29 W
2026/04/02 11:09:06.827, 0 MiB, 97887 MiB, 0 %, 0 %, 21.63 W
2026/04/02 11:09:08.827, 0 MiB, 97887 MiB, 0 %, 0 %, 21.39 W
2026/04/02 11:09:10.828, 0 MiB, 97887 MiB, 0 %, 0 %, 21.50 W
2026/04/02 11:09:12.828, 0 MiB, 97887 MiB, 0 %, 0 %, 21.40 W
2026/04/02 11:09:14.828, 0 MiB, 97887 MiB, 0 %, 0 %, 21.17 W
2026/04/02 11:09:16.829, 0 MiB, 97887 MiB, 0 %, 0 %, 21.50 W
2026/04/02 11:09:18.829, 0 MiB, 97887 MiB, 0 %, 0 %, 21.26 W
2026/04/02 11:09:20.829, 0 MiB, 97887 MiB, 0 %, 0 %, 22.21 W
2026/04/02 11:09:22.830, 0 MiB, 97887 MiB, 0 %, 0 %, 21.30 W
2026/04/02 11:09:24.830, 0 MiB, 97887 MiB, 0 %, 0 %, 21.28 W
2026/04/02 11:09:26.831, 0 MiB, 97887 MiB, 0 %, 0 %, 21.27 W
2026/04/02 11:09:28.832, 0 MiB, 97887 MiB, 0 %, 0 %, 20.71 W
2026/04/02 11:09:30.833, 0 MiB, 97887 MiB, 0 %, 0 %, 21.06 W
2026/04/02 11:09:32.833, 0 MiB, 97887 MiB, 0 %, 0 %, 21.09 W
2026/04/02 11:09:34.834, 0 MiB, 97887 MiB, 0 %, 0 %, 21.25 W
2026/04/02 11:09:36.834, 0 MiB, 97887 MiB, 0 %, 0 %, 21.42 W
2026/04/02 11:09:38.835, 0 MiB, 97887 MiB, 0 %, 0 %, 21.21 W
2026/04/02 11:09:40.836, 0 MiB, 97887 MiB, 0 %, 0 %, 21.60 W
2026/04/02 11:09:42.836, 0 MiB, 97887 MiB, 0 %, 0 %, 21.60 W
2026/04/02 11:09:44.837, 0 MiB, 97887 MiB, 0 %, 0 %, 21.52 W
2026/04/02 11:09:46.838, 0 MiB, 97887 MiB, 0 %, 0 %, 22.26 W
2026/04/02 11:09:48.839, 0 MiB, 97887 MiB, 0 %, 0 %, 21.80 W
2026/04/02 11:09:50.839, 0 MiB, 97887 MiB, 0 %, 0 %, 21.60 W
2026/04/02 11:09:52.840, 0 MiB, 97887 MiB, 0 %, 0 %, 21.26 W
2026/04/02 11:09:54.841, 0 MiB, 97887 MiB, 0 %, 0 %, 21.52 W
2026/04/02 11:09:56.842, 0 MiB, 97887 MiB, 0 %, 0 %, 21.42 W
2026/04/02 11:09:58.842, 0 MiB, 97887 MiB, 0 %, 0 %, 21.16 W
2026/04/02 11:10:00.843, 0 MiB, 97887 MiB, 0 %, 0 %, 21.24 W
2026/04/02 11:10:02.844, 0 MiB, 97887 MiB, 0 %, 0 %, 20.93 W
2026/04/02 11:10:04.845, 0 MiB, 97887 MiB, 0 %, 0 %, 20.86 W
2026/04/02 11:10:06.845, 0 MiB, 97887 MiB, 0 %, 0 %, 20.76 W
2026/04/02 11:10:08.845, 0 MiB, 97887 MiB, 0 %, 0 %, 21.02 W
2026/04/02 11:10:10.846, 0 MiB, 97887 MiB, 0 %, 0 %, 20.89 W
2026/04/02 11:10:12.846, 0 MiB, 97887 MiB, 0 %, 0 %, 21.19 W
2026/04/02 11:10:14.847, 0 MiB, 97887 MiB, 0 %, 0 %, 21.27 W
2026/04/02 11:10:16.848, 0 MiB, 97887 MiB, 0 %, 0 %, 20.97 W
2026/04/02 11:10:18.849, 0 MiB, 97887 MiB, 0 %, 0 %, 21.01 W
2026/04/02 11:10:20.849, 0 MiB, 97887 MiB, 0 %, 0 %, 21.14 W
2026/04/02 11:10:22.850, 0 MiB, 97887 MiB, 0 %, 0 %, 21.16 W
2026/04/02 11:10:24.851, 0 MiB, 97887 MiB, 0 %, 0 %, 21.24 W
2026/04/02 11:10:26.852, 0 MiB, 97887 MiB, 0 %, 0 %, 21.30 W
2026/04/02 11:10:28.852, 0 MiB, 97887 MiB, 0 %, 0 %, 21.34 W
2026/04/02 11:10:30.853, 0 MiB, 97887 MiB, 0 %, 0 %, 21.60 W
2026/04/02 11:10:32.854, 0 MiB, 97887 MiB, 0 %, 0 %, 21.92 W
2026/04/02 11:10:34.855, 0 MiB, 97887 MiB, 0 %, 0 %, 21.93 W
2026/04/02 11:10:36.856, 0 MiB, 97887 MiB, 0 %, 0 %, 21.88 W
2026/04/02 11:10:38.856, 0 MiB, 97887 MiB, 0 %, 0 %, 21.64 W
2026/04/02 11:10:40.857, 0 MiB, 97887 MiB, 0 %, 0 %, 21.95 W
2026/04/02 11:10:42.858, 0 MiB, 97887 MiB, 0 %, 0 %, 21.92 W
2026/04/02 11:10:44.859, 0 MiB, 97887 MiB, 0 %, 0 %, 21.77 W
2026/04/02 11:10:46.860, 0 MiB, 97887 MiB, 0 %, 0 %, 21.53 W
2026/04/02 11:10:48.861, 0 MiB, 97887 MiB, 0 %, 0 %, 21.57 W
2026/04/02 11:10:50.861, 0 MiB, 97887 MiB, 0 %, 0 %, 21.57 W
2026/04/02 11:10:52.862, 0 MiB, 97887 MiB, 0 %, 0 %, 21.27 W
2026/04/02 11:10:54.863, 0 MiB, 97887 MiB, 0 %, 0 %, 21.63 W
2026/04/02 11:10:56.863, 0 MiB, 97887 MiB, 0 %, 0 %, 21.82 W
2026/04/02 11:10:58.864, 0 MiB, 97887 MiB, 0 %, 0 %, 21.86 W
2026/04/02 11:11:00.865, 0 MiB, 97887 MiB, 0 %, 0 %, 21.58 W
2026/04/02 11:11:02.866, 0 MiB, 97887 MiB, 0 %, 0 %, 21.73 W
2026/04/02 11:11:04.866, 0 MiB, 97887 MiB, 0 %, 0 %, 22.45 W
2026/04/02 11:11:06.867, 0 MiB, 97887 MiB, 0 %, 0 %, 21.97 W
2026/04/02 11:11:08.868, 0 MiB, 97887 MiB, 0 %, 0 %, 21.81 W
2026/04/02 11:11:10.868, 0 MiB, 97887 MiB, 0 %, 0 %, 22.09 W
2026/04/02 11:11:12.869, 0 MiB, 97887 MiB, 0 %, 0 %, 21.95 W
2026/04/02 11:11:14.870, 0 MiB, 97887 MiB, 0 %, 0 %, 21.83 W
2026/04/02 11:11:16.871, 0 MiB, 97887 MiB, 0 %, 0 %, 21.60 W
2026/04/02 11:11:18.872, 0 MiB, 97887 MiB, 0 %, 0 %, 21.83 W
2026/04/02 11:11:20.872, 0 MiB, 97887 MiB, 0 %, 0 %, 21.86 W
2026/04/02 11:11:22.873, 0 MiB, 97887 MiB, 0 %, 0 %, 21.68 W
2026/04/02 11:11:24.873, 0 MiB, 97887 MiB, 0 %, 0 %, 21.64 W
2026/04/02 11:11:26.873, 0 MiB, 97887 MiB, 0 %, 0 %, 21.79 W
2026/04/02 11:11:28.874, 0 MiB, 97887 MiB, 0 %, 0 %, 20.99 W
2026/04/02 11:11:30.875, 0 MiB, 97887 MiB, 0 %, 0 %, 21.71 W
2026/04/02 11:11:32.876, 0 MiB, 97887 MiB, 0 %, 0 %, 21.77 W
2026/04/02 11:11:34.877, 0 MiB, 97887 MiB, 0 %, 0 %, 21.75 W
2026/04/02 11:11:36.877, 0 MiB, 97887 MiB, 0 %, 0 %, 21.68 W
2026/04/02 11:11:38.878, 0 MiB, 97887 MiB, 0 %, 0 %, 21.68 W
2026/04/02 11:11:40.879, 0 MiB, 97887 MiB, 0 %, 0 %, 21.99 W
2026/04/02 11:11:42.880, 0 MiB, 97887 MiB, 0 %, 0 %, 22.11 W
2026/04/02 11:11:44.881, 0 MiB, 97887 MiB, 0 %, 0 %, 21.88 W
2026/04/02 11:11:46.881, 0 MiB, 97887 MiB, 0 %, 0 %, 21.56 W
2026/04/02 11:11:48.881, 0 MiB, 97887 MiB, 0 %, 0 %, 21.68 W
2026/04/02 11:11:50.882, 0 MiB, 97887 MiB, 0 %, 0 %, 21.82 W
2026/04/02 11:11:52.882, 0 MiB, 97887 MiB, 0 %, 0 %, 21.60 W
2026/04/02 11:11:54.883, 0 MiB, 97887 MiB, 0 %, 0 %, 21.65 W
2026/04/02 11:11:56.883, 0 MiB, 97887 MiB, 0 %, 0 %, 21.43 W
2026/04/02 11:11:58.884, 0 MiB, 97887 MiB, 0 %, 0 %, 21.45 W
2026/04/02 11:12:00.885, 0 MiB, 97887 MiB, 0 %, 0 %, 21.76 W
2026/04/02 11:12:02.885, 0 MiB, 97887 MiB, 0 %, 0 %, 21.64 W
2026/04/02 11:12:04.886, 0 MiB, 97887 MiB, 0 %, 0 %, 21.59 W
2026/04/02 11:12:06.886, 0 MiB, 97887 MiB, 0 %, 0 %, 21.66 W
2026/04/02 11:12:08.887, 0 MiB, 97887 MiB, 0 %, 0 %, 21.44 W
2026/04/02 11:12:10.887, 0 MiB, 97887 MiB, 0 %, 0 %, 21.49 W
2026/04/02 11:12:12.888, 0 MiB, 97887 MiB, 0 %, 0 %, 21.35 W
2026/04/02 11:12:14.889, 0 MiB, 97887 MiB, 0 %, 0 %, 21.16 W
2026/04/02 11:12:16.889, 0 MiB, 97887 MiB, 0 %, 0 %, 21.07 W
2026/04/02 11:12:18.889, 0 MiB, 97887 MiB, 0 %, 0 %, 21.34 W
2026/04/02 11:12:20.890, 0 MiB, 97887 MiB, 0 %, 0 %, 21.52 W
2026/04/02 11:12:22.891, 0 MiB, 97887 MiB, 0 %, 0 %, 21.81 W
2026/04/02 11:12:24.892, 0 MiB, 97887 MiB, 0 %, 0 %, 21.52 W
2026/04/02 11:12:26.892, 0 MiB, 97887 MiB, 0 %, 0 %, 21.60 W
2026/04/02 11:12:28.893, 0 MiB, 97887 MiB, 0 %, 0 %, 21.69 W
2026/04/02 11:12:30.894, 0 MiB, 97887 MiB, 0 %, 0 %, 21.46 W
2026/04/02 11:12:32.894, 0 MiB, 97887 MiB, 0 %, 0 %, 21.53 W
2026/04/02 11:12:34.895, 0 MiB, 97887 MiB, 0 %, 0 %, 21.45 W
2026/04/02 11:12:36.896, 0 MiB, 97887 MiB, 0 %, 0 %, 21.60 W
2026/04/02 11:12:38.896, 0 MiB, 97887 MiB, 0 %, 0 %, 21.36 W
2026/04/02 11:12:40.897, 0 MiB, 97887 MiB, 0 %, 0 %, 21.61 W
2026/04/02 11:12:42.897, 0 MiB, 97887 MiB, 0 %, 0 %, 21.76 W
2026/04/02 11:12:44.898, 0 MiB, 97887 MiB, 0 %, 0 %, 21.87 W
2026/04/02 11:12:46.898, 0 MiB, 97887 MiB, 0 %, 0 %, 21.60 W
2026/04/02 11:12:48.899, 0 MiB, 97887 MiB, 0 %, 0 %, 21.76 W
2026/04/02 11:12:50.899, 0 MiB, 97887 MiB, 0 %, 0 %, 21.54 W
2026/04/02 11:12:52.900, 0 MiB, 97887 MiB, 0 %, 0 %, 21.63 W
2026/04/02 11:12:54.901, 0 MiB, 97887 MiB, 0 %, 0 %, 21.24 W
2026/04/02 11:12:56.901, 0 MiB, 97887 MiB, 0 %, 0 %, 21.11 W
2026/04/02 11:12:58.901, 0 MiB, 97887 MiB, 0 %, 0 %, 21.43 W
2026/04/02 11:13:00.902, 0 MiB, 97887 MiB, 0 %, 0 %, 21.43 W
2026/04/02 11:13:02.903, 0 MiB, 97887 MiB, 0 %, 0 %, 21.15 W
2026/04/02 11:13:04.903, 0 MiB, 97887 MiB, 0 %, 0 %, 21.11 W
2026/04/02 11:13:06.904, 0 MiB, 97887 MiB, 0 %, 0 %, 21.03 W
2026/04/02 11:13:08.904, 0 MiB, 97887 MiB, 0 %, 0 %, 21.21 W
2026/04/02 11:13:10.905, 0 MiB, 97887 MiB, 0 %, 0 %, 21.24 W
2026/04/02 11:13:12.905, 0 MiB, 97887 MiB, 0 %, 0 %, 20.76 W
2026/04/02 11:13:14.906, 0 MiB, 97887 MiB, 0 %, 0 %, 20.92 W
2026/04/02 11:13:16.906, 0 MiB, 97887 MiB, 0 %, 0 %, 21.07 W
2026/04/02 11:13:18.907, 0 MiB, 97887 MiB, 0 %, 0 %, 21.02 W
2026/04/02 11:13:20.908, 0 MiB, 97887 MiB, 0 %, 0 %, 20.90 W
2026/04/02 11:13:22.908, 0 MiB, 97887 MiB, 0 %, 0 %, 21.41 W
2026/04/02 11:13:24.909, 0 MiB, 97887 MiB, 0 %, 0 %, 21.17 W
2026/04/02 11:13:26.909, 0 MiB, 97887 MiB, 0 %, 0 %, 21.20 W
2026/04/02 11:13:28.910, 0 MiB, 97887 MiB, 0 %, 0 %, 21.22 W
2026/04/02 11:13:30.911, 0 MiB, 97887 MiB, 0 %, 0 %, 21.07 W
2026/04/02 11:13:32.912, 0 MiB, 97887 MiB, 0 %, 0 %, 21.27 W
2026/04/02 11:13:34.912, 0 MiB, 97887 MiB, 0 %, 0 %, 21.19 W
2026/04/02 11:13:36.913, 0 MiB, 97887 MiB, 0 %, 0 %, 21.72 W
2026/04/02 11:13:38.914, 0 MiB, 97887 MiB, 0 %, 0 %, 21.78 W
2026/04/02 11:13:40.914, 0 MiB, 97887 MiB, 0 %, 0 %, 22.05 W
2026/04/02 11:13:42.915, 0 MiB, 97887 MiB, 0 %, 0 %, 21.90 W
2026/04/02 11:13:44.916, 0 MiB, 97887 MiB, 0 %, 0 %, 21.62 W
2026/04/02 11:13:46.916, 0 MiB, 97887 MiB, 0 %, 0 %, 21.47 W
2026/04/02 11:13:48.917, 0 MiB, 97887 MiB, 0 %, 0 %, 21.37 W
2026/04/02 11:13:50.918, 0 MiB, 97887 MiB, 0 %, 0 %, 21.27 W
2026/04/02 11:13:52.918, 0 MiB, 97887 MiB, 0 %, 0 %, 21.55 W
2026/04/02 11:13:54.919, 0 MiB, 97887 MiB, 0 %, 0 %, 21.45 W
2026/04/02 11:13:56.919, 0 MiB, 97887 MiB, 0 %, 0 %, 21.18 W
2026/04/02 11:13:58.920, 0 MiB, 97887 MiB, 0 %, 0 %, 20.86 W
2026/04/02 11:14:00.921, 0 MiB, 97887 MiB, 0 %, 0 %, 21.20 W
2026/04/02 11:14:02.922, 0 MiB, 97887 MiB, 0 %, 0 %, 21.26 W
2026/04/02 11:14:04.922, 0 MiB, 97887 MiB, 0 %, 0 %, 21.17 W
2026/04/02 11:14:06.922, 0 MiB, 97887 MiB, 0 %, 0 %, 21.35 W
2026/04/02 11:14:08.923, 0 MiB, 97887 MiB, 0 %, 0 %, 21.05 W
2026/04/02 11:14:10.924, 0 MiB, 97887 MiB, 0 %, 0 %, 21.38 W
2026/04/02 11:14:12.924, 0 MiB, 97887 MiB, 0 %, 0 %, 21.32 W
2026/04/02 11:14:14.925, 0 MiB, 97887 MiB, 0 %, 0 %, 21.46 W
2026/04/02 11:14:16.926, 0 MiB, 97887 MiB, 0 %, 0 %, 21.75 W
2026/04/02 11:14:18.927, 0 MiB, 97887 MiB, 0 %, 0 %, 21.79 W
2026/04/02 11:14:20.927, 0 MiB, 97887 MiB, 0 %, 0 %, 21.60 W
2026/04/02 11:14:22.928, 0 MiB, 97887 MiB, 0 %, 0 %, 21.91 W
2026/04/02 11:14:24.928, 0 MiB, 97887 MiB, 0 %, 0 %, 21.67 W
2026/04/02 11:14:26.929, 0 MiB, 97887 MiB, 0 %, 0 %, 21.75 W
2026/04/02 11:14:28.930, 0 MiB, 97887 MiB, 0 %, 0 %, 21.69 W
2026/04/02 11:14:30.931, 0 MiB, 97887 MiB, 0 %, 0 %, 21.59 W
2026/04/02 11:14:32.931, 0 MiB, 97887 MiB, 0 %, 0 %, 21.76 W
2026/04/02 11:14:34.932, 0 MiB, 97887 MiB, 0 %, 0 %, 21.17 W
2026/04/02 11:14:36.933, 0 MiB, 97887 MiB, 0 %, 0 %, 21.17 W
2026/04/02 11:14:38.933, 0 MiB, 97887 MiB, 0 %, 0 %, 21.15 W
2026/04/02 11:14:40.934, 0 MiB, 97887 MiB, 0 %, 0 %, 21.40 W
2026/04/02 11:14:42.935, 0 MiB, 97887 MiB, 0 %, 0 %, 21.56 W
2026/04/02 11:14:44.936, 0 MiB, 97887 MiB, 0 %, 0 %, 21.61 W
2026/04/02 11:14:46.936, 0 MiB, 97887 MiB, 0 %, 0 %, 21.66 W
2026/04/02 11:14:48.936, 0 MiB, 97887 MiB, 0 %, 0 %, 21.76 W
2026/04/02 11:14:50.937, 0 MiB, 97887 MiB, 0 %, 0 %, 22.06 W
2026/04/02 11:14:52.938, 0 MiB, 97887 MiB, 0 %, 0 %, 21.85 W
2026/04/02 11:14:54.938, 0 MiB, 97887 MiB, 0 %, 0 %, 21.81 W
2026/04/02 11:14:56.939, 0 MiB, 97887 MiB, 0 %, 0 %, 22.36 W
2026/04/02 11:14:58.939, 0 MiB, 97887 MiB, 0 %, 0 %, 21.87 W
2026/04/02 11:15:00.940, 0 MiB, 97887 MiB, 0 %, 0 %, 21.66 W
2026/04/02 11:15:02.940, 0 MiB, 97887 MiB, 0 %, 0 %, 21.64 W
2026/04/02 11:15:04.941, 0 MiB, 97887 MiB, 0 %, 0 %, 21.73 W
2026/04/02 11:15:06.941, 0 MiB, 97887 MiB, 0 %, 0 %, 21.96 W
2026/04/02 11:15:08.942, 0 MiB, 97887 MiB, 0 %, 0 %, 21.88 W
2026/04/02 11:15:10.943, 0 MiB, 97887 MiB, 0 %, 0 %, 21.59 W
2026/04/02 11:15:12.944, 0 MiB, 97887 MiB, 0 %, 0 %, 21.34 W
2026/04/02 11:15:14.945, 0 MiB, 97887 MiB, 0 %, 0 %, 21.18 W
2026/04/02 11:15:16.945, 0 MiB, 97887 MiB, 0 %, 0 %, 21.41 W
2026/04/02 11:15:18.945, 0 MiB, 97887 MiB, 0 %, 0 %, 21.49 W
2026/04/02 11:15:20.946, 0 MiB, 97887 MiB, 0 %, 0 %, 21.39 W
2026/04/02 11:15:22.946, 0 MiB, 97887 MiB, 0 %, 0 %, 21.19 W
2026/04/02 11:15:24.947, 0 MiB, 97887 MiB, 0 %, 0 %, 21.33 W
2026/04/02 11:15:26.948, 0 MiB, 97887 MiB, 0 %, 0 %, 21.16 W
2026/04/02 11:15:28.948, 0 MiB, 97887 MiB, 0 %, 0 %, 21.27 W
2026/04/02 11:15:30.949, 0 MiB, 97887 MiB, 0 %, 0 %, 21.40 W
2026/04/02 11:15:32.949, 0 MiB, 97887 MiB, 0 %, 0 %, 20.46 W
2026/04/02 11:15:34.950, 0 MiB, 97887 MiB, 0 %, 0 %, 20.89 W
2026/04/02 11:15:36.950, 0 MiB, 97887 MiB, 0 %, 0 %, 20.71 W
2026/04/02 11:15:38.951, 0 MiB, 97887 MiB, 0 %, 0 %, 20.74 W
2026/04/02 11:15:40.951, 0 MiB, 97887 MiB, 0 %, 0 %, 20.82 W
2026/04/02 11:15:42.952, 0 MiB, 97887 MiB, 0 %, 0 %, 20.97 W
2026/04/02 11:15:44.952, 0 MiB, 97887 MiB, 0 %, 0 %, 21.45 W
2026/04/02 11:15:46.953, 0 MiB, 97887 MiB, 0 %, 0 %, 21.33 W
2026/04/02 11:15:48.953, 0 MiB, 97887 MiB, 0 %, 0 %, 21.57 W
2026/04/02 11:15:50.954, 0 MiB, 97887 MiB, 0 %, 0 %, 21.48 W
2026/04/02 11:15:52.954, 0 MiB, 97887 MiB, 0 %, 0 %, 21.45 W
2026/04/02 11:15:54.955, 0 MiB, 97887 MiB, 0 %, 0 %, 21.24 W
2026/04/02 11:15:56.956, 0 MiB, 97887 MiB, 0 %, 0 %, 21.15 W
2026/04/02 11:15:58.956, 0 MiB, 97887 MiB, 0 %, 0 %, 21.34 W
2026/04/02 11:16:00.957, 0 MiB, 97887 MiB, 0 %, 0 %, 21.21 W
2026/04/02 11:16:02.957, 0 MiB, 97887 MiB, 0 %, 0 %, 20.95 W
2026/04/02 11:16:04.958, 0 MiB, 97887 MiB, 0 %, 0 %, 21.44 W
2026/04/02 11:16:06.958, 0 MiB, 97887 MiB, 0 %, 0 %, 21.26 W
2026/04/02 11:16:08.959, 0 MiB, 97887 MiB, 0 %, 0 %, 21.06 W
2026/04/02 11:16:10.959, 0 MiB, 97887 MiB, 0 %, 0 %, 21.01 W
2026/04/02 11:16:12.960, 0 MiB, 97887 MiB, 0 %, 0 %, 21.46 W
2026/04/02 11:16:14.960, 0 MiB, 97887 MiB, 0 %, 0 %, 21.41 W
2026/04/02 11:16:16.961, 0 MiB, 97887 MiB, 0 %, 0 %, 21.29 W
2026/04/02 11:16:18.962, 0 MiB, 97887 MiB, 0 %, 0 %, 21.38 W
2026/04/02 11:16:20.962, 0 MiB, 97887 MiB, 0 %, 0 %, 21.26 W
2026/04/02 11:16:22.963, 0 MiB, 97887 MiB, 0 %, 0 %, 21.38 W
2026/04/02 11:16:24.963, 0 MiB, 97887 MiB, 0 %, 0 %, 21.52 W
2026/04/02 11:16:26.963, 0 MiB, 97887 MiB, 0 %, 0 %, 21.51 W
2026/04/02 11:16:28.964, 0 MiB, 97887 MiB, 0 %, 0 %, 21.21 W
2026/04/02 11:16:30.964, 0 MiB, 97887 MiB, 0 %, 0 %, 21.36 W
2026/04/02 11:16:32.965, 0 MiB, 97887 MiB, 0 %, 0 %, 21.06 W
2026/04/02 11:16:34.966, 0 MiB, 97887 MiB, 0 %, 0 %, 21.08 W
2026/04/02 11:16:36.966, 0 MiB, 97887 MiB, 0 %, 0 %, 21.70 W
2026/04/02 11:16:38.967, 0 MiB, 97887 MiB, 0 %, 0 %, 21.77 W
2026/04/02 11:16:40.967, 0 MiB, 97887 MiB, 0 %, 0 %, 21.87 W
2026/04/02 11:16:42.968, 0 MiB, 97887 MiB, 0 %, 0 %, 21.69 W
2026/04/02 11:16:44.968, 0 MiB, 97887 MiB, 0 %, 0 %, 21.75 W
2026/04/02 11:16:46.969, 0 MiB, 97887 MiB, 0 %, 0 %, 21.72 W
2026/04/02 11:16:48.970, 0 MiB, 97887 MiB, 0 %, 0 %, 21.83 W
2026/04/02 11:16:50.971, 0 MiB, 97887 MiB, 0 %, 0 %, 21.83 W
2026/04/02 11:16:52.971, 0 MiB, 97887 MiB, 0 %, 0 %, 21.45 W
2026/04/02 11:16:54.972, 0 MiB, 97887 MiB, 0 %, 0 %, 21.67 W
2026/04/02 11:16:56.972, 0 MiB, 97887 MiB, 0 %, 0 %, 21.75 W
2026/04/02 11:16:58.973, 0 MiB, 97887 MiB, 0 %, 0 %, 21.71 W
2026/04/02 11:17:00.973, 0 MiB, 97887 MiB, 0 %, 0 %, 21.61 W
2026/04/02 11:17:02.974, 0 MiB, 97887 MiB, 0 %, 0 %, 21.69 W
2026/04/02 11:17:04.974, 0 MiB, 97887 MiB, 0 %, 0 %, 21.51 W
2026/04/02 11:17:06.975, 0 MiB, 97887 MiB, 0 %, 0 %, 21.46 W
2026/04/02 11:17:08.975, 0 MiB, 97887 MiB, 0 %, 0 %, 21.31 W
2026/04/02 11:17:10.976, 0 MiB, 97887 MiB, 0 %, 0 %, 21.20 W
2026/04/02 11:17:12.977, 0 MiB, 97887 MiB, 0 %, 0 %, 21.03 W
2026/04/02 11:17:14.977, 0 MiB, 97887 MiB, 0 %, 0 %, 21.48 W
2026/04/02 11:17:16.978, 0 MiB, 97887 MiB, 0 %, 0 %, 21.57 W
2026/04/02 11:17:18.979, 0 MiB, 97887 MiB, 0 %, 0 %, 21.46 W
2026/04/02 11:17:20.980, 0 MiB, 97887 MiB, 0 %, 0 %, 21.29 W
2026/04/02 11:17:22.981, 0 MiB, 97887 MiB, 0 %, 0 %, 21.21 W
2026/04/02 11:17:24.981, 0 MiB, 97887 MiB, 0 %, 0 %, 21.40 W
2026/04/02 11:17:26.982, 0 MiB, 97887 MiB, 0 %, 0 %, 21.82 W
2026/04/02 11:17:28.983, 0 MiB, 97887 MiB, 0 %, 0 %, 21.95 W
2026/04/02 11:17:30.983, 0 MiB, 97887 MiB, 0 %, 0 %, 22.01 W
2026/04/02 11:17:32.983, 0 MiB, 97887 MiB, 0 %, 0 %, 21.88 W
2026/04/02 11:17:34.984, 0 MiB, 97887 MiB, 0 %, 0 %, 21.74 W
2026/04/02 11:17:36.985, 0 MiB, 97887 MiB, 0 %, 0 %, 21.92 W
2026/04/02 11:17:38.986, 0 MiB, 97887 MiB, 0 %, 0 %, 21.93 W
2026/04/02 11:17:40.987, 0 MiB, 97887 MiB, 0 %, 0 %, 21.65 W
2026/04/02 11:17:42.987, 0 MiB, 97887 MiB, 0 %, 0 %, 21.45 W
2026/04/02 11:17:44.988, 0 MiB, 97887 MiB, 0 %, 0 %, 21.47 W
2026/04/02 11:17:46.989, 0 MiB, 97887 MiB, 0 %, 0 %, 21.46 W
2026/04/02 11:17:48.990, 0 MiB, 97887 MiB, 0 %, 0 %, 20.91 W
2026/04/02 11:17:50.990, 0 MiB, 97887 MiB, 0 %, 0 %, 20.97 W
2026/04/02 11:17:52.991, 0 MiB, 97887 MiB, 0 %, 0 %, 21.23 W
2026/04/02 11:17:54.992, 0 MiB, 97887 MiB, 0 %, 0 %, 20.93 W
2026/04/02 11:17:56.992, 0 MiB, 97887 MiB, 0 %, 0 %, 20.95 W
2026/04/02 11:17:58.993, 0 MiB, 97887 MiB, 0 %, 0 %, 20.67 W
2026/04/02 11:18:00.993, 0 MiB, 97887 MiB, 0 %, 0 %, 20.71 W
2026/04/02 11:18:02.994, 0 MiB, 97887 MiB, 0 %, 0 %, 20.70 W
2026/04/02 11:18:04.995, 0 MiB, 97887 MiB, 0 %, 0 %, 21.04 W
2026/04/02 11:18:06.996, 0 MiB, 97887 MiB, 0 %, 0 %, 20.95 W
2026/04/02 11:18:08.996, 0 MiB, 97887 MiB, 0 %, 0 %, 21.00 W
2026/04/02 11:18:10.997, 0 MiB, 97887 MiB, 0 %, 0 %, 20.92 W
2026/04/02 11:18:12.998, 0 MiB, 97887 MiB, 0 %, 0 %, 20.72 W
2026/04/02 11:18:14.998, 0 MiB, 97887 MiB, 0 %, 0 %, 20.78 W
2026/04/02 11:18:16.999, 0 MiB, 97887 MiB, 0 %, 0 %, 20.90 W
2026/04/02 11:18:18.999, 0 MiB, 97887 MiB, 0 %, 0 %, 21.03 W
2026/04/02 11:18:20.999, 0 MiB, 97887 MiB, 0 %, 0 %, 20.95 W
2026/04/02 11:18:23.000, 0 MiB, 97887 MiB, 0 %, 0 %, 21.16 W
2026/04/02 11:18:25.001, 0 MiB, 97887 MiB, 0 %, 0 %, 21.26 W
2026/04/02 11:18:27.002, 0 MiB, 97887 MiB, 0 %, 0 %, 21.75 W
2026/04/02 11:18:29.002, 0 MiB, 97887 MiB, 0 %, 0 %, 21.56 W
2026/04/02 11:18:31.003, 0 MiB, 97887 MiB, 0 %, 0 %, 21.16 W
2026/04/02 11:18:33.004, 0 MiB, 97887 MiB, 0 %, 0 %, 20.84 W
2026/04/02 11:18:35.005, 0 MiB, 97887 MiB, 0 %, 0 %, 21.33 W
2026/04/02 11:18:37.005, 0 MiB, 97887 MiB, 0 %, 0 %, 21.28 W
2026/04/02 11:18:39.006, 0 MiB, 97887 MiB, 0 %, 0 %, 21.27 W
2026/04/02 11:18:41.007, 0 MiB, 97887 MiB, 0 %, 0 %, 21.38 W
2026/04/02 11:18:43.007, 0 MiB, 97887 MiB, 0 %, 0 %, 21.19 W
2026/04/02 11:18:45.008, 0 MiB, 97887 MiB, 0 %, 0 %, 21.14 W
2026/04/02 11:18:47.008, 0 MiB, 97887 MiB, 0 %, 0 %, 20.58 W
2026/04/02 11:18:49.012, 0 MiB, 97887 MiB, 0 %, 0 %, 21.50 W
2026/04/02 11:18:51.012, 0 MiB, 97887 MiB, 0 %, 0 %, 21.42 W
2026/04/02 11:18:53.013, 0 MiB, 97887 MiB, 0 %, 0 %, 21.84 W
2026/04/02 11:18:55.014, 0 MiB, 97887 MiB, 0 %, 0 %, 21.76 W
2026/04/02 11:18:57.014, 0 MiB, 97887 MiB, 0 %, 0 %, 21.77 W
2026/04/02 11:18:59.014, 0 MiB, 97887 MiB, 0 %, 0 %, 21.56 W
2026/04/02 11:19:01.015, 0 MiB, 97887 MiB, 0 %, 0 %, 21.77 W
2026/04/02 11:19:03.015, 0 MiB, 97887 MiB, 0 %, 0 %, 21.65 W
2026/04/02 11:19:05.016, 0 MiB, 97887 MiB, 0 %, 0 %, 21.81 W
2026/04/02 11:19:07.016, 0 MiB, 97887 MiB, 0 %, 0 %, 22.26 W
2026/04/02 11:19:09.017, 0 MiB, 97887 MiB, 0 %, 0 %, 21.40 W
2026/04/02 11:19:11.018, 0 MiB, 97887 MiB, 0 %, 0 %, 21.65 W
2026/04/02 11:19:13.018, 0 MiB, 97887 MiB, 0 %, 0 %, 21.54 W
2026/04/02 11:19:15.019, 0 MiB, 97887 MiB, 0 %, 0 %, 21.74 W
2026/04/02 11:19:17.020, 0 MiB, 97887 MiB, 0 %, 0 %, 21.83 W
2026/04/02 11:19:19.020, 0 MiB, 97887 MiB, 0 %, 0 %, 21.50 W
2026/04/02 11:19:21.021, 0 MiB, 97887 MiB, 0 %, 0 %, 21.33 W
2026/04/02 11:19:23.022, 0 MiB, 97887 MiB, 0 %, 0 %, 21.32 W
2026/04/02 11:19:25.022, 0 MiB, 97887 MiB, 0 %, 0 %, 21.00 W
2026/04/02 11:19:27.023, 0 MiB, 97887 MiB, 0 %, 0 %, 20.96 W
2026/04/02 11:19:29.024, 0 MiB, 97887 MiB, 0 %, 0 %, 21.15 W
2026/04/02 11:19:31.024, 0 MiB, 97887 MiB, 0 %, 0 %, 20.96 W
2026/04/02 11:19:33.025, 0 MiB, 97887 MiB, 0 %, 0 %, 21.23 W
2026/04/02 11:19:35.026, 0 MiB, 97887 MiB, 0 %, 0 %, 21.17 W
2026/04/02 11:19:37.027, 0 MiB, 97887 MiB, 0 %, 0 %, 21.26 W
2026/04/02 11:19:39.027, 0 MiB, 97887 MiB, 0 %, 0 %, 21.49 W
2026/04/02 11:19:41.028, 0 MiB, 97887 MiB, 0 %, 0 %, 21.60 W
2026/04/02 11:19:43.029, 0 MiB, 97887 MiB, 0 %, 0 %, 21.25 W
2026/04/02 11:19:45.030, 0 MiB, 97887 MiB, 0 %, 0 %, 21.13 W
2026/04/02 11:19:47.031, 0 MiB, 97887 MiB, 0 %, 0 %, 21.13 W
2026/04/02 11:19:49.031, 0 MiB, 97887 MiB, 0 %, 0 %, 21.32 W
2026/04/02 11:19:51.032, 0 MiB, 97887 MiB, 0 %, 0 %, 21.44 W
2026/04/02 11:19:53.032, 0 MiB, 97887 MiB, 0 %, 0 %, 21.21 W
2026/04/02 11:19:55.033, 0 MiB, 97887 MiB, 0 %, 0 %, 21.15 W
2026/04/02 11:19:57.033, 0 MiB, 97887 MiB, 0 %, 0 %, 21.32 W
2026/04/02 11:19:59.034, 0 MiB, 97887 MiB, 0 %, 0 %, 21.25 W
2026/04/02 11:20:01.034, 0 MiB, 97887 MiB, 0 %, 0 %, 21.17 W
2026/04/02 11:20:03.035, 0 MiB, 97887 MiB, 0 %, 0 %, 21.15 W
2026/04/02 11:20:05.036, 0 MiB, 97887 MiB, 0 %, 0 %, 21.91 W
2026/04/02 11:20:07.036, 0 MiB, 97887 MiB, 0 %, 0 %, 21.28 W
2026/04/02 11:20:09.037, 0 MiB, 97887 MiB, 0 %, 0 %, 21.58 W
2026/04/02 11:20:11.038, 0 MiB, 97887 MiB, 0 %, 0 %, 21.83 W
2026/04/02 11:20:13.038, 0 MiB, 97887 MiB, 0 %, 0 %, 21.30 W
2026/04/02 11:20:15.039, 0 MiB, 97887 MiB, 0 %, 0 %, 21.52 W
2026/04/02 11:20:17.040, 0 MiB, 97887 MiB, 0 %, 0 %, 21.57 W
2026/04/02 11:20:19.041, 0 MiB, 97887 MiB, 0 %, 0 %, 21.60 W
2026/04/02 11:20:21.041, 0 MiB, 97887 MiB, 0 %, 0 %, 21.34 W
2026/04/02 11:20:23.042, 0 MiB, 97887 MiB, 0 %, 0 %, 21.44 W
2026/04/02 11:20:25.043, 0 MiB, 97887 MiB, 0 %, 0 %, 21.28 W
2026/04/02 11:20:27.044, 0 MiB, 97887 MiB, 0 %, 0 %, 21.04 W
2026/04/02 11:20:29.044, 0 MiB, 97887 MiB, 0 %, 0 %, 21.28 W
2026/04/02 11:20:31.045, 0 MiB, 97887 MiB, 0 %, 0 %, 21.01 W
2026/04/02 11:20:33.046, 0 MiB, 97887 MiB, 0 %, 0 %, 20.96 W
2026/04/02 11:20:35.047, 0 MiB, 97887 MiB, 0 %, 0 %, 21.03 W
2026/04/02 11:20:37.048, 0 MiB, 97887 MiB, 0 %, 0 %, 21.42 W
2026/04/02 11:20:39.049, 0 MiB, 97887 MiB, 0 %, 0 %, 20.88 W
2026/04/02 11:20:41.049, 0 MiB, 97887 MiB, 0 %, 0 %, 21.24 W
2026/04/02 11:20:43.050, 0 MiB, 97887 MiB, 0 %, 0 %, 21.28 W
2026/04/02 11:20:45.051, 0 MiB, 97887 MiB, 0 %, 0 %, 21.54 W
2026/04/02 11:20:47.052, 0 MiB, 97887 MiB, 0 %, 0 %, 21.16 W
2026/04/02 11:20:49.052, 0 MiB, 97887 MiB, 0 %, 0 %, 21.28 W
2026/04/02 11:20:51.053, 0 MiB, 97887 MiB, 0 %, 0 %, 21.03 W
2026/04/02 11:20:53.053, 0 MiB, 97887 MiB, 0 %, 0 %, 21.34 W
2026/04/02 11:20:55.054, 0 MiB, 97887 MiB, 0 %, 0 %, 21.06 W
2026/04/02 11:20:57.055, 0 MiB, 97887 MiB, 0 %, 0 %, 21.06 W
2026/04/02 11:20:59.056, 0 MiB, 97887 MiB, 0 %, 0 %, 20.87 W
2026/04/02 11:21:01.057, 0 MiB, 97887 MiB, 0 %, 0 %, 20.93 W
2026/04/02 11:21:03.058, 0 MiB, 97887 MiB, 0 %, 0 %, 20.82 W
2026/04/02 11:21:05.058, 0 MiB, 97887 MiB, 0 %, 0 %, 20.74 W
2026/04/02 11:21:07.059, 0 MiB, 97887 MiB, 0 %, 0 %, 20.97 W
2026/04/02 11:21:09.060, 0 MiB, 97887 MiB, 0 %, 0 %, 20.98 W
2026/04/02 11:21:11.061, 0 MiB, 97887 MiB, 0 %, 0 %, 20.98 W
2026/04/02 11:21:13.062, 0 MiB, 97887 MiB, 0 %, 0 %, 20.94 W
2026/04/02 11:21:15.062, 0 MiB, 97887 MiB, 0 %, 0 %, 21.24 W
2026/04/02 11:21:17.063, 0 MiB, 97887 MiB, 0 %, 0 %, 21.35 W
2026/04/02 11:21:19.064, 0 MiB, 97887 MiB, 0 %, 0 %, 21.57 W
2026/04/02 11:21:21.064, 0 MiB, 97887 MiB, 0 %, 0 %, 21.08 W
2026/04/02 11:21:23.065, 0 MiB, 97887 MiB, 0 %, 0 %, 21.54 W
2026/04/02 11:21:25.066, 0 MiB, 97887 MiB, 0 %, 0 %, 21.43 W
2026/04/02 11:21:27.066, 0 MiB, 97887 MiB, 0 %, 0 %, 21.49 W
2026/04/02 11:21:29.067, 0 MiB, 97887 MiB, 0 %, 0 %, 21.47 W
2026/04/02 11:21:31.068, 0 MiB, 97887 MiB, 0 %, 0 %, 21.39 W
2026/04/02 11:21:33.069, 0 MiB, 97887 MiB, 0 %, 0 %, 21.36 W
2026/04/02 11:21:35.070, 0 MiB, 97887 MiB, 0 %, 0 %, 21.62 W
2026/04/02 11:21:37.071, 0 MiB, 97887 MiB, 0 %, 0 %, 21.46 W
2026/04/02 11:21:39.072, 0 MiB, 97887 MiB, 0 %, 0 %, 21.23 W
2026/04/02 11:21:41.072, 0 MiB, 97887 MiB, 0 %, 0 %, 21.66 W
2026/04/02 11:21:43.073, 0 MiB, 97887 MiB, 0 %, 0 %, 21.71 W
2026/04/02 11:21:45.074, 0 MiB, 97887 MiB, 0 %, 0 %, 20.75 W
2026/04/02 11:21:47.075, 0 MiB, 97887 MiB, 0 %, 0 %, 20.75 W
2026/04/02 11:21:49.076, 0 MiB, 97887 MiB, 0 %, 0 %, 20.67 W
2026/04/02 11:21:51.077, 0 MiB, 97887 MiB, 0 %, 0 %, 20.91 W
2026/04/02 11:21:53.078, 0 MiB, 97887 MiB, 0 %, 0 %, 20.92 W
2026/04/02 11:21:55.079, 0 MiB, 97887 MiB, 0 %, 0 %, 20.63 W
2026/04/02 11:21:57.080, 0 MiB, 97887 MiB, 0 %, 0 %, 20.85 W
2026/04/02 11:21:59.080, 0 MiB, 97887 MiB, 0 %, 0 %, 21.11 W
2026/04/02 11:22:01.081, 0 MiB, 97887 MiB, 0 %, 0 %, 21.36 W
2026/04/02 11:22:03.082, 0 MiB, 97887 MiB, 0 %, 0 %, 21.16 W
2026/04/02 11:22:05.082, 0 MiB, 97887 MiB, 0 %, 0 %, 21.04 W
2026/04/02 11:22:07.083, 0 MiB, 97887 MiB, 0 %, 0 %, 21.31 W
2026/04/02 11:22:09.084, 0 MiB, 97887 MiB, 0 %, 0 %, 21.20 W
2026/04/02 11:22:11.085, 0 MiB, 97887 MiB, 0 %, 0 %, 21.15 W
2026/04/02 11:22:13.086, 0 MiB, 97887 MiB, 0 %, 0 %, 21.30 W
2026/04/02 11:22:15.087, 0 MiB, 97887 MiB, 0 %, 0 %, 21.50 W
2026/04/02 11:22:17.088, 0 MiB, 97887 MiB, 0 %, 0 %, 21.43 W
2026/04/02 11:22:19.088, 0 MiB, 97887 MiB, 0 %, 0 %, 21.48 W
2026/04/02 11:22:21.089, 0 MiB, 97887 MiB, 0 %, 0 %, 21.58 W
2026/04/02 11:22:23.089, 0 MiB, 97887 MiB, 0 %, 0 %, 20.88 W
2026/04/02 11:22:25.090, 0 MiB, 97887 MiB, 0 %, 0 %, 21.06 W
2026/04/02 11:22:27.091, 0 MiB, 97887 MiB, 0 %, 0 %, 20.78 W
2026/04/02 11:22:29.091, 0 MiB, 97887 MiB, 0 %, 0 %, 20.82 W
2026/04/02 11:22:31.091, 0 MiB, 97887 MiB, 0 %, 0 %, 21.11 W
2026/04/02 11:22:33.092, 0 MiB, 97887 MiB, 0 %, 0 %, 20.87 W
2026/04/02 11:22:35.092, 0 MiB, 97887 MiB, 0 %, 0 %, 21.26 W
2026/04/02 11:22:37.093, 0 MiB, 97887 MiB, 0 %, 0 %, 21.30 W
2026/04/02 11:22:39.094, 0 MiB, 97887 MiB, 0 %, 0 %, 21.28 W
2026/04/02 11:22:41.094, 0 MiB, 97887 MiB, 0 %, 0 %, 21.34 W
2026/04/02 11:22:43.095, 0 MiB, 97887 MiB, 0 %, 0 %, 21.22 W
2026/04/02 11:22:45.095, 0 MiB, 97887 MiB, 0 %, 0 %, 21.13 W
2026/04/02 11:22:47.096, 0 MiB, 97887 MiB, 0 %, 0 %, 21.15 W
2026/04/02 11:22:49.096, 0 MiB, 97887 MiB, 0 %, 0 %, 20.99 W
2026/04/02 11:22:51.097, 0 MiB, 97887 MiB, 0 %, 0 %, 20.67 W
2026/04/02 11:22:53.097, 0 MiB, 97887 MiB, 0 %, 0 %, 20.49 W
2026/04/02 11:22:55.098, 0 MiB, 97887 MiB, 0 %, 0 %, 20.55 W
2026/04/02 11:22:57.099, 0 MiB, 97887 MiB, 0 %, 0 %, 20.24 W
2026/04/02 11:22:59.099, 0 MiB, 97887 MiB, 0 %, 0 %, 20.61 W
2026/04/02 11:23:01.100, 0 MiB, 97887 MiB, 0 %, 0 %, 20.89 W
2026/04/02 11:23:03.101, 0 MiB, 97887 MiB, 0 %, 0 %, 20.89 W
2026/04/02 11:23:05.102, 0 MiB, 97887 MiB, 0 %, 0 %, 20.68 W
2026/04/02 11:23:07.102, 0 MiB, 97887 MiB, 0 %, 0 %, 20.83 W
2026/04/02 11:23:09.103, 0 MiB, 97887 MiB, 0 %, 0 %, 20.96 W
2026/04/02 11:23:11.104, 0 MiB, 97887 MiB, 0 %, 0 %, 21.00 W
2026/04/02 11:23:13.104, 0 MiB, 97887 MiB, 0 %, 0 %, 20.93 W
2026/04/02 11:23:15.105, 0 MiB, 97887 MiB, 0 %, 0 %, 20.95 W
2026/04/02 11:23:17.105, 0 MiB, 97887 MiB, 0 %, 0 %, 20.92 W
2026/04/02 11:23:19.106, 0 MiB, 97887 MiB, 0 %, 0 %, 20.61 W
2026/04/02 11:23:21.106, 0 MiB, 97887 MiB, 0 %, 0 %, 20.79 W
2026/04/02 11:23:23.107, 0 MiB, 97887 MiB, 0 %, 0 %, 20.66 W
2026/04/02 11:23:25.107, 0 MiB, 97887 MiB, 0 %, 0 %, 20.74 W
2026/04/02 11:23:27.108, 0 MiB, 97887 MiB, 0 %, 0 %, 21.22 W
2026/04/02 11:23:29.108, 0 MiB, 97887 MiB, 0 %, 0 %, 21.28 W
2026/04/02 11:23:31.109, 0 MiB, 97887 MiB, 0 %, 0 %, 21.16 W
2026/04/02 11:23:33.109, 0 MiB, 97887 MiB, 0 %, 0 %, 20.92 W
2026/04/02 11:23:35.110, 0 MiB, 97887 MiB, 0 %, 0 %, 20.68 W
2026/04/02 11:23:37.111, 0 MiB, 97887 MiB, 0 %, 0 %, 20.96 W
2026/04/02 11:23:39.112, 0 MiB, 97887 MiB, 0 %, 0 %, 21.54 W
2026/04/02 11:23:41.112, 0 MiB, 97887 MiB, 0 %, 0 %, 21.04 W
2026/04/02 11:23:43.113, 0 MiB, 97887 MiB, 0 %, 0 %, 20.99 W
2026/04/02 11:23:45.113, 0 MiB, 97887 MiB, 0 %, 0 %, 21.25 W
2026/04/02 11:23:47.114, 0 MiB, 97887 MiB, 0 %, 0 %, 21.37 W
2026/04/02 11:23:49.114, 0 MiB, 97887 MiB, 0 %, 0 %, 21.54 W
2026/04/02 11:23:51.115, 0 MiB, 97887 MiB, 0 %, 0 %, 21.63 W
2026/04/02 11:23:53.116, 0 MiB, 97887 MiB, 0 %, 0 %, 21.70 W
2026/04/02 11:23:55.116, 0 MiB, 97887 MiB, 0 %, 0 %, 21.69 W
2026/04/02 11:23:57.117, 0 MiB, 97887 MiB, 0 %, 0 %, 21.99 W
2026/04/02 11:23:59.117, 0 MiB, 97887 MiB, 0 %, 0 %, 21.60 W
2026/04/02 11:24:01.118, 0 MiB, 97887 MiB, 0 %, 0 %, 21.84 W
2026/04/02 11:24:03.119, 0 MiB, 97887 MiB, 0 %, 0 %, 21.19 W
2026/04/02 11:24:05.119, 0 MiB, 97887 MiB, 0 %, 0 %, 21.69 W
2026/04/02 11:24:07.120, 0 MiB, 97887 MiB, 0 %, 0 %, 22.17 W
2026/04/02 11:24:09.121, 0 MiB, 97887 MiB, 0 %, 0 %, 22.03 W
2026/04/02 11:24:11.121, 0 MiB, 97887 MiB, 0 %, 0 %, 21.88 W
2026/04/02 11:24:13.122, 0 MiB, 97887 MiB, 0 %, 0 %, 21.42 W
2026/04/02 11:24:15.123, 0 MiB, 97887 MiB, 0 %, 0 %, 21.27 W
2026/04/02 11:24:17.123, 0 MiB, 97887 MiB, 0 %, 0 %, 21.56 W
2026/04/02 11:24:19.124, 0 MiB, 97887 MiB, 0 %, 0 %, 21.68 W
2026/04/02 11:24:21.124, 0 MiB, 97887 MiB, 0 %, 0 %, 21.63 W
2026/04/02 11:24:23.125, 0 MiB, 97887 MiB, 0 %, 0 %, 22.02 W
2026/04/02 11:24:25.125, 0 MiB, 97887 MiB, 0 %, 0 %, 21.73 W
2026/04/02 11:24:27.126, 0 MiB, 97887 MiB, 0 %, 0 %, 21.74 W
2026/04/02 11:24:29.127, 0 MiB, 97887 MiB, 0 %, 0 %, 21.52 W
2026/04/02 11:24:31.127, 0 MiB, 97887 MiB, 0 %, 0 %, 21.87 W
2026/04/02 11:24:33.128, 0 MiB, 97887 MiB, 0 %, 0 %, 22.10 W
2026/04/02 11:24:35.129, 0 MiB, 97887 MiB, 0 %, 0 %, 21.66 W
2026/04/02 11:24:37.130, 0 MiB, 97887 MiB, 0 %, 0 %, 21.30 W
2026/04/02 11:24:39.131, 0 MiB, 97887 MiB, 0 %, 0 %, 21.38 W
2026/04/02 11:24:41.131, 0 MiB, 97887 MiB, 0 %, 0 %, 21.32 W
2026/04/02 11:24:43.132, 0 MiB, 97887 MiB, 0 %, 0 %, 21.74 W
2026/04/02 11:24:45.132, 0 MiB, 97887 MiB, 0 %, 0 %, 21.73 W
2026/04/02 11:24:47.133, 0 MiB, 97887 MiB, 0 %, 0 %, 21.61 W
2026/04/02 11:24:49.133, 0 MiB, 97887 MiB, 0 %, 0 %, 21.51 W
2026/04/02 11:24:51.134, 0 MiB, 97887 MiB, 0 %, 0 %, 21.63 W
2026/04/02 11:24:53.134, 0 MiB, 97887 MiB, 0 %, 0 %, 21.50 W
2026/04/02 11:24:55.135, 0 MiB, 97887 MiB, 0 %, 0 %, 21.34 W
2026/04/02 11:24:57.135, 0 MiB, 97887 MiB, 0 %, 0 %, 21.01 W
2026/04/02 11:24:59.136, 0 MiB, 97887 MiB, 0 %, 0 %, 20.99 W
2026/04/02 11:25:01.137, 0 MiB, 97887 MiB, 0 %, 0 %, 21.47 W
2026/04/02 11:25:03.138, 0 MiB, 97887 MiB, 0 %, 0 %, 21.54 W
2026/04/02 11:25:05.138, 0 MiB, 97887 MiB, 0 %, 0 %, 21.33 W
2026/04/02 11:25:07.139, 0 MiB, 97887 MiB, 0 %, 0 %, 21.40 W
2026/04/02 11:25:09.139, 0 MiB, 97887 MiB, 0 %, 0 %, 21.42 W
2026/04/02 11:25:11.140, 0 MiB, 97887 MiB, 0 %, 0 %, 21.66 W
2026/04/02 11:25:13.140, 0 MiB, 97887 MiB, 0 %, 0 %, 21.69 W
2026/04/02 11:25:15.141, 0 MiB, 97887 MiB, 0 %, 0 %, 22.26 W
2026/04/02 11:25:17.141, 0 MiB, 97887 MiB, 0 %, 0 %, 21.69 W
2026/04/02 11:25:19.142, 0 MiB, 97887 MiB, 0 %, 0 %, 21.59 W
2026/04/02 11:25:21.142, 0 MiB, 97887 MiB, 0 %, 0 %, 21.61 W
2026/04/02 11:25:23.143, 0 MiB, 97887 MiB, 0 %, 0 %, 21.47 W
2026/04/02 11:25:25.143, 0 MiB, 97887 MiB, 0 %, 0 %, 21.85 W
2026/04/02 11:25:27.144, 0 MiB, 97887 MiB, 0 %, 0 %, 21.61 W
2026/04/02 11:25:29.145, 0 MiB, 97887 MiB, 0 %, 0 %, 21.80 W
2026/04/02 11:25:31.145, 0 MiB, 97887 MiB, 0 %, 0 %, 21.47 W
2026/04/02 11:25:33.146, 0 MiB, 97887 MiB, 0 %, 0 %, 21.40 W
2026/04/02 11:25:35.146, 0 MiB, 97887 MiB, 0 %, 0 %, 21.02 W
2026/04/02 11:25:37.147, 0 MiB, 97887 MiB, 0 %, 0 %, 21.17 W
2026/04/02 11:25:39.147, 0 MiB, 97887 MiB, 0 %, 0 %, 21.16 W
2026/04/02 11:25:41.148, 0 MiB, 97887 MiB, 0 %, 0 %, 21.20 W
2026/04/02 11:25:43.149, 0 MiB, 97887 MiB, 0 %, 0 %, 21.59 W
2026/04/02 11:25:45.149, 0 MiB, 97887 MiB, 0 %, 0 %, 21.32 W
2026/04/02 11:25:47.150, 0 MiB, 97887 MiB, 0 %, 0 %, 21.24 W
2026/04/02 11:25:49.150, 0 MiB, 97887 MiB, 0 %, 0 %, 21.50 W
2026/04/02 11:25:51.151, 0 MiB, 97887 MiB, 0 %, 0 %, 21.41 W
2026/04/02 11:25:53.151, 0 MiB, 97887 MiB, 0 %, 0 %, 21.66 W
2026/04/02 11:25:55.152, 0 MiB, 97887 MiB, 0 %, 0 %, 21.74 W
2026/04/02 11:25:57.153, 0 MiB, 97887 MiB, 0 %, 0 %, 21.35 W
2026/04/02 11:25:59.153, 0 MiB, 97887 MiB, 0 %, 0 %, 21.53 W
2026/04/02 11:26:01.154, 0 MiB, 97887 MiB, 0 %, 0 %, 21.92 W
2026/04/02 11:26:03.154, 0 MiB, 97887 MiB, 0 %, 0 %, 21.61 W
2026/04/02 11:26:05.155, 0 MiB, 97887 MiB, 0 %, 0 %, 21.78 W
2026/04/02 11:26:07.156, 0 MiB, 97887 MiB, 0 %, 0 %, 21.31 W
2026/04/02 11:26:09.156, 0 MiB, 97887 MiB, 0 %, 0 %, 21.44 W
2026/04/02 11:26:11.157, 0 MiB, 97887 MiB, 0 %, 0 %, 21.34 W
2026/04/02 11:26:13.158, 0 MiB, 97887 MiB, 0 %, 0 %, 21.51 W
2026/04/02 11:26:15.158, 0 MiB, 97887 MiB, 0 %, 0 %, 21.29 W
2026/04/02 11:26:17.159, 0 MiB, 97887 MiB, 0 %, 0 %, 21.55 W
2026/04/02 11:26:19.160, 0 MiB, 97887 MiB, 0 %, 0 %, 21.56 W
2026/04/02 11:26:21.160, 0 MiB, 97887 MiB, 0 %, 0 %, 21.66 W
2026/04/02 11:26:23.161, 0 MiB, 97887 MiB, 0 %, 0 %, 21.59 W
2026/04/02 11:26:25.161, 0 MiB, 97887 MiB, 0 %, 0 %, 21.68 W
2026/04/02 11:26:27.162, 0 MiB, 97887 MiB, 0 %, 0 %, 21.78 W
2026/04/02 11:26:29.162, 0 MiB, 97887 MiB, 0 %, 0 %, 21.68 W
2026/04/02 11:26:31.163, 0 MiB, 97887 MiB, 0 %, 0 %, 21.64 W
2026/04/02 11:26:33.163, 0 MiB, 97887 MiB, 0 %, 0 %, 21.46 W
2026/04/02 11:26:35.164, 0 MiB, 97887 MiB, 0 %, 0 %, 21.76 W
2026/04/02 11:26:37.164, 0 MiB, 97887 MiB, 0 %, 0 %, 21.65 W
2026/04/02 11:26:39.165, 0 MiB, 97887 MiB, 0 %, 0 %, 22.42 W
2026/04/02 11:26:41.165, 0 MiB, 97887 MiB, 0 %, 0 %, 21.93 W
2026/04/02 11:26:43.166, 0 MiB, 97887 MiB, 0 %, 0 %, 21.96 W
2026/04/02 11:26:45.166, 0 MiB, 97887 MiB, 0 %, 0 %, 22.24 W
2026/04/02 11:26:47.167, 0 MiB, 97887 MiB, 0 %, 0 %, 22.03 W
2026/04/02 11:26:49.167, 0 MiB, 97887 MiB, 0 %, 0 %, 22.12 W
2026/04/02 11:26:51.168, 0 MiB, 97887 MiB, 0 %, 0 %, 22.07 W
2026/04/02 11:26:53.169, 0 MiB, 97887 MiB, 0 %, 0 %, 22.25 W
2026/04/02 11:26:55.169, 0 MiB, 97887 MiB, 0 %, 0 %, 21.97 W
2026/04/02 11:26:57.170, 0 MiB, 97887 MiB, 0 %, 0 %, 21.95 W
2026/04/02 11:26:59.171, 0 MiB, 97887 MiB, 0 %, 0 %, 22.10 W
2026/04/02 11:27:01.171, 0 MiB, 97887 MiB, 0 %, 0 %, 22.30 W
2026/04/02 11:27:03.172, 0 MiB, 97887 MiB, 0 %, 0 %, 22.02 W
2026/04/02 11:27:05.173, 0 MiB, 97887 MiB, 0 %, 0 %, 21.88 W
2026/04/02 11:27:07.173, 0 MiB, 97887 MiB, 0 %, 0 %, 21.68 W
2026/04/02 11:27:09.173, 0 MiB, 97887 MiB, 0 %, 0 %, 21.82 W
2026/04/02 11:27:11.174, 0 MiB, 97887 MiB, 0 %, 0 %, 21.57 W
2026/04/02 11:27:13.175, 0 MiB, 97887 MiB, 0 %, 0 %, 21.65 W
2026/04/02 11:27:15.175, 0 MiB, 97887 MiB, 0 %, 0 %, 21.44 W
2026/04/02 11:27:17.176, 0 MiB, 97887 MiB, 0 %, 0 %, 21.43 W
2026/04/02 11:27:19.176, 0 MiB, 97887 MiB, 0 %, 0 %, 21.03 W
2026/04/02 11:27:21.177, 0 MiB, 97887 MiB, 0 %, 0 %, 21.14 W
2026/04/02 11:27:23.178, 0 MiB, 97887 MiB, 0 %, 0 %, 21.49 W
2026/04/02 11:27:25.178, 0 MiB, 97887 MiB, 0 %, 0 %, 21.35 W
2026/04/02 11:27:27.178, 0 MiB, 97887 MiB, 0 %, 0 %, 21.42 W
2026/04/02 11:27:29.179, 0 MiB, 97887 MiB, 0 %, 0 %, 21.36 W
2026/04/02 11:27:31.180, 0 MiB, 97887 MiB, 0 %, 0 %, 21.40 W
2026/04/02 11:27:33.180, 0 MiB, 97887 MiB, 0 %, 0 %, 21.57 W
2026/04/02 11:27:35.181, 0 MiB, 97887 MiB, 0 %, 0 %, 21.13 W
2026/04/02 11:27:37.182, 0 MiB, 97887 MiB, 0 %, 0 %, 20.94 W
2026/04/02 11:27:39.183, 0 MiB, 97887 MiB, 0 %, 0 %, 20.98 W
2026/04/02 11:27:41.183, 0 MiB, 97887 MiB, 0 %, 0 %, 21.58 W
2026/04/02 11:27:43.184, 0 MiB, 97887 MiB, 0 %, 0 %, 21.65 W
2026/04/02 11:27:45.185, 0 MiB, 97887 MiB, 0 %, 0 %, 21.75 W
2026/04/02 11:27:47.185, 0 MiB, 97887 MiB, 0 %, 0 %, 21.66 W
2026/04/02 11:27:49.186, 0 MiB, 97887 MiB, 0 %, 0 %, 22.27 W
2026/04/02 11:27:51.186, 0 MiB, 97887 MiB, 0 %, 0 %, 21.20 W
2026/04/02 11:27:53.187, 0 MiB, 97887 MiB, 0 %, 0 %, 21.21 W
2026/04/02 11:27:55.188, 0 MiB, 97887 MiB, 0 %, 0 %, 21.25 W
2026/04/02 11:27:57.188, 0 MiB, 97887 MiB, 0 %, 0 %, 21.76 W
2026/04/02 11:27:59.189, 0 MiB, 97887 MiB, 0 %, 0 %, 21.60 W
2026/04/02 11:28:01.189, 0 MiB, 97887 MiB, 0 %, 0 %, 21.60 W
2026/04/02 11:28:03.190, 0 MiB, 97887 MiB, 0 %, 0 %, 21.76 W
2026/04/02 11:28:05.190, 0 MiB, 97887 MiB, 0 %, 0 %, 21.47 W
2026/04/02 11:28:07.190, 0 MiB, 97887 MiB, 0 %, 0 %, 21.83 W
2026/04/02 11:28:09.191, 0 MiB, 97887 MiB, 0 %, 0 %, 21.68 W
2026/04/02 11:28:11.191, 0 MiB, 97887 MiB, 0 %, 0 %, 21.28 W
2026/04/02 11:28:13.192, 0 MiB, 97887 MiB, 0 %, 0 %, 21.69 W
2026/04/02 11:28:15.192, 0 MiB, 97887 MiB, 0 %, 0 %, 21.25 W
2026/04/02 11:28:17.193, 0 MiB, 97887 MiB, 0 %, 0 %, 21.18 W
2026/04/02 11:28:19.193, 0 MiB, 97887 MiB, 0 %, 0 %, 21.42 W
2026/04/02 11:28:21.193, 0 MiB, 97887 MiB, 0 %, 0 %, 21.41 W
2026/04/02 11:28:23.194, 0 MiB, 97887 MiB, 0 %, 0 %, 20.99 W
2026/04/02 11:28:25.195, 0 MiB, 97887 MiB, 0 %, 0 %, 21.28 W
2026/04/02 11:28:27.195, 0 MiB, 97887 MiB, 0 %, 0 %, 21.05 W
2026/04/02 11:28:29.196, 0 MiB, 97887 MiB, 0 %, 0 %, 21.45 W
2026/04/02 11:28:31.196, 0 MiB, 97887 MiB, 0 %, 0 %, 21.08 W
2026/04/02 11:28:33.196, 0 MiB, 97887 MiB, 0 %, 0 %, 21.23 W
2026/04/02 11:28:35.197, 0 MiB, 97887 MiB, 0 %, 0 %, 21.53 W
2026/04/02 11:28:37.197, 0 MiB, 97887 MiB, 0 %, 0 %, 21.70 W
2026/04/02 11:28:39.198, 0 MiB, 97887 MiB, 0 %, 0 %, 21.69 W
2026/04/02 11:28:41.199, 0 MiB, 97887 MiB, 0 %, 0 %, 21.61 W
2026/04/02 11:28:43.199, 0 MiB, 97887 MiB, 0 %, 0 %, 21.56 W
2026/04/02 11:28:45.200, 0 MiB, 97887 MiB, 0 %, 0 %, 21.52 W
2026/04/02 11:28:47.200, 0 MiB, 97887 MiB, 0 %, 0 %, 21.08 W
2026/04/02 11:28:49.200, 0 MiB, 97887 MiB, 0 %, 0 %, 21.26 W
2026/04/02 11:28:51.201, 0 MiB, 97887 MiB, 0 %, 0 %, 21.28 W
2026/04/02 11:28:53.201, 0 MiB, 97887 MiB, 0 %, 0 %, 21.45 W
2026/04/02 11:28:55.202, 0 MiB, 97887 MiB, 0 %, 0 %, 20.95 W
2026/04/02 11:28:57.202, 0 MiB, 97887 MiB, 0 %, 0 %, 21.04 W
2026/04/02 11:28:59.203, 0 MiB, 97887 MiB, 0 %, 0 %, 21.04 W
2026/04/02 11:29:01.204, 0 MiB, 97887 MiB, 0 %, 0 %, 20.71 W
2026/04/02 11:29:03.204, 0 MiB, 97887 MiB, 0 %, 0 %, 21.26 W
2026/04/02 11:29:05.205, 0 MiB, 97887 MiB, 0 %, 0 %, 20.87 W
2026/04/02 11:29:07.205, 0 MiB, 97887 MiB, 0 %, 0 %, 21.82 W
2026/04/02 11:29:09.206, 0 MiB, 97887 MiB, 0 %, 0 %, 21.21 W
2026/04/02 11:29:11.206, 0 MiB, 97887 MiB, 0 %, 0 %, 21.12 W
2026/04/02 11:29:13.207, 0 MiB, 97887 MiB, 0 %, 0 %, 21.23 W
2026/04/02 11:29:15.208, 0 MiB, 97887 MiB, 0 %, 0 %, 21.10 W
2026/04/02 11:29:17.208, 0 MiB, 97887 MiB, 0 %, 0 %, 21.03 W
2026/04/02 11:29:19.209, 0 MiB, 97887 MiB, 0 %, 0 %, 21.10 W
2026/04/02 11:29:21.209, 0 MiB, 97887 MiB, 0 %, 0 %, 21.22 W
2026/04/02 11:29:23.210, 0 MiB, 97887 MiB, 0 %, 0 %, 21.08 W
2026/04/02 11:29:25.210, 0 MiB, 97887 MiB, 0 %, 0 %, 21.09 W
2026/04/02 11:29:27.211, 0 MiB, 97887 MiB, 0 %, 0 %, 21.13 W
2026/04/02 11:29:29.211, 0 MiB, 97887 MiB, 0 %, 0 %, 21.07 W
2026/04/02 11:29:31.212, 0 MiB, 97887 MiB, 0 %, 0 %, 20.81 W
2026/04/02 11:29:33.212, 0 MiB, 97887 MiB, 0 %, 0 %, 20.72 W
2026/04/02 11:29:35.213, 0 MiB, 97887 MiB, 0 %, 0 %, 21.06 W
2026/04/02 11:29:37.214, 0 MiB, 97887 MiB, 0 %, 0 %, 21.02 W
2026/04/02 11:29:39.214, 0 MiB, 97887 MiB, 0 %, 0 %, 20.86 W
2026/04/02 11:29:41.215, 0 MiB, 97887 MiB, 0 %, 0 %, 20.48 W
2026/04/02 11:29:43.215, 0 MiB, 97887 MiB, 0 %, 0 %, 20.64 W
2026/04/02 11:29:45.216, 0 MiB, 97887 MiB, 0 %, 0 %, 20.88 W
2026/04/02 11:29:47.217, 0 MiB, 97887 MiB, 0 %, 0 %, 20.47 W
2026/04/02 11:29:49.217, 0 MiB, 97887 MiB, 0 %, 0 %, 20.69 W
2026/04/02 11:29:51.218, 0 MiB, 97887 MiB, 0 %, 0 %, 20.56 W
2026/04/02 11:29:53.219, 0 MiB, 97887 MiB, 0 %, 0 %, 20.73 W
2026/04/02 11:29:55.220, 0 MiB, 97887 MiB, 0 %, 0 %, 20.57 W
2026/04/02 11:29:57.220, 0 MiB, 97887 MiB, 0 %, 0 %, 20.79 W
2026/04/02 11:29:59.221, 0 MiB, 97887 MiB, 0 %, 0 %, 20.58 W
2026/04/02 11:30:01.221, 0 MiB, 97887 MiB, 0 %, 0 %, 20.74 W
2026/04/02 11:30:03.222, 0 MiB, 97887 MiB, 0 %, 0 %, 20.64 W
2026/04/02 11:30:05.223, 0 MiB, 97887 MiB, 0 %, 0 %, 20.94 W
2026/04/02 11:30:07.224, 0 MiB, 97887 MiB, 0 %, 0 %, 20.77 W
2026/04/02 11:30:09.224, 0 MiB, 97887 MiB, 0 %, 0 %, 20.52 W
2026/04/02 11:30:11.224, 0 MiB, 97887 MiB, 0 %, 0 %, 20.54 W
2026/04/02 11:30:13.225, 0 MiB, 97887 MiB, 0 %, 0 %, 20.61 W
2026/04/02 11:30:15.226, 0 MiB, 97887 MiB, 0 %, 0 %, 20.58 W
2026/04/02 11:30:17.226, 0 MiB, 97887 MiB, 0 %, 0 %, 20.50 W
2026/04/02 11:30:19.227, 0 MiB, 97887 MiB, 0 %, 0 %, 20.42 W
2026/04/02 11:30:21.227, 0 MiB, 97887 MiB, 0 %, 0 %, 20.93 W
2026/04/02 11:30:23.228, 0 MiB, 97887 MiB, 0 %, 0 %, 20.44 W
2026/04/02 11:30:25.228, 0 MiB, 97887 MiB, 0 %, 0 %, 21.21 W
2026/04/02 11:30:27.229, 0 MiB, 97887 MiB, 0 %, 0 %, 21.45 W
2026/04/02 11:30:29.229, 0 MiB, 97887 MiB, 0 %, 0 %, 21.35 W
2026/04/02 11:30:31.230, 0 MiB, 97887 MiB, 0 %, 0 %, 21.06 W
2026/04/02 11:30:33.231, 0 MiB, 97887 MiB, 0 %, 0 %, 21.26 W
2026/04/02 11:30:35.231, 0 MiB, 97887 MiB, 0 %, 0 %, 21.13 W
2026/04/02 11:30:37.232, 0 MiB, 97887 MiB, 0 %, 0 %, 21.22 W
2026/04/02 11:30:39.232, 0 MiB, 97887 MiB, 0 %, 0 %, 20.94 W
2026/04/02 11:30:41.233, 0 MiB, 97887 MiB, 0 %, 0 %, 20.93 W
2026/04/02 11:30:43.233, 0 MiB, 97887 MiB, 0 %, 0 %, 21.18 W
2026/04/02 11:30:45.234, 0 MiB, 97887 MiB, 0 %, 0 %, 20.50 W
2026/04/02 11:30:47.235, 0 MiB, 97887 MiB, 0 %, 0 %, 20.67 W
2026/04/02 11:30:49.235, 0 MiB, 97887 MiB, 0 %, 0 %, 20.75 W
2026/04/02 11:30:51.235, 0 MiB, 97887 MiB, 0 %, 0 %, 20.92 W
2026/04/02 11:30:53.236, 0 MiB, 97887 MiB, 0 %, 0 %, 20.81 W
2026/04/02 11:30:55.236, 0 MiB, 97887 MiB, 0 %, 0 %, 20.73 W
2026/04/02 11:30:57.237, 0 MiB, 97887 MiB, 0 %, 0 %, 21.26 W
2026/04/02 11:30:59.237, 0 MiB, 97887 MiB, 0 %, 0 %, 21.03 W
2026/04/02 11:31:01.237, 0 MiB, 97887 MiB, 0 %, 0 %, 20.93 W
2026/04/02 11:31:03.238, 0 MiB, 97887 MiB, 0 %, 0 %, 20.98 W
2026/04/02 11:31:05.238, 0 MiB, 97887 MiB, 0 %, 0 %, 21.03 W
2026/04/02 11:31:07.239, 0 MiB, 97887 MiB, 0 %, 0 %, 21.17 W
2026/04/02 11:31:09.239, 0 MiB, 97887 MiB, 0 %, 0 %, 21.12 W
2026/04/02 11:31:11.240, 0 MiB, 97887 MiB, 0 %, 0 %, 21.38 W
2026/04/02 11:31:13.240, 0 MiB, 97887 MiB, 0 %, 0 %, 21.09 W
2026/04/02 11:31:15.240, 0 MiB, 97887 MiB, 0 %, 0 %, 21.42 W
2026/04/02 11:31:17.241, 0 MiB, 97887 MiB, 0 %, 0 %, 21.44 W
2026/04/02 11:31:19.241, 0 MiB, 97887 MiB, 0 %, 0 %, 21.00 W
2026/04/02 11:31:21.242, 0 MiB, 97887 MiB, 0 %, 0 %, 20.67 W
2026/04/02 11:31:23.242, 0 MiB, 97887 MiB, 0 %, 0 %, 20.75 W
2026/04/02 11:31:25.243, 0 MiB, 97887 MiB, 0 %, 0 %, 20.68 W
2026/04/02 11:31:27.244, 0 MiB, 97887 MiB, 0 %, 0 %, 20.77 W
2026/04/02 11:31:29.244, 0 MiB, 97887 MiB, 0 %, 0 %, 20.84 W
2026/04/02 11:31:31.244, 0 MiB, 97887 MiB, 0 %, 0 %, 20.89 W
2026/04/02 11:31:33.245, 0 MiB, 97887 MiB, 0 %, 0 %, 21.07 W
2026/04/02 11:31:35.246, 0 MiB, 97887 MiB, 0 %, 0 %, 20.55 W
2026/04/02 11:31:37.246, 0 MiB, 97887 MiB, 0 %, 0 %, 20.53 W
2026/04/02 11:31:39.247, 0 MiB, 97887 MiB, 0 %, 0 %, 20.61 W
2026/04/02 11:31:41.247, 0 MiB, 97887 MiB, 0 %, 0 %, 20.43 W
2026/04/02 11:31:43.248, 0 MiB, 97887 MiB, 0 %, 0 %, 20.23 W
2026/04/02 11:31:45.248, 0 MiB, 97887 MiB, 0 %, 0 %, 20.37 W
2026/04/02 11:31:47.249, 0 MiB, 97887 MiB, 0 %, 0 %, 20.43 W
2026/04/02 11:31:49.249, 0 MiB, 97887 MiB, 0 %, 0 %, 20.57 W
2026/04/02 11:31:51.250, 0 MiB, 97887 MiB, 0 %, 0 %, 20.90 W
2026/04/02 11:31:53.251, 0 MiB, 97887 MiB, 0 %, 0 %, 21.18 W
2026/04/02 11:31:55.251, 0 MiB, 97887 MiB, 0 %, 0 %, 21.25 W
2026/04/02 11:31:57.251, 0 MiB, 97887 MiB, 0 %, 0 %, 21.12 W
2026/04/02 11:31:59.252, 0 MiB, 97887 MiB, 0 %, 0 %, 21.22 W
2026/04/02 11:32:01.252, 0 MiB, 97887 MiB, 0 %, 0 %, 21.20 W
2026/04/02 11:32:03.253, 0 MiB, 97887 MiB, 0 %, 0 %, 20.93 W
2026/04/02 11:32:05.254, 0 MiB, 97887 MiB, 0 %, 0 %, 20.96 W
2026/04/02 11:32:07.254, 0 MiB, 97887 MiB, 0 %, 0 %, 20.66 W
2026/04/02 11:32:09.255, 0 MiB, 97887 MiB, 0 %, 0 %, 20.65 W
2026/04/02 11:32:11.255, 0 MiB, 97887 MiB, 0 %, 0 %, 20.93 W
2026/04/02 11:32:13.256, 0 MiB, 97887 MiB, 0 %, 0 %, 20.97 W
2026/04/02 11:32:15.256, 0 MiB, 97887 MiB, 0 %, 0 %, 20.83 W
2026/04/02 11:32:17.257, 0 MiB, 97887 MiB, 0 %, 0 %, 21.31 W
2026/04/02 11:32:19.257, 0 MiB, 97887 MiB, 0 %, 0 %, 21.35 W
2026/04/02 11:32:21.258, 0 MiB, 97887 MiB, 0 %, 0 %, 21.23 W
2026/04/02 11:32:23.259, 0 MiB, 97887 MiB, 0 %, 0 %, 21.09 W
2026/04/02 11:32:25.259, 0 MiB, 97887 MiB, 0 %, 0 %, 21.13 W
2026/04/02 11:32:27.260, 0 MiB, 97887 MiB, 0 %, 0 %, 21.60 W
2026/04/02 11:32:29.260, 0 MiB, 97887 MiB, 0 %, 0 %, 21.27 W
2026/04/02 11:32:31.261, 0 MiB, 97887 MiB, 0 %, 0 %, 21.51 W
2026/04/02 11:32:33.261, 0 MiB, 97887 MiB, 0 %, 0 %, 21.17 W
2026/04/02 11:32:35.261, 0 MiB, 97887 MiB, 0 %, 0 %, 21.62 W
2026/04/02 11:32:37.262, 0 MiB, 97887 MiB, 0 %, 0 %, 21.04 W
2026/04/02 11:32:39.263, 0 MiB, 97887 MiB, 0 %, 0 %, 21.09 W
2026/04/02 11:32:41.264, 0 MiB, 97887 MiB, 0 %, 0 %, 21.11 W
2026/04/02 11:32:43.264, 0 MiB, 97887 MiB, 0 %, 0 %, 20.75 W
2026/04/02 11:32:45.265, 0 MiB, 97887 MiB, 0 %, 0 %, 20.83 W
2026/04/02 11:32:47.265, 0 MiB, 97887 MiB, 0 %, 0 %, 20.95 W
2026/04/02 11:32:49.267, 0 MiB, 97887 MiB, 0 %, 0 %, 20.84 W
2026/04/02 11:32:51.267, 0 MiB, 97887 MiB, 0 %, 0 %, 20.86 W
2026/04/02 11:32:53.268, 0 MiB, 97887 MiB, 0 %, 0 %, 21.13 W
2026/04/02 11:32:55.269, 0 MiB, 97887 MiB, 0 %, 0 %, 21.31 W
2026/04/02 11:32:57.269, 0 MiB, 97887 MiB, 0 %, 0 %, 21.12 W
2026/04/02 11:32:59.270, 0 MiB, 97887 MiB, 0 %, 0 %, 21.64 W
2026/04/02 11:33:01.271, 0 MiB, 97887 MiB, 0 %, 0 %, 21.01 W
2026/04/02 11:33:03.271, 0 MiB, 97887 MiB, 0 %, 0 %, 21.20 W
2026/04/02 11:33:05.272, 0 MiB, 97887 MiB, 0 %, 0 %, 21.12 W
2026/04/02 11:33:07.273, 0 MiB, 97887 MiB, 0 %, 0 %, 21.09 W
2026/04/02 11:33:09.273, 0 MiB, 97887 MiB, 0 %, 0 %, 21.40 W
2026/04/02 11:33:11.274, 0 MiB, 97887 MiB, 0 %, 0 %, 21.37 W
2026/04/02 11:33:13.275, 0 MiB, 97887 MiB, 0 %, 0 %, 21.42 W
2026/04/02 11:33:15.276, 0 MiB, 97887 MiB, 0 %, 0 %, 21.58 W
2026/04/02 11:33:17.276, 0 MiB, 97887 MiB, 0 %, 0 %, 21.48 W
2026/04/02 11:33:19.277, 0 MiB, 97887 MiB, 0 %, 0 %, 21.58 W
2026/04/02 11:33:21.278, 0 MiB, 97887 MiB, 0 %, 0 %, 21.92 W
2026/04/02 11:33:23.278, 0 MiB, 97887 MiB, 0 %, 0 %, 21.55 W
2026/04/02 11:33:25.279, 0 MiB, 97887 MiB, 0 %, 0 %, 21.93 W
2026/04/02 11:33:27.280, 0 MiB, 97887 MiB, 0 %, 0 %, 21.61 W
2026/04/02 11:33:29.281, 0 MiB, 97887 MiB, 0 %, 0 %, 21.91 W
2026/04/02 11:33:31.282, 0 MiB, 97887 MiB, 0 %, 0 %, 21.53 W
2026/04/02 11:33:33.283, 0 MiB, 97887 MiB, 0 %, 0 %, 21.67 W
2026/04/02 11:33:35.283, 0 MiB, 97887 MiB, 0 %, 0 %, 21.73 W
2026/04/02 11:33:37.284, 0 MiB, 97887 MiB, 0 %, 0 %, 21.63 W
2026/04/02 11:33:39.285, 0 MiB, 97887 MiB, 0 %, 0 %, 21.66 W
2026/04/02 11:33:41.286, 0 MiB, 97887 MiB, 0 %, 0 %, 21.79 W
2026/04/02 11:33:43.287, 0 MiB, 97887 MiB, 0 %, 0 %, 21.13 W
2026/04/02 11:33:45.287, 0 MiB, 97887 MiB, 0 %, 0 %, 21.65 W
2026/04/02 11:33:47.288, 0 MiB, 97887 MiB, 0 %, 0 %, 21.83 W
2026/04/02 11:33:49.288, 0 MiB, 97887 MiB, 0 %, 0 %, 21.92 W
2026/04/02 11:33:51.289, 0 MiB, 97887 MiB, 0 %, 0 %, 21.73 W
2026/04/02 11:33:53.289, 0 MiB, 97887 MiB, 0 %, 0 %, 21.64 W
2026/04/02 11:33:55.290, 0 MiB, 97887 MiB, 0 %, 0 %, 21.83 W
2026/04/02 11:33:57.291, 0 MiB, 97887 MiB, 0 %, 0 %, 21.89 W
2026/04/02 11:33:59.292, 0 MiB, 97887 MiB, 0 %, 0 %, 21.83 W
2026/04/02 11:34:01.293, 0 MiB, 97887 MiB, 0 %, 0 %, 21.76 W
2026/04/02 11:34:03.294, 0 MiB, 97887 MiB, 0 %, 0 %, 21.55 W
2026/04/02 11:34:05.294, 0 MiB, 97887 MiB, 0 %, 0 %, 21.27 W
2026/04/02 11:34:07.295, 0 MiB, 97887 MiB, 0 %, 0 %, 21.23 W
2026/04/02 11:34:09.296, 0 MiB, 97887 MiB, 0 %, 0 %, 21.29 W
2026/04/02 11:34:11.297, 0 MiB, 97887 MiB, 0 %, 0 %, 21.37 W
2026/04/02 11:34:13.298, 0 MiB, 97887 MiB, 0 %, 0 %, 21.12 W
2026/04/02 11:34:15.299, 0 MiB, 97887 MiB, 0 %, 0 %, 21.25 W
2026/04/02 11:34:17.300, 0 MiB, 97887 MiB, 0 %, 0 %, 21.55 W
2026/04/02 11:34:19.300, 0 MiB, 97887 MiB, 0 %, 0 %, 22.31 W
2026/04/02 11:34:21.301, 0 MiB, 97887 MiB, 0 %, 0 %, 21.93 W
2026/04/02 11:34:23.302, 0 MiB, 97887 MiB, 0 %, 0 %, 21.67 W
2026/04/02 11:34:25.303, 0 MiB, 97887 MiB, 0 %, 0 %, 21.62 W
2026/04/02 11:34:27.303, 0 MiB, 97887 MiB, 0 %, 0 %, 21.72 W
2026/04/02 11:34:29.303, 0 MiB, 97887 MiB, 0 %, 0 %, 21.86 W
2026/04/02 11:34:31.304, 0 MiB, 97887 MiB, 0 %, 0 %, 22.19 W
2026/04/02 11:34:33.305, 0 MiB, 97887 MiB, 0 %, 0 %, 21.97 W
2026/04/02 11:34:35.306, 0 MiB, 97887 MiB, 0 %, 0 %, 21.79 W
2026/04/02 11:34:37.306, 0 MiB, 97887 MiB, 0 %, 0 %, 22.24 W
2026/04/02 11:34:39.307, 0 MiB, 97887 MiB, 0 %, 0 %, 22.28 W
2026/04/02 11:34:41.308, 0 MiB, 97887 MiB, 0 %, 0 %, 21.76 W
2026/04/02 11:34:43.309, 0 MiB, 97887 MiB, 0 %, 0 %, 21.95 W
2026/04/02 11:34:45.310, 0 MiB, 97887 MiB, 0 %, 0 %, 22.06 W
2026/04/02 11:34:47.310, 0 MiB, 97887 MiB, 0 %, 0 %, 21.76 W
2026/04/02 11:34:49.311, 0 MiB, 97887 MiB, 0 %, 0 %, 21.55 W
2026/04/02 11:34:51.312, 0 MiB, 97887 MiB, 0 %, 0 %, 21.58 W
2026/04/02 11:34:53.313, 0 MiB, 97887 MiB, 0 %, 0 %, 21.64 W
2026/04/02 11:34:55.314, 0 MiB, 97887 MiB, 0 %, 0 %, 21.69 W
2026/04/02 11:34:57.315, 0 MiB, 97887 MiB, 0 %, 0 %, 21.57 W
2026/04/02 11:34:59.315, 0 MiB, 97887 MiB, 0 %, 0 %, 21.40 W
2026/04/02 11:35:01.316, 0 MiB, 97887 MiB, 0 %, 0 %, 20.66 W
2026/04/02 11:35:03.317, 0 MiB, 97887 MiB, 0 %, 0 %, 20.89 W
2026/04/02 11:35:05.317, 0 MiB, 97887 MiB, 0 %, 0 %, 21.03 W
2026/04/02 11:35:07.318, 0 MiB, 97887 MiB, 0 %, 0 %, 20.79 W
2026/04/02 11:35:09.318, 0 MiB, 97887 MiB, 0 %, 0 %, 21.03 W
2026/04/02 11:35:11.319, 0 MiB, 97887 MiB, 0 %, 0 %, 20.95 W
2026/04/02 11:35:13.320, 0 MiB, 97887 MiB, 0 %, 0 %, 20.90 W
2026/04/02 11:35:15.320, 0 MiB, 97887 MiB, 0 %, 0 %, 20.79 W
2026/04/02 11:35:17.321, 0 MiB, 97887 MiB, 0 %, 0 %, 21.06 W
2026/04/02 11:35:19.322, 0 MiB, 97887 MiB, 0 %, 0 %, 21.18 W
2026/04/02 11:35:21.323, 0 MiB, 97887 MiB, 0 %, 0 %, 20.99 W
2026/04/02 11:35:23.324, 0 MiB, 97887 MiB, 0 %, 0 %, 20.80 W
2026/04/02 11:35:25.325, 0 MiB, 97887 MiB, 0 %, 0 %, 20.93 W
2026/04/02 11:35:27.326, 0 MiB, 97887 MiB, 0 %, 0 %, 21.22 W
2026/04/02 11:35:29.326, 0 MiB, 97887 MiB, 0 %, 0 %, 21.24 W
2026/04/02 11:35:31.327, 0 MiB, 97887 MiB, 0 %, 0 %, 21.06 W
2026/04/02 11:35:33.328, 0 MiB, 97887 MiB, 0 %, 0 %, 20.98 W
2026/04/02 11:35:35.329, 0 MiB, 97887 MiB, 0 %, 0 %, 20.84 W
2026/04/02 11:35:37.330, 0 MiB, 97887 MiB, 0 %, 0 %, 20.99 W
2026/04/02 11:35:39.330, 0 MiB, 97887 MiB, 0 %, 0 %, 20.84 W
2026/04/02 11:35:41.331, 0 MiB, 97887 MiB, 0 %, 0 %, 20.94 W
2026/04/02 11:35:43.332, 0 MiB, 97887 MiB, 0 %, 0 %, 21.44 W
2026/04/02 11:35:45.333, 0 MiB, 97887 MiB, 0 %, 0 %, 21.41 W
2026/04/02 11:35:47.333, 0 MiB, 97887 MiB, 0 %, 0 %, 21.29 W
2026/04/02 11:35:49.334, 0 MiB, 97887 MiB, 0 %, 0 %, 21.03 W
2026/04/02 11:35:51.334, 0 MiB, 97887 MiB, 0 %, 0 %, 20.85 W
2026/04/02 11:35:53.335, 0 MiB, 97887 MiB, 0 %, 0 %, 21.38 W
2026/04/02 11:35:55.336, 0 MiB, 97887 MiB, 0 %, 0 %, 21.22 W
2026/04/02 11:35:57.337, 0 MiB, 97887 MiB, 0 %, 0 %, 21.45 W
2026/04/02 11:35:59.337, 0 MiB, 97887 MiB, 0 %, 0 %, 21.06 W
2026/04/02 11:36:01.338, 0 MiB, 97887 MiB, 0 %, 0 %, 21.00 W
2026/04/02 11:36:03.339, 0 MiB, 97887 MiB, 0 %, 0 %, 20.78 W
2026/04/02 11:36:05.340, 0 MiB, 97887 MiB, 0 %, 0 %, 21.08 W
2026/04/02 11:36:07.341, 0 MiB, 97887 MiB, 0 %, 0 %, 20.99 W
2026/04/02 11:36:09.342, 0 MiB, 97887 MiB, 0 %, 0 %, 20.91 W
2026/04/02 11:36:11.342, 0 MiB, 97887 MiB, 0 %, 0 %, 21.34 W
2026/04/02 11:36:13.343, 0 MiB, 97887 MiB, 0 %, 0 %, 21.10 W
2026/04/02 11:36:15.344, 0 MiB, 97887 MiB, 0 %, 0 %, 21.05 W
2026/04/02 11:36:17.345, 0 MiB, 97887 MiB, 0 %, 0 %, 21.20 W
2026/04/02 11:36:19.346, 0 MiB, 97887 MiB, 0 %, 0 %, 21.26 W
2026/04/02 11:36:21.346, 0 MiB, 97887 MiB, 0 %, 0 %, 21.57 W
2026/04/02 11:36:23.347, 0 MiB, 97887 MiB, 0 %, 0 %, 21.22 W
2026/04/02 11:36:25.347, 0 MiB, 97887 MiB, 0 %, 0 %, 21.11 W
2026/04/02 11:36:27.348, 0 MiB, 97887 MiB, 0 %, 0 %, 21.13 W
2026/04/02 11:36:29.348, 0 MiB, 97887 MiB, 0 %, 0 %, 21.11 W
2026/04/02 11:36:31.349, 0 MiB, 97887 MiB, 0 %, 0 %, 21.50 W
2026/04/02 11:36:33.349, 0 MiB, 97887 MiB, 0 %, 0 %, 21.55 W
2026/04/02 11:36:35.350, 0 MiB, 97887 MiB, 0 %, 0 %, 21.44 W
2026/04/02 11:36:37.351, 0 MiB, 97887 MiB, 0 %, 0 %, 21.69 W
2026/04/02 11:36:39.351, 0 MiB, 97887 MiB, 0 %, 0 %, 21.74 W
2026/04/02 11:36:41.352, 0 MiB, 97887 MiB, 0 %, 0 %, 21.44 W
2026/04/02 11:36:43.352, 0 MiB, 97887 MiB, 0 %, 0 %, 21.00 W
2026/04/02 11:36:45.353, 0 MiB, 97887 MiB, 0 %, 0 %, 21.40 W
2026/04/02 11:36:47.354, 0 MiB, 97887 MiB, 0 %, 0 %, 21.68 W
2026/04/02 11:36:49.354, 0 MiB, 97887 MiB, 0 %, 0 %, 21.55 W
2026/04/02 11:36:51.355, 0 MiB, 97887 MiB, 0 %, 0 %, 21.83 W
2026/04/02 11:36:53.356, 0 MiB, 97887 MiB, 0 %, 0 %, 21.38 W
2026/04/02 11:36:55.357, 0 MiB, 97887 MiB, 0 %, 0 %, 21.43 W
2026/04/02 11:36:57.358, 0 MiB, 97887 MiB, 0 %, 0 %, 21.36 W
2026/04/02 11:36:59.359, 0 MiB, 97887 MiB, 0 %, 0 %, 21.41 W
2026/04/02 11:37:01.360, 0 MiB, 97887 MiB, 0 %, 0 %, 21.03 W
2026/04/02 11:37:03.360, 0 MiB, 97887 MiB, 0 %, 0 %, 21.42 W
2026/04/02 11:37:05.360, 0 MiB, 97887 MiB, 0 %, 0 %, 21.61 W
2026/04/02 11:37:07.361, 0 MiB, 97887 MiB, 0 %, 0 %, 21.60 W
2026/04/02 11:37:09.362, 0 MiB, 97887 MiB, 0 %, 0 %, 21.66 W
2026/04/02 11:37:11.363, 0 MiB, 97887 MiB, 0 %, 0 %, 21.46 W
2026/04/02 11:37:13.363, 0 MiB, 97887 MiB, 0 %, 0 %, 21.77 W
2026/04/02 11:37:15.364, 0 MiB, 97887 MiB, 0 %, 0 %, 21.89 W
2026/04/02 11:37:17.365, 0 MiB, 97887 MiB, 0 %, 0 %, 21.72 W
2026/04/02 11:37:19.366, 0 MiB, 97887 MiB, 0 %, 0 %, 21.81 W
2026/04/02 11:37:21.367, 0 MiB, 97887 MiB, 0 %, 0 %, 21.36 W
2026/04/02 11:37:23.367, 0 MiB, 97887 MiB, 0 %, 0 %, 21.04 W
2026/04/02 11:37:25.368, 0 MiB, 97887 MiB, 0 %, 0 %, 20.96 W
2026/04/02 11:37:27.368, 0 MiB, 97887 MiB, 0 %, 0 %, 20.90 W
2026/04/02 11:37:29.369, 0 MiB, 97887 MiB, 0 %, 0 %, 21.01 W
2026/04/02 11:37:31.370, 0 MiB, 97887 MiB, 0 %, 0 %, 21.40 W
2026/04/02 11:37:33.371, 0 MiB, 97887 MiB, 0 %, 0 %, 21.13 W
2026/04/02 11:37:35.371, 0 MiB, 97887 MiB, 0 %, 0 %, 21.18 W
2026/04/02 11:37:37.372, 0 MiB, 97887 MiB, 0 %, 0 %, 21.19 W
2026/04/02 11:37:39.372, 0 MiB, 97887 MiB, 0 %, 0 %, 21.86 W
2026/04/02 11:37:41.373, 0 MiB, 97887 MiB, 0 %, 0 %, 21.58 W
2026/04/02 11:37:43.373, 0 MiB, 97887 MiB, 0 %, 0 %, 21.38 W
2026/04/02 11:37:45.374, 0 MiB, 97887 MiB, 0 %, 0 %, 21.46 W
2026/04/02 11:37:47.374, 0 MiB, 97887 MiB, 0 %, 0 %, 21.60 W
2026/04/02 11:37:49.375, 0 MiB, 97887 MiB, 0 %, 0 %, 21.60 W
2026/04/02 11:37:51.375, 0 MiB, 97887 MiB, 0 %, 0 %, 21.15 W
2026/04/02 11:37:53.376, 0 MiB, 97887 MiB, 0 %, 0 %, 21.31 W
2026/04/02 11:37:55.376, 0 MiB, 97887 MiB, 0 %, 0 %, 21.55 W
2026/04/02 11:37:57.377, 0 MiB, 97887 MiB, 0 %, 0 %, 21.34 W
2026/04/02 11:37:59.377, 0 MiB, 97887 MiB, 0 %, 0 %, 21.27 W
2026/04/02 11:38:01.378, 0 MiB, 97887 MiB, 0 %, 0 %, 21.46 W
2026/04/02 11:38:03.378, 0 MiB, 97887 MiB, 0 %, 0 %, 21.60 W
2026/04/02 11:38:05.379, 0 MiB, 97887 MiB, 0 %, 0 %, 21.53 W
2026/04/02 11:38:07.379, 0 MiB, 97887 MiB, 0 %, 0 %, 21.51 W
2026/04/02 11:38:09.380, 0 MiB, 97887 MiB, 0 %, 0 %, 21.71 W
2026/04/02 11:38:11.380, 0 MiB, 97887 MiB, 0 %, 0 %, 21.67 W
2026/04/02 11:38:13.381, 0 MiB, 97887 MiB, 0 %, 0 %, 21.60 W
2026/04/02 11:38:15.381, 0 MiB, 97887 MiB, 0 %, 0 %, 21.31 W
2026/04/02 11:38:17.382, 0 MiB, 97887 MiB, 0 %, 0 %, 21.39 W
2026/04/02 11:38:19.382, 0 MiB, 97887 MiB, 0 %, 0 %, 21.63 W
2026/04/02 11:38:21.383, 0 MiB, 97887 MiB, 0 %, 0 %, 21.88 W
2026/04/02 11:38:23.383, 0 MiB, 97887 MiB, 0 %, 0 %, 21.77 W
2026/04/02 11:38:25.384, 0 MiB, 97887 MiB, 0 %, 0 %, 21.18 W
2026/04/02 11:38:27.385, 0 MiB, 97887 MiB, 0 %, 0 %, 21.32 W
2026/04/02 11:38:29.385, 0 MiB, 97887 MiB, 0 %, 0 %, 21.44 W
2026/04/02 11:38:31.386, 0 MiB, 97887 MiB, 0 %, 0 %, 21.65 W
2026/04/02 11:38:33.386, 0 MiB, 97887 MiB, 0 %, 0 %, 21.68 W
2026/04/02 11:38:35.387, 0 MiB, 97887 MiB, 0 %, 0 %, 21.49 W
2026/04/02 11:38:37.387, 0 MiB, 97887 MiB, 0 %, 0 %, 21.71 W
2026/04/02 11:38:39.388, 0 MiB, 97887 MiB, 0 %, 0 %, 22.26 W
2026/04/02 11:38:41.388, 0 MiB, 97887 MiB, 0 %, 0 %, 21.11 W
2026/04/02 11:38:43.389, 0 MiB, 97887 MiB, 0 %, 0 %, 21.45 W
2026/04/02 11:38:45.389, 0 MiB, 97887 MiB, 0 %, 0 %, 21.51 W
2026/04/02 11:38:47.390, 0 MiB, 97887 MiB, 0 %, 0 %, 21.55 W
2026/04/02 11:38:49.390, 0 MiB, 97887 MiB, 0 %, 0 %, 21.65 W
2026/04/02 11:38:51.391, 0 MiB, 97887 MiB, 0 %, 0 %, 21.31 W
2026/04/02 11:38:53.391, 0 MiB, 97887 MiB, 0 %, 0 %, 21.41 W
2026/04/02 11:38:55.392, 0 MiB, 97887 MiB, 0 %, 0 %, 21.60 W
2026/04/02 11:38:57.392, 0 MiB, 97887 MiB, 0 %, 0 %, 21.64 W
2026/04/02 11:38:59.393, 0 MiB, 97887 MiB, 0 %, 0 %, 21.57 W
2026/04/02 11:39:01.394, 0 MiB, 97887 MiB, 0 %, 0 %, 21.65 W
2026/04/02 11:39:03.394, 0 MiB, 97887 MiB, 0 %, 0 %, 21.72 W
2026/04/02 11:39:05.395, 0 MiB, 97887 MiB, 0 %, 0 %, 21.62 W
2026/04/02 11:39:07.395, 0 MiB, 97887 MiB, 0 %, 0 %, 21.59 W
2026/04/02 11:39:09.396, 0 MiB, 97887 MiB, 0 %, 0 %, 21.37 W
2026/04/02 11:39:11.396, 0 MiB, 97887 MiB, 0 %, 0 %, 21.38 W
2026/04/02 11:39:13.397, 0 MiB, 97887 MiB, 0 %, 0 %, 21.82 W
2026/04/02 11:39:15.398, 0 MiB, 97887 MiB, 0 %, 0 %, 21.93 W
2026/04/02 11:39:17.398, 0 MiB, 97887 MiB, 0 %, 0 %, 21.35 W
2026/04/02 11:39:19.399, 0 MiB, 97887 MiB, 0 %, 0 %, 21.49 W
2026/04/02 11:39:21.400, 0 MiB, 97887 MiB, 0 %, 0 %, 21.55 W
2026/04/02 11:39:23.400, 0 MiB, 97887 MiB, 0 %, 0 %, 21.39 W
2026/04/02 11:39:25.401, 0 MiB, 97887 MiB, 0 %, 0 %, 21.85 W
2026/04/02 11:39:27.401, 0 MiB, 97887 MiB, 0 %, 0 %, 22.14 W
2026/04/02 11:39:29.402, 0 MiB, 97887 MiB, 0 %, 0 %, 21.99 W
2026/04/02 11:39:31.402, 0 MiB, 97887 MiB, 0 %, 0 %, 21.66 W
2026/04/02 11:39:33.403, 0 MiB, 97887 MiB, 0 %, 0 %, 21.78 W
2026/04/02 11:39:35.404, 0 MiB, 97887 MiB, 0 %, 0 %, 21.91 W
2026/04/02 11:39:37.404, 0 MiB, 97887 MiB, 0 %, 0 %, 21.53 W
2026/04/02 11:39:39.405, 0 MiB, 97887 MiB, 0 %, 0 %, 21.29 W
2026/04/02 11:39:41.405, 0 MiB, 97887 MiB, 0 %, 0 %, 21.60 W
2026/04/02 11:39:43.406, 0 MiB, 97887 MiB, 0 %, 0 %, 21.73 W
2026/04/02 11:39:45.406, 0 MiB, 97887 MiB, 0 %, 0 %, 21.49 W
2026/04/02 11:39:47.407, 0 MiB, 97887 MiB, 0 %, 0 %, 21.94 W
2026/04/02 11:39:49.407, 0 MiB, 97887 MiB, 0 %, 0 %, 21.38 W
2026/04/02 11:39:51.408, 0 MiB, 97887 MiB, 0 %, 0 %, 21.42 W
2026/04/02 11:39:53.408, 0 MiB, 97887 MiB, 0 %, 0 %, 21.55 W
2026/04/02 11:39:55.409, 0 MiB, 97887 MiB, 0 %, 0 %, 21.73 W
2026/04/02 11:39:57.409, 0 MiB, 97887 MiB, 0 %, 0 %, 22.00 W
2026/04/02 11:39:59.410, 0 MiB, 97887 MiB, 0 %, 0 %, 21.90 W
2026/04/02 11:40:01.410, 0 MiB, 97887 MiB, 0 %, 0 %, 21.83 W
2026/04/02 11:40:03.411, 0 MiB, 97887 MiB, 0 %, 0 %, 21.78 W
2026/04/02 11:40:05.411, 0 MiB, 97887 MiB, 0 %, 0 %, 21.58 W
2026/04/02 11:40:07.412, 0 MiB, 97887 MiB, 0 %, 0 %, 21.71 W
2026/04/02 11:40:09.412, 0 MiB, 97887 MiB, 0 %, 0 %, 21.77 W
2026/04/02 11:40:11.412, 0 MiB, 97887 MiB, 0 %, 0 %, 21.81 W
2026/04/02 11:40:13.413, 0 MiB, 97887 MiB, 0 %, 0 %, 21.46 W
2026/04/02 11:40:15.413, 0 MiB, 97887 MiB, 0 %, 0 %, 21.44 W
2026/04/02 11:40:17.414, 0 MiB, 97887 MiB, 0 %, 0 %, 21.48 W
2026/04/02 11:40:19.414, 0 MiB, 97887 MiB, 0 %, 0 %, 21.70 W
2026/04/02 11:40:21.415, 0 MiB, 97887 MiB, 0 %, 0 %, 21.82 W
2026/04/02 11:40:23.415, 0 MiB, 97887 MiB, 0 %, 0 %, 22.04 W
2026/04/02 11:40:25.416, 0 MiB, 97887 MiB, 0 %, 0 %, 21.85 W
2026/04/02 11:40:27.417, 0 MiB, 97887 MiB, 0 %, 0 %, 21.90 W
2026/04/02 11:40:29.417, 0 MiB, 97887 MiB, 0 %, 0 %, 21.91 W
2026/04/02 11:40:31.418, 0 MiB, 97887 MiB, 0 %, 0 %, 21.96 W
2026/04/02 11:40:33.418, 0 MiB, 97887 MiB, 0 %, 0 %, 21.88 W
2026/04/02 11:40:35.419, 0 MiB, 97887 MiB, 0 %, 0 %, 22.02 W
2026/04/02 11:40:37.419, 0 MiB, 97887 MiB, 0 %, 0 %, 21.86 W
2026/04/02 11:40:39.420, 0 MiB, 97887 MiB, 0 %, 0 %, 21.89 W
2026/04/02 11:40:41.420, 0 MiB, 97887 MiB, 0 %, 0 %, 21.82 W
2026/04/02 11:40:43.421, 0 MiB, 97887 MiB, 0 %, 0 %, 22.37 W
2026/04/02 11:40:45.422, 0 MiB, 97887 MiB, 0 %, 0 %, 22.02 W
2026/04/02 11:40:47.422, 0 MiB, 97887 MiB, 0 %, 0 %, 21.71 W
2026/04/02 11:40:49.423, 0 MiB, 97887 MiB, 0 %, 0 %, 21.29 W
2026/04/02 11:40:51.423, 0 MiB, 97887 MiB, 0 %, 0 %, 21.42 W
2026/04/02 11:40:53.424, 0 MiB, 97887 MiB, 0 %, 0 %, 21.08 W
2026/04/02 11:40:55.424, 0 MiB, 97887 MiB, 0 %, 0 %, 21.38 W
2026/04/02 11:40:57.425, 0 MiB, 97887 MiB, 0 %, 0 %, 21.63 W
2026/04/02 11:40:59.425, 0 MiB, 97887 MiB, 0 %, 0 %, 21.56 W
2026/04/02 11:41:01.425, 0 MiB, 97887 MiB, 0 %, 0 %, 21.95 W
2026/04/02 11:41:03.426, 0 MiB, 97887 MiB, 0 %, 0 %, 21.97 W
2026/04/02 11:41:05.426, 0 MiB, 97887 MiB, 0 %, 0 %, 21.71 W
2026/04/02 11:41:07.427, 0 MiB, 97887 MiB, 0 %, 0 %, 21.55 W
2026/04/02 11:41:09.427, 0 MiB, 97887 MiB, 0 %, 0 %, 21.79 W
2026/04/02 11:41:11.428, 0 MiB, 97887 MiB, 0 %, 0 %, 21.84 W
2026/04/02 11:41:13.428, 0 MiB, 97887 MiB, 0 %, 0 %, 21.58 W
2026/04/02 11:41:15.429, 0 MiB, 97887 MiB, 0 %, 0 %, 21.56 W
2026/04/02 11:41:17.429, 0 MiB, 97887 MiB, 0 %, 0 %, 21.76 W
2026/04/02 11:41:19.430, 0 MiB, 97887 MiB, 0 %, 0 %, 21.93 W
2026/04/02 11:41:21.430, 0 MiB, 97887 MiB, 0 %, 0 %, 21.56 W
2026/04/02 11:41:23.431, 0 MiB, 97887 MiB, 0 %, 0 %, 21.81 W
2026/04/02 11:41:25.431, 0 MiB, 97887 MiB, 0 %, 0 %, 21.72 W
2026/04/02 11:41:27.432, 0 MiB, 97887 MiB, 0 %, 0 %, 21.68 W
2026/04/02 11:41:29.433, 0 MiB, 97887 MiB, 0 %, 0 %, 21.81 W
2026/04/02 11:41:31.433, 0 MiB, 97887 MiB, 0 %, 0 %, 21.28 W
2026/04/02 11:41:33.434, 0 MiB, 97887 MiB, 0 %, 0 %, 21.25 W
2026/04/02 11:41:35.435, 0 MiB, 97887 MiB, 0 %, 0 %, 21.53 W
2026/04/02 11:41:37.435, 0 MiB, 97887 MiB, 0 %, 0 %, 21.01 W
2026/04/02 11:41:39.436, 0 MiB, 97887 MiB, 0 %, 0 %, 20.94 W
2026/04/02 11:41:41.437, 0 MiB, 97887 MiB, 0 %, 0 %, 21.75 W
2026/04/02 11:41:43.437, 0 MiB, 97887 MiB, 0 %, 0 %, 21.25 W
2026/04/02 11:41:45.438, 0 MiB, 97887 MiB, 0 %, 0 %, 21.30 W
2026/04/02 11:41:47.438, 0 MiB, 97887 MiB, 0 %, 0 %, 21.64 W
2026/04/02 11:41:49.438, 0 MiB, 97887 MiB, 0 %, 0 %, 21.81 W
2026/04/02 11:41:51.439, 0 MiB, 97887 MiB, 0 %, 0 %, 21.81 W
2026/04/02 11:41:53.439, 0 MiB, 97887 MiB, 0 %, 0 %, 21.88 W
2026/04/02 11:41:55.440, 0 MiB, 97887 MiB, 0 %, 0 %, 21.82 W
2026/04/02 11:41:57.440, 0 MiB, 97887 MiB, 0 %, 0 %, 21.25 W
2026/04/02 11:41:59.441, 0 MiB, 97887 MiB, 0 %, 0 %, 21.70 W
2026/04/02 11:42:01.441, 0 MiB, 97887 MiB, 0 %, 0 %, 21.82 W
2026/04/02 11:42:03.442, 0 MiB, 97887 MiB, 0 %, 0 %, 22.01 W
2026/04/02 11:42:05.442, 0 MiB, 97887 MiB, 0 %, 0 %, 21.37 W
2026/04/02 11:42:07.442, 0 MiB, 97887 MiB, 0 %, 0 %, 21.42 W
2026/04/02 11:42:09.443, 0 MiB, 97887 MiB, 0 %, 0 %, 21.30 W
2026/04/02 11:42:11.443, 0 MiB, 97887 MiB, 0 %, 0 %, 21.29 W
2026/04/02 11:42:13.444, 0 MiB, 97887 MiB, 0 %, 0 %, 21.15 W
2026/04/02 11:42:15.444, 0 MiB, 97887 MiB, 0 %, 0 %, 21.08 W
2026/04/02 11:42:17.445, 0 MiB, 97887 MiB, 0 %, 0 %, 20.73 W
2026/04/02 11:42:19.445, 0 MiB, 97887 MiB, 0 %, 0 %, 21.01 W
2026/04/02 11:42:21.446, 0 MiB, 97887 MiB, 0 %, 0 %, 21.12 W
2026/04/02 11:42:23.446, 0 MiB, 97887 MiB, 0 %, 0 %, 21.31 W
2026/04/02 11:42:25.446, 0 MiB, 97887 MiB, 0 %, 0 %, 21.61 W
2026/04/02 11:42:27.447, 0 MiB, 97887 MiB, 0 %, 0 %, 21.51 W
2026/04/02 11:42:29.447, 0 MiB, 97887 MiB, 0 %, 0 %, 21.88 W
2026/04/02 11:42:31.448, 0 MiB, 97887 MiB, 0 %, 0 %, 20.98 W
2026/04/02 11:42:33.448, 0 MiB, 97887 MiB, 0 %, 0 %, 20.93 W
2026/04/02 11:42:35.449, 0 MiB, 97887 MiB, 0 %, 0 %, 21.05 W
2026/04/02 11:42:37.450, 0 MiB, 97887 MiB, 0 %, 0 %, 21.28 W
2026/04/02 11:42:39.451, 0 MiB, 97887 MiB, 0 %, 0 %, 20.96 W
2026/04/02 11:42:41.451, 0 MiB, 97887 MiB, 0 %, 0 %, 21.09 W
2026/04/02 11:42:43.452, 0 MiB, 97887 MiB, 0 %, 0 %, 21.34 W
2026/04/02 11:42:45.453, 0 MiB, 97887 MiB, 0 %, 0 %, 21.24 W
2026/04/02 11:42:47.453, 0 MiB, 97887 MiB, 0 %, 0 %, 20.95 W
2026/04/02 11:42:49.454, 0 MiB, 97887 MiB, 0 %, 0 %, 20.95 W
2026/04/02 11:42:51.455, 0 MiB, 97887 MiB, 0 %, 0 %, 21.05 W
2026/04/02 11:42:53.455, 0 MiB, 97887 MiB, 0 %, 0 %, 20.97 W
2026/04/02 11:42:55.456, 0 MiB, 97887 MiB, 0 %, 0 %, 20.82 W
2026/04/02 11:42:57.457, 0 MiB, 97887 MiB, 0 %, 0 %, 20.54 W
2026/04/02 11:42:59.457, 0 MiB, 97887 MiB, 0 %, 0 %, 20.58 W
2026/04/02 11:43:01.458, 0 MiB, 97887 MiB, 0 %, 0 %, 20.98 W
2026/04/02 11:43:03.458, 0 MiB, 97887 MiB, 0 %, 0 %, 21.07 W
2026/04/02 11:43:05.459, 0 MiB, 97887 MiB, 0 %, 0 %, 20.83 W
2026/04/02 11:43:07.459, 0 MiB, 97887 MiB, 0 %, 0 %, 20.88 W
2026/04/02 11:43:09.460, 0 MiB, 97887 MiB, 0 %, 0 %, 20.73 W
2026/04/02 11:43:11.460, 0 MiB, 97887 MiB, 0 %, 0 %, 20.64 W
2026/04/02 11:43:13.461, 0 MiB, 97887 MiB, 0 %, 0 %, 20.49 W
2026/04/02 11:43:15.462, 0 MiB, 97887 MiB, 0 %, 0 %, 20.55 W
2026/04/02 11:43:17.462, 0 MiB, 97887 MiB, 0 %, 0 %, 20.60 W
2026/04/02 11:43:19.462, 0 MiB, 97887 MiB, 0 %, 0 %, 20.49 W
2026/04/02 11:43:21.463, 0 MiB, 97887 MiB, 0 %, 0 %, 20.10 W
2026/04/02 11:43:23.463, 0 MiB, 97887 MiB, 0 %, 0 %, 20.40 W
2026/04/02 11:43:25.464, 0 MiB, 97887 MiB, 0 %, 0 %, 20.35 W
2026/04/02 11:43:27.464, 0 MiB, 97887 MiB, 0 %, 0 %, 20.31 W
2026/04/02 11:43:29.465, 0 MiB, 97887 MiB, 0 %, 0 %, 20.35 W
2026/04/02 11:43:31.466, 0 MiB, 97887 MiB, 0 %, 0 %, 20.21 W
2026/04/02 11:43:33.466, 0 MiB, 97887 MiB, 0 %, 0 %, 20.45 W
2026/04/02 11:43:35.467, 0 MiB, 97887 MiB, 0 %, 0 %, 20.26 W
2026/04/02 11:43:37.467, 0 MiB, 97887 MiB, 0 %, 0 %, 20.67 W
2026/04/02 11:43:39.468, 0 MiB, 97887 MiB, 0 %, 0 %, 20.98 W
2026/04/02 11:43:41.469, 0 MiB, 97887 MiB, 0 %, 0 %, 21.11 W
2026/04/02 11:43:43.469, 0 MiB, 97887 MiB, 0 %, 0 %, 21.37 W
2026/04/02 11:43:45.470, 0 MiB, 97887 MiB, 0 %, 0 %, 21.51 W
2026/04/02 11:43:47.470, 0 MiB, 97887 MiB, 0 %, 0 %, 21.66 W
2026/04/02 11:43:49.471, 0 MiB, 97887 MiB, 0 %, 0 %, 21.70 W
2026/04/02 11:43:51.472, 0 MiB, 97887 MiB, 0 %, 0 %, 21.38 W
2026/04/02 11:43:53.473, 0 MiB, 97887 MiB, 0 %, 0 %, 21.81 W
2026/04/02 11:43:55.473, 0 MiB, 97887 MiB, 0 %, 0 %, 21.65 W
2026/04/02 11:43:57.474, 0 MiB, 97887 MiB, 0 %, 0 %, 21.38 W
2026/04/02 11:43:59.475, 0 MiB, 97887 MiB, 0 %, 0 %, 21.38 W
2026/04/02 11:44:01.476, 0 MiB, 97887 MiB, 0 %, 0 %, 21.36 W
2026/04/02 11:44:03.477, 0 MiB, 97887 MiB, 0 %, 0 %, 21.10 W
2026/04/02 11:44:05.477, 0 MiB, 97887 MiB, 0 %, 0 %, 21.45 W
2026/04/02 11:44:07.477, 0 MiB, 97887 MiB, 0 %, 0 %, 21.54 W
2026/04/02 11:44:09.478, 0 MiB, 97887 MiB, 0 %, 0 %, 21.80 W
2026/04/02 11:44:11.479, 0 MiB, 97887 MiB, 0 %, 0 %, 21.91 W
2026/04/02 11:44:13.479, 0 MiB, 97887 MiB, 0 %, 0 %, 21.72 W
2026/04/02 11:44:15.480, 0 MiB, 97887 MiB, 0 %, 0 %, 21.40 W
2026/04/02 11:44:17.480, 0 MiB, 97887 MiB, 0 %, 0 %, 21.57 W
2026/04/02 11:44:19.481, 0 MiB, 97887 MiB, 0 %, 0 %, 21.36 W
2026/04/02 11:44:21.482, 0 MiB, 97887 MiB, 0 %, 0 %, 21.45 W
2026/04/02 11:44:23.482, 0 MiB, 97887 MiB, 0 %, 0 %, 21.42 W
2026/04/02 11:44:25.482, 0 MiB, 97887 MiB, 0 %, 0 %, 21.30 W
2026/04/02 11:44:27.483, 0 MiB, 97887 MiB, 0 %, 0 %, 21.44 W
2026/04/02 11:44:29.484, 0 MiB, 97887 MiB, 0 %, 0 %, 21.66 W
2026/04/02 11:44:31.484, 0 MiB, 97887 MiB, 0 %, 0 %, 22.11 W
2026/04/02 11:44:33.485, 0 MiB, 97887 MiB, 0 %, 0 %, 21.87 W
2026/04/02 11:44:35.485, 0 MiB, 97887 MiB, 0 %, 0 %, 22.34 W
2026/04/02 11:44:37.486, 0 MiB, 97887 MiB, 0 %, 0 %, 21.77 W
2026/04/02 11:44:39.487, 0 MiB, 97887 MiB, 0 %, 0 %, 21.89 W
2026/04/02 11:44:41.487, 0 MiB, 97887 MiB, 0 %, 0 %, 21.75 W
2026/04/02 11:44:43.488, 0 MiB, 97887 MiB, 0 %, 0 %, 21.51 W
2026/04/02 11:44:45.489, 0 MiB, 97887 MiB, 0 %, 0 %, 21.48 W
2026/04/02 11:44:47.489, 0 MiB, 97887 MiB, 0 %, 0 %, 21.64 W
2026/04/02 11:44:49.490, 0 MiB, 97887 MiB, 0 %, 0 %, 21.56 W
2026/04/02 11:44:51.491, 0 MiB, 97887 MiB, 0 %, 0 %, 21.41 W
2026/04/02 11:44:53.491, 0 MiB, 97887 MiB, 0 %, 0 %, 20.91 W
2026/04/02 11:44:55.492, 0 MiB, 97887 MiB, 0 %, 0 %, 20.96 W
2026/04/02 11:44:57.492, 0 MiB, 97887 MiB, 0 %, 0 %, 21.23 W
2026/04/02 11:44:59.492, 0 MiB, 97887 MiB, 0 %, 0 %, 21.32 W
2026/04/02 11:45:01.493, 0 MiB, 97887 MiB, 0 %, 0 %, 21.40 W
2026/04/02 11:45:03.493, 0 MiB, 97887 MiB, 0 %, 0 %, 21.55 W
2026/04/02 11:45:05.494, 0 MiB, 97887 MiB, 0 %, 0 %, 21.14 W
2026/04/02 11:45:07.495, 0 MiB, 97887 MiB, 0 %, 0 %, 21.54 W
2026/04/02 11:45:09.495, 0 MiB, 97887 MiB, 0 %, 0 %, 21.40 W
2026/04/02 11:45:11.496, 0 MiB, 97887 MiB, 0 %, 0 %, 21.22 W
2026/04/02 11:45:13.496, 0 MiB, 97887 MiB, 0 %, 0 %, 21.08 W
2026/04/02 11:45:15.497, 0 MiB, 97887 MiB, 0 %, 0 %, 21.67 W
2026/04/02 11:45:17.498, 0 MiB, 97887 MiB, 0 %, 0 %, 21.47 W
2026/04/02 11:45:19.498, 0 MiB, 97887 MiB, 0 %, 0 %, 21.32 W
2026/04/02 11:45:21.499, 0 MiB, 97887 MiB, 0 %, 0 %, 21.58 W
2026/04/02 11:45:23.500, 0 MiB, 97887 MiB, 0 %, 0 %, 21.52 W
2026/04/02 11:45:25.501, 0 MiB, 97887 MiB, 0 %, 0 %, 21.72 W
2026/04/02 11:45:27.502, 0 MiB, 97887 MiB, 0 %, 0 %, 21.51 W
2026/04/02 11:45:29.502, 0 MiB, 97887 MiB, 0 %, 0 %, 21.54 W
2026/04/02 11:45:31.503, 0 MiB, 97887 MiB, 0 %, 0 %, 21.91 W
2026/04/02 11:45:33.504, 0 MiB, 97887 MiB, 0 %, 0 %, 21.64 W
2026/04/02 11:45:35.504, 0 MiB, 97887 MiB, 0 %, 0 %, 21.57 W
2026/04/02 11:45:37.504, 0 MiB, 97887 MiB, 0 %, 0 %, 21.29 W
2026/04/02 11:45:39.505, 0 MiB, 97887 MiB, 0 %, 0 %, 21.13 W
2026/04/02 11:45:41.506, 0 MiB, 97887 MiB, 0 %, 0 %, 21.22 W
2026/04/02 11:45:43.506, 0 MiB, 97887 MiB, 0 %, 0 %, 21.22 W
2026/04/02 11:45:45.507, 0 MiB, 97887 MiB, 0 %, 0 %, 21.27 W
2026/04/02 11:45:47.507, 0 MiB, 97887 MiB, 0 %, 0 %, 21.47 W
2026/04/02 11:45:49.508, 0 MiB, 97887 MiB, 0 %, 0 %, 21.25 W
2026/04/02 11:45:51.509, 0 MiB, 97887 MiB, 0 %, 0 %, 21.53 W
2026/04/02 11:45:53.510, 0 MiB, 97887 MiB, 0 %, 0 %, 21.76 W
2026/04/02 11:45:55.510, 0 MiB, 97887 MiB, 0 %, 0 %, 21.43 W
2026/04/02 11:45:57.510, 0 MiB, 97887 MiB, 0 %, 0 %, 21.05 W
2026/04/02 11:45:59.511, 0 MiB, 97887 MiB, 0 %, 0 %, 21.12 W
2026/04/02 11:46:01.511, 0 MiB, 97887 MiB, 0 %, 0 %, 21.26 W
2026/04/02 11:46:03.511, 0 MiB, 97887 MiB, 0 %, 0 %, 21.42 W
2026/04/02 11:46:05.512, 0 MiB, 97887 MiB, 0 %, 0 %, 21.26 W
2026/04/02 11:46:07.512, 0 MiB, 97887 MiB, 0 %, 0 %, 21.02 W
2026/04/02 11:46:09.513, 0 MiB, 97887 MiB, 0 %, 0 %, 20.90 W
2026/04/02 11:46:11.513, 0 MiB, 97887 MiB, 0 %, 0 %, 21.20 W
2026/04/02 11:46:13.514, 0 MiB, 97887 MiB, 0 %, 0 %, 20.96 W
2026/04/02 11:46:15.515, 0 MiB, 97887 MiB, 0 %, 0 %, 21.17 W
2026/04/02 11:46:17.515, 0 MiB, 97887 MiB, 0 %, 0 %, 20.43 W
2026/04/02 11:46:19.516, 0 MiB, 97887 MiB, 0 %, 0 %, 21.07 W
2026/04/02 11:46:21.516, 0 MiB, 97887 MiB, 0 %, 0 %, 20.90 W
2026/04/02 11:46:23.517, 0 MiB, 97887 MiB, 0 %, 0 %, 21.08 W
2026/04/02 11:46:25.517, 0 MiB, 97887 MiB, 0 %, 0 %, 20.52 W
2026/04/02 11:46:27.518, 0 MiB, 97887 MiB, 0 %, 0 %, 21.14 W
2026/04/02 11:46:29.518, 0 MiB, 97887 MiB, 0 %, 0 %, 21.36 W
2026/04/02 11:46:31.519, 0 MiB, 97887 MiB, 0 %, 0 %, 21.14 W
2026/04/02 11:46:33.519, 0 MiB, 97887 MiB, 0 %, 0 %, 21.26 W
2026/04/02 11:46:35.519, 0 MiB, 97887 MiB, 0 %, 0 %, 21.41 W
2026/04/02 11:46:37.520, 0 MiB, 97887 MiB, 0 %, 0 %, 21.03 W
2026/04/02 11:46:39.521, 0 MiB, 97887 MiB, 0 %, 0 %, 21.32 W
2026/04/02 11:46:41.521, 0 MiB, 97887 MiB, 0 %, 0 %, 21.33 W
2026/04/02 11:46:43.521, 0 MiB, 97887 MiB, 0 %, 0 %, 21.58 W
2026/04/02 11:46:45.522, 0 MiB, 97887 MiB, 0 %, 0 %, 21.58 W
2026/04/02 11:46:47.523, 0 MiB, 97887 MiB, 0 %, 0 %, 21.36 W
2026/04/02 11:46:49.523, 0 MiB, 97887 MiB, 0 %, 0 %, 21.50 W
2026/04/02 11:46:51.524, 0 MiB, 97887 MiB, 0 %, 0 %, 21.37 W
2026/04/02 11:46:53.525, 0 MiB, 97887 MiB, 0 %, 0 %, 21.44 W
2026/04/02 11:46:55.525, 0 MiB, 97887 MiB, 0 %, 0 %, 21.45 W
2026/04/02 11:46:57.526, 0 MiB, 97887 MiB, 0 %, 0 %, 21.47 W
2026/04/02 11:46:59.526, 0 MiB, 97887 MiB, 0 %, 0 %, 21.24 W
2026/04/02 11:47:01.527, 0 MiB, 97887 MiB, 0 %, 0 %, 21.54 W
2026/04/02 11:47:03.528, 0 MiB, 97887 MiB, 0 %, 0 %, 21.63 W
2026/04/02 11:47:05.528, 0 MiB, 97887 MiB, 0 %, 0 %, 21.71 W
2026/04/02 11:47:07.529, 0 MiB, 97887 MiB, 0 %, 0 %, 21.67 W
2026/04/02 11:47:09.530, 0 MiB, 97887 MiB, 0 %, 0 %, 21.94 W
2026/04/02 11:47:11.530, 0 MiB, 97887 MiB, 0 %, 0 %, 22.02 W
2026/04/02 11:47:13.531, 0 MiB, 97887 MiB, 0 %, 0 %, 21.70 W
2026/04/02 11:47:15.531, 0 MiB, 97887 MiB, 0 %, 0 %, 21.41 W
2026/04/02 11:47:17.531, 0 MiB, 97887 MiB, 0 %, 0 %, 21.39 W
2026/04/02 11:47:19.532, 0 MiB, 97887 MiB, 0 %, 0 %, 21.18 W
2026/04/02 11:47:21.533, 0 MiB, 97887 MiB, 0 %, 0 %, 21.42 W
2026/04/02 11:47:23.533, 0 MiB, 97887 MiB, 0 %, 0 %, 21.28 W
2026/04/02 11:47:25.534, 0 MiB, 97887 MiB, 0 %, 0 %, 21.54 W
2026/04/02 11:47:27.534, 0 MiB, 97887 MiB, 0 %, 0 %, 21.55 W
2026/04/02 11:47:29.535, 0 MiB, 97887 MiB, 0 %, 0 %, 21.69 W
2026/04/02 11:47:31.536, 0 MiB, 97887 MiB, 0 %, 0 %, 21.06 W
2026/04/02 11:47:33.537, 0 MiB, 97887 MiB, 0 %, 0 %, 20.71 W
2026/04/02 11:47:35.537, 0 MiB, 97887 MiB, 0 %, 0 %, 21.03 W
2026/04/02 11:47:37.538, 0 MiB, 97887 MiB, 0 %, 0 %, 20.96 W
2026/04/02 11:47:39.538, 0 MiB, 97887 MiB, 0 %, 0 %, 20.60 W
2026/04/02 11:47:41.539, 0 MiB, 97887 MiB, 0 %, 0 %, 21.20 W
2026/04/02 11:47:43.540, 0 MiB, 97887 MiB, 0 %, 0 %, 20.75 W
2026/04/02 11:47:45.540, 0 MiB, 97887 MiB, 0 %, 0 %, 20.98 W
2026/04/02 11:47:47.540, 0 MiB, 97887 MiB, 0 %, 0 %, 21.31 W
2026/04/02 11:47:49.541, 0 MiB, 97887 MiB, 0 %, 0 %, 20.70 W
2026/04/02 11:47:51.541, 0 MiB, 97887 MiB, 0 %, 0 %, 20.59 W
2026/04/02 11:47:53.541, 0 MiB, 97887 MiB, 0 %, 0 %, 21.00 W
2026/04/02 11:47:55.542, 0 MiB, 97887 MiB, 0 %, 0 %, 21.13 W
2026/04/02 11:47:57.542, 0 MiB, 97887 MiB, 0 %, 0 %, 21.18 W
2026/04/02 11:47:59.542, 0 MiB, 97887 MiB, 0 %, 0 %, 21.20 W
2026/04/02 11:48:01.543, 0 MiB, 97887 MiB, 0 %, 0 %, 21.21 W
2026/04/02 11:48:03.543, 0 MiB, 97887 MiB, 0 %, 0 %, 21.42 W
2026/04/02 11:48:05.544, 0 MiB, 97887 MiB, 0 %, 0 %, 21.48 W
2026/04/02 11:48:07.544, 0 MiB, 97887 MiB, 0 %, 0 %, 21.82 W
2026/04/02 11:48:09.545, 0 MiB, 97887 MiB, 0 %, 0 %, 21.72 W
2026/04/02 11:48:11.545, 0 MiB, 97887 MiB, 0 %, 0 %, 21.95 W
2026/04/02 11:48:13.546, 0 MiB, 97887 MiB, 0 %, 0 %, 21.70 W
2026/04/02 11:48:15.546, 0 MiB, 97887 MiB, 0 %, 0 %, 21.51 W
2026/04/02 11:48:17.547, 0 MiB, 97887 MiB, 0 %, 0 %, 21.56 W
2026/04/02 11:48:19.547, 0 MiB, 97887 MiB, 0 %, 0 %, 21.48 W
2026/04/02 11:48:21.548, 0 MiB, 97887 MiB, 0 %, 0 %, 21.67 W
2026/04/02 11:48:23.548, 0 MiB, 97887 MiB, 0 %, 0 %, 21.66 W
2026/04/02 11:48:25.549, 0 MiB, 97887 MiB, 0 %, 0 %, 21.88 W
2026/04/02 11:48:27.550, 0 MiB, 97887 MiB, 0 %, 0 %, 22.27 W
2026/04/02 11:48:29.550, 0 MiB, 97887 MiB, 0 %, 0 %, 21.45 W
2026/04/02 11:48:31.551, 0 MiB, 97887 MiB, 0 %, 0 %, 21.08 W
2026/04/02 11:48:33.552, 0 MiB, 97887 MiB, 0 %, 0 %, 20.76 W
2026/04/02 11:48:35.552, 0 MiB, 97887 MiB, 0 %, 0 %, 20.77 W
2026/04/02 11:48:37.553, 0 MiB, 97887 MiB, 0 %, 0 %, 20.79 W
2026/04/02 11:48:39.553, 0 MiB, 97887 MiB, 0 %, 0 %, 21.07 W
2026/04/02 11:48:41.554, 0 MiB, 97887 MiB, 0 %, 0 %, 21.08 W
2026/04/02 11:48:43.554, 0 MiB, 97887 MiB, 0 %, 0 %, 20.53 W
2026/04/02 11:48:45.555, 0 MiB, 97887 MiB, 0 %, 0 %, 20.72 W
2026/04/02 11:48:47.556, 0 MiB, 97887 MiB, 0 %, 0 %, 20.74 W
2026/04/02 11:48:49.557, 0 MiB, 97887 MiB, 0 %, 0 %, 21.70 W
2026/04/02 11:48:51.557, 0 MiB, 97887 MiB, 0 %, 0 %, 21.21 W
2026/04/02 11:48:53.558, 0 MiB, 97887 MiB, 0 %, 0 %, 21.01 W
2026/04/02 11:48:55.559, 0 MiB, 97887 MiB, 0 %, 0 %, 20.96 W
2026/04/02 11:48:57.559, 0 MiB, 97887 MiB, 0 %, 0 %, 21.02 W
2026/04/02 11:48:59.560, 0 MiB, 97887 MiB, 0 %, 0 %, 21.16 W
2026/04/02 11:49:01.561, 0 MiB, 97887 MiB, 0 %, 0 %, 21.19 W
2026/04/02 11:49:03.562, 0 MiB, 97887 MiB, 0 %, 0 %, 21.09 W
2026/04/02 11:49:05.562, 0 MiB, 97887 MiB, 0 %, 0 %, 20.94 W
2026/04/02 11:49:07.563, 0 MiB, 97887 MiB, 0 %, 0 %, 21.36 W
2026/04/02 11:49:09.563, 0 MiB, 97887 MiB, 0 %, 0 %, 21.38 W
2026/04/02 11:49:11.564, 0 MiB, 97887 MiB, 0 %, 0 %, 20.89 W
2026/04/02 11:49:13.564, 0 MiB, 97887 MiB, 0 %, 0 %, 20.65 W
2026/04/02 11:49:15.564, 0 MiB, 97887 MiB, 0 %, 0 %, 20.86 W
2026/04/02 11:49:17.565, 0 MiB, 97887 MiB, 0 %, 0 %, 21.24 W
2026/04/02 11:49:19.565, 0 MiB, 97887 MiB, 0 %, 0 %, 21.44 W
2026/04/02 11:49:21.566, 0 MiB, 97887 MiB, 0 %, 0 %, 21.16 W
2026/04/02 11:49:23.566, 0 MiB, 97887 MiB, 0 %, 0 %, 21.20 W
2026/04/02 11:49:25.567, 0 MiB, 97887 MiB, 0 %, 0 %, 20.75 W
2026/04/02 11:49:27.568, 0 MiB, 97887 MiB, 0 %, 0 %, 21.33 W
2026/04/02 11:49:29.569, 0 MiB, 97887 MiB, 0 %, 0 %, 20.91 W
2026/04/02 11:49:31.569, 0 MiB, 97887 MiB, 0 %, 0 %, 20.95 W
2026/04/02 11:49:33.570, 0 MiB, 97887 MiB, 0 %, 0 %, 21.17 W
2026/04/02 11:49:35.570, 0 MiB, 97887 MiB, 0 %, 0 %, 21.58 W
2026/04/02 11:49:37.571, 0 MiB, 97887 MiB, 0 %, 0 %, 21.35 W
2026/04/02 11:49:39.572, 0 MiB, 97887 MiB, 0 %, 0 %, 21.39 W
2026/04/02 11:49:41.573, 0 MiB, 97887 MiB, 0 %, 0 %, 21.27 W
2026/04/02 11:49:43.574, 0 MiB, 97887 MiB, 0 %, 0 %, 21.19 W
2026/04/02 11:49:45.575, 0 MiB, 97887 MiB, 0 %, 0 %, 21.57 W
2026/04/02 11:49:47.576, 0 MiB, 97887 MiB, 0 %, 0 %, 21.76 W
2026/04/02 11:49:49.577, 0 MiB, 97887 MiB, 0 %, 0 %, 21.38 W
2026/04/02 11:49:51.577, 0 MiB, 97887 MiB, 0 %, 0 %, 21.61 W
2026/04/02 11:49:53.577, 0 MiB, 97887 MiB, 0 %, 0 %, 21.57 W
2026/04/02 11:49:55.578, 0 MiB, 97887 MiB, 0 %, 0 %, 21.39 W
2026/04/02 11:49:57.579, 0 MiB, 97887 MiB, 0 %, 0 %, 21.35 W
2026/04/02 11:49:59.580, 0 MiB, 97887 MiB, 0 %, 0 %, 21.53 W
2026/04/02 11:50:01.581, 0 MiB, 97887 MiB, 0 %, 0 %, 21.35 W
2026/04/02 11:50:03.582, 0 MiB, 97887 MiB, 0 %, 0 %, 21.35 W
2026/04/02 11:50:05.583, 0 MiB, 97887 MiB, 0 %, 0 %, 21.63 W
2026/04/02 11:50:07.584, 0 MiB, 97887 MiB, 0 %, 0 %, 21.37 W
2026/04/02 11:50:09.585, 0 MiB, 97887 MiB, 0 %, 0 %, 21.24 W
2026/04/02 11:50:11.586, 0 MiB, 97887 MiB, 0 %, 0 %, 20.82 W
2026/04/02 11:50:13.586, 0 MiB, 97887 MiB, 0 %, 0 %, 20.65 W
2026/04/02 11:50:15.587, 0 MiB, 97887 MiB, 0 %, 0 %, 20.79 W
2026/04/02 11:50:17.588, 0 MiB, 97887 MiB, 0 %, 0 %, 21.19 W
2026/04/02 11:50:19.588, 0 MiB, 97887 MiB, 0 %, 0 %, 21.17 W
2026/04/02 11:50:21.589, 0 MiB, 97887 MiB, 0 %, 0 %, 21.07 W
2026/04/02 11:50:23.589, 0 MiB, 97887 MiB, 0 %, 0 %, 21.35 W
2026/04/02 11:50:25.590, 0 MiB, 97887 MiB, 0 %, 0 %, 21.42 W
2026/04/02 11:50:27.590, 0 MiB, 97887 MiB, 0 %, 0 %, 21.41 W
2026/04/02 11:50:29.591, 0 MiB, 97887 MiB, 0 %, 0 %, 21.36 W
2026/04/02 11:50:31.591, 0 MiB, 97887 MiB, 0 %, 0 %, 21.08 W
2026/04/02 11:50:33.592, 0 MiB, 97887 MiB, 0 %, 0 %, 21.16 W
2026/04/02 11:50:35.593, 0 MiB, 97887 MiB, 0 %, 0 %, 20.76 W
2026/04/02 11:50:37.594, 0 MiB, 97887 MiB, 0 %, 0 %, 20.97 W
2026/04/02 11:50:39.595, 0 MiB, 97887 MiB, 0 %, 0 %, 20.99 W
2026/04/02 11:50:41.595, 0 MiB, 97887 MiB, 0 %, 0 %, 21.24 W
2026/04/02 11:50:43.596, 0 MiB, 97887 MiB, 0 %, 0 %, 21.41 W
2026/04/02 11:50:45.597, 0 MiB, 97887 MiB, 0 %, 0 %, 21.25 W
2026/04/02 11:50:47.597, 0 MiB, 97887 MiB, 0 %, 0 %, 21.39 W
2026/04/02 11:50:49.598, 0 MiB, 97887 MiB, 0 %, 0 %, 21.42 W
2026/04/02 11:50:51.598, 0 MiB, 97887 MiB, 0 %, 0 %, 21.35 W
2026/04/02 11:50:53.598, 0 MiB, 97887 MiB, 0 %, 0 %, 21.02 W
2026/04/02 11:50:55.599, 0 MiB, 97887 MiB, 0 %, 0 %, 21.13 W
2026/04/02 11:50:57.600, 0 MiB, 97887 MiB, 0 %, 0 %, 20.56 W
2026/04/02 11:50:59.601, 0 MiB, 97887 MiB, 0 %, 0 %, 20.58 W
2026/04/02 11:51:01.602, 0 MiB, 97887 MiB, 0 %, 0 %, 20.70 W
2026/04/02 11:51:03.603, 0 MiB, 97887 MiB, 0 %, 0 %, 20.50 W
2026/04/02 11:51:05.603, 0 MiB, 97887 MiB, 0 %, 0 %, 20.88 W
2026/04/02 11:51:07.604, 0 MiB, 97887 MiB, 0 %, 0 %, 21.02 W
2026/04/02 11:51:09.604, 0 MiB, 97887 MiB, 0 %, 0 %, 21.02 W
2026/04/02 11:51:11.604, 0 MiB, 97887 MiB, 0 %, 0 %, 21.50 W
2026/04/02 11:51:13.605, 0 MiB, 97887 MiB, 0 %, 0 %, 20.72 W
2026/04/02 11:51:15.605, 0 MiB, 97887 MiB, 0 %, 0 %, 20.65 W
2026/04/02 11:51:17.606, 0 MiB, 97887 MiB, 0 %, 0 %, 20.49 W
2026/04/02 11:51:19.607, 0 MiB, 97887 MiB, 0 %, 0 %, 20.55 W
2026/04/02 11:51:21.607, 0 MiB, 97887 MiB, 0 %, 0 %, 20.81 W
2026/04/02 11:51:23.608, 0 MiB, 97887 MiB, 0 %, 0 %, 21.07 W
2026/04/02 11:51:25.609, 0 MiB, 97887 MiB, 0 %, 0 %, 20.97 W
2026/04/02 11:51:27.609, 0 MiB, 97887 MiB, 0 %, 0 %, 20.89 W
2026/04/02 11:51:29.609, 0 MiB, 97887 MiB, 0 %, 0 %, 20.75 W
2026/04/02 11:51:31.610, 0 MiB, 97887 MiB, 0 %, 0 %, 20.44 W
2026/04/02 11:51:33.610, 0 MiB, 97887 MiB, 0 %, 0 %, 21.15 W
2026/04/02 11:51:35.611, 0 MiB, 97887 MiB, 0 %, 0 %, 20.63 W
2026/04/02 11:51:37.611, 0 MiB, 97887 MiB, 0 %, 0 %, 20.64 W
2026/04/02 11:51:39.612, 0 MiB, 97887 MiB, 0 %, 0 %, 20.94 W
2026/04/02 11:51:41.612, 0 MiB, 97887 MiB, 0 %, 0 %, 20.97 W
2026/04/02 11:51:43.613, 0 MiB, 97887 MiB, 0 %, 0 %, 20.61 W
2026/04/02 11:51:45.614, 0 MiB, 97887 MiB, 0 %, 0 %, 20.71 W
2026/04/02 11:51:47.614, 0 MiB, 97887 MiB, 0 %, 0 %, 20.83 W
2026/04/02 11:51:49.615, 0 MiB, 97887 MiB, 0 %, 0 %, 21.07 W
2026/04/02 11:51:51.616, 0 MiB, 97887 MiB, 0 %, 0 %, 21.12 W
2026/04/02 11:51:53.617, 0 MiB, 97887 MiB, 0 %, 0 %, 20.84 W
2026/04/02 11:51:55.618, 0 MiB, 97887 MiB, 0 %, 0 %, 20.69 W
2026/04/02 11:51:57.618, 0 MiB, 97887 MiB, 0 %, 0 %, 20.86 W
2026/04/02 11:51:59.619, 0 MiB, 97887 MiB, 0 %, 0 %, 20.99 W
2026/04/02 11:52:01.619, 0 MiB, 97887 MiB, 0 %, 0 %, 21.28 W
2026/04/02 11:52:03.620, 0 MiB, 97887 MiB, 0 %, 0 %, 21.37 W
2026/04/02 11:52:05.620, 0 MiB, 97887 MiB, 0 %, 0 %, 21.25 W
2026/04/02 11:52:07.621, 0 MiB, 97887 MiB, 0 %, 0 %, 21.43 W
2026/04/02 11:52:09.622, 0 MiB, 97887 MiB, 0 %, 0 %, 21.48 W
2026/04/02 11:52:11.623, 0 MiB, 97887 MiB, 0 %, 0 %, 21.39 W
2026/04/02 11:52:13.624, 0 MiB, 97887 MiB, 0 %, 0 %, 21.19 W
2026/04/02 11:52:15.624, 0 MiB, 97887 MiB, 0 %, 0 %, 20.95 W
2026/04/02 11:52:17.625, 0 MiB, 97887 MiB, 0 %, 0 %, 21.14 W
2026/04/02 11:52:19.626, 0 MiB, 97887 MiB, 0 %, 0 %, 21.41 W
2026/04/02 11:52:21.626, 0 MiB, 97887 MiB, 0 %, 0 %, 21.18 W
2026/04/02 11:52:23.627, 0 MiB, 97887 MiB, 0 %, 0 %, 20.78 W
2026/04/02 11:52:25.628, 0 MiB, 97887 MiB, 0 %, 0 %, 20.96 W
2026/04/02 11:52:27.628, 0 MiB, 97887 MiB, 0 %, 0 %, 20.46 W
2026/04/02 11:52:29.629, 0 MiB, 97887 MiB, 0 %, 0 %, 20.71 W
2026/04/02 11:52:31.629, 0 MiB, 97887 MiB, 0 %, 0 %, 20.89 W
2026/04/02 11:52:33.629, 0 MiB, 97887 MiB, 0 %, 0 %, 20.77 W
2026/04/02 11:52:35.630, 0 MiB, 97887 MiB, 0 %, 0 %, 20.71 W
2026/04/02 11:52:37.630, 0 MiB, 97887 MiB, 0 %, 0 %, 20.75 W
2026/04/02 11:52:39.631, 0 MiB, 97887 MiB, 0 %, 0 %, 20.90 W
2026/04/02 11:52:41.631, 0 MiB, 97887 MiB, 0 %, 0 %, 21.38 W
2026/04/02 11:52:43.632, 0 MiB, 97887 MiB, 0 %, 0 %, 21.24 W
2026/04/02 11:52:45.632, 0 MiB, 97887 MiB, 0 %, 0 %, 21.09 W
2026/04/02 11:52:47.633, 0 MiB, 97887 MiB, 0 %, 0 %, 21.20 W
2026/04/02 11:52:49.633, 0 MiB, 97887 MiB, 0 %, 0 %, 21.42 W
2026/04/02 11:52:51.634, 0 MiB, 97887 MiB, 0 %, 0 %, 21.65 W
2026/04/02 11:52:53.634, 0 MiB, 97887 MiB, 0 %, 0 %, 21.06 W
2026/04/02 11:52:55.635, 0 MiB, 97887 MiB, 0 %, 0 %, 20.79 W
2026/04/02 11:52:57.635, 0 MiB, 97887 MiB, 0 %, 0 %, 20.68 W
2026/04/02 11:52:59.636, 0 MiB, 97887 MiB, 0 %, 0 %, 20.74 W
2026/04/02 11:53:01.637, 0 MiB, 97887 MiB, 0 %, 0 %, 20.74 W
2026/04/02 11:53:03.637, 0 MiB, 97887 MiB, 0 %, 0 %, 20.74 W
2026/04/02 11:53:05.638, 0 MiB, 97887 MiB, 0 %, 0 %, 21.02 W
2026/04/02 11:53:07.638, 0 MiB, 97887 MiB, 0 %, 0 %, 21.11 W
2026/04/02 11:53:09.639, 0 MiB, 97887 MiB, 0 %, 0 %, 20.68 W
2026/04/02 11:53:11.639, 0 MiB, 97887 MiB, 0 %, 0 %, 20.71 W
2026/04/02 11:53:13.640, 0 MiB, 97887 MiB, 0 %, 0 %, 20.55 W
2026/04/02 11:53:15.640, 0 MiB, 97887 MiB, 0 %, 0 %, 20.84 W
2026/04/02 11:53:17.641, 0 MiB, 97887 MiB, 0 %, 0 %, 20.77 W
2026/04/02 11:53:19.641, 0 MiB, 97887 MiB, 0 %, 0 %, 20.35 W
2026/04/02 11:53:21.642, 0 MiB, 97887 MiB, 0 %, 0 %, 20.42 W
2026/04/02 11:53:23.642, 0 MiB, 97887 MiB, 0 %, 0 %, 20.48 W
2026/04/02 11:53:25.643, 0 MiB, 97887 MiB, 0 %, 0 %, 20.32 W
2026/04/02 11:53:27.644, 0 MiB, 97887 MiB, 0 %, 0 %, 20.30 W
2026/04/02 11:53:29.645, 0 MiB, 97887 MiB, 0 %, 0 %, 20.22 W
2026/04/02 11:53:31.645, 0 MiB, 97887 MiB, 0 %, 0 %, 20.74 W
2026/04/02 11:53:33.646, 0 MiB, 97887 MiB, 0 %, 0 %, 20.48 W
2026/04/02 11:53:35.646, 0 MiB, 97887 MiB, 0 %, 0 %, 20.58 W
2026/04/02 11:53:37.647, 0 MiB, 97887 MiB, 0 %, 0 %, 20.89 W
2026/04/02 11:53:39.648, 0 MiB, 97887 MiB, 0 %, 0 %, 20.71 W
2026/04/02 11:53:41.648, 0 MiB, 97887 MiB, 0 %, 0 %, 20.42 W
2026/04/02 11:53:43.649, 0 MiB, 97887 MiB, 0 %, 0 %, 20.35 W
2026/04/02 11:53:45.649, 0 MiB, 97887 MiB, 0 %, 0 %, 20.28 W
2026/04/02 11:53:47.650, 0 MiB, 97887 MiB, 0 %, 0 %, 20.03 W
2026/04/02 11:53:49.650, 0 MiB, 97887 MiB, 0 %, 0 %, 20.61 W
2026/04/02 11:53:51.651, 0 MiB, 97887 MiB, 0 %, 0 %, 20.42 W
2026/04/02 11:53:53.652, 0 MiB, 97887 MiB, 0 %, 0 %, 20.46 W
2026/04/02 11:53:55.652, 0 MiB, 97887 MiB, 0 %, 0 %, 20.62 W
2026/04/02 11:53:57.653, 0 MiB, 97887 MiB, 0 %, 0 %, 20.22 W
2026/04/02 11:53:59.653, 0 MiB, 97887 MiB, 0 %, 0 %, 20.61 W
2026/04/02 11:54:01.654, 0 MiB, 97887 MiB, 0 %, 0 %, 20.65 W
2026/04/02 11:54:03.655, 0 MiB, 97887 MiB, 0 %, 0 %, 20.79 W
2026/04/02 11:54:05.655, 0 MiB, 97887 MiB, 0 %, 0 %, 20.81 W
2026/04/02 11:54:07.656, 0 MiB, 97887 MiB, 0 %, 0 %, 20.68 W
2026/04/02 11:54:09.656, 0 MiB, 97887 MiB, 0 %, 0 %, 20.82 W
2026/04/02 11:54:11.656, 0 MiB, 97887 MiB, 0 %, 0 %, 20.74 W
2026/04/02 11:54:13.657, 0 MiB, 97887 MiB, 0 %, 0 %, 21.23 W
2026/04/02 11:54:15.658, 0 MiB, 97887 MiB, 0 %, 0 %, 20.89 W
2026/04/02 11:54:17.658, 0 MiB, 97887 MiB, 0 %, 0 %, 21.25 W
2026/04/02 11:54:19.659, 0 MiB, 97887 MiB, 0 %, 0 %, 20.83 W
2026/04/02 11:54:21.659, 0 MiB, 97887 MiB, 0 %, 0 %, 21.04 W
2026/04/02 11:54:23.660, 0 MiB, 97887 MiB, 0 %, 0 %, 21.09 W
2026/04/02 11:54:25.661, 0 MiB, 97887 MiB, 0 %, 0 %, 20.54 W
2026/04/02 11:54:27.661, 0 MiB, 97887 MiB, 0 %, 0 %, 20.58 W
2026/04/02 11:54:29.662, 0 MiB, 97887 MiB, 0 %, 0 %, 20.21 W
2026/04/02 11:54:31.663, 0 MiB, 97887 MiB, 0 %, 0 %, 20.52 W
2026/04/02 11:54:33.663, 0 MiB, 97887 MiB, 0 %, 0 %, 20.74 W
2026/04/02 11:54:35.664, 0 MiB, 97887 MiB, 0 %, 0 %, 21.08 W
2026/04/02 11:54:37.665, 0 MiB, 97887 MiB, 0 %, 0 %, 20.90 W
2026/04/02 11:54:39.665, 0 MiB, 97887 MiB, 0 %, 0 %, 21.12 W
2026/04/02 11:54:41.666, 0 MiB, 97887 MiB, 0 %, 0 %, 21.11 W
2026/04/02 11:54:43.666, 0 MiB, 97887 MiB, 0 %, 0 %, 20.81 W
2026/04/02 11:54:45.667, 0 MiB, 97887 MiB, 0 %, 0 %, 20.45 W
2026/04/02 11:54:47.667, 0 MiB, 97887 MiB, 0 %, 0 %, 20.66 W
2026/04/02 11:54:49.668, 0 MiB, 97887 MiB, 0 %, 0 %, 20.72 W
2026/04/02 11:54:51.669, 0 MiB, 97887 MiB, 0 %, 0 %, 20.52 W
2026/04/02 11:54:53.669, 0 MiB, 97887 MiB, 0 %, 0 %, 20.58 W
2026/04/02 11:54:55.669, 0 MiB, 97887 MiB, 0 %, 0 %, 21.14 W
2026/04/02 11:54:57.670, 0 MiB, 97887 MiB, 0 %, 0 %, 20.95 W
2026/04/02 11:54:59.670, 0 MiB, 97887 MiB, 0 %, 0 %, 20.81 W
2026/04/02 11:55:01.671, 0 MiB, 97887 MiB, 0 %, 0 %, 20.75 W
2026/04/02 11:55:03.672, 0 MiB, 97887 MiB, 0 %, 0 %, 20.62 W
2026/04/02 11:55:05.673, 0 MiB, 97887 MiB, 0 %, 0 %, 20.78 W
2026/04/02 11:55:07.673, 0 MiB, 97887 MiB, 0 %, 0 %, 20.35 W
2026/04/02 11:55:09.674, 0 MiB, 97887 MiB, 0 %, 0 %, 20.66 W
2026/04/02 11:55:11.675, 0 MiB, 97887 MiB, 0 %, 0 %, 20.52 W
2026/04/02 11:55:13.676, 0 MiB, 97887 MiB, 0 %, 0 %, 20.39 W
2026/04/02 11:55:15.677, 0 MiB, 97887 MiB, 0 %, 0 %, 20.51 W
2026/04/02 11:55:17.677, 0 MiB, 97887 MiB, 0 %, 0 %, 20.21 W
2026/04/02 11:55:19.678, 0 MiB, 97887 MiB, 0 %, 0 %, 20.56 W
2026/04/02 11:55:21.679, 0 MiB, 97887 MiB, 0 %, 0 %, 20.44 W
2026/04/02 11:55:23.679, 0 MiB, 97887 MiB, 0 %, 0 %, 21.01 W
2026/04/02 11:55:25.680, 0 MiB, 97887 MiB, 0 %, 0 %, 20.57 W
2026/04/02 11:55:27.681, 0 MiB, 97887 MiB, 0 %, 0 %, 20.51 W
2026/04/02 11:55:29.682, 0 MiB, 97887 MiB, 0 %, 0 %, 20.92 W
2026/04/02 11:55:31.683, 0 MiB, 97887 MiB, 0 %, 0 %, 21.18 W
2026/04/02 11:55:33.684, 0 MiB, 97887 MiB, 0 %, 0 %, 21.05 W
2026/04/02 11:55:35.685, 0 MiB, 97887 MiB, 0 %, 0 %, 20.74 W
2026/04/02 11:55:37.685, 0 MiB, 97887 MiB, 0 %, 0 %, 20.80 W
2026/04/02 11:55:39.686, 0 MiB, 97887 MiB, 0 %, 0 %, 20.90 W
2026/04/02 11:55:41.686, 0 MiB, 97887 MiB, 0 %, 0 %, 21.14 W
2026/04/02 11:55:43.687, 0 MiB, 97887 MiB, 0 %, 0 %, 21.11 W
2026/04/02 11:55:45.688, 0 MiB, 97887 MiB, 0 %, 0 %, 20.90 W
2026/04/02 11:55:47.689, 0 MiB, 97887 MiB, 0 %, 0 %, 20.82 W
2026/04/02 11:55:49.689, 0 MiB, 97887 MiB, 0 %, 0 %, 21.11 W
2026/04/02 11:55:51.690, 0 MiB, 97887 MiB, 0 %, 0 %, 21.27 W
2026/04/02 11:55:53.691, 0 MiB, 97887 MiB, 0 %, 0 %, 21.14 W
2026/04/02 11:55:55.692, 0 MiB, 97887 MiB, 0 %, 0 %, 20.63 W
2026/04/02 11:55:57.692, 0 MiB, 97887 MiB, 0 %, 0 %, 20.70 W
2026/04/02 11:55:59.693, 0 MiB, 97887 MiB, 0 %, 0 %, 20.55 W
2026/04/02 11:56:01.694, 0 MiB, 97887 MiB, 0 %, 0 %, 20.71 W
2026/04/02 11:56:03.695, 0 MiB, 97887 MiB, 0 %, 0 %, 20.79 W
2026/04/02 11:56:05.696, 0 MiB, 97887 MiB, 0 %, 0 %, 20.47 W
2026/04/02 11:56:07.697, 0 MiB, 97887 MiB, 0 %, 0 %, 20.60 W
2026/04/02 11:56:09.698, 0 MiB, 97887 MiB, 0 %, 0 %, 20.50 W
2026/04/02 11:56:11.699, 0 MiB, 97887 MiB, 0 %, 0 %, 20.74 W
2026/04/02 11:56:13.699, 0 MiB, 97887 MiB, 0 %, 0 %, 20.14 W
2026/04/02 11:56:15.700, 0 MiB, 97887 MiB, 0 %, 0 %, 20.33 W
2026/04/02 11:56:17.701, 0 MiB, 97887 MiB, 0 %, 0 %, 20.26 W
2026/04/02 11:56:19.702, 0 MiB, 97887 MiB, 0 %, 0 %, 20.13 W
2026/04/02 11:56:21.703, 0 MiB, 97887 MiB, 0 %, 0 %, 19.69 W
2026/04/02 11:56:23.704, 0 MiB, 97887 MiB, 0 %, 0 %, 19.93 W
2026/04/02 11:56:25.705, 0 MiB, 97887 MiB, 0 %, 0 %, 20.16 W
2026/04/02 11:56:27.706, 0 MiB, 97887 MiB, 0 %, 0 %, 20.19 W
2026/04/02 11:56:29.706, 0 MiB, 97887 MiB, 0 %, 0 %, 20.06 W
2026/04/02 11:56:31.707, 0 MiB, 97887 MiB, 0 %, 0 %, 20.13 W
2026/04/02 11:56:33.708, 0 MiB, 97887 MiB, 0 %, 0 %, 19.87 W
2026/04/02 11:56:35.709, 0 MiB, 97887 MiB, 0 %, 0 %, 19.76 W
2026/04/02 11:56:37.709, 0 MiB, 97887 MiB, 0 %, 0 %, 20.26 W
2026/04/02 11:56:39.710, 0 MiB, 97887 MiB, 0 %, 0 %, 20.10 W
2026/04/02 11:56:41.711, 0 MiB, 97887 MiB, 0 %, 0 %, 20.50 W
2026/04/02 11:56:43.712, 0 MiB, 97887 MiB, 0 %, 0 %, 20.35 W
2026/04/02 11:56:45.713, 0 MiB, 97887 MiB, 0 %, 0 %, 20.47 W
2026/04/02 11:56:47.714, 0 MiB, 97887 MiB, 0 %, 0 %, 20.82 W
2026/04/02 11:56:49.715, 0 MiB, 97887 MiB, 0 %, 0 %, 21.12 W
2026/04/02 11:56:51.715, 0 MiB, 97887 MiB, 0 %, 0 %, 20.67 W
2026/04/02 11:56:53.716, 0 MiB, 97887 MiB, 0 %, 0 %, 20.41 W
2026/04/02 11:56:55.717, 0 MiB, 97887 MiB, 0 %, 0 %, 20.79 W
2026/04/02 11:56:57.718, 0 MiB, 97887 MiB, 0 %, 0 %, 20.96 W
2026/04/02 11:56:59.718, 0 MiB, 97887 MiB, 0 %, 0 %, 20.92 W
2026/04/02 11:57:01.719, 0 MiB, 97887 MiB, 0 %, 0 %, 21.12 W
2026/04/02 11:57:03.720, 0 MiB, 97887 MiB, 0 %, 0 %, 20.96 W
2026/04/02 11:57:05.721, 0 MiB, 97887 MiB, 0 %, 0 %, 20.89 W
2026/04/02 11:57:07.722, 0 MiB, 97887 MiB, 0 %, 0 %, 20.81 W
2026/04/02 11:57:09.722, 0 MiB, 97887 MiB, 0 %, 0 %, 20.66 W
2026/04/02 11:57:11.723, 0 MiB, 97887 MiB, 0 %, 0 %, 20.95 W
2026/04/02 11:57:13.724, 0 MiB, 97887 MiB, 0 %, 0 %, 20.83 W
2026/04/02 11:57:15.725, 0 MiB, 97887 MiB, 0 %, 0 %, 20.61 W
2026/04/02 11:57:17.726, 0 MiB, 97887 MiB, 0 %, 0 %, 20.63 W
2026/04/02 11:57:19.727, 0 MiB, 97887 MiB, 0 %, 0 %, 20.22 W
2026/04/02 11:57:21.728, 0 MiB, 97887 MiB, 0 %, 0 %, 20.37 W
2026/04/02 11:57:23.729, 0 MiB, 97887 MiB, 0 %, 0 %, 20.56 W
2026/04/02 11:57:25.730, 0 MiB, 97887 MiB, 0 %, 0 %, 20.49 W
2026/04/02 11:57:27.730, 0 MiB, 97887 MiB, 0 %, 0 %, 20.58 W
2026/04/02 11:57:29.731, 0 MiB, 97887 MiB, 0 %, 0 %, 21.03 W
2026/04/02 11:57:31.732, 0 MiB, 97887 MiB, 0 %, 0 %, 20.79 W
2026/04/02 11:57:33.733, 0 MiB, 97887 MiB, 0 %, 0 %, 20.61 W
2026/04/02 11:57:35.734, 0 MiB, 97887 MiB, 0 %, 0 %, 20.41 W
2026/04/02 11:57:37.734, 0 MiB, 97887 MiB, 0 %, 0 %, 20.44 W
2026/04/02 11:57:39.735, 0 MiB, 97887 MiB, 0 %, 0 %, 20.43 W
2026/04/02 11:57:41.735, 0 MiB, 97887 MiB, 0 %, 0 %, 20.07 W
2026/04/02 11:57:43.736, 0 MiB, 97887 MiB, 0 %, 0 %, 20.58 W
2026/04/02 11:57:45.736, 0 MiB, 97887 MiB, 0 %, 0 %, 20.74 W
2026/04/02 11:57:47.737, 0 MiB, 97887 MiB, 0 %, 0 %, 20.94 W
2026/04/02 11:57:49.737, 0 MiB, 97887 MiB, 0 %, 0 %, 20.99 W
2026/04/02 11:57:51.738, 0 MiB, 97887 MiB, 0 %, 0 %, 20.75 W
2026/04/02 11:57:53.739, 0 MiB, 97887 MiB, 0 %, 0 %, 20.72 W
2026/04/02 11:57:55.740, 0 MiB, 97887 MiB, 0 %, 0 %, 20.63 W
2026/04/02 11:57:57.741, 0 MiB, 97887 MiB, 0 %, 0 %, 20.63 W
2026/04/02 11:57:59.741, 0 MiB, 97887 MiB, 0 %, 0 %, 21.20 W
2026/04/02 11:58:01.742, 0 MiB, 97887 MiB, 0 %, 0 %, 21.34 W
2026/04/02 11:58:03.743, 0 MiB, 97887 MiB, 0 %, 0 %, 20.97 W
2026/04/02 11:58:05.744, 0 MiB, 97887 MiB, 0 %, 0 %, 20.64 W
2026/04/02 11:58:07.745, 0 MiB, 97887 MiB, 0 %, 0 %, 20.55 W
2026/04/02 11:58:09.745, 0 MiB, 97887 MiB, 0 %, 0 %, 20.45 W
2026/04/02 11:58:11.746, 0 MiB, 97887 MiB, 0 %, 0 %, 20.13 W
2026/04/02 11:58:13.746, 0 MiB, 97887 MiB, 0 %, 0 %, 20.50 W
2026/04/02 11:58:15.747, 0 MiB, 97887 MiB, 0 %, 0 %, 20.58 W
2026/04/02 11:58:17.748, 0 MiB, 97887 MiB, 0 %, 0 %, 20.16 W
2026/04/02 11:58:19.748, 0 MiB, 97887 MiB, 0 %, 0 %, 20.48 W
2026/04/02 11:58:21.749, 0 MiB, 97887 MiB, 0 %, 0 %, 20.48 W
2026/04/02 11:58:23.750, 0 MiB, 97887 MiB, 0 %, 0 %, 20.82 W
2026/04/02 11:58:25.751, 0 MiB, 97887 MiB, 0 %, 0 %, 20.93 W
2026/04/02 11:58:27.752, 0 MiB, 97887 MiB, 0 %, 0 %, 20.71 W
2026/04/02 11:58:29.753, 0 MiB, 97887 MiB, 0 %, 0 %, 20.82 W
2026/04/02 11:58:31.754, 0 MiB, 97887 MiB, 0 %, 0 %, 20.73 W
2026/04/02 11:58:33.754, 0 MiB, 97887 MiB, 0 %, 0 %, 20.59 W
2026/04/02 11:58:35.755, 0 MiB, 97887 MiB, 0 %, 0 %, 20.49 W
2026/04/02 11:58:37.756, 0 MiB, 97887 MiB, 0 %, 0 %, 20.49 W
2026/04/02 11:58:39.757, 0 MiB, 97887 MiB, 0 %, 0 %, 20.72 W
2026/04/02 11:58:41.758, 0 MiB, 97887 MiB, 0 %, 0 %, 20.88 W
2026/04/02 11:58:43.759, 0 MiB, 97887 MiB, 0 %, 0 %, 21.02 W
2026/04/02 11:58:45.759, 0 MiB, 97887 MiB, 0 %, 0 %, 21.07 W
2026/04/02 11:58:47.760, 0 MiB, 97887 MiB, 0 %, 0 %, 20.90 W
2026/04/02 11:58:49.761, 0 MiB, 97887 MiB, 0 %, 0 %, 20.92 W
2026/04/02 11:58:51.761, 0 MiB, 97887 MiB, 0 %, 0 %, 20.96 W
2026/04/02 11:58:53.762, 0 MiB, 97887 MiB, 0 %, 0 %, 20.68 W
2026/04/02 11:58:55.763, 0 MiB, 97887 MiB, 0 %, 0 %, 20.58 W
2026/04/02 11:58:57.764, 0 MiB, 97887 MiB, 0 %, 0 %, 20.47 W
2026/04/02 11:58:59.765, 0 MiB, 97887 MiB, 0 %, 0 %, 20.29 W
2026/04/02 11:59:01.765, 0 MiB, 97887 MiB, 0 %, 0 %, 20.15 W
2026/04/02 11:59:03.766, 0 MiB, 97887 MiB, 0 %, 0 %, 20.60 W
2026/04/02 11:59:05.767, 0 MiB, 97887 MiB, 0 %, 0 %, 20.61 W
2026/04/02 11:59:07.768, 0 MiB, 97887 MiB, 0 %, 0 %, 20.60 W
2026/04/02 11:59:09.768, 0 MiB, 97887 MiB, 0 %, 0 %, 20.70 W
2026/04/02 11:59:11.769, 0 MiB, 97887 MiB, 0 %, 0 %, 20.79 W
2026/04/02 11:59:13.770, 0 MiB, 97887 MiB, 0 %, 0 %, 20.33 W
2026/04/02 11:59:15.771, 0 MiB, 97887 MiB, 0 %, 0 %, 20.49 W
2026/04/02 11:59:17.772, 0 MiB, 97887 MiB, 0 %, 0 %, 20.53 W
2026/04/02 11:59:19.772, 0 MiB, 97887 MiB, 0 %, 0 %, 20.58 W
2026/04/02 11:59:21.773, 0 MiB, 97887 MiB, 0 %, 0 %, 20.72 W
2026/04/02 11:59:23.774, 0 MiB, 97887 MiB, 0 %, 0 %, 21.12 W
2026/04/02 11:59:25.775, 0 MiB, 97887 MiB, 0 %, 0 %, 20.79 W
2026/04/02 11:59:27.776, 0 MiB, 97887 MiB, 0 %, 0 %, 20.77 W
2026/04/02 11:59:29.776, 0 MiB, 97887 MiB, 0 %, 0 %, 20.73 W
2026/04/02 11:59:31.777, 0 MiB, 97887 MiB, 0 %, 0 %, 20.70 W
2026/04/02 11:59:33.778, 0 MiB, 97887 MiB, 0 %, 0 %, 20.86 W
2026/04/02 11:59:35.778, 0 MiB, 97887 MiB, 0 %, 0 %, 20.27 W
2026/04/02 11:59:37.779, 0 MiB, 97887 MiB, 0 %, 0 %, 20.21 W
2026/04/02 11:59:39.780, 0 MiB, 97887 MiB, 0 %, 0 %, 20.42 W
2026/04/02 11:59:41.780, 0 MiB, 97887 MiB, 0 %, 0 %, 20.50 W
2026/04/02 11:59:43.781, 0 MiB, 97887 MiB, 0 %, 0 %, 20.65 W
2026/04/02 11:59:45.782, 0 MiB, 97887 MiB, 0 %, 0 %, 20.80 W
2026/04/02 11:59:47.782, 0 MiB, 97887 MiB, 0 %, 0 %, 20.58 W
2026/04/02 11:59:49.783, 0 MiB, 97887 MiB, 0 %, 0 %, 20.45 W
2026/04/02 11:59:51.784, 0 MiB, 97887 MiB, 0 %, 0 %, 20.67 W
2026/04/02 11:59:53.785, 0 MiB, 97887 MiB, 0 %, 0 %, 20.74 W
2026/04/02 11:59:55.786, 0 MiB, 97887 MiB, 0 %, 0 %, 20.36 W
2026/04/02 11:59:57.787, 0 MiB, 97887 MiB, 0 %, 0 %, 20.41 W
2026/04/02 11:59:59.788, 0 MiB, 97887 MiB, 0 %, 0 %, 20.51 W
2026/04/02 12:00:01.788, 0 MiB, 97887 MiB, 0 %, 0 %, 20.24 W
2026/04/02 12:00:03.789, 0 MiB, 97887 MiB, 0 %, 0 %, 20.33 W
2026/04/02 12:00:05.790, 0 MiB, 97887 MiB, 0 %, 0 %, 20.22 W
2026/04/02 12:00:07.790, 0 MiB, 97887 MiB, 0 %, 0 %, 20.25 W
2026/04/02 12:00:09.791, 0 MiB, 97887 MiB, 0 %, 0 %, 20.59 W
2026/04/02 12:00:11.792, 0 MiB, 97887 MiB, 0 %, 0 %, 20.69 W
2026/04/02 12:00:13.793, 0 MiB, 97887 MiB, 0 %, 0 %, 20.41 W
2026/04/02 12:00:15.793, 0 MiB, 97887 MiB, 0 %, 0 %, 20.15 W
2026/04/02 12:00:17.794, 0 MiB, 97887 MiB, 0 %, 0 %, 19.83 W
2026/04/02 12:00:19.795, 0 MiB, 97887 MiB, 0 %, 0 %, 20.10 W
2026/04/02 12:00:21.796, 0 MiB, 97887 MiB, 0 %, 0 %, 20.35 W
2026/04/02 12:00:23.797, 0 MiB, 97887 MiB, 0 %, 0 %, 20.37 W
2026/04/02 12:00:25.797, 0 MiB, 97887 MiB, 0 %, 0 %, 20.96 W
2026/04/02 12:00:27.798, 0 MiB, 97887 MiB, 0 %, 0 %, 20.68 W
2026/04/02 12:00:29.798, 0 MiB, 97887 MiB, 0 %, 0 %, 20.56 W
2026/04/02 12:00:31.799, 0 MiB, 97887 MiB, 0 %, 0 %, 20.48 W
2026/04/02 12:00:33.799, 0 MiB, 97887 MiB, 0 %, 0 %, 20.58 W
2026/04/02 12:00:35.800, 0 MiB, 97887 MiB, 0 %, 0 %, 20.36 W
2026/04/02 12:00:37.801, 0 MiB, 97887 MiB, 0 %, 0 %, 20.71 W
2026/04/02 12:00:39.801, 0 MiB, 97887 MiB, 0 %, 0 %, 20.15 W
2026/04/02 12:00:41.802, 0 MiB, 97887 MiB, 0 %, 0 %, 20.26 W
2026/04/02 12:00:43.802, 0 MiB, 97887 MiB, 0 %, 0 %, 20.47 W
2026/04/02 12:00:45.803, 0 MiB, 97887 MiB, 0 %, 0 %, 20.35 W
2026/04/02 12:00:47.804, 0 MiB, 97887 MiB, 0 %, 0 %, 20.30 W
2026/04/02 12:00:49.805, 0 MiB, 97887 MiB, 0 %, 0 %, 20.25 W
2026/04/02 12:00:51.805, 0 MiB, 97887 MiB, 0 %, 0 %, 19.99 W
2026/04/02 12:00:53.806, 0 MiB, 97887 MiB, 0 %, 0 %, 20.16 W
2026/04/02 12:00:55.806, 0 MiB, 97887 MiB, 0 %, 0 %, 20.01 W
2026/04/02 12:00:57.806, 0 MiB, 97887 MiB, 0 %, 0 %, 20.31 W
2026/04/02 12:00:59.807, 0 MiB, 97887 MiB, 0 %, 0 %, 20.14 W
2026/04/02 12:01:01.808, 0 MiB, 97887 MiB, 0 %, 0 %, 19.72 W
2026/04/02 12:01:03.808, 0 MiB, 97887 MiB, 0 %, 0 %, 19.96 W
2026/04/02 12:01:05.809, 0 MiB, 97887 MiB, 0 %, 0 %, 20.19 W
2026/04/02 12:01:07.809, 0 MiB, 97887 MiB, 0 %, 0 %, 20.14 W
2026/04/02 12:01:09.810, 0 MiB, 97887 MiB, 0 %, 0 %, 20.10 W
2026/04/02 12:01:11.810, 0 MiB, 97887 MiB, 0 %, 0 %, 20.58 W
2026/04/02 12:01:13.811, 0 MiB, 97887 MiB, 0 %, 0 %, 20.28 W
2026/04/02 12:01:15.812, 0 MiB, 97887 MiB, 0 %, 0 %, 20.21 W
2026/04/02 12:01:17.813, 0 MiB, 97887 MiB, 0 %, 0 %, 20.18 W
2026/04/02 12:01:19.813, 0 MiB, 97887 MiB, 0 %, 0 %, 20.73 W
2026/04/02 12:01:21.816, 0 MiB, 97887 MiB, 0 %, 0 %, 20.52 W
2026/04/02 12:01:23.816, 0 MiB, 97887 MiB, 0 %, 0 %, 20.34 W
2026/04/02 12:01:25.817, 0 MiB, 97887 MiB, 0 %, 0 %, 20.51 W
2026/04/02 12:01:27.817, 0 MiB, 97887 MiB, 0 %, 0 %, 20.70 W
2026/04/02 12:01:29.817, 0 MiB, 97887 MiB, 0 %, 0 %, 20.65 W
2026/04/02 12:01:31.818, 0 MiB, 97887 MiB, 0 %, 0 %, 20.44 W
2026/04/02 12:01:33.818, 0 MiB, 97887 MiB, 0 %, 0 %, 19.87 W
2026/04/02 12:01:35.819, 0 MiB, 97887 MiB, 0 %, 0 %, 20.32 W
2026/04/02 12:01:37.819, 0 MiB, 97887 MiB, 0 %, 0 %, 20.20 W
2026/04/02 12:01:39.820, 0 MiB, 97887 MiB, 0 %, 0 %, 20.21 W
2026/04/02 12:01:41.820, 0 MiB, 97887 MiB, 0 %, 0 %, 19.87 W
2026/04/02 12:01:43.820, 0 MiB, 97887 MiB, 0 %, 0 %, 19.63 W
2026/04/02 12:01:45.821, 0 MiB, 97887 MiB, 0 %, 0 %, 19.51 W
2026/04/02 12:01:47.822, 0 MiB, 97887 MiB, 0 %, 0 %, 20.09 W
2026/04/02 12:01:49.822, 0 MiB, 97887 MiB, 0 %, 0 %, 19.77 W
2026/04/02 12:01:51.822, 0 MiB, 97887 MiB, 0 %, 0 %, 20.40 W
2026/04/02 12:01:53.823, 0 MiB, 97887 MiB, 0 %, 0 %, 20.01 W
2026/04/02 12:01:55.823, 0 MiB, 97887 MiB, 0 %, 0 %, 20.15 W
2026/04/02 12:01:57.824, 0 MiB, 97887 MiB, 0 %, 0 %, 20.44 W
2026/04/02 12:01:59.824, 0 MiB, 97887 MiB, 0 %, 0 %, 20.53 W
2026/04/02 12:02:01.825, 0 MiB, 97887 MiB, 0 %, 0 %, 20.49 W
2026/04/02 12:02:03.825, 0 MiB, 97887 MiB, 0 %, 0 %, 20.11 W
2026/04/02 12:02:05.826, 0 MiB, 97887 MiB, 0 %, 0 %, 20.52 W
2026/04/02 12:02:07.826, 0 MiB, 97887 MiB, 0 %, 0 %, 20.53 W
2026/04/02 12:02:09.826, 0 MiB, 97887 MiB, 0 %, 0 %, 20.22 W
2026/04/02 12:02:11.827, 0 MiB, 97887 MiB, 0 %, 0 %, 19.97 W
2026/04/02 12:02:13.828, 0 MiB, 97887 MiB, 0 %, 0 %, 20.02 W
2026/04/02 12:02:15.829, 0 MiB, 97887 MiB, 0 %, 0 %, 20.45 W
2026/04/02 12:02:17.830, 0 MiB, 97887 MiB, 0 %, 0 %, 20.38 W
2026/04/02 12:02:19.830, 0 MiB, 97887 MiB, 0 %, 0 %, 20.36 W
2026/04/02 12:02:21.831, 0 MiB, 97887 MiB, 0 %, 0 %, 20.51 W
2026/04/02 12:02:23.832, 0 MiB, 97887 MiB, 0 %, 0 %, 20.97 W
2026/04/02 12:02:25.833, 0 MiB, 97887 MiB, 0 %, 0 %, 20.49 W
2026/04/02 12:02:27.834, 0 MiB, 97887 MiB, 0 %, 0 %, 20.63 W
2026/04/02 12:02:29.835, 0 MiB, 97887 MiB, 0 %, 0 %, 20.51 W
2026/04/02 12:02:31.836, 0 MiB, 97887 MiB, 0 %, 0 %, 20.32 W
2026/04/02 12:02:33.836, 0 MiB, 97887 MiB, 0 %, 0 %, 20.34 W
2026/04/02 12:02:35.837, 0 MiB, 97887 MiB, 0 %, 0 %, 20.40 W
2026/04/02 12:02:37.838, 0 MiB, 97887 MiB, 0 %, 0 %, 20.28 W
2026/04/02 12:02:39.839, 0 MiB, 97887 MiB, 0 %, 0 %, 20.12 W
2026/04/02 12:02:41.840, 0 MiB, 97887 MiB, 0 %, 0 %, 20.12 W
2026/04/02 12:02:43.840, 0 MiB, 97887 MiB, 0 %, 0 %, 20.63 W
2026/04/02 12:02:45.841, 0 MiB, 97887 MiB, 0 %, 0 %, 20.53 W
2026/04/02 12:02:47.842, 0 MiB, 97887 MiB, 0 %, 0 %, 20.31 W
2026/04/02 12:02:49.843, 0 MiB, 97887 MiB, 0 %, 0 %, 20.26 W
2026/04/02 12:02:51.844, 0 MiB, 97887 MiB, 0 %, 0 %, 20.19 W
2026/04/02 12:02:53.844, 0 MiB, 97887 MiB, 0 %, 0 %, 20.05 W
2026/04/02 12:02:55.844, 0 MiB, 97887 MiB, 0 %, 0 %, 19.63 W
2026/04/02 12:02:57.845, 0 MiB, 97887 MiB, 0 %, 0 %, 19.89 W
2026/04/02 12:02:59.846, 0 MiB, 97887 MiB, 0 %, 0 %, 20.07 W
2026/04/02 12:03:01.846, 0 MiB, 97887 MiB, 0 %, 0 %, 19.87 W
2026/04/02 12:03:03.847, 0 MiB, 97887 MiB, 0 %, 0 %, 20.12 W
2026/04/02 12:03:05.848, 0 MiB, 97887 MiB, 0 %, 0 %, 20.33 W
2026/04/02 12:03:07.848, 0 MiB, 97887 MiB, 0 %, 0 %, 20.31 W
2026/04/02 12:03:09.849, 0 MiB, 97887 MiB, 0 %, 0 %, 20.32 W
2026/04/02 12:03:11.849, 0 MiB, 97887 MiB, 0 %, 0 %, 20.51 W
2026/04/02 12:03:13.850, 0 MiB, 97887 MiB, 0 %, 0 %, 20.30 W
2026/04/02 12:03:15.850, 0 MiB, 97887 MiB, 0 %, 0 %, 20.62 W
2026/04/02 12:03:17.851, 0 MiB, 97887 MiB, 0 %, 0 %, 20.13 W
2026/04/02 12:03:19.852, 0 MiB, 97887 MiB, 0 %, 0 %, 20.32 W
2026/04/02 12:03:21.852, 0 MiB, 97887 MiB, 0 %, 0 %, 19.98 W
2026/04/02 12:03:23.853, 0 MiB, 97887 MiB, 0 %, 0 %, 20.20 W
2026/04/02 12:03:25.853, 0 MiB, 97887 MiB, 0 %, 0 %, 20.38 W
2026/04/02 12:03:27.853, 0 MiB, 97887 MiB, 0 %, 0 %, 19.77 W
2026/04/02 12:03:29.854, 0 MiB, 97887 MiB, 0 %, 0 %, 20.00 W
2026/04/02 12:03:31.855, 0 MiB, 97887 MiB, 0 %, 0 %, 19.45 W
2026/04/02 12:03:33.856, 0 MiB, 97887 MiB, 0 %, 0 %, 20.19 W
2026/04/02 12:03:35.856, 0 MiB, 97887 MiB, 0 %, 0 %, 20.42 W
2026/04/02 12:03:37.857, 0 MiB, 97887 MiB, 0 %, 0 %, 20.84 W
2026/04/02 12:03:39.858, 0 MiB, 97887 MiB, 0 %, 0 %, 20.58 W
2026/04/02 12:03:41.859, 0 MiB, 97887 MiB, 0 %, 0 %, 20.48 W
2026/04/02 12:03:43.859, 0 MiB, 97887 MiB, 0 %, 0 %, 20.10 W
2026/04/02 12:03:45.860, 0 MiB, 97887 MiB, 0 %, 0 %, 19.99 W
2026/04/02 12:03:47.861, 0 MiB, 97887 MiB, 0 %, 0 %, 20.16 W
2026/04/02 12:03:49.861, 0 MiB, 97887 MiB, 0 %, 0 %, 20.06 W
2026/04/02 12:03:51.862, 0 MiB, 97887 MiB, 0 %, 0 %, 20.22 W
2026/04/02 12:03:53.863, 0 MiB, 97887 MiB, 0 %, 0 %, 20.47 W
2026/04/02 12:03:55.864, 0 MiB, 97887 MiB, 0 %, 0 %, 20.32 W
2026/04/02 12:03:57.864, 0 MiB, 97887 MiB, 0 %, 0 %, 20.53 W
2026/04/02 12:03:59.865, 0 MiB, 97887 MiB, 0 %, 0 %, 20.42 W
2026/04/02 12:04:01.865, 0 MiB, 97887 MiB, 0 %, 0 %, 20.20 W
2026/04/02 12:04:03.866, 0 MiB, 97887 MiB, 0 %, 0 %, 20.24 W
2026/04/02 12:04:05.867, 0 MiB, 97887 MiB, 0 %, 0 %, 20.40 W
2026/04/02 12:04:07.868, 0 MiB, 97887 MiB, 0 %, 0 %, 20.62 W
2026/04/02 12:04:09.868, 0 MiB, 97887 MiB, 0 %, 0 %, 19.85 W
2026/04/02 12:04:11.869, 0 MiB, 97887 MiB, 0 %, 0 %, 20.12 W
2026/04/02 12:04:13.870, 0 MiB, 97887 MiB, 0 %, 0 %, 20.35 W
2026/04/02 12:04:15.871, 0 MiB, 97887 MiB, 0 %, 0 %, 20.60 W
2026/04/02 12:04:17.871, 0 MiB, 97887 MiB, 0 %, 0 %, 20.39 W
2026/04/02 12:04:19.871, 0 MiB, 97887 MiB, 0 %, 0 %, 20.27 W
2026/04/02 12:04:21.872, 0 MiB, 97887 MiB, 0 %, 0 %, 20.25 W
2026/04/02 12:04:23.872, 0 MiB, 97887 MiB, 0 %, 0 %, 20.67 W
2026/04/02 12:04:25.873, 0 MiB, 97887 MiB, 0 %, 0 %, 20.40 W
2026/04/02 12:04:27.874, 0 MiB, 97887 MiB, 0 %, 0 %, 20.70 W
2026/04/02 12:04:29.875, 0 MiB, 97887 MiB, 0 %, 0 %, 20.66 W
2026/04/02 12:04:31.875, 0 MiB, 97887 MiB, 0 %, 0 %, 20.82 W
2026/04/02 12:04:33.875, 0 MiB, 97887 MiB, 0 %, 0 %, 20.46 W
2026/04/02 12:04:35.876, 0 MiB, 97887 MiB, 0 %, 0 %, 20.21 W
2026/04/02 12:04:37.877, 0 MiB, 97887 MiB, 0 %, 0 %, 20.36 W
2026/04/02 12:04:39.877, 0 MiB, 97887 MiB, 0 %, 0 %, 20.27 W
2026/04/02 12:04:41.877, 0 MiB, 97887 MiB, 0 %, 0 %, 20.38 W
2026/04/02 12:04:43.878, 0 MiB, 97887 MiB, 0 %, 0 %, 20.27 W
2026/04/02 12:04:45.878, 0 MiB, 97887 MiB, 0 %, 0 %, 20.15 W
2026/04/02 12:04:47.878, 0 MiB, 97887 MiB, 0 %, 0 %, 20.13 W
2026/04/02 12:04:49.879, 0 MiB, 97887 MiB, 0 %, 0 %, 19.91 W
2026/04/02 12:04:51.879, 0 MiB, 97887 MiB, 0 %, 0 %, 20.02 W
2026/04/02 12:04:53.880, 0 MiB, 97887 MiB, 0 %, 0 %, 20.39 W
2026/04/02 12:04:55.880, 0 MiB, 97887 MiB, 0 %, 0 %, 20.39 W
2026/04/02 12:04:57.881, 0 MiB, 97887 MiB, 0 %, 0 %, 20.01 W
2026/04/02 12:04:59.881, 0 MiB, 97887 MiB, 0 %, 0 %, 20.11 W
2026/04/02 12:05:01.882, 0 MiB, 97887 MiB, 0 %, 0 %, 20.56 W
2026/04/02 12:05:03.882, 0 MiB, 97887 MiB, 0 %, 0 %, 20.45 W
2026/04/02 12:05:05.883, 0 MiB, 97887 MiB, 0 %, 0 %, 20.39 W
2026/04/02 12:05:07.883, 0 MiB, 97887 MiB, 0 %, 0 %, 20.32 W
2026/04/02 12:05:09.884, 0 MiB, 97887 MiB, 0 %, 0 %, 20.42 W
2026/04/02 12:05:11.884, 0 MiB, 97887 MiB, 0 %, 0 %, 20.18 W
2026/04/02 12:05:13.885, 0 MiB, 97887 MiB, 0 %, 0 %, 20.94 W
2026/04/02 12:05:15.885, 0 MiB, 97887 MiB, 0 %, 0 %, 20.45 W
2026/04/02 12:05:17.885, 0 MiB, 97887 MiB, 0 %, 0 %, 20.47 W
2026/04/02 12:05:19.886, 0 MiB, 97887 MiB, 0 %, 0 %, 19.87 W
2026/04/02 12:05:21.887, 0 MiB, 97887 MiB, 0 %, 0 %, 20.07 W
2026/04/02 12:05:23.888, 0 MiB, 97887 MiB, 0 %, 0 %, 19.91 W
2026/04/02 12:05:25.888, 0 MiB, 97887 MiB, 0 %, 0 %, 20.17 W
2026/04/02 12:05:27.889, 0 MiB, 97887 MiB, 0 %, 0 %, 20.27 W
2026/04/02 12:05:29.889, 0 MiB, 97887 MiB, 0 %, 0 %, 20.23 W
2026/04/02 12:05:31.889, 0 MiB, 97887 MiB, 0 %, 0 %, 20.40 W
2026/04/02 12:05:33.890, 0 MiB, 97887 MiB, 0 %, 0 %, 20.53 W
2026/04/02 12:05:35.891, 0 MiB, 97887 MiB, 0 %, 0 %, 20.50 W
2026/04/02 12:05:37.891, 0 MiB, 97887 MiB, 0 %, 0 %, 20.20 W
2026/04/02 12:05:39.891, 0 MiB, 97887 MiB, 0 %, 0 %, 20.15 W
2026/04/02 12:05:41.892, 0 MiB, 97887 MiB, 0 %, 0 %, 20.24 W
2026/04/02 12:05:43.893, 0 MiB, 97887 MiB, 0 %, 0 %, 20.02 W
2026/04/02 12:05:45.893, 0 MiB, 97887 MiB, 0 %, 0 %, 20.56 W
2026/04/02 12:05:47.894, 0 MiB, 97887 MiB, 0 %, 0 %, 20.60 W
2026/04/02 12:05:49.894, 0 MiB, 97887 MiB, 0 %, 0 %, 20.49 W
2026/04/02 12:05:51.895, 0 MiB, 97887 MiB, 0 %, 0 %, 20.45 W
2026/04/02 12:05:53.896, 0 MiB, 97887 MiB, 0 %, 0 %, 20.41 W
2026/04/02 12:05:55.896, 0 MiB, 97887 MiB, 0 %, 0 %, 20.50 W
2026/04/02 12:05:57.897, 0 MiB, 97887 MiB, 0 %, 0 %, 20.41 W
2026/04/02 12:05:59.897, 0 MiB, 97887 MiB, 0 %, 0 %, 20.20 W
2026/04/02 12:06:01.898, 0 MiB, 97887 MiB, 0 %, 0 %, 20.32 W
2026/04/02 12:06:03.898, 0 MiB, 97887 MiB, 0 %, 0 %, 20.43 W
2026/04/02 12:06:05.899, 0 MiB, 97887 MiB, 0 %, 0 %, 20.32 W
2026/04/02 12:06:07.900, 0 MiB, 97887 MiB, 0 %, 0 %, 20.25 W
2026/04/02 12:06:09.901, 0 MiB, 97887 MiB, 0 %, 0 %, 20.65 W
2026/04/02 12:06:11.901, 0 MiB, 97887 MiB, 0 %, 0 %, 20.70 W
2026/04/02 12:06:13.902, 0 MiB, 97887 MiB, 0 %, 0 %, 20.77 W
2026/04/02 12:06:15.902, 0 MiB, 97887 MiB, 0 %, 0 %, 21.17 W
2026/04/02 12:06:17.903, 0 MiB, 97887 MiB, 0 %, 0 %, 21.21 W
2026/04/02 12:06:19.903, 0 MiB, 97887 MiB, 0 %, 0 %, 21.09 W
2026/04/02 12:06:21.904, 0 MiB, 97887 MiB, 0 %, 0 %, 21.14 W
2026/04/02 12:06:23.905, 0 MiB, 97887 MiB, 0 %, 0 %, 21.29 W
2026/04/02 12:06:25.905, 0 MiB, 97887 MiB, 0 %, 0 %, 21.32 W
2026/04/02 12:06:27.906, 0 MiB, 97887 MiB, 0 %, 0 %, 21.24 W
2026/04/02 12:06:29.906, 0 MiB, 97887 MiB, 0 %, 0 %, 21.41 W
2026/04/02 12:06:31.907, 0 MiB, 97887 MiB, 0 %, 0 %, 21.47 W
2026/04/02 12:06:33.907, 0 MiB, 97887 MiB, 0 %, 0 %, 21.38 W
2026/04/02 12:06:35.908, 0 MiB, 97887 MiB, 0 %, 0 %, 21.22 W
2026/04/02 12:06:37.908, 0 MiB, 97887 MiB, 0 %, 0 %, 21.08 W
2026/04/02 12:06:39.909, 0 MiB, 97887 MiB, 0 %, 0 %, 21.32 W
2026/04/02 12:06:41.909, 0 MiB, 97887 MiB, 0 %, 0 %, 21.12 W
2026/04/02 12:06:43.910, 0 MiB, 97887 MiB, 0 %, 0 %, 21.03 W
2026/04/02 12:06:45.911, 0 MiB, 97887 MiB, 0 %, 0 %, 21.09 W
2026/04/02 12:06:47.911, 0 MiB, 97887 MiB, 0 %, 0 %, 21.37 W
2026/04/02 12:06:49.912, 0 MiB, 97887 MiB, 0 %, 0 %, 21.24 W
2026/04/02 12:06:51.912, 0 MiB, 97887 MiB, 0 %, 0 %, 21.44 W
2026/04/02 12:06:53.913, 0 MiB, 97887 MiB, 0 %, 0 %, 21.03 W
2026/04/02 12:06:55.914, 0 MiB, 97887 MiB, 0 %, 0 %, 21.31 W
2026/04/02 12:06:57.915, 0 MiB, 97887 MiB, 0 %, 0 %, 21.37 W
2026/04/02 12:06:59.916, 0 MiB, 97887 MiB, 0 %, 0 %, 21.18 W
2026/04/02 12:07:01.917, 0 MiB, 97887 MiB, 0 %, 0 %, 21.12 W
2026/04/02 12:07:03.917, 0 MiB, 97887 MiB, 0 %, 0 %, 20.72 W
2026/04/02 12:07:05.918, 0 MiB, 97887 MiB, 0 %, 0 %, 21.33 W
2026/04/02 12:07:07.919, 0 MiB, 97887 MiB, 0 %, 0 %, 21.16 W
2026/04/02 12:07:09.920, 0 MiB, 97887 MiB, 0 %, 0 %, 21.14 W
2026/04/02 12:07:11.920, 0 MiB, 97887 MiB, 0 %, 0 %, 21.28 W
2026/04/02 12:07:13.921, 0 MiB, 97887 MiB, 0 %, 0 %, 21.26 W
2026/04/02 12:07:15.922, 0 MiB, 97887 MiB, 0 %, 0 %, 21.01 W
2026/04/02 12:07:17.922, 0 MiB, 97887 MiB, 0 %, 0 %, 21.01 W
2026/04/02 12:07:19.923, 0 MiB, 97887 MiB, 0 %, 0 %, 21.57 W
2026/04/02 12:07:21.924, 0 MiB, 97887 MiB, 0 %, 0 %, 21.40 W
2026/04/02 12:07:23.925, 0 MiB, 97887 MiB, 0 %, 0 %, 21.05 W
2026/04/02 12:07:25.926, 0 MiB, 97887 MiB, 0 %, 0 %, 21.26 W
2026/04/02 12:07:27.927, 0 MiB, 97887 MiB, 0 %, 0 %, 21.79 W
2026/04/02 12:07:29.928, 0 MiB, 97887 MiB, 0 %, 0 %, 21.34 W
2026/04/02 12:07:31.929, 0 MiB, 97887 MiB, 0 %, 0 %, 21.18 W
2026/04/02 12:07:33.929, 0 MiB, 97887 MiB, 0 %, 0 %, 20.99 W
2026/04/02 12:07:35.930, 0 MiB, 97887 MiB, 0 %, 0 %, 21.38 W
2026/04/02 12:07:37.931, 0 MiB, 97887 MiB, 0 %, 0 %, 21.43 W
2026/04/02 12:07:39.932, 0 MiB, 97887 MiB, 0 %, 0 %, 21.15 W
2026/04/02 12:07:41.933, 0 MiB, 97887 MiB, 0 %, 0 %, 20.86 W
2026/04/02 12:07:43.933, 0 MiB, 97887 MiB, 0 %, 0 %, 20.94 W
2026/04/02 12:07:45.934, 0 MiB, 97887 MiB, 0 %, 0 %, 20.31 W
2026/04/02 12:07:47.935, 0 MiB, 97887 MiB, 0 %, 0 %, 20.38 W
2026/04/02 12:07:49.935, 0 MiB, 97887 MiB, 0 %, 0 %, 20.83 W
2026/04/02 12:07:51.936, 0 MiB, 97887 MiB, 0 %, 0 %, 20.63 W
2026/04/02 12:07:53.937, 0 MiB, 97887 MiB, 0 %, 0 %, 20.72 W
2026/04/02 12:07:55.938, 0 MiB, 97887 MiB, 0 %, 0 %, 20.54 W
2026/04/02 12:07:57.938, 0 MiB, 97887 MiB, 0 %, 0 %, 20.51 W
2026/04/02 12:07:59.939, 0 MiB, 97887 MiB, 0 %, 0 %, 20.80 W
2026/04/02 12:08:01.940, 0 MiB, 97887 MiB, 0 %, 0 %, 21.07 W
2026/04/02 12:08:03.941, 0 MiB, 97887 MiB, 0 %, 0 %, 21.24 W
2026/04/02 12:08:05.942, 0 MiB, 97887 MiB, 0 %, 0 %, 20.69 W
2026/04/02 12:08:07.942, 0 MiB, 97887 MiB, 0 %, 0 %, 20.75 W
2026/04/02 12:08:09.943, 0 MiB, 97887 MiB, 0 %, 0 %, 20.75 W
2026/04/02 12:08:11.944, 0 MiB, 97887 MiB, 0 %, 0 %, 20.91 W
2026/04/02 12:08:13.945, 0 MiB, 97887 MiB, 0 %, 0 %, 20.99 W
2026/04/02 12:08:15.946, 0 MiB, 97887 MiB, 0 %, 0 %, 20.65 W
2026/04/02 12:08:17.946, 0 MiB, 97887 MiB, 0 %, 0 %, 20.88 W
2026/04/02 12:08:19.947, 0 MiB, 97887 MiB, 0 %, 0 %, 20.97 W
2026/04/02 12:08:21.947, 0 MiB, 97887 MiB, 0 %, 0 %, 20.75 W
2026/04/02 12:08:23.948, 0 MiB, 97887 MiB, 0 %, 0 %, 20.75 W
2026/04/02 12:08:25.948, 0 MiB, 97887 MiB, 0 %, 0 %, 20.14 W
2026/04/02 12:08:27.949, 0 MiB, 97887 MiB, 0 %, 0 %, 20.47 W
2026/04/02 12:08:29.949, 0 MiB, 97887 MiB, 0 %, 0 %, 20.47 W
2026/04/02 12:08:31.949, 0 MiB, 97887 MiB, 0 %, 0 %, 20.35 W
2026/04/02 12:08:33.950, 0 MiB, 97887 MiB, 0 %, 0 %, 20.56 W
2026/04/02 12:08:35.951, 0 MiB, 97887 MiB, 0 %, 0 %, 20.63 W
2026/04/02 12:08:37.951, 0 MiB, 97887 MiB, 0 %, 0 %, 20.89 W
2026/04/02 12:08:39.952, 0 MiB, 97887 MiB, 0 %, 0 %, 21.18 W
2026/04/02 12:08:41.952, 0 MiB, 97887 MiB, 0 %, 0 %, 21.01 W
2026/04/02 12:08:43.952, 0 MiB, 97887 MiB, 0 %, 0 %, 20.69 W
2026/04/02 12:08:45.953, 0 MiB, 97887 MiB, 0 %, 0 %, 20.72 W
2026/04/02 12:08:47.953, 0 MiB, 97887 MiB, 0 %, 0 %, 21.07 W
2026/04/02 12:08:49.954, 0 MiB, 97887 MiB, 0 %, 0 %, 21.09 W
2026/04/02 12:08:51.954, 0 MiB, 97887 MiB, 0 %, 0 %, 21.14 W
2026/04/02 12:08:53.954, 0 MiB, 97887 MiB, 0 %, 0 %, 21.01 W
2026/04/02 12:08:55.955, 0 MiB, 97887 MiB, 0 %, 0 %, 21.09 W
2026/04/02 12:08:57.956, 0 MiB, 97887 MiB, 0 %, 0 %, 21.10 W
2026/04/02 12:08:59.956, 0 MiB, 97887 MiB, 0 %, 0 %, 21.37 W
2026/04/02 12:09:01.957, 0 MiB, 97887 MiB, 0 %, 0 %, 20.87 W
2026/04/02 12:09:03.957, 0 MiB, 97887 MiB, 0 %, 0 %, 20.70 W
2026/04/02 12:09:05.958, 0 MiB, 97887 MiB, 0 %, 0 %, 20.67 W
2026/04/02 12:09:07.958, 0 MiB, 97887 MiB, 0 %, 0 %, 20.79 W
2026/04/02 12:09:09.958, 0 MiB, 97887 MiB, 0 %, 0 %, 21.02 W
2026/04/02 12:09:11.959, 0 MiB, 97887 MiB, 0 %, 0 %, 21.14 W
2026/04/02 12:09:13.959, 0 MiB, 97887 MiB, 0 %, 0 %, 21.04 W
2026/04/02 12:09:15.960, 0 MiB, 97887 MiB, 0 %, 0 %, 20.72 W
2026/04/02 12:09:17.961, 0 MiB, 97887 MiB, 0 %, 0 %, 21.04 W
2026/04/02 12:09:19.961, 0 MiB, 97887 MiB, 0 %, 0 %, 20.70 W
2026/04/02 12:09:21.962, 0 MiB, 97887 MiB, 0 %, 0 %, 20.11 W
2026/04/02 12:09:23.963, 0 MiB, 97887 MiB, 0 %, 0 %, 20.47 W
2026/04/02 12:09:25.963, 0 MiB, 97887 MiB, 0 %, 0 %, 20.97 W
2026/04/02 12:09:27.964, 0 MiB, 97887 MiB, 0 %, 0 %, 21.07 W
2026/04/02 12:09:29.964, 0 MiB, 97887 MiB, 0 %, 0 %, 21.14 W
2026/04/02 12:09:31.965, 0 MiB, 97887 MiB, 0 %, 0 %, 20.53 W
2026/04/02 12:09:33.965, 0 MiB, 97887 MiB, 0 %, 0 %, 20.59 W
2026/04/02 12:09:35.966, 0 MiB, 97887 MiB, 0 %, 0 %, 20.67 W
2026/04/02 12:09:37.967, 0 MiB, 97887 MiB, 0 %, 0 %, 20.75 W
2026/04/02 12:09:39.967, 0 MiB, 97887 MiB, 0 %, 0 %, 21.02 W
2026/04/02 12:09:41.968, 0 MiB, 97887 MiB, 0 %, 0 %, 21.35 W
2026/04/02 12:09:43.968, 0 MiB, 97887 MiB, 0 %, 0 %, 21.33 W
2026/04/02 12:09:45.969, 0 MiB, 97887 MiB, 0 %, 0 %, 21.36 W
2026/04/02 12:09:47.970, 0 MiB, 97887 MiB, 0 %, 0 %, 21.27 W
2026/04/02 12:09:49.971, 0 MiB, 97887 MiB, 0 %, 0 %, 21.62 W
2026/04/02 12:09:51.971, 0 MiB, 97887 MiB, 0 %, 0 %, 21.35 W
2026/04/02 12:09:53.972, 0 MiB, 97887 MiB, 0 %, 0 %, 20.89 W
2026/04/02 12:09:55.972, 0 MiB, 97887 MiB, 0 %, 0 %, 20.83 W
2026/04/02 12:09:57.973, 0 MiB, 97887 MiB, 0 %, 0 %, 21.15 W
2026/04/02 12:09:59.973, 0 MiB, 97887 MiB, 0 %, 0 %, 20.53 W
2026/04/02 12:10:01.974, 0 MiB, 97887 MiB, 0 %, 0 %, 20.88 W
2026/04/02 12:10:03.974, 0 MiB, 97887 MiB, 0 %, 0 %, 21.09 W
2026/04/02 12:10:05.975, 0 MiB, 97887 MiB, 0 %, 0 %, 21.08 W
2026/04/02 12:10:07.976, 0 MiB, 97887 MiB, 0 %, 0 %, 21.16 W
2026/04/02 12:10:09.977, 0 MiB, 97887 MiB, 0 %, 0 %, 20.94 W
2026/04/02 12:10:11.977, 0 MiB, 97887 MiB, 0 %, 0 %, 20.71 W
2026/04/02 12:10:13.978, 0 MiB, 97887 MiB, 0 %, 0 %, 20.77 W
2026/04/02 12:10:15.979, 0 MiB, 97887 MiB, 0 %, 0 %, 21.11 W
2026/04/02 12:10:17.980, 0 MiB, 97887 MiB, 0 %, 0 %, 20.92 W
2026/04/02 12:10:19.980, 0 MiB, 97887 MiB, 0 %, 0 %, 20.90 W
2026/04/02 12:10:21.981, 0 MiB, 97887 MiB, 0 %, 0 %, 21.17 W
2026/04/02 12:10:23.981, 0 MiB, 97887 MiB, 0 %, 0 %, 20.98 W
2026/04/02 12:10:25.982, 0 MiB, 97887 MiB, 0 %, 0 %, 21.21 W
2026/04/02 12:10:27.982, 0 MiB, 97887 MiB, 0 %, 0 %, 21.01 W
2026/04/02 12:10:29.983, 0 MiB, 97887 MiB, 0 %, 0 %, 21.13 W
2026/04/02 12:10:31.984, 0 MiB, 97887 MiB, 0 %, 0 %, 20.93 W
2026/04/02 12:10:33.984, 0 MiB, 97887 MiB, 0 %, 0 %, 20.88 W
2026/04/02 12:10:35.985, 0 MiB, 97887 MiB, 0 %, 0 %, 20.80 W
2026/04/02 12:10:37.986, 0 MiB, 97887 MiB, 0 %, 0 %, 20.98 W
2026/04/02 12:10:39.987, 0 MiB, 97887 MiB, 0 %, 0 %, 21.18 W
2026/04/02 12:10:41.988, 0 MiB, 97887 MiB, 0 %, 0 %, 21.18 W
2026/04/02 12:10:43.988, 0 MiB, 97887 MiB, 0 %, 0 %, 20.68 W
2026/04/02 12:10:45.989, 0 MiB, 97887 MiB, 0 %, 0 %, 20.76 W
2026/04/02 12:10:47.990, 0 MiB, 97887 MiB, 0 %, 0 %, 20.73 W
2026/04/02 12:10:49.990, 0 MiB, 97887 MiB, 0 %, 0 %, 20.52 W
2026/04/02 12:10:51.991, 0 MiB, 97887 MiB, 0 %, 0 %, 20.73 W
2026/04/02 12:10:53.992, 0 MiB, 97887 MiB, 0 %, 0 %, 20.45 W
2026/04/02 12:10:55.992, 0 MiB, 97887 MiB, 0 %, 0 %, 21.14 W
2026/04/02 12:10:57.993, 0 MiB, 97887 MiB, 0 %, 0 %, 21.13 W
2026/04/02 12:10:59.994, 0 MiB, 97887 MiB, 0 %, 0 %, 20.79 W
2026/04/02 12:11:01.995, 0 MiB, 97887 MiB, 0 %, 0 %, 21.05 W
2026/04/02 12:11:03.996, 0 MiB, 97887 MiB, 0 %, 0 %, 21.26 W
2026/04/02 12:11:05.997, 0 MiB, 97887 MiB, 0 %, 0 %, 21.14 W
2026/04/02 12:11:07.997, 0 MiB, 97887 MiB, 0 %, 0 %, 20.90 W
2026/04/02 12:11:09.998, 0 MiB, 97887 MiB, 0 %, 0 %, 20.96 W
2026/04/02 12:11:11.998, 0 MiB, 97887 MiB, 0 %, 0 %, 21.08 W
2026/04/02 12:11:13.999, 0 MiB, 97887 MiB, 0 %, 0 %, 21.37 W
2026/04/02 12:11:16.000, 0 MiB, 97887 MiB, 0 %, 0 %, 21.23 W
2026/04/02 12:11:18.001, 0 MiB, 97887 MiB, 0 %, 0 %, 21.43 W
2026/04/02 12:11:20.001, 0 MiB, 97887 MiB, 0 %, 0 %, 21.09 W
2026/04/02 12:11:22.002, 0 MiB, 97887 MiB, 0 %, 0 %, 20.82 W
2026/04/02 12:11:24.003, 0 MiB, 97887 MiB, 0 %, 0 %, 21.12 W
2026/04/02 12:11:26.004, 0 MiB, 97887 MiB, 0 %, 0 %, 21.36 W
2026/04/02 12:11:28.004, 0 MiB, 97887 MiB, 0 %, 0 %, 21.65 W
2026/04/02 12:11:30.005, 0 MiB, 97887 MiB, 0 %, 0 %, 21.11 W
2026/04/02 12:11:32.006, 0 MiB, 97887 MiB, 0 %, 0 %, 21.86 W
2026/04/02 12:11:34.007, 0 MiB, 97887 MiB, 0 %, 0 %, 21.55 W
2026/04/02 12:11:36.007, 0 MiB, 97887 MiB, 0 %, 0 %, 21.45 W
2026/04/02 12:11:38.008, 0 MiB, 97887 MiB, 0 %, 0 %, 21.39 W
2026/04/02 12:11:40.009, 0 MiB, 97887 MiB, 0 %, 0 %, 21.42 W
2026/04/02 12:11:42.009, 0 MiB, 97887 MiB, 0 %, 0 %, 21.05 W
2026/04/02 12:11:44.010, 0 MiB, 97887 MiB, 0 %, 0 %, 21.33 W
2026/04/02 12:11:46.011, 0 MiB, 97887 MiB, 0 %, 0 %, 21.33 W
2026/04/02 12:11:48.011, 0 MiB, 97887 MiB, 0 %, 0 %, 20.90 W
2026/04/02 12:11:50.012, 0 MiB, 97887 MiB, 0 %, 0 %, 20.64 W
2026/04/02 12:11:52.013, 0 MiB, 97887 MiB, 0 %, 0 %, 20.73 W
2026/04/02 12:11:54.014, 0 MiB, 97887 MiB, 0 %, 0 %, 20.93 W
2026/04/02 12:11:56.015, 0 MiB, 97887 MiB, 0 %, 0 %, 21.39 W
2026/04/02 12:11:58.015, 0 MiB, 97887 MiB, 0 %, 0 %, 21.45 W
2026/04/02 12:12:00.016, 0 MiB, 97887 MiB, 0 %, 0 %, 21.27 W
2026/04/02 12:12:02.017, 0 MiB, 97887 MiB, 0 %, 0 %, 21.23 W
2026/04/02 12:12:04.017, 0 MiB, 97887 MiB, 0 %, 0 %, 21.15 W
2026/04/02 12:12:06.018, 0 MiB, 97887 MiB, 0 %, 0 %, 21.44 W
2026/04/02 12:12:08.018, 0 MiB, 97887 MiB, 0 %, 0 %, 21.48 W
2026/04/02 12:12:10.019, 0 MiB, 97887 MiB, 0 %, 0 %, 21.33 W
2026/04/02 12:12:12.019, 0 MiB, 97887 MiB, 0 %, 0 %, 20.73 W
2026/04/02 12:12:14.020, 0 MiB, 97887 MiB, 0 %, 0 %, 20.65 W
2026/04/02 12:12:16.021, 0 MiB, 97887 MiB, 0 %, 0 %, 21.25 W
2026/04/02 12:12:18.022, 0 MiB, 97887 MiB, 0 %, 0 %, 21.09 W
2026/04/02 12:12:20.023, 0 MiB, 97887 MiB, 0 %, 0 %, 20.87 W
2026/04/02 12:12:22.023, 0 MiB, 97887 MiB, 0 %, 0 %, 20.98 W
2026/04/02 12:12:24.024, 0 MiB, 97887 MiB, 0 %, 0 %, 20.52 W
2026/04/02 12:12:26.025, 0 MiB, 97887 MiB, 0 %, 0 %, 20.70 W
2026/04/02 12:12:28.025, 0 MiB, 97887 MiB, 0 %, 0 %, 20.83 W
2026/04/02 12:12:30.026, 0 MiB, 97887 MiB, 0 %, 0 %, 20.97 W
2026/04/02 12:12:32.026, 0 MiB, 97887 MiB, 0 %, 0 %, 21.01 W
2026/04/02 12:12:34.027, 0 MiB, 97887 MiB, 0 %, 0 %, 20.81 W
2026/04/02 12:12:36.028, 0 MiB, 97887 MiB, 0 %, 0 %, 21.06 W
2026/04/02 12:12:38.028, 0 MiB, 97887 MiB, 0 %, 0 %, 20.88 W
2026/04/02 12:12:40.029, 0 MiB, 97887 MiB, 0 %, 0 %, 20.67 W
2026/04/02 12:12:42.030, 0 MiB, 97887 MiB, 0 %, 0 %, 20.89 W
2026/04/02 12:12:44.031, 0 MiB, 97887 MiB, 0 %, 0 %, 21.39 W
2026/04/02 12:12:46.031, 0 MiB, 97887 MiB, 0 %, 0 %, 21.22 W
2026/04/02 12:12:48.031, 0 MiB, 97887 MiB, 0 %, 0 %, 21.08 W
2026/04/02 12:12:50.032, 0 MiB, 97887 MiB, 0 %, 0 %, 21.34 W
2026/04/02 12:12:52.033, 0 MiB, 97887 MiB, 0 %, 0 %, 21.36 W
2026/04/02 12:12:54.033, 0 MiB, 97887 MiB, 0 %, 0 %, 20.94 W
2026/04/02 12:12:56.034, 0 MiB, 97887 MiB, 0 %, 0 %, 20.67 W
2026/04/02 12:12:58.038, 0 MiB, 97887 MiB, 0 %, 0 %, 21.22 W
2026/04/02 12:13:00.038, 0 MiB, 97887 MiB, 0 %, 0 %, 21.02 W
2026/04/02 12:13:02.039, 0 MiB, 97887 MiB, 0 %, 0 %, 21.15 W
2026/04/02 12:13:04.040, 0 MiB, 97887 MiB, 0 %, 0 %, 20.99 W
2026/04/02 12:13:06.041, 0 MiB, 97887 MiB, 0 %, 0 %, 20.90 W
2026/04/02 12:13:08.041, 0 MiB, 97887 MiB, 0 %, 0 %, 20.80 W
2026/04/02 12:13:10.042, 0 MiB, 97887 MiB, 0 %, 0 %, 20.87 W
2026/04/02 12:13:12.042, 0 MiB, 97887 MiB, 0 %, 0 %, 20.92 W
2026/04/02 12:13:14.043, 0 MiB, 97887 MiB, 0 %, 0 %, 21.22 W
2026/04/02 12:13:16.044, 0 MiB, 97887 MiB, 0 %, 0 %, 21.04 W
2026/04/02 12:13:18.044, 0 MiB, 97887 MiB, 0 %, 0 %, 20.97 W
2026/04/02 12:13:20.045, 0 MiB, 97887 MiB, 0 %, 0 %, 20.79 W
2026/04/02 12:13:22.046, 0 MiB, 97887 MiB, 0 %, 0 %, 20.71 W
2026/04/02 12:13:24.047, 0 MiB, 97887 MiB, 0 %, 0 %, 21.00 W
2026/04/02 12:13:26.047, 0 MiB, 97887 MiB, 0 %, 0 %, 20.63 W
2026/04/02 12:13:28.048, 0 MiB, 97887 MiB, 0 %, 0 %, 20.73 W
2026/04/02 12:13:30.048, 0 MiB, 97887 MiB, 0 %, 0 %, 20.45 W
2026/04/02 12:13:32.049, 0 MiB, 97887 MiB, 0 %, 0 %, 20.93 W
2026/04/02 12:13:34.050, 0 MiB, 97887 MiB, 0 %, 0 %, 20.97 W
2026/04/02 12:13:36.050, 0 MiB, 97887 MiB, 0 %, 0 %, 21.21 W
2026/04/02 12:13:38.051, 0 MiB, 97887 MiB, 0 %, 0 %, 21.15 W
2026/04/02 12:13:40.051, 0 MiB, 97887 MiB, 0 %, 0 %, 20.98 W
2026/04/02 12:13:42.052, 0 MiB, 97887 MiB, 0 %, 0 %, 20.93 W
2026/04/02 12:13:44.052, 0 MiB, 97887 MiB, 0 %, 0 %, 20.82 W
2026/04/02 12:13:46.053, 0 MiB, 97887 MiB, 0 %, 0 %, 20.76 W
2026/04/02 12:13:48.053, 0 MiB, 97887 MiB, 0 %, 0 %, 20.37 W
2026/04/02 12:13:50.054, 0 MiB, 97887 MiB, 0 %, 0 %, 20.66 W
2026/04/02 12:13:52.054, 0 MiB, 97887 MiB, 0 %, 0 %, 20.52 W
2026/04/02 12:13:54.055, 0 MiB, 97887 MiB, 0 %, 0 %, 20.81 W
2026/04/02 12:13:56.056, 0 MiB, 97887 MiB, 0 %, 0 %, 20.80 W
2026/04/02 12:13:58.056, 0 MiB, 97887 MiB, 0 %, 0 %, 20.67 W
2026/04/02 12:14:00.057, 0 MiB, 97887 MiB, 0 %, 0 %, 20.64 W
2026/04/02 12:14:02.058, 0 MiB, 97887 MiB, 0 %, 0 %, 20.85 W
2026/04/02 12:14:04.058, 0 MiB, 97887 MiB, 0 %, 0 %, 20.70 W
2026/04/02 12:14:06.059, 0 MiB, 97887 MiB, 0 %, 0 %, 20.95 W
2026/04/02 12:14:08.060, 0 MiB, 97887 MiB, 0 %, 0 %, 20.49 W
2026/04/02 12:14:10.060, 0 MiB, 97887 MiB, 0 %, 0 %, 20.55 W
2026/04/02 12:14:12.061, 0 MiB, 97887 MiB, 0 %, 0 %, 20.62 W
2026/04/02 12:14:14.062, 0 MiB, 97887 MiB, 0 %, 0 %, 21.09 W
2026/04/02 12:14:16.062, 0 MiB, 97887 MiB, 0 %, 0 %, 20.78 W
2026/04/02 12:14:18.063, 0 MiB, 97887 MiB, 0 %, 0 %, 20.38 W
2026/04/02 12:14:20.064, 0 MiB, 97887 MiB, 0 %, 0 %, 20.71 W
2026/04/02 12:14:22.064, 0 MiB, 97887 MiB, 0 %, 0 %, 20.41 W
2026/04/02 12:14:24.065, 0 MiB, 97887 MiB, 0 %, 0 %, 20.58 W
2026/04/02 12:14:26.066, 0 MiB, 97887 MiB, 0 %, 0 %, 20.41 W
2026/04/02 12:14:28.066, 0 MiB, 97887 MiB, 0 %, 0 %, 20.41 W
2026/04/02 12:14:30.067, 0 MiB, 97887 MiB, 0 %, 0 %, 20.73 W
2026/04/02 12:14:32.068, 0 MiB, 97887 MiB, 0 %, 0 %, 20.35 W
2026/04/02 12:14:34.069, 0 MiB, 97887 MiB, 0 %, 0 %, 20.45 W
2026/04/02 12:14:36.069, 0 MiB, 97887 MiB, 0 %, 0 %, 20.40 W
2026/04/02 12:14:38.070, 0 MiB, 97887 MiB, 0 %, 0 %, 20.61 W
2026/04/02 12:14:40.070, 0 MiB, 97887 MiB, 0 %, 0 %, 20.57 W
2026/04/02 12:14:42.071, 0 MiB, 97887 MiB, 0 %, 0 %, 20.60 W
2026/04/02 12:14:44.072, 0 MiB, 97887 MiB, 0 %, 0 %, 20.79 W
2026/04/02 12:14:46.073, 0 MiB, 97887 MiB, 0 %, 0 %, 20.54 W
2026/04/02 12:14:48.074, 0 MiB, 97887 MiB, 0 %, 0 %, 21.01 W
2026/04/02 12:14:50.075, 0 MiB, 97887 MiB, 0 %, 0 %, 21.19 W
2026/04/02 12:14:52.075, 0 MiB, 97887 MiB, 0 %, 0 %, 20.84 W
2026/04/02 12:14:54.076, 0 MiB, 97887 MiB, 0 %, 0 %, 20.82 W
2026/04/02 12:14:56.077, 0 MiB, 97887 MiB, 0 %, 0 %, 20.67 W
2026/04/02 12:14:58.078, 0 MiB, 97887 MiB, 0 %, 0 %, 20.73 W
2026/04/02 12:15:00.079, 0 MiB, 97887 MiB, 0 %, 0 %, 20.00 W
2026/04/02 12:15:02.079, 0 MiB, 97887 MiB, 0 %, 0 %, 20.17 W
2026/04/02 12:15:04.080, 0 MiB, 97887 MiB, 0 %, 0 %, 20.03 W
2026/04/02 12:15:06.081, 0 MiB, 97887 MiB, 0 %, 0 %, 20.30 W
2026/04/02 12:15:08.082, 0 MiB, 97887 MiB, 0 %, 0 %, 20.22 W
2026/04/02 12:15:10.083, 0 MiB, 97887 MiB, 0 %, 0 %, 20.67 W
2026/04/02 12:15:12.084, 0 MiB, 97887 MiB, 0 %, 0 %, 20.45 W
2026/04/02 12:15:14.084, 0 MiB, 97887 MiB, 0 %, 0 %, 20.60 W
2026/04/02 12:15:16.085, 0 MiB, 97887 MiB, 0 %, 0 %, 20.77 W
2026/04/02 12:15:18.086, 0 MiB, 97887 MiB, 0 %, 0 %, 20.59 W
2026/04/02 12:15:20.087, 0 MiB, 97887 MiB, 0 %, 0 %, 20.51 W
2026/04/02 12:15:22.088, 0 MiB, 97887 MiB, 0 %, 0 %, 20.27 W
2026/04/02 12:15:24.089, 0 MiB, 97887 MiB, 0 %, 0 %, 20.53 W
2026/04/02 12:15:26.090, 0 MiB, 97887 MiB, 0 %, 0 %, 20.73 W
2026/04/02 12:15:28.090, 0 MiB, 97887 MiB, 0 %, 0 %, 20.72 W
2026/04/02 12:15:30.091, 0 MiB, 97887 MiB, 0 %, 0 %, 20.48 W
2026/04/02 12:15:32.092, 0 MiB, 97887 MiB, 0 %, 0 %, 21.02 W
2026/04/02 12:15:34.093, 0 MiB, 97887 MiB, 0 %, 0 %, 20.51 W
2026/04/02 12:15:36.093, 0 MiB, 97887 MiB, 0 %, 0 %, 21.00 W
2026/04/02 12:15:38.094, 0 MiB, 97887 MiB, 0 %, 0 %, 20.62 W
2026/04/02 12:15:40.095, 0 MiB, 97887 MiB, 0 %, 0 %, 20.59 W
2026/04/02 12:15:42.096, 0 MiB, 97887 MiB, 0 %, 0 %, 20.72 W
2026/04/02 12:15:44.097, 0 MiB, 97887 MiB, 0 %, 0 %, 20.75 W
2026/04/02 12:15:46.097, 0 MiB, 97887 MiB, 0 %, 0 %, 20.73 W
2026/04/02 12:15:48.098, 0 MiB, 97887 MiB, 0 %, 0 %, 20.58 W
2026/04/02 12:15:50.099, 0 MiB, 97887 MiB, 0 %, 0 %, 20.41 W
2026/04/02 12:15:52.100, 0 MiB, 97887 MiB, 0 %, 0 %, 20.18 W
2026/04/02 12:15:54.101, 0 MiB, 97887 MiB, 0 %, 0 %, 20.78 W
2026/04/02 12:15:56.102, 0 MiB, 97887 MiB, 0 %, 0 %, 20.27 W
2026/04/02 12:15:58.102, 0 MiB, 97887 MiB, 0 %, 0 %, 20.53 W
2026/04/02 12:16:00.103, 0 MiB, 97887 MiB, 0 %, 0 %, 20.69 W
2026/04/02 12:16:02.103, 0 MiB, 97887 MiB, 0 %, 0 %, 20.68 W
2026/04/02 12:16:04.104, 0 MiB, 97887 MiB, 0 %, 0 %, 20.94 W
2026/04/02 12:16:06.105, 0 MiB, 97887 MiB, 0 %, 0 %, 20.95 W
2026/04/02 12:16:08.106, 0 MiB, 97887 MiB, 0 %, 0 %, 20.84 W
2026/04/02 12:16:10.107, 0 MiB, 97887 MiB, 0 %, 0 %, 21.06 W
2026/04/02 12:16:12.107, 0 MiB, 97887 MiB, 0 %, 0 %, 20.91 W
2026/04/02 12:16:14.108, 0 MiB, 97887 MiB, 0 %, 0 %, 20.82 W
2026/04/02 12:16:16.109, 0 MiB, 97887 MiB, 0 %, 0 %, 21.00 W
2026/04/02 12:16:18.110, 0 MiB, 97887 MiB, 0 %, 0 %, 21.44 W
2026/04/02 12:16:20.110, 0 MiB, 97887 MiB, 0 %, 0 %, 21.37 W
2026/04/02 12:16:22.111, 0 MiB, 97887 MiB, 0 %, 0 %, 20.91 W
2026/04/02 12:16:24.112, 0 MiB, 97887 MiB, 0 %, 0 %, 21.12 W
2026/04/02 12:16:26.113, 0 MiB, 97887 MiB, 0 %, 0 %, 21.06 W
2026/04/02 12:16:28.114, 0 MiB, 97887 MiB, 0 %, 0 %, 21.30 W
2026/04/02 12:16:30.115, 0 MiB, 97887 MiB, 0 %, 0 %, 20.60 W
2026/04/02 12:16:32.115, 0 MiB, 97887 MiB, 0 %, 0 %, 20.75 W
2026/04/02 12:16:34.116, 0 MiB, 97887 MiB, 0 %, 0 %, 20.60 W
2026/04/02 12:16:36.117, 0 MiB, 97887 MiB, 0 %, 0 %, 20.76 W
2026/04/02 12:16:38.118, 0 MiB, 97887 MiB, 0 %, 0 %, 20.84 W
2026/04/02 12:16:40.118, 0 MiB, 97887 MiB, 0 %, 0 %, 20.81 W
2026/04/02 12:16:42.119, 0 MiB, 97887 MiB, 0 %, 0 %, 20.76 W
2026/04/02 12:16:44.120, 0 MiB, 97887 MiB, 0 %, 0 %, 21.07 W
2026/04/02 12:16:46.121, 0 MiB, 97887 MiB, 0 %, 0 %, 21.16 W
2026/04/02 12:16:48.121, 0 MiB, 97887 MiB, 0 %, 0 %, 21.18 W
2026/04/02 12:16:50.123, 0 MiB, 97887 MiB, 0 %, 0 %, 21.08 W
2026/04/02 12:16:52.124, 0 MiB, 97887 MiB, 0 %, 0 %, 21.12 W
2026/04/02 12:16:54.125, 0 MiB, 97887 MiB, 0 %, 0 %, 21.11 W
2026/04/02 12:16:56.125, 0 MiB, 97887 MiB, 0 %, 0 %, 21.37 W
2026/04/02 12:16:58.126, 0 MiB, 97887 MiB, 0 %, 0 %, 21.72 W
2026/04/02 12:17:00.127, 0 MiB, 97887 MiB, 0 %, 0 %, 21.41 W
2026/04/02 12:17:02.128, 0 MiB, 97887 MiB, 0 %, 0 %, 21.28 W
2026/04/02 12:17:04.128, 0 MiB, 97887 MiB, 0 %, 0 %, 21.33 W
2026/04/02 12:17:06.129, 0 MiB, 97887 MiB, 0 %, 0 %, 21.35 W
2026/04/02 12:17:08.130, 0 MiB, 97887 MiB, 0 %, 0 %, 20.95 W
2026/04/02 12:17:10.131, 0 MiB, 97887 MiB, 0 %, 0 %, 20.64 W
2026/04/02 12:17:12.132, 0 MiB, 97887 MiB, 0 %, 0 %, 20.74 W
2026/04/02 12:17:14.133, 0 MiB, 97887 MiB, 0 %, 0 %, 21.11 W
2026/04/02 12:17:16.134, 0 MiB, 97887 MiB, 0 %, 0 %, 21.43 W
2026/04/02 12:17:18.135, 0 MiB, 97887 MiB, 0 %, 0 %, 21.53 W
2026/04/02 12:17:20.135, 0 MiB, 97887 MiB, 0 %, 0 %, 21.48 W
2026/04/02 12:17:22.136, 0 MiB, 97887 MiB, 0 %, 0 %, 21.25 W
2026/04/02 12:17:24.137, 0 MiB, 97887 MiB, 0 %, 0 %, 21.16 W
2026/04/02 12:17:26.138, 0 MiB, 97887 MiB, 0 %, 0 %, 20.78 W
2026/04/02 12:17:28.139, 0 MiB, 97887 MiB, 0 %, 0 %, 20.96 W
2026/04/02 12:17:30.140, 0 MiB, 97887 MiB, 0 %, 0 %, 20.88 W
2026/04/02 12:17:32.141, 0 MiB, 97887 MiB, 0 %, 0 %, 20.44 W
2026/04/02 12:17:34.141, 0 MiB, 97887 MiB, 0 %, 0 %, 20.84 W
2026/04/02 12:17:36.142, 0 MiB, 97887 MiB, 0 %, 0 %, 21.02 W
2026/04/02 12:17:38.143, 0 MiB, 97887 MiB, 0 %, 0 %, 21.37 W
2026/04/02 12:17:40.144, 0 MiB, 97887 MiB, 0 %, 0 %, 21.03 W
2026/04/02 12:17:42.144, 0 MiB, 97887 MiB, 0 %, 0 %, 21.06 W
2026/04/02 12:17:44.145, 0 MiB, 97887 MiB, 0 %, 0 %, 20.99 W
2026/04/02 12:17:46.146, 0 MiB, 97887 MiB, 0 %, 0 %, 20.78 W
2026/04/02 12:17:48.147, 0 MiB, 97887 MiB, 0 %, 0 %, 21.66 W
2026/04/02 12:17:50.148, 0 MiB, 97887 MiB, 0 %, 0 %, 21.16 W
2026/04/02 12:17:52.148, 0 MiB, 97887 MiB, 0 %, 0 %, 21.42 W
2026/04/02 12:17:54.149, 0 MiB, 97887 MiB, 0 %, 0 %, 21.20 W
2026/04/02 12:17:56.150, 0 MiB, 97887 MiB, 0 %, 0 %, 21.48 W
2026/04/02 12:17:58.151, 0 MiB, 97887 MiB, 0 %, 0 %, 20.95 W
2026/04/02 12:18:00.152, 0 MiB, 97887 MiB, 0 %, 0 %, 21.08 W
2026/04/02 12:18:02.153, 0 MiB, 97887 MiB, 0 %, 0 %, 21.21 W
2026/04/02 12:18:04.154, 0 MiB, 97887 MiB, 0 %, 0 %, 21.62 W
2026/04/02 12:18:06.155, 0 MiB, 97887 MiB, 0 %, 0 %, 21.91 W
2026/04/02 12:18:08.155, 0 MiB, 97887 MiB, 0 %, 0 %, 21.35 W
2026/04/02 12:18:10.156, 0 MiB, 97887 MiB, 0 %, 0 %, 21.15 W
2026/04/02 12:18:12.157, 0 MiB, 97887 MiB, 0 %, 0 %, 21.14 W
2026/04/02 12:18:14.158, 0 MiB, 97887 MiB, 0 %, 0 %, 21.21 W
2026/04/02 12:18:16.159, 0 MiB, 97887 MiB, 0 %, 0 %, 21.67 W
2026/04/02 12:18:18.159, 0 MiB, 97887 MiB, 0 %, 0 %, 21.68 W
2026/04/02 12:18:20.160, 0 MiB, 97887 MiB, 0 %, 0 %, 21.44 W
2026/04/02 12:18:22.161, 0 MiB, 97887 MiB, 0 %, 0 %, 21.67 W
2026/04/02 12:18:24.162, 0 MiB, 97887 MiB, 0 %, 0 %, 21.79 W
2026/04/02 12:18:26.163, 0 MiB, 97887 MiB, 0 %, 0 %, 21.64 W
2026/04/02 12:18:28.163, 0 MiB, 97887 MiB, 0 %, 0 %, 21.39 W
2026/04/02 12:18:30.164, 0 MiB, 97887 MiB, 0 %, 0 %, 21.25 W
2026/04/02 12:18:32.165, 0 MiB, 97887 MiB, 0 %, 0 %, 21.25 W
2026/04/02 12:18:34.166, 0 MiB, 97887 MiB, 0 %, 0 %, 21.16 W
2026/04/02 12:18:36.167, 0 MiB, 97887 MiB, 0 %, 0 %, 21.45 W
2026/04/02 12:18:38.168, 0 MiB, 97887 MiB, 0 %, 0 %, 21.42 W
2026/04/02 12:18:40.168, 0 MiB, 97887 MiB, 0 %, 0 %, 21.32 W
2026/04/02 12:18:42.169, 0 MiB, 97887 MiB, 0 %, 0 %, 21.50 W
2026/04/02 12:18:44.170, 0 MiB, 97887 MiB, 0 %, 0 %, 21.28 W
2026/04/02 12:18:46.171, 0 MiB, 97887 MiB, 0 %, 0 %, 21.76 W
2026/04/02 12:18:48.172, 0 MiB, 97887 MiB, 0 %, 0 %, 21.58 W
2026/04/02 12:18:50.172, 0 MiB, 97887 MiB, 0 %, 0 %, 21.48 W
2026/04/02 12:18:52.173, 0 MiB, 97887 MiB, 0 %, 0 %, 21.45 W
2026/04/02 12:18:54.174, 0 MiB, 97887 MiB, 0 %, 0 %, 21.53 W
2026/04/02 12:18:56.174, 0 MiB, 97887 MiB, 0 %, 0 %, 21.86 W
2026/04/02 12:18:58.175, 0 MiB, 97887 MiB, 0 %, 0 %, 21.96 W
2026/04/02 12:19:00.176, 0 MiB, 97887 MiB, 0 %, 0 %, 21.60 W
2026/04/02 12:19:02.176, 0 MiB, 97887 MiB, 0 %, 0 %, 22.04 W
2026/04/02 12:19:04.177, 0 MiB, 97887 MiB, 0 %, 0 %, 21.51 W
2026/04/02 12:19:06.177, 0 MiB, 97887 MiB, 0 %, 0 %, 21.40 W
2026/04/02 12:19:08.178, 0 MiB, 97887 MiB, 0 %, 0 %, 21.61 W
2026/04/02 12:19:10.179, 0 MiB, 97887 MiB, 0 %, 0 %, 21.53 W
2026/04/02 12:19:12.179, 0 MiB, 97887 MiB, 0 %, 0 %, 21.50 W
2026/04/02 12:19:14.180, 0 MiB, 97887 MiB, 0 %, 0 %, 21.86 W
2026/04/02 12:19:16.181, 0 MiB, 97887 MiB, 0 %, 0 %, 21.85 W
2026/04/02 12:19:18.182, 0 MiB, 97887 MiB, 0 %, 0 %, 21.66 W
2026/04/02 12:19:20.183, 0 MiB, 97887 MiB, 0 %, 0 %, 21.91 W
2026/04/02 12:19:22.184, 0 MiB, 97887 MiB, 0 %, 0 %, 21.88 W
2026/04/02 12:19:24.184, 0 MiB, 97887 MiB, 0 %, 0 %, 22.50 W
2026/04/02 12:19:26.185, 0 MiB, 97887 MiB, 0 %, 0 %, 21.72 W
2026/04/02 12:19:28.185, 0 MiB, 97887 MiB, 0 %, 0 %, 21.78 W
2026/04/02 12:19:30.186, 0 MiB, 97887 MiB, 0 %, 0 %, 21.55 W
2026/04/02 12:19:32.187, 0 MiB, 97887 MiB, 0 %, 0 %, 21.22 W
2026/04/02 12:19:34.188, 0 MiB, 97887 MiB, 0 %, 0 %, 21.44 W
2026/04/02 12:19:36.189, 0 MiB, 97887 MiB, 0 %, 0 %, 21.55 W
2026/04/02 12:19:38.190, 0 MiB, 97887 MiB, 0 %, 0 %, 21.33 W
2026/04/02 12:19:40.190, 0 MiB, 97887 MiB, 0 %, 0 %, 21.66 W
2026/04/02 12:19:42.191, 0 MiB, 97887 MiB, 0 %, 0 %, 21.94 W
2026/04/02 12:19:44.192, 0 MiB, 97887 MiB, 0 %, 0 %, 21.72 W
2026/04/02 12:19:46.193, 0 MiB, 97887 MiB, 0 %, 0 %, 21.75 W
2026/04/02 12:19:48.193, 0 MiB, 97887 MiB, 0 %, 0 %, 21.87 W
2026/04/02 12:19:50.194, 0 MiB, 97887 MiB, 0 %, 0 %, 21.64 W
2026/04/02 12:19:52.195, 0 MiB, 97887 MiB, 0 %, 0 %, 21.74 W
2026/04/02 12:19:54.196, 0 MiB, 97887 MiB, 0 %, 0 %, 21.60 W
2026/04/02 12:19:56.197, 0 MiB, 97887 MiB, 0 %, 0 %, 21.65 W
2026/04/02 12:19:58.198, 0 MiB, 97887 MiB, 0 %, 0 %, 21.45 W
2026/04/02 12:20:00.198, 0 MiB, 97887 MiB, 0 %, 0 %, 21.61 W
2026/04/02 12:20:02.199, 0 MiB, 97887 MiB, 0 %, 0 %, 21.15 W
2026/04/02 12:20:04.200, 0 MiB, 97887 MiB, 0 %, 0 %, 20.64 W
2026/04/02 12:20:06.200, 0 MiB, 97887 MiB, 0 %, 0 %, 20.71 W
2026/04/02 12:20:08.201, 0 MiB, 97887 MiB, 0 %, 0 %, 20.87 W
2026/04/02 12:20:10.202, 0 MiB, 97887 MiB, 0 %, 0 %, 21.09 W
2026/04/02 12:20:12.203, 0 MiB, 97887 MiB, 0 %, 0 %, 21.09 W
2026/04/02 12:20:14.204, 0 MiB, 97887 MiB, 0 %, 0 %, 20.95 W
2026/04/02 12:20:16.204, 0 MiB, 97887 MiB, 0 %, 0 %, 21.19 W
2026/04/02 12:20:18.205, 0 MiB, 97887 MiB, 0 %, 0 %, 21.27 W
2026/04/02 12:20:20.206, 0 MiB, 97887 MiB, 0 %, 0 %, 21.17 W
2026/04/02 12:20:22.207, 0 MiB, 97887 MiB, 0 %, 0 %, 21.24 W
2026/04/02 12:20:24.208, 0 MiB, 97887 MiB, 0 %, 0 %, 21.24 W
2026/04/02 12:20:26.209, 0 MiB, 97887 MiB, 0 %, 0 %, 21.05 W
2026/04/02 12:20:28.210, 0 MiB, 97887 MiB, 0 %, 0 %, 21.16 W
2026/04/02 12:20:30.211, 0 MiB, 97887 MiB, 0 %, 0 %, 21.28 W
2026/04/02 12:20:32.211, 0 MiB, 97887 MiB, 0 %, 0 %, 21.48 W
2026/04/02 12:20:34.212, 0 MiB, 97887 MiB, 0 %, 0 %, 21.39 W
2026/04/02 12:20:36.213, 0 MiB, 97887 MiB, 0 %, 0 %, 21.45 W
2026/04/02 12:20:38.214, 0 MiB, 97887 MiB, 0 %, 0 %, 21.32 W
2026/04/02 12:20:40.214, 0 MiB, 97887 MiB, 0 %, 0 %, 21.26 W
2026/04/02 12:20:42.215, 0 MiB, 97887 MiB, 0 %, 0 %, 21.86 W
2026/04/02 12:20:44.216, 0 MiB, 97887 MiB, 0 %, 0 %, 21.84 W
2026/04/02 12:20:46.217, 0 MiB, 97887 MiB, 0 %, 0 %, 21.61 W
2026/04/02 12:20:48.217, 0 MiB, 97887 MiB, 0 %, 0 %, 21.51 W
2026/04/02 12:20:50.218, 0 MiB, 97887 MiB, 0 %, 0 %, 21.79 W
2026/04/02 12:20:52.218, 0 MiB, 97887 MiB, 0 %, 0 %, 21.33 W
2026/04/02 12:20:54.219, 0 MiB, 97887 MiB, 0 %, 0 %, 21.42 W
2026/04/02 12:20:56.220, 0 MiB, 97887 MiB, 0 %, 0 %, 21.19 W
2026/04/02 12:20:58.220, 0 MiB, 97887 MiB, 0 %, 0 %, 21.03 W
2026/04/02 12:21:00.221, 0 MiB, 97887 MiB, 0 %, 0 %, 20.87 W
2026/04/02 12:21:02.222, 0 MiB, 97887 MiB, 0 %, 0 %, 21.12 W
2026/04/02 12:21:04.222, 0 MiB, 97887 MiB, 0 %, 0 %, 20.53 W
2026/04/02 12:21:06.223, 0 MiB, 97887 MiB, 0 %, 0 %, 20.55 W
2026/04/02 12:21:08.224, 0 MiB, 97887 MiB, 0 %, 0 %, 20.77 W
2026/04/02 12:21:10.225, 0 MiB, 97887 MiB, 0 %, 0 %, 21.22 W
2026/04/02 12:21:12.226, 0 MiB, 97887 MiB, 0 %, 0 %, 21.00 W
2026/04/02 12:21:14.226, 0 MiB, 97887 MiB, 0 %, 0 %, 21.32 W
2026/04/02 12:21:16.227, 0 MiB, 97887 MiB, 0 %, 0 %, 21.42 W
2026/04/02 12:21:18.228, 0 MiB, 97887 MiB, 0 %, 0 %, 21.58 W
2026/04/02 12:21:20.229, 0 MiB, 97887 MiB, 0 %, 0 %, 21.64 W
2026/04/02 12:21:22.229, 0 MiB, 97887 MiB, 0 %, 0 %, 21.64 W
2026/04/02 12:21:24.230, 0 MiB, 97887 MiB, 0 %, 0 %, 21.14 W
2026/04/02 12:21:26.231, 0 MiB, 97887 MiB, 0 %, 0 %, 21.42 W
2026/04/02 12:21:28.231, 0 MiB, 97887 MiB, 0 %, 0 %, 21.50 W
2026/04/02 12:21:30.232, 0 MiB, 97887 MiB, 0 %, 0 %, 21.58 W
2026/04/02 12:21:32.233, 0 MiB, 97887 MiB, 0 %, 0 %, 21.76 W
2026/04/02 12:21:34.234, 0 MiB, 97887 MiB, 0 %, 0 %, 21.71 W
2026/04/02 12:21:36.234, 0 MiB, 97887 MiB, 0 %, 0 %, 21.74 W
2026/04/02 12:21:38.235, 0 MiB, 97887 MiB, 0 %, 0 %, 21.33 W
2026/04/02 12:21:40.236, 0 MiB, 97887 MiB, 0 %, 0 %, 21.64 W
2026/04/02 12:21:42.237, 0 MiB, 97887 MiB, 0 %, 0 %, 20.95 W
2026/04/02 12:21:44.237, 0 MiB, 97887 MiB, 0 %, 0 %, 21.10 W
2026/04/02 12:21:46.238, 0 MiB, 97887 MiB, 0 %, 0 %, 21.18 W
2026/04/02 12:21:48.239, 0 MiB, 97887 MiB, 0 %, 0 %, 20.96 W
2026/04/02 12:21:50.240, 0 MiB, 97887 MiB, 0 %, 0 %, 21.18 W
2026/04/02 12:21:52.240, 0 MiB, 97887 MiB, 0 %, 0 %, 20.94 W
2026/04/02 12:21:54.241, 0 MiB, 97887 MiB, 0 %, 0 %, 20.71 W
2026/04/02 12:21:56.242, 0 MiB, 97887 MiB, 0 %, 0 %, 20.90 W
2026/04/02 12:21:58.243, 0 MiB, 97887 MiB, 0 %, 0 %, 20.83 W
2026/04/02 12:22:00.243, 0 MiB, 97887 MiB, 0 %, 0 %, 20.78 W
2026/04/02 12:22:02.244, 0 MiB, 97887 MiB, 0 %, 0 %, 21.15 W
2026/04/02 12:22:04.245, 0 MiB, 97887 MiB, 0 %, 0 %, 21.02 W
2026/04/02 12:22:06.246, 0 MiB, 97887 MiB, 0 %, 0 %, 21.58 W
2026/04/02 12:22:08.247, 0 MiB, 97887 MiB, 0 %, 0 %, 21.73 W
2026/04/02 12:22:10.247, 0 MiB, 97887 MiB, 0 %, 0 %, 21.71 W
2026/04/02 12:22:12.248, 0 MiB, 97887 MiB, 0 %, 0 %, 21.62 W
2026/04/02 12:22:14.249, 0 MiB, 97887 MiB, 0 %, 0 %, 21.97 W
2026/04/02 12:22:16.250, 0 MiB, 97887 MiB, 0 %, 0 %, 21.76 W
2026/04/02 12:22:18.250, 0 MiB, 97887 MiB, 0 %, 0 %, 21.05 W
2026/04/02 12:22:20.251, 0 MiB, 97887 MiB, 0 %, 0 %, 21.08 W
2026/04/02 12:22:22.252, 0 MiB, 97887 MiB, 0 %, 0 %, 21.08 W
2026/04/02 12:22:24.253, 0 MiB, 97887 MiB, 0 %, 0 %, 21.40 W
2026/04/02 12:22:26.253, 0 MiB, 97887 MiB, 0 %, 0 %, 21.67 W
2026/04/02 12:22:28.254, 0 MiB, 97887 MiB, 0 %, 0 %, 21.43 W
2026/04/02 12:22:30.254, 0 MiB, 97887 MiB, 0 %, 0 %, 21.48 W
2026/04/02 12:22:32.255, 0 MiB, 97887 MiB, 0 %, 0 %, 21.57 W
2026/04/02 12:22:34.256, 0 MiB, 97887 MiB, 0 %, 0 %, 21.61 W
2026/04/02 12:22:36.256, 0 MiB, 97887 MiB, 0 %, 0 %, 21.38 W
2026/04/02 12:22:38.257, 0 MiB, 97887 MiB, 0 %, 0 %, 21.50 W
2026/04/02 12:22:40.258, 0 MiB, 97887 MiB, 0 %, 0 %, 21.52 W
2026/04/02 12:22:42.259, 0 MiB, 97887 MiB, 0 %, 0 %, 21.63 W
2026/04/02 12:22:44.259, 0 MiB, 97887 MiB, 0 %, 0 %, 21.26 W
2026/04/02 12:22:46.260, 0 MiB, 97887 MiB, 0 %, 0 %, 21.78 W
2026/04/02 12:22:48.261, 0 MiB, 97887 MiB, 0 %, 0 %, 21.74 W
2026/04/02 12:22:50.261, 0 MiB, 97887 MiB, 0 %, 0 %, 21.52 W
2026/04/02 12:22:52.261, 0 MiB, 97887 MiB, 0 %, 0 %, 21.76 W
2026/04/02 12:22:54.262, 0 MiB, 97887 MiB, 0 %, 0 %, 22.05 W
2026/04/02 12:22:56.263, 0 MiB, 97887 MiB, 0 %, 0 %, 21.47 W
2026/04/02 12:22:58.264, 0 MiB, 97887 MiB, 0 %, 0 %, 21.73 W
2026/04/02 12:23:00.264, 0 MiB, 97887 MiB, 0 %, 0 %, 21.56 W
2026/04/02 12:23:02.265, 0 MiB, 97887 MiB, 0 %, 0 %, 21.57 W
2026/04/02 12:23:04.266, 0 MiB, 97887 MiB, 0 %, 0 %, 22.02 W
2026/04/02 12:23:06.267, 0 MiB, 97887 MiB, 0 %, 0 %, 21.89 W
2026/04/02 12:23:08.268, 0 MiB, 97887 MiB, 0 %, 0 %, 21.66 W
2026/04/02 12:23:10.268, 0 MiB, 97887 MiB, 0 %, 0 %, 21.33 W
2026/04/02 12:23:12.269, 0 MiB, 97887 MiB, 0 %, 0 %, 21.61 W
2026/04/02 12:23:14.270, 0 MiB, 97887 MiB, 0 %, 0 %, 21.99 W
2026/04/02 12:23:16.270, 0 MiB, 97887 MiB, 0 %, 0 %, 21.82 W
2026/04/02 12:23:18.271, 0 MiB, 97887 MiB, 0 %, 0 %, 21.15 W
2026/04/02 12:23:20.272, 0 MiB, 97887 MiB, 0 %, 0 %, 21.54 W
2026/04/02 12:23:22.272, 0 MiB, 97887 MiB, 0 %, 0 %, 21.47 W
2026/04/02 12:23:24.273, 0 MiB, 97887 MiB, 0 %, 0 %, 21.05 W
2026/04/02 12:23:26.274, 0 MiB, 97887 MiB, 0 %, 0 %, 21.46 W
2026/04/02 12:23:28.275, 0 MiB, 97887 MiB, 0 %, 0 %, 21.28 W
2026/04/02 12:23:30.275, 0 MiB, 97887 MiB, 0 %, 0 %, 21.91 W
2026/04/02 12:23:32.276, 0 MiB, 97887 MiB, 0 %, 0 %, 21.80 W
2026/04/02 12:23:34.277, 0 MiB, 97887 MiB, 0 %, 0 %, 21.52 W
2026/04/02 12:23:36.277, 0 MiB, 97887 MiB, 0 %, 0 %, 21.46 W
2026/04/02 12:23:38.278, 0 MiB, 97887 MiB, 0 %, 0 %, 21.56 W
2026/04/02 12:23:40.279, 0 MiB, 97887 MiB, 0 %, 0 %, 21.75 W
2026/04/02 12:23:42.279, 0 MiB, 97887 MiB, 0 %, 0 %, 21.34 W
2026/04/02 12:23:44.280, 0 MiB, 97887 MiB, 0 %, 0 %, 21.82 W
2026/04/02 12:23:46.280, 0 MiB, 97887 MiB, 0 %, 0 %, 21.70 W
2026/04/02 12:23:48.281, 0 MiB, 97887 MiB, 0 %, 0 %, 21.49 W
2026/04/02 12:23:50.282, 0 MiB, 97887 MiB, 0 %, 0 %, 21.62 W
2026/04/02 12:23:52.283, 0 MiB, 97887 MiB, 0 %, 0 %, 21.64 W
2026/04/02 12:23:54.283, 0 MiB, 97887 MiB, 0 %, 0 %, 21.54 W
2026/04/02 12:23:56.284, 0 MiB, 97887 MiB, 0 %, 0 %, 21.81 W
2026/04/02 12:23:58.285, 0 MiB, 97887 MiB, 0 %, 0 %, 21.69 W
2026/04/02 12:24:00.286, 0 MiB, 97887 MiB, 0 %, 0 %, 22.06 W
2026/04/02 12:24:02.286, 0 MiB, 97887 MiB, 0 %, 0 %, 21.49 W
2026/04/02 12:24:04.287, 0 MiB, 97887 MiB, 0 %, 0 %, 21.38 W
2026/04/02 12:24:06.287, 0 MiB, 97887 MiB, 0 %, 0 %, 21.56 W
2026/04/02 12:24:08.288, 0 MiB, 97887 MiB, 0 %, 0 %, 21.43 W
2026/04/02 12:24:10.289, 0 MiB, 97887 MiB, 0 %, 0 %, 21.70 W
2026/04/02 12:24:12.289, 0 MiB, 97887 MiB, 0 %, 0 %, 21.69 W
2026/04/02 12:24:14.290, 0 MiB, 97887 MiB, 0 %, 0 %, 21.54 W
2026/04/02 12:24:16.291, 0 MiB, 97887 MiB, 0 %, 0 %, 21.14 W
2026/04/02 12:24:18.291, 0 MiB, 97887 MiB, 0 %, 0 %, 21.46 W
2026/04/02 12:24:20.292, 0 MiB, 97887 MiB, 0 %, 0 %, 21.75 W
2026/04/02 12:24:22.293, 0 MiB, 97887 MiB, 0 %, 0 %, 21.89 W
2026/04/02 12:24:24.293, 0 MiB, 97887 MiB, 0 %, 0 %, 21.88 W
2026/04/02 12:24:26.294, 0 MiB, 97887 MiB, 0 %, 0 %, 21.49 W
2026/04/02 12:24:28.294, 0 MiB, 97887 MiB, 0 %, 0 %, 21.30 W
2026/04/02 12:24:30.295, 0 MiB, 97887 MiB, 0 %, 0 %, 21.25 W
2026/04/02 12:24:32.296, 0 MiB, 97887 MiB, 0 %, 0 %, 21.27 W
2026/04/02 12:24:34.296, 0 MiB, 97887 MiB, 0 %, 0 %, 21.87 W
2026/04/02 12:24:36.297, 0 MiB, 97887 MiB, 0 %, 0 %, 21.45 W
2026/04/02 12:24:38.297, 0 MiB, 97887 MiB, 0 %, 0 %, 20.94 W
2026/04/02 12:24:40.298, 0 MiB, 97887 MiB, 0 %, 0 %, 21.09 W
2026/04/02 12:24:42.298, 0 MiB, 97887 MiB, 0 %, 0 %, 21.14 W
2026/04/02 12:24:44.299, 0 MiB, 97887 MiB, 0 %, 0 %, 20.90 W
2026/04/02 12:24:46.300, 0 MiB, 97887 MiB, 0 %, 0 %, 20.54 W
2026/04/02 12:24:48.300, 0 MiB, 97887 MiB, 0 %, 0 %, 21.11 W
2026/04/02 12:24:50.301, 0 MiB, 97887 MiB, 0 %, 0 %, 21.63 W
2026/04/02 12:24:52.301, 0 MiB, 97887 MiB, 0 %, 0 %, 21.58 W
2026/04/02 12:24:54.301, 0 MiB, 97887 MiB, 0 %, 0 %, 21.53 W
2026/04/02 12:24:56.302, 0 MiB, 97887 MiB, 0 %, 0 %, 21.61 W
2026/04/02 12:24:58.303, 0 MiB, 97887 MiB, 0 %, 0 %, 21.45 W
2026/04/02 12:25:00.303, 0 MiB, 97887 MiB, 0 %, 0 %, 21.00 W
2026/04/02 12:25:02.304, 0 MiB, 97887 MiB, 0 %, 0 %, 21.28 W
2026/04/02 12:25:04.304, 0 MiB, 97887 MiB, 0 %, 0 %, 21.17 W
2026/04/02 12:25:06.304, 0 MiB, 97887 MiB, 0 %, 0 %, 21.53 W
2026/04/02 12:25:08.305, 0 MiB, 97887 MiB, 0 %, 0 %, 21.43 W
2026/04/02 12:25:10.306, 0 MiB, 97887 MiB, 0 %, 0 %, 21.26 W
2026/04/02 12:25:12.306, 0 MiB, 97887 MiB, 0 %, 0 %, 21.36 W
2026/04/02 12:25:14.307, 0 MiB, 97887 MiB, 0 %, 0 %, 21.33 W
2026/04/02 12:25:16.307, 0 MiB, 97887 MiB, 0 %, 0 %, 21.51 W
2026/04/02 12:25:18.308, 0 MiB, 97887 MiB, 0 %, 0 %, 21.67 W
2026/04/02 12:25:20.308, 0 MiB, 97887 MiB, 0 %, 0 %, 21.68 W
2026/04/02 12:25:22.309, 0 MiB, 97887 MiB, 0 %, 0 %, 21.37 W
2026/04/02 12:25:24.309, 0 MiB, 97887 MiB, 0 %, 0 %, 21.51 W
2026/04/02 12:25:26.309, 0 MiB, 97887 MiB, 0 %, 0 %, 21.19 W
2026/04/02 12:25:28.310, 0 MiB, 97887 MiB, 0 %, 0 %, 21.25 W
2026/04/02 12:25:30.310, 0 MiB, 97887 MiB, 0 %, 0 %, 21.64 W
2026/04/02 12:25:32.311, 0 MiB, 97887 MiB, 0 %, 0 %, 21.54 W
2026/04/02 12:25:34.312, 0 MiB, 97887 MiB, 0 %, 0 %, 21.44 W
2026/04/02 12:25:36.312, 0 MiB, 97887 MiB, 0 %, 0 %, 21.38 W
2026/04/02 12:25:38.313, 0 MiB, 97887 MiB, 0 %, 0 %, 21.21 W
2026/04/02 12:25:40.314, 0 MiB, 97887 MiB, 0 %, 0 %, 21.17 W
2026/04/02 12:25:42.314, 0 MiB, 97887 MiB, 0 %, 0 %, 21.37 W
2026/04/02 12:25:44.315, 0 MiB, 97887 MiB, 0 %, 0 %, 21.69 W
2026/04/02 12:25:46.315, 0 MiB, 97887 MiB, 0 %, 0 %, 21.79 W
2026/04/02 12:25:48.316, 0 MiB, 97887 MiB, 0 %, 0 %, 21.59 W
2026/04/02 12:25:50.316, 0 MiB, 97887 MiB, 0 %, 0 %, 21.69 W
2026/04/02 12:25:52.317, 0 MiB, 97887 MiB, 0 %, 0 %, 21.96 W
2026/04/02 12:25:54.317, 0 MiB, 97887 MiB, 0 %, 0 %, 21.81 W
2026/04/02 12:25:56.318, 0 MiB, 97887 MiB, 0 %, 0 %, 21.98 W
2026/04/02 12:25:58.318, 0 MiB, 97887 MiB, 0 %, 0 %, 21.67 W
2026/04/02 12:26:00.319, 0 MiB, 97887 MiB, 0 %, 0 %, 21.49 W
2026/04/02 12:26:02.319, 0 MiB, 97887 MiB, 0 %, 0 %, 21.52 W
2026/04/02 12:26:04.320, 0 MiB, 97887 MiB, 0 %, 0 %, 21.56 W
2026/04/02 12:26:06.321, 0 MiB, 97887 MiB, 0 %, 0 %, 21.58 W
2026/04/02 12:26:08.321, 0 MiB, 97887 MiB, 0 %, 0 %, 21.55 W
2026/04/02 12:26:10.322, 0 MiB, 97887 MiB, 0 %, 0 %, 21.77 W
2026/04/02 12:26:12.322, 0 MiB, 97887 MiB, 0 %, 0 %, 21.71 W
2026/04/02 12:26:14.323, 0 MiB, 97887 MiB, 0 %, 0 %, 21.76 W
2026/04/02 12:26:16.323, 0 MiB, 97887 MiB, 0 %, 0 %, 21.98 W
2026/04/02 12:26:18.324, 0 MiB, 97887 MiB, 0 %, 0 %, 21.20 W
2026/04/02 12:26:20.325, 0 MiB, 97887 MiB, 0 %, 0 %, 20.98 W
2026/04/02 12:26:22.325, 0 MiB, 97887 MiB, 0 %, 0 %, 21.24 W
2026/04/02 12:26:24.326, 0 MiB, 97887 MiB, 0 %, 0 %, 21.24 W
2026/04/02 12:26:26.326, 0 MiB, 97887 MiB, 0 %, 0 %, 21.48 W
2026/04/02 12:26:28.327, 0 MiB, 97887 MiB, 0 %, 0 %, 21.52 W
2026/04/02 12:26:30.327, 0 MiB, 97887 MiB, 0 %, 0 %, 21.18 W
2026/04/02 12:26:32.328, 0 MiB, 97887 MiB, 0 %, 0 %, 21.32 W
2026/04/02 12:26:34.328, 0 MiB, 97887 MiB, 0 %, 0 %, 21.40 W
2026/04/02 12:26:36.329, 0 MiB, 97887 MiB, 0 %, 0 %, 21.52 W
2026/04/02 12:26:38.330, 0 MiB, 97887 MiB, 0 %, 0 %, 21.58 W
2026/04/02 12:26:40.331, 0 MiB, 97887 MiB, 0 %, 0 %, 21.73 W
2026/04/02 12:26:42.332, 0 MiB, 97887 MiB, 0 %, 0 %, 21.57 W
2026/04/02 12:26:44.332, 0 MiB, 97887 MiB, 0 %, 0 %, 21.61 W
2026/04/02 12:26:46.333, 0 MiB, 97887 MiB, 0 %, 0 %, 21.88 W
2026/04/02 12:26:48.333, 0 MiB, 97887 MiB, 0 %, 0 %, 22.00 W
2026/04/02 12:26:50.334, 0 MiB, 97887 MiB, 0 %, 0 %, 22.00 W
2026/04/02 12:26:52.335, 0 MiB, 97887 MiB, 0 %, 0 %, 22.05 W
2026/04/02 12:26:54.336, 0 MiB, 97887 MiB, 0 %, 0 %, 22.05 W
2026/04/02 12:26:56.337, 0 MiB, 97887 MiB, 0 %, 0 %, 21.50 W
2026/04/02 12:26:58.337, 0 MiB, 97887 MiB, 0 %, 0 %, 21.58 W
2026/04/02 12:27:00.338, 0 MiB, 97887 MiB, 0 %, 0 %, 21.69 W
2026/04/02 12:27:02.338, 0 MiB, 97887 MiB, 0 %, 0 %, 21.86 W
2026/04/02 12:27:04.339, 0 MiB, 97887 MiB, 0 %, 0 %, 22.25 W
2026/04/02 12:27:06.340, 0 MiB, 97887 MiB, 0 %, 0 %, 21.80 W
2026/04/02 12:27:08.340, 0 MiB, 97887 MiB, 0 %, 0 %, 22.27 W
2026/04/02 12:27:10.341, 0 MiB, 97887 MiB, 0 %, 0 %, 22.10 W
2026/04/02 12:27:12.342, 0 MiB, 97887 MiB, 0 %, 0 %, 21.79 W
2026/04/02 12:27:14.343, 0 MiB, 97887 MiB, 0 %, 0 %, 22.10 W
2026/04/02 12:27:16.343, 0 MiB, 97887 MiB, 0 %, 0 %, 22.17 W
2026/04/02 12:27:18.344, 0 MiB, 97887 MiB, 0 %, 0 %, 22.25 W
2026/04/02 12:27:20.344, 0 MiB, 97887 MiB, 0 %, 0 %, 22.18 W
2026/04/02 12:27:22.345, 0 MiB, 97887 MiB, 0 %, 0 %, 22.36 W
2026/04/02 12:27:24.345, 0 MiB, 97887 MiB, 0 %, 0 %, 22.14 W
2026/04/02 12:27:26.345, 0 MiB, 97887 MiB, 0 %, 0 %, 21.84 W
2026/04/02 12:27:28.346, 0 MiB, 97887 MiB, 0 %, 0 %, 22.12 W
2026/04/02 12:27:30.346, 0 MiB, 97887 MiB, 0 %, 0 %, 21.93 W
2026/04/02 12:27:32.347, 0 MiB, 97887 MiB, 0 %, 0 %, 22.06 W
2026/04/02 12:27:34.347, 0 MiB, 97887 MiB, 0 %, 0 %, 22.23 W
2026/04/02 12:27:36.348, 0 MiB, 97887 MiB, 0 %, 0 %, 21.24 W
2026/04/02 12:27:38.348, 0 MiB, 97887 MiB, 0 %, 0 %, 21.55 W
2026/04/02 12:27:40.349, 0 MiB, 97887 MiB, 0 %, 0 %, 21.77 W
2026/04/02 12:27:42.350, 0 MiB, 97887 MiB, 0 %, 0 %, 21.69 W
2026/04/02 12:27:44.350, 0 MiB, 97887 MiB, 0 %, 0 %, 21.27 W
2026/04/02 12:27:46.351, 0 MiB, 97887 MiB, 0 %, 0 %, 21.82 W
2026/04/02 12:27:48.352, 0 MiB, 97887 MiB, 0 %, 0 %, 21.62 W
2026/04/02 12:27:50.353, 0 MiB, 97887 MiB, 0 %, 0 %, 21.65 W
2026/04/02 12:27:52.353, 0 MiB, 97887 MiB, 0 %, 0 %, 22.00 W
2026/04/02 12:27:54.354, 0 MiB, 97887 MiB, 0 %, 0 %, 22.23 W
2026/04/02 12:27:56.355, 0 MiB, 97887 MiB, 0 %, 0 %, 22.27 W
2026/04/02 12:27:58.356, 0 MiB, 97887 MiB, 0 %, 0 %, 22.03 W
2026/04/02 12:28:00.357, 0 MiB, 97887 MiB, 0 %, 0 %, 21.99 W
2026/04/02 12:28:02.358, 0 MiB, 97887 MiB, 0 %, 0 %, 21.96 W
2026/04/02 12:28:04.359, 0 MiB, 97887 MiB, 0 %, 0 %, 22.02 W
2026/04/02 12:28:06.360, 0 MiB, 97887 MiB, 0 %, 0 %, 21.72 W
2026/04/02 12:28:08.360, 0 MiB, 97887 MiB, 0 %, 0 %, 21.98 W
2026/04/02 12:28:10.360, 0 MiB, 97887 MiB, 0 %, 0 %, 21.95 W
2026/04/02 12:28:12.361, 0 MiB, 97887 MiB, 0 %, 0 %, 21.54 W
2026/04/02 12:28:14.361, 0 MiB, 97887 MiB, 0 %, 0 %, 21.53 W
2026/04/02 12:28:16.362, 0 MiB, 97887 MiB, 0 %, 0 %, 21.40 W
2026/04/02 12:28:18.363, 0 MiB, 97887 MiB, 0 %, 0 %, 21.49 W
2026/04/02 12:28:20.363, 0 MiB, 97887 MiB, 0 %, 0 %, 21.45 W
2026/04/02 12:28:22.363, 0 MiB, 97887 MiB, 0 %, 0 %, 21.37 W
2026/04/02 12:28:24.364, 0 MiB, 97887 MiB, 0 %, 0 %, 21.47 W
2026/04/02 12:28:26.365, 0 MiB, 97887 MiB, 0 %, 0 %, 21.95 W
2026/04/02 12:28:28.365, 0 MiB, 97887 MiB, 0 %, 0 %, 21.79 W
2026/04/02 12:28:30.365, 0 MiB, 97887 MiB, 0 %, 0 %, 21.85 W
2026/04/02 12:28:32.366, 0 MiB, 97887 MiB, 0 %, 0 %, 21.88 W
2026/04/02 12:28:34.366, 0 MiB, 97887 MiB, 0 %, 0 %, 21.76 W
2026/04/02 12:28:36.366, 0 MiB, 97887 MiB, 0 %, 0 %, 22.02 W
2026/04/02 12:28:38.367, 0 MiB, 97887 MiB, 0 %, 0 %, 21.88 W
2026/04/02 12:28:40.367, 0 MiB, 97887 MiB, 0 %, 0 %, 21.93 W
2026/04/02 12:28:42.368, 0 MiB, 97887 MiB, 0 %, 0 %, 22.00 W
2026/04/02 12:28:44.368, 0 MiB, 97887 MiB, 0 %, 0 %, 21.88 W
2026/04/02 12:28:46.369, 0 MiB, 97887 MiB, 0 %, 0 %, 21.79 W
2026/04/02 12:28:48.369, 0 MiB, 97887 MiB, 0 %, 0 %, 21.25 W
2026/04/02 12:28:50.370, 0 MiB, 97887 MiB, 0 %, 0 %, 21.88 W
2026/04/02 12:28:52.371, 0 MiB, 97887 MiB, 0 %, 0 %, 21.93 W
2026/04/02 12:28:54.372, 0 MiB, 97887 MiB, 0 %, 0 %, 21.68 W
2026/04/02 12:28:56.373, 0 MiB, 97887 MiB, 0 %, 0 %, 21.86 W
2026/04/02 12:28:58.374, 0 MiB, 97887 MiB, 0 %, 0 %, 21.59 W
2026/04/02 12:29:00.375, 0 MiB, 97887 MiB, 0 %, 0 %, 21.95 W
2026/04/02 12:29:02.376, 0 MiB, 97887 MiB, 0 %, 0 %, 22.02 W
2026/04/02 12:29:04.376, 0 MiB, 97887 MiB, 0 %, 0 %, 22.10 W
2026/04/02 12:29:06.377, 0 MiB, 97887 MiB, 0 %, 0 %, 21.96 W
2026/04/02 12:29:08.378, 0 MiB, 97887 MiB, 0 %, 0 %, 21.72 W
2026/04/02 12:29:10.379, 0 MiB, 97887 MiB, 0 %, 0 %, 21.63 W
2026/04/02 12:29:12.380, 0 MiB, 97887 MiB, 0 %, 0 %, 21.20 W
2026/04/02 12:29:14.381, 0 MiB, 97887 MiB, 0 %, 0 %, 21.47 W
2026/04/02 12:29:16.381, 0 MiB, 97887 MiB, 0 %, 0 %, 21.76 W
2026/04/02 12:29:18.382, 0 MiB, 97887 MiB, 0 %, 0 %, 22.04 W
2026/04/02 12:29:20.383, 0 MiB, 97887 MiB, 0 %, 0 %, 21.71 W
2026/04/02 12:29:22.384, 0 MiB, 97887 MiB, 0 %, 0 %, 21.68 W
2026/04/02 12:29:24.385, 0 MiB, 97887 MiB, 0 %, 0 %, 21.03 W
2026/04/02 12:29:26.386, 0 MiB, 97887 MiB, 0 %, 0 %, 21.33 W
2026/04/02 12:29:28.386, 0 MiB, 97887 MiB, 0 %, 0 %, 21.64 W
2026/04/02 12:29:30.387, 0 MiB, 97887 MiB, 0 %, 0 %, 21.66 W
2026/04/02 12:29:32.387, 0 MiB, 97887 MiB, 0 %, 0 %, 21.21 W
2026/04/02 12:29:34.388, 0 MiB, 97887 MiB, 0 %, 0 %, 21.57 W
2026/04/02 12:29:36.388, 0 MiB, 97887 MiB, 0 %, 0 %, 21.43 W
2026/04/02 12:29:38.389, 0 MiB, 97887 MiB, 0 %, 0 %, 21.87 W
2026/04/02 12:29:40.390, 0 MiB, 97887 MiB, 0 %, 0 %, 21.68 W
2026/04/02 12:29:42.391, 0 MiB, 97887 MiB, 0 %, 0 %, 21.69 W
2026/04/02 12:29:44.391, 0 MiB, 97887 MiB, 0 %, 0 %, 21.47 W
2026/04/02 12:29:46.392, 0 MiB, 97887 MiB, 0 %, 0 %, 21.43 W
2026/04/02 12:29:48.392, 0 MiB, 97887 MiB, 0 %, 0 %, 21.31 W
2026/04/02 12:29:50.392, 0 MiB, 97887 MiB, 0 %, 0 %, 21.54 W
2026/04/02 12:29:52.393, 0 MiB, 97887 MiB, 0 %, 0 %, 21.57 W
2026/04/02 12:29:54.394, 0 MiB, 97887 MiB, 0 %, 0 %, 21.43 W
2026/04/02 12:29:56.395, 0 MiB, 97887 MiB, 0 %, 0 %, 21.25 W
2026/04/02 12:29:58.395, 0 MiB, 97887 MiB, 0 %, 0 %, 21.69 W
2026/04/02 12:30:00.396, 0 MiB, 97887 MiB, 0 %, 0 %, 21.66 W
2026/04/02 12:30:02.397, 0 MiB, 97887 MiB, 0 %, 0 %, 21.39 W
2026/04/02 12:30:04.398, 0 MiB, 97887 MiB, 0 %, 0 %, 21.44 W
2026/04/02 12:30:06.398, 0 MiB, 97887 MiB, 0 %, 0 %, 21.14 W
2026/04/02 12:30:08.399, 0 MiB, 97887 MiB, 0 %, 0 %, 21.44 W
2026/04/02 12:30:10.399, 0 MiB, 97887 MiB, 0 %, 0 %, 21.51 W
2026/04/02 12:30:12.399, 0 MiB, 97887 MiB, 0 %, 0 %, 21.73 W
2026/04/02 12:30:14.400, 0 MiB, 97887 MiB, 0 %, 0 %, 21.32 W
2026/04/02 12:30:16.400, 0 MiB, 97887 MiB, 0 %, 0 %, 21.55 W
2026/04/02 12:30:18.401, 0 MiB, 97887 MiB, 0 %, 0 %, 21.16 W
2026/04/02 12:30:20.401, 0 MiB, 97887 MiB, 0 %, 0 %, 21.26 W
2026/04/02 12:30:22.402, 0 MiB, 97887 MiB, 0 %, 0 %, 21.12 W
2026/04/02 12:30:24.402, 0 MiB, 97887 MiB, 0 %, 0 %, 21.10 W
2026/04/02 12:30:26.403, 0 MiB, 97887 MiB, 0 %, 0 %, 20.96 W
2026/04/02 12:30:28.403, 0 MiB, 97887 MiB, 0 %, 0 %, 20.76 W
2026/04/02 12:30:30.404, 0 MiB, 97887 MiB, 0 %, 0 %, 20.93 W
2026/04/02 12:30:32.405, 0 MiB, 97887 MiB, 0 %, 0 %, 20.98 W
2026/04/02 12:30:34.405, 0 MiB, 97887 MiB, 0 %, 0 %, 21.12 W
2026/04/02 12:30:36.406, 0 MiB, 97887 MiB, 0 %, 0 %, 21.24 W
2026/04/02 12:30:38.406, 0 MiB, 97887 MiB, 0 %, 0 %, 21.32 W
2026/04/02 12:30:40.407, 0 MiB, 97887 MiB, 0 %, 0 %, 21.25 W
2026/04/02 12:30:42.408, 0 MiB, 97887 MiB, 0 %, 0 %, 21.39 W
2026/04/02 12:30:44.408, 0 MiB, 97887 MiB, 0 %, 0 %, 21.14 W
2026/04/02 12:30:46.409, 0 MiB, 97887 MiB, 0 %, 0 %, 20.35 W
2026/04/02 12:30:48.410, 0 MiB, 97887 MiB, 0 %, 0 %, 20.96 W
2026/04/02 12:30:50.410, 0 MiB, 97887 MiB, 0 %, 0 %, 21.35 W
2026/04/02 12:30:52.411, 0 MiB, 97887 MiB, 0 %, 0 %, 21.25 W
2026/04/02 12:30:54.412, 0 MiB, 97887 MiB, 0 %, 0 %, 21.51 W
2026/04/02 12:30:56.413, 0 MiB, 97887 MiB, 0 %, 0 %, 21.82 W
2026/04/02 12:30:58.413, 0 MiB, 97887 MiB, 0 %, 0 %, 21.59 W
2026/04/02 12:31:00.414, 0 MiB, 97887 MiB, 0 %, 0 %, 21.74 W
2026/04/02 12:31:02.415, 0 MiB, 97887 MiB, 0 %, 0 %, 21.26 W
2026/04/02 12:31:04.415, 0 MiB, 97887 MiB, 0 %, 0 %, 21.00 W
2026/04/02 12:31:06.416, 0 MiB, 97887 MiB, 0 %, 0 %, 21.19 W
2026/04/02 12:31:08.417, 0 MiB, 97887 MiB, 0 %, 0 %, 21.21 W
2026/04/02 12:31:10.418, 0 MiB, 97887 MiB, 0 %, 0 %, 21.04 W
2026/04/02 12:31:12.419, 0 MiB, 97887 MiB, 0 %, 0 %, 21.34 W
2026/04/02 12:31:14.419, 0 MiB, 97887 MiB, 0 %, 0 %, 21.30 W
2026/04/02 12:31:16.420, 0 MiB, 97887 MiB, 0 %, 0 %, 21.61 W
2026/04/02 12:31:18.421, 0 MiB, 97887 MiB, 0 %, 0 %, 21.28 W
2026/04/02 12:31:20.421, 0 MiB, 97887 MiB, 0 %, 0 %, 21.13 W
2026/04/02 12:31:22.422, 0 MiB, 97887 MiB, 0 %, 0 %, 21.33 W
2026/04/02 12:31:24.423, 0 MiB, 97887 MiB, 0 %, 0 %, 21.51 W
2026/04/02 12:31:26.423, 0 MiB, 97887 MiB, 0 %, 0 %, 20.88 W
2026/04/02 12:31:28.424, 0 MiB, 97887 MiB, 0 %, 0 %, 20.98 W
2026/04/02 12:31:30.425, 0 MiB, 97887 MiB, 0 %, 0 %, 20.27 W
2026/04/02 12:31:32.426, 0 MiB, 97887 MiB, 0 %, 0 %, 20.83 W
2026/04/02 12:31:34.427, 0 MiB, 97887 MiB, 0 %, 0 %, 20.83 W
2026/04/02 12:31:36.427, 0 MiB, 97887 MiB, 0 %, 0 %, 20.99 W
2026/04/02 12:31:38.428, 0 MiB, 97887 MiB, 0 %, 0 %, 21.03 W
2026/04/02 12:31:40.429, 0 MiB, 97887 MiB, 0 %, 0 %, 21.07 W
2026/04/02 12:31:42.430, 0 MiB, 97887 MiB, 0 %, 0 %, 21.17 W
2026/04/02 12:31:44.431, 0 MiB, 97887 MiB, 0 %, 0 %, 20.83 W
2026/04/02 12:31:46.432, 0 MiB, 97887 MiB, 0 %, 0 %, 21.19 W
2026/04/02 12:31:48.432, 0 MiB, 97887 MiB, 0 %, 0 %, 21.03 W
2026/04/02 12:31:50.433, 0 MiB, 97887 MiB, 0 %, 0 %, 21.29 W
2026/04/02 12:31:52.434, 0 MiB, 97887 MiB, 0 %, 0 %, 21.02 W
2026/04/02 12:31:54.435, 0 MiB, 97887 MiB, 0 %, 0 %, 21.19 W
2026/04/02 12:31:56.436, 0 MiB, 97887 MiB, 0 %, 0 %, 21.02 W
2026/04/02 12:31:58.437, 0 MiB, 97887 MiB, 0 %, 0 %, 21.02 W
2026/04/02 12:32:00.438, 0 MiB, 97887 MiB, 0 %, 0 %, 21.29 W
2026/04/02 12:32:02.438, 0 MiB, 97887 MiB, 0 %, 0 %, 21.14 W
2026/04/02 12:32:04.439, 0 MiB, 97887 MiB, 0 %, 0 %, 21.13 W
2026/04/02 12:32:06.440, 0 MiB, 97887 MiB, 0 %, 0 %, 21.00 W
2026/04/02 12:32:08.440, 0 MiB, 97887 MiB, 0 %, 0 %, 21.18 W
2026/04/02 12:32:10.441, 0 MiB, 97887 MiB, 0 %, 0 %, 20.61 W
2026/04/02 12:32:12.442, 0 MiB, 97887 MiB, 0 %, 0 %, 20.80 W
2026/04/02 12:32:14.443, 0 MiB, 97887 MiB, 0 %, 0 %, 20.66 W
2026/04/02 12:32:16.443, 0 MiB, 97887 MiB, 0 %, 0 %, 20.92 W
2026/04/02 12:32:18.444, 0 MiB, 97887 MiB, 0 %, 0 %, 21.38 W
2026/04/02 12:32:20.445, 0 MiB, 97887 MiB, 0 %, 0 %, 21.48 W
2026/04/02 12:32:22.446, 0 MiB, 97887 MiB, 0 %, 0 %, 21.49 W
2026/04/02 12:32:24.447, 0 MiB, 97887 MiB, 0 %, 0 %, 21.01 W
2026/04/02 12:32:26.447, 0 MiB, 97887 MiB, 0 %, 0 %, 21.19 W
2026/04/02 12:32:28.449, 0 MiB, 97887 MiB, 0 %, 0 %, 21.35 W
2026/04/02 12:32:30.449, 0 MiB, 97887 MiB, 0 %, 0 %, 21.37 W
2026/04/02 12:32:32.450, 0 MiB, 97887 MiB, 0 %, 0 %, 21.23 W
2026/04/02 12:32:34.451, 0 MiB, 97887 MiB, 0 %, 0 %, 20.94 W
2026/04/02 12:32:36.452, 0 MiB, 97887 MiB, 0 %, 0 %, 20.91 W
2026/04/02 12:32:38.453, 0 MiB, 97887 MiB, 0 %, 0 %, 21.23 W
2026/04/02 12:32:40.454, 0 MiB, 97887 MiB, 0 %, 0 %, 20.62 W
2026/04/02 12:32:42.454, 0 MiB, 97887 MiB, 0 %, 0 %, 20.98 W
2026/04/02 12:32:44.455, 0 MiB, 97887 MiB, 0 %, 0 %, 21.23 W
2026/04/02 12:32:46.456, 0 MiB, 97887 MiB, 0 %, 0 %, 21.24 W
2026/04/02 12:32:48.457, 0 MiB, 97887 MiB, 0 %, 0 %, 21.55 W
2026/04/02 12:32:50.458, 0 MiB, 97887 MiB, 0 %, 0 %, 21.34 W
2026/04/02 12:32:52.459, 0 MiB, 97887 MiB, 0 %, 0 %, 20.76 W
2026/04/02 12:32:54.460, 0 MiB, 97887 MiB, 0 %, 0 %, 21.02 W
2026/04/02 12:32:56.460, 0 MiB, 97887 MiB, 0 %, 0 %, 21.10 W
2026/04/02 12:32:58.461, 0 MiB, 97887 MiB, 0 %, 0 %, 21.08 W
2026/04/02 12:33:00.461, 0 MiB, 97887 MiB, 0 %, 0 %, 21.47 W
2026/04/02 12:33:02.462, 0 MiB, 97887 MiB, 0 %, 0 %, 21.09 W
2026/04/02 12:33:04.463, 0 MiB, 97887 MiB, 0 %, 0 %, 20.91 W
2026/04/02 12:33:06.464, 0 MiB, 97887 MiB, 0 %, 0 %, 21.52 W
2026/04/02 12:33:08.464, 0 MiB, 97887 MiB, 0 %, 0 %, 21.10 W
2026/04/02 12:33:10.465, 0 MiB, 97887 MiB, 0 %, 0 %, 21.32 W
2026/04/02 12:33:12.466, 0 MiB, 97887 MiB, 0 %, 0 %, 21.58 W
2026/04/02 12:33:14.467, 0 MiB, 97887 MiB, 0 %, 0 %, 21.68 W
2026/04/02 12:33:16.468, 0 MiB, 97887 MiB, 0 %, 0 %, 21.51 W
2026/04/02 12:33:18.469, 0 MiB, 97887 MiB, 0 %, 0 %, 21.25 W
2026/04/02 12:33:20.469, 0 MiB, 97887 MiB, 0 %, 0 %, 21.33 W
2026/04/02 12:33:22.470, 0 MiB, 97887 MiB, 0 %, 0 %, 21.27 W
2026/04/02 12:33:24.471, 0 MiB, 97887 MiB, 0 %, 0 %, 21.12 W
2026/04/02 12:33:26.472, 0 MiB, 97887 MiB, 0 %, 0 %, 21.02 W
2026/04/02 12:33:28.473, 0 MiB, 97887 MiB, 0 %, 0 %, 21.21 W
2026/04/02 12:33:30.474, 0 MiB, 97887 MiB, 0 %, 0 %, 21.21 W
2026/04/02 12:33:32.475, 0 MiB, 97887 MiB, 0 %, 0 %, 21.08 W
2026/04/02 12:33:34.475, 0 MiB, 97887 MiB, 0 %, 0 %, 21.11 W
2026/04/02 12:33:36.476, 0 MiB, 97887 MiB, 0 %, 0 %, 21.37 W
2026/04/02 12:33:38.477, 0 MiB, 97887 MiB, 0 %, 0 %, 20.87 W
2026/04/02 12:33:40.478, 0 MiB, 97887 MiB, 0 %, 0 %, 20.81 W
2026/04/02 12:33:42.479, 0 MiB, 97887 MiB, 0 %, 0 %, 20.76 W
2026/04/02 12:33:44.480, 0 MiB, 97887 MiB, 0 %, 0 %, 20.73 W
2026/04/02 12:33:46.481, 0 MiB, 97887 MiB, 0 %, 0 %, 20.93 W
2026/04/02 12:33:48.481, 0 MiB, 97887 MiB, 0 %, 0 %, 21.00 W
2026/04/02 12:33:50.482, 0 MiB, 97887 MiB, 0 %, 0 %, 20.73 W
2026/04/02 12:33:52.483, 0 MiB, 97887 MiB, 0 %, 0 %, 20.56 W
2026/04/02 12:33:54.484, 0 MiB, 97887 MiB, 0 %, 0 %, 20.87 W
2026/04/02 12:33:56.485, 0 MiB, 97887 MiB, 0 %, 0 %, 20.77 W
2026/04/02 12:33:58.486, 0 MiB, 97887 MiB, 0 %, 0 %, 21.01 W
2026/04/02 12:34:00.486, 0 MiB, 97887 MiB, 0 %, 0 %, 20.86 W
2026/04/02 12:34:02.487, 0 MiB, 97887 MiB, 0 %, 0 %, 21.13 W
2026/04/02 12:34:04.488, 0 MiB, 97887 MiB, 0 %, 0 %, 20.92 W
2026/04/02 12:34:06.489, 0 MiB, 97887 MiB, 0 %, 0 %, 20.76 W
2026/04/02 12:34:08.490, 0 MiB, 97887 MiB, 0 %, 0 %, 21.45 W
2026/04/02 12:34:10.491, 0 MiB, 97887 MiB, 0 %, 0 %, 20.87 W
2026/04/02 12:34:12.491, 0 MiB, 97887 MiB, 0 %, 0 %, 20.96 W
2026/04/02 12:34:14.492, 0 MiB, 97887 MiB, 0 %, 0 %, 21.24 W
2026/04/02 12:34:16.493, 0 MiB, 97887 MiB, 0 %, 0 %, 21.08 W
2026/04/02 12:34:18.494, 0 MiB, 97887 MiB, 0 %, 0 %, 20.87 W
2026/04/02 12:34:20.495, 0 MiB, 97887 MiB, 0 %, 0 %, 20.90 W
2026/04/02 12:34:22.496, 0 MiB, 97887 MiB, 0 %, 0 %, 20.77 W
2026/04/02 12:34:24.497, 0 MiB, 97887 MiB, 0 %, 0 %, 20.95 W
2026/04/02 12:34:26.497, 0 MiB, 97887 MiB, 0 %, 0 %, 20.88 W
2026/04/02 12:34:28.498, 0 MiB, 97887 MiB, 0 %, 0 %, 20.81 W
2026/04/02 12:34:30.498, 0 MiB, 97887 MiB, 0 %, 0 %, 20.83 W
2026/04/02 12:34:32.499, 0 MiB, 97887 MiB, 0 %, 0 %, 20.78 W
2026/04/02 12:34:34.499, 0 MiB, 97887 MiB, 0 %, 0 %, 21.02 W
2026/04/02 12:34:36.500, 0 MiB, 97887 MiB, 0 %, 0 %, 20.83 W
2026/04/02 12:34:38.500, 0 MiB, 97887 MiB, 0 %, 0 %, 20.87 W
2026/04/02 12:34:40.501, 0 MiB, 97887 MiB, 0 %, 0 %, 21.33 W
2026/04/02 12:34:42.502, 0 MiB, 97887 MiB, 0 %, 0 %, 20.95 W
2026/04/02 12:34:44.503, 0 MiB, 97887 MiB, 0 %, 0 %, 20.40 W
2026/04/02 12:34:46.504, 0 MiB, 97887 MiB, 0 %, 0 %, 20.32 W
2026/04/02 12:34:48.504, 0 MiB, 97887 MiB, 0 %, 0 %, 20.32 W
2026/04/02 12:34:50.505, 0 MiB, 97887 MiB, 0 %, 0 %, 20.78 W
2026/04/02 12:34:52.506, 0 MiB, 97887 MiB, 0 %, 0 %, 21.58 W
2026/04/02 12:34:54.507, 0 MiB, 97887 MiB, 0 %, 0 %, 20.81 W
2026/04/02 12:34:56.508, 0 MiB, 97887 MiB, 0 %, 0 %, 20.58 W
2026/04/02 12:34:58.508, 0 MiB, 97887 MiB, 0 %, 0 %, 20.66 W
2026/04/02 12:35:00.509, 0 MiB, 97887 MiB, 0 %, 0 %, 20.57 W
2026/04/02 12:35:02.510, 0 MiB, 97887 MiB, 0 %, 0 %, 21.23 W
2026/04/02 12:35:04.511, 0 MiB, 97887 MiB, 0 %, 0 %, 20.92 W
2026/04/02 12:35:06.512, 0 MiB, 97887 MiB, 0 %, 0 %, 20.89 W
2026/04/02 12:35:08.513, 0 MiB, 97887 MiB, 0 %, 0 %, 20.65 W
2026/04/02 12:35:10.513, 0 MiB, 97887 MiB, 0 %, 0 %, 20.98 W
2026/04/02 12:35:12.514, 0 MiB, 97887 MiB, 0 %, 0 %, 21.25 W
2026/04/02 12:35:14.515, 0 MiB, 97887 MiB, 0 %, 0 %, 21.28 W
2026/04/02 12:35:16.516, 0 MiB, 97887 MiB, 0 %, 0 %, 21.11 W
2026/04/02 12:35:18.517, 0 MiB, 97887 MiB, 0 %, 0 %, 21.31 W
2026/04/02 12:35:20.518, 0 MiB, 97887 MiB, 0 %, 0 %, 20.78 W
2026/04/02 12:35:22.518, 0 MiB, 97887 MiB, 0 %, 0 %, 20.85 W
2026/04/02 12:35:24.519, 0 MiB, 97887 MiB, 0 %, 0 %, 21.07 W
2026/04/02 12:35:26.520, 0 MiB, 97887 MiB, 0 %, 0 %, 20.48 W
2026/04/02 12:35:28.521, 0 MiB, 97887 MiB, 0 %, 0 %, 21.01 W
2026/04/02 12:35:30.522, 0 MiB, 97887 MiB, 0 %, 0 %, 20.95 W
2026/04/02 12:35:32.523, 0 MiB, 97887 MiB, 0 %, 0 %, 20.96 W
2026/04/02 12:35:34.524, 0 MiB, 97887 MiB, 0 %, 0 %, 21.22 W
2026/04/02 12:35:36.525, 0 MiB, 97887 MiB, 0 %, 0 %, 21.38 W
2026/04/02 12:35:38.526, 0 MiB, 97887 MiB, 0 %, 0 %, 21.35 W
2026/04/02 12:35:40.526, 0 MiB, 97887 MiB, 0 %, 0 %, 21.36 W
2026/04/02 12:35:42.527, 0 MiB, 97887 MiB, 0 %, 0 %, 21.15 W
2026/04/02 12:35:44.528, 0 MiB, 97887 MiB, 0 %, 0 %, 21.30 W
2026/04/02 12:35:46.529, 0 MiB, 97887 MiB, 0 %, 0 %, 21.26 W
2026/04/02 12:35:48.529, 0 MiB, 97887 MiB, 0 %, 0 %, 21.25 W
2026/04/02 12:35:50.530, 0 MiB, 97887 MiB, 0 %, 0 %, 21.23 W
2026/04/02 12:35:52.531, 0 MiB, 97887 MiB, 0 %, 0 %, 21.08 W
2026/04/02 12:35:54.531, 0 MiB, 97887 MiB, 0 %, 0 %, 21.25 W
2026/04/02 12:35:56.532, 0 MiB, 97887 MiB, 0 %, 0 %, 21.33 W
2026/04/02 12:35:58.533, 0 MiB, 97887 MiB, 0 %, 0 %, 21.17 W
2026/04/02 12:36:00.534, 0 MiB, 97887 MiB, 0 %, 0 %, 21.12 W
2026/04/02 12:36:02.535, 0 MiB, 97887 MiB, 0 %, 0 %, 21.59 W
2026/04/02 12:36:04.536, 0 MiB, 97887 MiB, 0 %, 0 %, 21.34 W
2026/04/02 12:36:06.536, 0 MiB, 97887 MiB, 0 %, 0 %, 21.41 W
2026/04/02 12:36:08.537, 0 MiB, 97887 MiB, 0 %, 0 %, 20.71 W
2026/04/02 12:36:10.538, 0 MiB, 97887 MiB, 0 %, 0 %, 21.00 W
2026/04/02 12:36:12.539, 0 MiB, 97887 MiB, 0 %, 0 %, 20.92 W
2026/04/02 12:36:14.540, 0 MiB, 97887 MiB, 0 %, 0 %, 20.88 W
2026/04/02 12:36:16.541, 0 MiB, 97887 MiB, 0 %, 0 %, 21.11 W
2026/04/02 12:36:18.541, 0 MiB, 97887 MiB, 0 %, 0 %, 21.37 W
2026/04/02 12:36:20.542, 0 MiB, 97887 MiB, 0 %, 0 %, 20.78 W
2026/04/02 12:36:22.543, 0 MiB, 97887 MiB, 0 %, 0 %, 21.15 W
2026/04/02 12:36:24.544, 0 MiB, 97887 MiB, 0 %, 0 %, 21.25 W
2026/04/02 12:36:26.545, 0 MiB, 97887 MiB, 0 %, 0 %, 21.26 W
2026/04/02 12:36:28.546, 0 MiB, 97887 MiB, 0 %, 0 %, 21.17 W
2026/04/02 12:36:30.547, 0 MiB, 97887 MiB, 0 %, 0 %, 21.16 W
2026/04/02 12:36:32.548, 0 MiB, 97887 MiB, 0 %, 0 %, 20.87 W
2026/04/02 12:36:34.548, 0 MiB, 97887 MiB, 0 %, 0 %, 21.05 W
2026/04/02 12:36:36.549, 0 MiB, 97887 MiB, 0 %, 0 %, 20.88 W
2026/04/02 12:36:38.550, 0 MiB, 97887 MiB, 0 %, 0 %, 21.46 W
2026/04/02 12:36:40.551, 0 MiB, 97887 MiB, 0 %, 0 %, 21.49 W
2026/04/02 12:36:42.551, 0 MiB, 97887 MiB, 0 %, 0 %, 21.38 W
2026/04/02 12:36:44.552, 0 MiB, 97887 MiB, 0 %, 0 %, 21.00 W
2026/04/02 12:36:46.552, 0 MiB, 97887 MiB, 0 %, 0 %, 21.07 W
2026/04/02 12:36:48.553, 0 MiB, 97887 MiB, 0 %, 0 %, 20.84 W
2026/04/02 12:36:50.553, 0 MiB, 97887 MiB, 0 %, 0 %, 20.98 W
2026/04/02 12:36:52.554, 0 MiB, 97887 MiB, 0 %, 0 %, 21.20 W
2026/04/02 12:36:54.554, 0 MiB, 97887 MiB, 0 %, 0 %, 21.66 W
2026/04/02 12:36:56.555, 0 MiB, 97887 MiB, 0 %, 0 %, 21.09 W
2026/04/02 12:36:58.555, 0 MiB, 97887 MiB, 0 %, 0 %, 21.14 W
2026/04/02 12:37:00.555, 0 MiB, 97887 MiB, 0 %, 0 %, 21.06 W
2026/04/02 12:37:02.556, 0 MiB, 97887 MiB, 0 %, 0 %, 20.69 W
2026/04/02 12:37:04.556, 0 MiB, 97887 MiB, 0 %, 0 %, 21.04 W
2026/04/02 12:37:06.557, 0 MiB, 97887 MiB, 0 %, 0 %, 20.81 W
2026/04/02 12:37:08.558, 0 MiB, 97887 MiB, 0 %, 0 %, 20.52 W
2026/04/02 12:37:10.559, 0 MiB, 97887 MiB, 0 %, 0 %, 20.78 W
2026/04/02 12:37:12.559, 0 MiB, 97887 MiB, 0 %, 0 %, 21.06 W
2026/04/02 12:37:14.559, 0 MiB, 97887 MiB, 0 %, 0 %, 20.71 W
2026/04/02 12:37:16.560, 0 MiB, 97887 MiB, 0 %, 0 %, 20.86 W
2026/04/02 12:37:18.560, 0 MiB, 97887 MiB, 0 %, 0 %, 21.17 W
2026/04/02 12:37:20.561, 0 MiB, 97887 MiB, 0 %, 0 %, 21.34 W
2026/04/02 12:37:22.561, 0 MiB, 97887 MiB, 0 %, 0 %, 20.32 W
2026/04/02 12:37:24.562, 0 MiB, 97887 MiB, 0 %, 0 %, 20.61 W
2026/04/02 12:37:26.562, 0 MiB, 97887 MiB, 0 %, 0 %, 21.03 W
2026/04/02 12:37:28.563, 0 MiB, 97887 MiB, 0 %, 0 %, 20.99 W
2026/04/02 12:37:30.564, 0 MiB, 97887 MiB, 0 %, 0 %, 20.77 W
2026/04/02 12:37:32.565, 0 MiB, 97887 MiB, 0 %, 0 %, 20.81 W
2026/04/02 12:37:34.565, 0 MiB, 97887 MiB, 0 %, 0 %, 21.00 W
2026/04/02 12:37:36.566, 0 MiB, 97887 MiB, 0 %, 0 %, 20.92 W
2026/04/02 12:37:38.567, 0 MiB, 97887 MiB, 0 %, 0 %, 21.03 W
2026/04/02 12:37:40.568, 0 MiB, 97887 MiB, 0 %, 0 %, 21.08 W
2026/04/02 12:37:42.569, 0 MiB, 97887 MiB, 0 %, 0 %, 21.40 W
2026/04/02 12:37:44.569, 0 MiB, 97887 MiB, 0 %, 0 %, 21.27 W
2026/04/02 12:37:46.570, 0 MiB, 97887 MiB, 0 %, 0 %, 21.66 W
2026/04/02 12:37:48.570, 0 MiB, 97887 MiB, 0 %, 0 %, 21.23 W
2026/04/02 12:37:50.571, 0 MiB, 97887 MiB, 0 %, 0 %, 20.97 W
2026/04/02 12:37:52.571, 0 MiB, 97887 MiB, 0 %, 0 %, 20.78 W
2026/04/02 12:37:54.572, 0 MiB, 97887 MiB, 0 %, 0 %, 20.87 W
2026/04/02 12:37:56.572, 0 MiB, 97887 MiB, 0 %, 0 %, 20.42 W
2026/04/02 12:37:58.573, 0 MiB, 97887 MiB, 0 %, 0 %, 20.73 W
2026/04/02 12:38:00.573, 0 MiB, 97887 MiB, 0 %, 0 %, 20.49 W
2026/04/02 12:38:02.574, 0 MiB, 97887 MiB, 0 %, 0 %, 20.39 W
2026/04/02 12:38:04.575, 0 MiB, 97887 MiB, 0 %, 0 %, 20.31 W
2026/04/02 12:38:06.575, 0 MiB, 97887 MiB, 0 %, 0 %, 20.47 W
2026/04/02 12:38:08.575, 0 MiB, 97887 MiB, 0 %, 0 %, 20.49 W
2026/04/02 12:38:10.576, 0 MiB, 97887 MiB, 0 %, 0 %, 20.56 W
2026/04/02 12:38:12.577, 0 MiB, 97887 MiB, 0 %, 0 %, 20.83 W
2026/04/02 12:38:14.577, 0 MiB, 97887 MiB, 0 %, 0 %, 21.13 W
2026/04/02 12:38:16.578, 0 MiB, 97887 MiB, 0 %, 0 %, 20.78 W
2026/04/02 12:38:18.579, 0 MiB, 97887 MiB, 0 %, 0 %, 20.96 W
2026/04/02 12:38:20.580, 0 MiB, 97887 MiB, 0 %, 0 %, 20.96 W
2026/04/02 12:38:22.580, 0 MiB, 97887 MiB, 0 %, 0 %, 21.28 W
2026/04/02 12:38:24.581, 0 MiB, 97887 MiB, 0 %, 0 %, 21.08 W
2026/04/02 12:38:26.582, 0 MiB, 97887 MiB, 0 %, 0 %, 21.16 W
2026/04/02 12:38:28.582, 0 MiB, 97887 MiB, 0 %, 0 %, 21.07 W
2026/04/02 12:38:30.583, 0 MiB, 97887 MiB, 0 %, 0 %, 20.86 W
2026/04/02 12:38:32.584, 0 MiB, 97887 MiB, 0 %, 0 %, 21.25 W
2026/04/02 12:38:34.585, 0 MiB, 97887 MiB, 0 %, 0 %, 21.10 W
2026/04/02 12:38:36.586, 0 MiB, 97887 MiB, 0 %, 0 %, 20.81 W
2026/04/02 12:38:38.586, 0 MiB, 97887 MiB, 0 %, 0 %, 21.06 W
2026/04/02 12:38:40.587, 0 MiB, 97887 MiB, 0 %, 0 %, 20.98 W
2026/04/02 12:38:42.588, 0 MiB, 97887 MiB, 0 %, 0 %, 20.99 W
2026/04/02 12:38:44.589, 0 MiB, 97887 MiB, 0 %, 0 %, 21.41 W
2026/04/02 12:38:46.589, 0 MiB, 97887 MiB, 0 %, 0 %, 21.15 W
2026/04/02 12:38:48.590, 0 MiB, 97887 MiB, 0 %, 0 %, 21.25 W
2026/04/02 12:38:50.591, 0 MiB, 97887 MiB, 0 %, 0 %, 21.09 W
2026/04/02 12:38:52.592, 0 MiB, 97887 MiB, 0 %, 0 %, 21.05 W
2026/04/02 12:38:54.593, 0 MiB, 97887 MiB, 0 %, 0 %, 21.42 W
2026/04/02 12:38:56.593, 0 MiB, 97887 MiB, 0 %, 0 %, 21.45 W
2026/04/02 12:38:58.594, 0 MiB, 97887 MiB, 0 %, 0 %, 21.12 W
2026/04/02 12:39:00.595, 0 MiB, 97887 MiB, 0 %, 0 %, 21.06 W
2026/04/02 12:39:02.595, 0 MiB, 97887 MiB, 0 %, 0 %, 21.42 W
2026/04/02 12:39:04.596, 0 MiB, 97887 MiB, 0 %, 0 %, 21.30 W
2026/04/02 12:39:06.597, 0 MiB, 97887 MiB, 0 %, 0 %, 21.39 W
2026/04/02 12:39:08.598, 0 MiB, 97887 MiB, 0 %, 0 %, 21.08 W
2026/04/02 12:39:10.599, 0 MiB, 97887 MiB, 0 %, 0 %, 20.94 W
2026/04/02 12:39:12.600, 0 MiB, 97887 MiB, 0 %, 0 %, 20.74 W
2026/04/02 12:39:14.600, 0 MiB, 97887 MiB, 0 %, 0 %, 20.88 W
2026/04/02 12:39:16.601, 0 MiB, 97887 MiB, 0 %, 0 %, 20.96 W
2026/04/02 12:39:18.602, 0 MiB, 97887 MiB, 0 %, 0 %, 20.49 W
2026/04/02 12:39:20.603, 0 MiB, 97887 MiB, 0 %, 0 %, 20.86 W
2026/04/02 12:39:22.604, 0 MiB, 97887 MiB, 0 %, 0 %, 21.23 W
2026/04/02 12:39:24.604, 0 MiB, 97887 MiB, 0 %, 0 %, 21.15 W
2026/04/02 12:39:26.605, 0 MiB, 97887 MiB, 0 %, 0 %, 21.17 W
2026/04/02 12:39:28.606, 0 MiB, 97887 MiB, 0 %, 0 %, 21.04 W
2026/04/02 12:39:30.607, 0 MiB, 97887 MiB, 0 %, 0 %, 21.00 W
2026/04/02 12:39:32.607, 0 MiB, 97887 MiB, 0 %, 0 %, 21.27 W
2026/04/02 12:39:34.608, 0 MiB, 97887 MiB, 0 %, 0 %, 21.26 W
2026/04/02 12:39:36.609, 0 MiB, 97887 MiB, 0 %, 0 %, 20.87 W
2026/04/02 12:39:38.610, 0 MiB, 97887 MiB, 0 %, 0 %, 20.98 W
2026/04/02 12:39:40.610, 0 MiB, 97887 MiB, 0 %, 0 %, 21.10 W
2026/04/02 12:39:42.611, 0 MiB, 97887 MiB, 0 %, 0 %, 21.37 W
2026/04/02 12:39:44.612, 0 MiB, 97887 MiB, 0 %, 0 %, 21.07 W
2026/04/02 12:39:46.613, 0 MiB, 97887 MiB, 0 %, 0 %, 20.69 W
2026/04/02 12:39:48.614, 0 MiB, 97887 MiB, 0 %, 0 %, 20.83 W
2026/04/02 12:39:50.614, 0 MiB, 97887 MiB, 0 %, 0 %, 20.82 W
2026/04/02 12:39:52.615, 0 MiB, 97887 MiB, 0 %, 0 %, 20.65 W
2026/04/02 12:39:54.616, 0 MiB, 97887 MiB, 0 %, 0 %, 21.11 W
2026/04/02 12:39:56.617, 0 MiB, 97887 MiB, 0 %, 0 %, 21.03 W
2026/04/02 12:39:58.618, 0 MiB, 97887 MiB, 0 %, 0 %, 20.80 W
2026/04/02 12:40:00.619, 0 MiB, 97887 MiB, 0 %, 0 %, 21.02 W
2026/04/02 12:40:02.619, 0 MiB, 97887 MiB, 0 %, 0 %, 21.20 W
2026/04/02 12:40:04.620, 0 MiB, 97887 MiB, 0 %, 0 %, 20.76 W
2026/04/02 12:40:06.621, 0 MiB, 97887 MiB, 0 %, 0 %, 20.83 W
2026/04/02 12:40:08.622, 0 MiB, 97887 MiB, 0 %, 0 %, 20.90 W
2026/04/02 12:40:10.623, 0 MiB, 97887 MiB, 0 %, 0 %, 21.05 W
2026/04/02 12:40:12.624, 0 MiB, 97887 MiB, 0 %, 0 %, 21.34 W
2026/04/02 12:40:14.624, 0 MiB, 97887 MiB, 0 %, 0 %, 21.53 W
2026/04/02 12:40:16.625, 0 MiB, 97887 MiB, 0 %, 0 %, 21.36 W
2026/04/02 12:40:18.626, 0 MiB, 97887 MiB, 0 %, 0 %, 21.50 W
2026/04/02 12:40:20.627, 0 MiB, 97887 MiB, 0 %, 0 %, 21.34 W
2026/04/02 12:40:22.628, 0 MiB, 97887 MiB, 0 %, 0 %, 21.02 W
2026/04/02 12:40:24.629, 0 MiB, 97887 MiB, 0 %, 0 %, 20.57 W
2026/04/02 12:40:26.629, 0 MiB, 97887 MiB, 0 %, 0 %, 20.82 W
2026/04/02 12:40:28.630, 0 MiB, 97887 MiB, 0 %, 0 %, 20.95 W
2026/04/02 12:40:30.631, 0 MiB, 97887 MiB, 0 %, 0 %, 20.78 W
2026/04/02 12:40:32.631, 0 MiB, 97887 MiB, 0 %, 0 %, 21.13 W
2026/04/02 12:40:34.632, 0 MiB, 97887 MiB, 0 %, 0 %, 20.70 W
2026/04/02 12:40:36.633, 0 MiB, 97887 MiB, 0 %, 0 %, 20.47 W
2026/04/02 12:40:38.634, 0 MiB, 97887 MiB, 0 %, 0 %, 20.64 W
2026/04/02 12:40:40.634, 0 MiB, 97887 MiB, 0 %, 0 %, 20.75 W
2026/04/02 12:40:42.635, 0 MiB, 97887 MiB, 0 %, 0 %, 21.15 W
2026/04/02 12:40:44.636, 0 MiB, 97887 MiB, 0 %, 0 %, 21.02 W
2026/04/02 12:40:46.636, 0 MiB, 97887 MiB, 0 %, 0 %, 21.30 W
2026/04/02 12:40:48.637, 0 MiB, 97887 MiB, 0 %, 0 %, 21.20 W
2026/04/02 12:40:50.638, 0 MiB, 97887 MiB, 0 %, 0 %, 21.11 W
2026/04/02 12:40:52.638, 0 MiB, 97887 MiB, 0 %, 0 %, 20.92 W
2026/04/02 12:40:54.639, 0 MiB, 97887 MiB, 0 %, 0 %, 21.20 W
2026/04/02 12:40:56.640, 0 MiB, 97887 MiB, 0 %, 0 %, 21.07 W
2026/04/02 12:40:58.641, 0 MiB, 97887 MiB, 0 %, 0 %, 20.86 W
2026/04/02 12:41:00.641, 0 MiB, 97887 MiB, 0 %, 0 %, 21.33 W
2026/04/02 12:41:02.642, 0 MiB, 97887 MiB, 0 %, 0 %, 21.37 W
2026/04/02 12:41:04.643, 0 MiB, 97887 MiB, 0 %, 0 %, 21.45 W
2026/04/02 12:41:06.644, 0 MiB, 97887 MiB, 0 %, 0 %, 21.61 W
2026/04/02 12:41:08.645, 0 MiB, 97887 MiB, 0 %, 0 %, 21.27 W
2026/04/02 12:41:10.646, 0 MiB, 97887 MiB, 0 %, 0 %, 21.43 W
2026/04/02 12:41:12.646, 0 MiB, 97887 MiB, 0 %, 0 %, 21.63 W
2026/04/02 12:41:14.647, 0 MiB, 97887 MiB, 0 %, 0 %, 21.45 W
2026/04/02 12:41:16.648, 0 MiB, 97887 MiB, 0 %, 0 %, 21.29 W
2026/04/02 12:41:18.649, 0 MiB, 97887 MiB, 0 %, 0 %, 21.08 W
2026/04/02 12:41:20.650, 0 MiB, 97887 MiB, 0 %, 0 %, 21.58 W
2026/04/02 12:41:22.651, 0 MiB, 97887 MiB, 0 %, 0 %, 21.92 W
2026/04/02 12:41:24.651, 0 MiB, 97887 MiB, 0 %, 0 %, 21.76 W
2026/04/02 12:41:26.652, 0 MiB, 97887 MiB, 0 %, 0 %, 21.52 W
2026/04/02 12:41:28.653, 0 MiB, 97887 MiB, 0 %, 0 %, 21.58 W
2026/04/02 12:41:30.654, 0 MiB, 97887 MiB, 0 %, 0 %, 21.34 W
2026/04/02 12:41:32.655, 0 MiB, 97887 MiB, 0 %, 0 %, 21.41 W
2026/04/02 12:41:34.656, 0 MiB, 97887 MiB, 0 %, 0 %, 21.04 W
2026/04/02 12:41:36.657, 0 MiB, 97887 MiB, 0 %, 0 %, 21.18 W
2026/04/02 12:41:38.658, 0 MiB, 97887 MiB, 0 %, 0 %, 21.51 W
2026/04/02 12:41:40.658, 0 MiB, 97887 MiB, 0 %, 0 %, 21.74 W
2026/04/02 12:41:42.659, 0 MiB, 97887 MiB, 0 %, 0 %, 21.66 W
2026/04/02 12:41:44.660, 0 MiB, 97887 MiB, 0 %, 0 %, 21.71 W
2026/04/02 12:41:46.661, 0 MiB, 97887 MiB, 0 %, 0 %, 21.31 W
2026/04/02 12:41:48.662, 0 MiB, 97887 MiB, 0 %, 0 %, 21.31 W
2026/04/02 12:41:50.662, 0 MiB, 97887 MiB, 0 %, 0 %, 21.46 W
2026/04/02 12:41:52.663, 0 MiB, 97887 MiB, 0 %, 0 %, 21.45 W
2026/04/02 12:41:54.664, 0 MiB, 97887 MiB, 0 %, 0 %, 21.14 W
2026/04/02 12:41:56.665, 0 MiB, 97887 MiB, 0 %, 0 %, 21.31 W
2026/04/02 12:41:58.666, 0 MiB, 97887 MiB, 0 %, 0 %, 21.32 W
2026/04/02 12:42:00.667, 0 MiB, 97887 MiB, 0 %, 0 %, 21.37 W
2026/04/02 12:42:02.668, 0 MiB, 97887 MiB, 0 %, 0 %, 21.04 W
2026/04/02 12:42:04.669, 0 MiB, 97887 MiB, 0 %, 0 %, 21.56 W
2026/04/02 12:42:06.669, 0 MiB, 97887 MiB, 0 %, 0 %, 21.70 W
2026/04/02 12:42:08.670, 0 MiB, 97887 MiB, 0 %, 0 %, 21.76 W
2026/04/02 12:42:10.671, 0 MiB, 97887 MiB, 0 %, 0 %, 21.30 W
2026/04/02 12:42:12.672, 0 MiB, 97887 MiB, 0 %, 0 %, 21.84 W
2026/04/02 12:42:14.673, 0 MiB, 97887 MiB, 0 %, 0 %, 21.99 W
2026/04/02 12:42:16.674, 0 MiB, 97887 MiB, 0 %, 0 %, 21.55 W
2026/04/02 12:42:18.674, 0 MiB, 97887 MiB, 0 %, 0 %, 21.51 W
2026/04/02 12:42:20.675, 0 MiB, 97887 MiB, 0 %, 0 %, 21.41 W
2026/04/02 12:42:22.676, 0 MiB, 97887 MiB, 0 %, 0 %, 21.74 W
2026/04/02 12:42:24.677, 0 MiB, 97887 MiB, 0 %, 0 %, 21.35 W
2026/04/02 12:42:26.678, 0 MiB, 97887 MiB, 0 %, 0 %, 21.12 W
2026/04/02 12:42:28.678, 0 MiB, 97887 MiB, 0 %, 0 %, 21.02 W
2026/04/02 12:42:30.679, 0 MiB, 97887 MiB, 0 %, 0 %, 21.55 W
2026/04/02 12:42:32.680, 0 MiB, 97887 MiB, 0 %, 0 %, 21.69 W
2026/04/02 12:42:34.680, 0 MiB, 97887 MiB, 0 %, 0 %, 21.58 W
2026/04/02 12:42:36.681, 0 MiB, 97887 MiB, 0 %, 0 %, 21.86 W
2026/04/02 12:42:38.682, 0 MiB, 97887 MiB, 0 %, 0 %, 21.60 W
2026/04/02 12:42:40.683, 0 MiB, 97887 MiB, 0 %, 0 %, 21.76 W
2026/04/02 12:42:42.684, 0 MiB, 97887 MiB, 0 %, 0 %, 21.74 W
2026/04/02 12:42:44.685, 0 MiB, 97887 MiB, 0 %, 0 %, 22.06 W
2026/04/02 12:42:46.686, 0 MiB, 97887 MiB, 0 %, 0 %, 22.14 W
2026/04/02 12:42:48.687, 0 MiB, 97887 MiB, 0 %, 0 %, 22.23 W
2026/04/02 12:42:50.687, 0 MiB, 97887 MiB, 0 %, 0 %, 21.84 W
2026/04/02 12:42:52.688, 0 MiB, 97887 MiB, 0 %, 0 %, 21.83 W
2026/04/02 12:42:54.689, 0 MiB, 97887 MiB, 0 %, 0 %, 21.70 W
2026/04/02 12:42:56.690, 0 MiB, 97887 MiB, 0 %, 0 %, 22.30 W
2026/04/02 12:42:58.691, 0 MiB, 97887 MiB, 0 %, 0 %, 22.26 W
2026/04/02 12:43:00.692, 0 MiB, 97887 MiB, 0 %, 0 %, 22.38 W
2026/04/02 12:43:02.693, 0 MiB, 97887 MiB, 0 %, 0 %, 22.23 W
2026/04/02 12:43:04.694, 0 MiB, 97887 MiB, 0 %, 0 %, 21.92 W
2026/04/02 12:43:06.694, 0 MiB, 97887 MiB, 0 %, 0 %, 21.95 W
2026/04/02 12:43:08.695, 0 MiB, 97887 MiB, 0 %, 0 %, 22.06 W
2026/04/02 12:43:10.696, 0 MiB, 97887 MiB, 0 %, 0 %, 21.37 W
2026/04/02 12:43:12.697, 0 MiB, 97887 MiB, 0 %, 0 %, 21.70 W
2026/04/02 12:43:14.698, 0 MiB, 97887 MiB, 0 %, 0 %, 21.70 W
2026/04/02 12:43:16.699, 0 MiB, 97887 MiB, 0 %, 0 %, 21.62 W
2026/04/02 12:43:18.699, 0 MiB, 97887 MiB, 0 %, 0 %, 21.64 W
2026/04/02 12:43:20.700, 0 MiB, 97887 MiB, 0 %, 0 %, 21.30 W
2026/04/02 12:43:22.701, 0 MiB, 97887 MiB, 0 %, 0 %, 21.59 W
2026/04/02 12:43:24.702, 0 MiB, 97887 MiB, 0 %, 0 %, 21.47 W
2026/04/02 12:43:26.703, 0 MiB, 97887 MiB, 0 %, 0 %, 21.44 W
2026/04/02 12:43:28.704, 0 MiB, 97887 MiB, 0 %, 0 %, 21.58 W
2026/04/02 12:43:30.705, 0 MiB, 97887 MiB, 0 %, 0 %, 21.59 W
2026/04/02 12:43:32.706, 0 MiB, 97887 MiB, 0 %, 0 %, 21.63 W
2026/04/02 12:43:34.706, 0 MiB, 97887 MiB, 0 %, 0 %, 21.77 W
2026/04/02 12:43:36.707, 0 MiB, 97887 MiB, 0 %, 0 %, 21.97 W
2026/04/02 12:43:38.708, 0 MiB, 97887 MiB, 0 %, 0 %, 21.92 W
2026/04/02 12:43:40.709, 0 MiB, 97887 MiB, 0 %, 0 %, 21.72 W
2026/04/02 12:43:42.709, 0 MiB, 97887 MiB, 0 %, 0 %, 21.74 W
2026/04/02 12:43:44.710, 0 MiB, 97887 MiB, 0 %, 0 %, 21.83 W
2026/04/02 12:43:46.711, 0 MiB, 97887 MiB, 0 %, 0 %, 21.70 W
2026/04/02 12:43:48.712, 0 MiB, 97887 MiB, 0 %, 0 %, 21.97 W
2026/04/02 12:43:50.713, 0 MiB, 97887 MiB, 0 %, 0 %, 21.90 W
2026/04/02 12:43:52.714, 0 MiB, 97887 MiB, 0 %, 0 %, 22.02 W
2026/04/02 12:43:54.714, 0 MiB, 97887 MiB, 0 %, 0 %, 21.81 W
2026/04/02 12:43:56.715, 0 MiB, 97887 MiB, 0 %, 0 %, 21.79 W
2026/04/02 12:43:58.716, 0 MiB, 97887 MiB, 0 %, 0 %, 21.75 W
2026/04/02 12:44:00.716, 0 MiB, 97887 MiB, 0 %, 0 %, 21.48 W
2026/04/02 12:44:02.717, 0 MiB, 97887 MiB, 0 %, 0 %, 21.49 W
2026/04/02 12:44:04.717, 0 MiB, 97887 MiB, 0 %, 0 %, 21.45 W
2026/04/02 12:44:06.718, 0 MiB, 97887 MiB, 0 %, 0 %, 21.36 W
2026/04/02 12:44:08.719, 0 MiB, 97887 MiB, 0 %, 0 %, 21.49 W
2026/04/02 12:44:10.719, 0 MiB, 97887 MiB, 0 %, 0 %, 21.58 W
2026/04/02 12:44:12.720, 0 MiB, 97887 MiB, 0 %, 0 %, 21.70 W
2026/04/02 12:44:14.721, 0 MiB, 97887 MiB, 0 %, 0 %, 21.85 W
2026/04/02 12:44:16.722, 0 MiB, 97887 MiB, 0 %, 0 %, 21.54 W
2026/04/02 12:44:18.722, 0 MiB, 97887 MiB, 0 %, 0 %, 21.65 W
2026/04/02 12:44:20.723, 0 MiB, 97887 MiB, 0 %, 0 %, 21.43 W
2026/04/02 12:44:22.724, 0 MiB, 97887 MiB, 0 %, 0 %, 21.54 W
2026/04/02 12:44:24.725, 0 MiB, 97887 MiB, 0 %, 0 %, 21.60 W
2026/04/02 12:44:26.726, 0 MiB, 97887 MiB, 0 %, 0 %, 21.74 W
2026/04/02 12:44:28.726, 0 MiB, 97887 MiB, 0 %, 0 %, 21.36 W
2026/04/02 12:44:30.727, 0 MiB, 97887 MiB, 0 %, 0 %, 21.63 W
2026/04/02 12:44:32.728, 0 MiB, 97887 MiB, 0 %, 0 %, 21.78 W
2026/04/02 12:44:34.728, 0 MiB, 97887 MiB, 0 %, 0 %, 21.80 W
2026/04/02 12:44:36.729, 0 MiB, 97887 MiB, 0 %, 0 %, 21.58 W
2026/04/02 12:44:38.730, 0 MiB, 97887 MiB, 0 %, 0 %, 21.68 W
2026/04/02 12:44:40.731, 0 MiB, 97887 MiB, 0 %, 0 %, 21.64 W
2026/04/02 12:44:42.731, 0 MiB, 97887 MiB, 0 %, 0 %, 21.14 W
2026/04/02 12:44:44.732, 0 MiB, 97887 MiB, 0 %, 0 %, 21.26 W
2026/04/02 12:44:46.733, 0 MiB, 97887 MiB, 0 %, 0 %, 21.52 W
2026/04/02 12:44:48.734, 0 MiB, 97887 MiB, 0 %, 0 %, 21.61 W
2026/04/02 12:44:50.735, 0 MiB, 97887 MiB, 0 %, 0 %, 21.58 W
2026/04/02 12:44:52.735, 0 MiB, 97887 MiB, 0 %, 0 %, 21.34 W
2026/04/02 12:44:54.736, 0 MiB, 97887 MiB, 0 %, 0 %, 21.75 W
2026/04/02 12:44:56.737, 0 MiB, 97887 MiB, 0 %, 0 %, 21.73 W
2026/04/02 12:44:58.738, 0 MiB, 97887 MiB, 0 %, 0 %, 21.87 W
2026/04/02 12:45:00.739, 0 MiB, 97887 MiB, 0 %, 0 %, 21.70 W
2026/04/02 12:45:02.740, 0 MiB, 97887 MiB, 0 %, 0 %, 22.12 W
2026/04/02 12:45:04.741, 0 MiB, 97887 MiB, 0 %, 0 %, 21.80 W
2026/04/02 12:45:06.741, 0 MiB, 97887 MiB, 0 %, 0 %, 21.23 W
2026/04/02 12:45:08.742, 0 MiB, 97887 MiB, 0 %, 0 %, 21.30 W
2026/04/02 12:45:10.743, 0 MiB, 97887 MiB, 0 %, 0 %, 21.79 W
2026/04/02 12:45:12.743, 0 MiB, 97887 MiB, 0 %, 0 %, 20.92 W
2026/04/02 12:45:14.744, 0 MiB, 97887 MiB, 0 %, 0 %, 21.32 W
2026/04/02 12:45:16.745, 0 MiB, 97887 MiB, 0 %, 0 %, 21.32 W
2026/04/02 12:45:18.745, 0 MiB, 97887 MiB, 0 %, 0 %, 21.33 W
2026/04/02 12:45:20.746, 0 MiB, 97887 MiB, 0 %, 0 %, 21.50 W
2026/04/02 12:45:22.747, 0 MiB, 97887 MiB, 0 %, 0 %, 21.20 W
2026/04/02 12:45:24.748, 0 MiB, 97887 MiB, 0 %, 0 %, 21.57 W
2026/04/02 12:45:26.749, 0 MiB, 97887 MiB, 0 %, 0 %, 21.33 W
2026/04/02 12:45:28.750, 0 MiB, 97887 MiB, 0 %, 0 %, 21.45 W
2026/04/02 12:45:30.751, 0 MiB, 97887 MiB, 0 %, 0 %, 21.57 W
2026/04/02 12:45:32.751, 0 MiB, 97887 MiB, 0 %, 0 %, 21.78 W
2026/04/02 12:45:34.752, 0 MiB, 97887 MiB, 0 %, 0 %, 21.71 W
2026/04/02 12:45:36.753, 0 MiB, 97887 MiB, 0 %, 0 %, 21.46 W
2026/04/02 12:45:38.754, 0 MiB, 97887 MiB, 0 %, 0 %, 21.33 W
2026/04/02 12:45:40.754, 0 MiB, 97887 MiB, 0 %, 0 %, 21.37 W
2026/04/02 12:45:42.755, 0 MiB, 97887 MiB, 0 %, 0 %, 21.48 W
2026/04/02 12:45:44.756, 0 MiB, 97887 MiB, 0 %, 0 %, 21.12 W
2026/04/02 12:45:46.756, 0 MiB, 97887 MiB, 0 %, 0 %, 21.15 W
2026/04/02 12:45:48.757, 0 MiB, 97887 MiB, 0 %, 0 %, 21.25 W
2026/04/02 12:45:50.758, 0 MiB, 97887 MiB, 0 %, 0 %, 21.25 W
2026/04/02 12:45:52.758, 0 MiB, 97887 MiB, 0 %, 0 %, 21.23 W
2026/04/02 12:45:54.759, 0 MiB, 97887 MiB, 0 %, 0 %, 21.40 W
2026/04/02 12:45:56.760, 0 MiB, 97887 MiB, 0 %, 0 %, 21.28 W
2026/04/02 12:45:58.761, 0 MiB, 97887 MiB, 0 %, 0 %, 21.26 W
2026/04/02 12:46:00.761, 0 MiB, 97887 MiB, 0 %, 0 %, 21.62 W
2026/04/02 12:46:02.762, 0 MiB, 97887 MiB, 0 %, 0 %, 21.15 W
2026/04/02 12:46:04.763, 0 MiB, 97887 MiB, 0 %, 0 %, 21.10 W
2026/04/02 12:46:06.764, 0 MiB, 97887 MiB, 0 %, 0 %, 20.82 W
2026/04/02 12:46:08.764, 0 MiB, 97887 MiB, 0 %, 0 %, 21.00 W
2026/04/02 12:46:10.765, 0 MiB, 97887 MiB, 0 %, 0 %, 20.94 W
2026/04/02 12:46:12.765, 0 MiB, 97887 MiB, 0 %, 0 %, 20.91 W
2026/04/02 12:46:14.766, 0 MiB, 97887 MiB, 0 %, 0 %, 21.38 W
2026/04/02 12:46:16.767, 0 MiB, 97887 MiB, 0 %, 0 %, 21.33 W
2026/04/02 12:46:18.768, 0 MiB, 97887 MiB, 0 %, 0 %, 21.33 W
2026/04/02 12:46:20.769, 0 MiB, 97887 MiB, 0 %, 0 %, 21.12 W
2026/04/02 12:46:22.770, 0 MiB, 97887 MiB, 0 %, 0 %, 21.63 W
2026/04/02 12:46:24.770, 0 MiB, 97887 MiB, 0 %, 0 %, 21.42 W
2026/04/02 12:46:26.771, 0 MiB, 97887 MiB, 0 %, 0 %, 21.16 W
2026/04/02 12:46:28.772, 0 MiB, 97887 MiB, 0 %, 0 %, 21.07 W
2026/04/02 12:46:30.772, 0 MiB, 97887 MiB, 0 %, 0 %, 20.61 W
2026/04/02 12:46:32.773, 0 MiB, 97887 MiB, 0 %, 0 %, 21.09 W
2026/04/02 12:46:34.773, 0 MiB, 97887 MiB, 0 %, 0 %, 21.32 W
2026/04/02 12:46:36.773, 0 MiB, 97887 MiB, 0 %, 0 %, 21.36 W
2026/04/02 12:46:38.774, 0 MiB, 97887 MiB, 0 %, 0 %, 21.40 W
2026/04/02 12:46:40.774, 0 MiB, 97887 MiB, 0 %, 0 %, 21.80 W
2026/04/02 12:46:42.775, 0 MiB, 97887 MiB, 0 %, 0 %, 21.85 W
2026/04/02 12:46:44.775, 0 MiB, 97887 MiB, 0 %, 0 %, 21.35 W
2026/04/02 12:46:46.776, 0 MiB, 97887 MiB, 0 %, 0 %, 21.37 W
2026/04/02 12:46:48.776, 0 MiB, 97887 MiB, 0 %, 0 %, 21.44 W
2026/04/02 12:46:50.777, 0 MiB, 97887 MiB, 0 %, 0 %, 21.27 W
2026/04/02 12:46:52.777, 0 MiB, 97887 MiB, 0 %, 0 %, 21.19 W
2026/04/02 12:46:54.778, 0 MiB, 97887 MiB, 0 %, 0 %, 21.37 W
2026/04/02 12:46:56.778, 0 MiB, 97887 MiB, 0 %, 0 %, 21.20 W
2026/04/02 12:46:58.779, 0 MiB, 97887 MiB, 0 %, 0 %, 21.63 W
2026/04/02 12:47:00.779, 0 MiB, 97887 MiB, 0 %, 0 %, 21.68 W
2026/04/02 12:47:02.780, 0 MiB, 97887 MiB, 0 %, 0 %, 21.51 W
2026/04/02 12:47:04.780, 0 MiB, 97887 MiB, 0 %, 0 %, 21.66 W
2026/04/02 12:47:06.781, 0 MiB, 97887 MiB, 0 %, 0 %, 22.05 W
2026/04/02 12:47:08.781, 0 MiB, 97887 MiB, 0 %, 0 %, 21.99 W
2026/04/02 12:47:10.782, 0 MiB, 97887 MiB, 0 %, 0 %, 21.00 W
2026/04/02 12:47:12.783, 0 MiB, 97887 MiB, 0 %, 0 %, 20.89 W
2026/04/02 12:47:14.783, 0 MiB, 97887 MiB, 0 %, 0 %, 20.72 W
2026/04/02 12:47:16.784, 0 MiB, 97887 MiB, 0 %, 0 %, 21.21 W
2026/04/02 12:47:18.785, 0 MiB, 97887 MiB, 0 %, 0 %, 21.18 W
2026/04/02 12:47:20.785, 0 MiB, 97887 MiB, 0 %, 0 %, 20.93 W
2026/04/02 12:47:22.786, 0 MiB, 97887 MiB, 0 %, 0 %, 21.28 W
2026/04/02 12:47:24.787, 0 MiB, 97887 MiB, 0 %, 0 %, 21.06 W
2026/04/02 12:47:26.787, 0 MiB, 97887 MiB, 0 %, 0 %, 21.08 W
2026/04/02 12:47:28.788, 0 MiB, 97887 MiB, 0 %, 0 %, 20.91 W
2026/04/02 12:47:30.789, 0 MiB, 97887 MiB, 0 %, 0 %, 20.89 W
2026/04/02 12:47:32.789, 0 MiB, 97887 MiB, 0 %, 0 %, 21.11 W
2026/04/02 12:47:34.790, 0 MiB, 97887 MiB, 0 %, 0 %, 21.11 W
2026/04/02 12:47:36.790, 0 MiB, 97887 MiB, 0 %, 0 %, 20.81 W
2026/04/02 12:47:38.791, 0 MiB, 97887 MiB, 0 %, 0 %, 20.67 W
2026/04/02 12:47:40.792, 0 MiB, 97887 MiB, 0 %, 0 %, 20.55 W
2026/04/02 12:47:42.792, 0 MiB, 97887 MiB, 0 %, 0 %, 20.51 W
2026/04/02 12:47:44.793, 0 MiB, 97887 MiB, 0 %, 0 %, 20.39 W
2026/04/02 12:47:46.794, 0 MiB, 97887 MiB, 0 %, 0 %, 20.71 W
2026/04/02 12:47:48.795, 0 MiB, 97887 MiB, 0 %, 0 %, 20.79 W
2026/04/02 12:47:50.795, 0 MiB, 97887 MiB, 0 %, 0 %, 20.61 W
2026/04/02 12:47:52.796, 0 MiB, 97887 MiB, 0 %, 0 %, 20.53 W
2026/04/02 12:47:54.797, 0 MiB, 97887 MiB, 0 %, 0 %, 20.68 W
2026/04/02 12:47:56.797, 0 MiB, 97887 MiB, 0 %, 0 %, 21.12 W
2026/04/02 12:47:58.798, 0 MiB, 97887 MiB, 0 %, 0 %, 21.08 W
2026/04/02 12:48:00.799, 0 MiB, 97887 MiB, 0 %, 0 %, 21.15 W
2026/04/02 12:48:02.800, 0 MiB, 97887 MiB, 0 %, 0 %, 21.13 W
2026/04/02 12:48:04.801, 0 MiB, 97887 MiB, 0 %, 0 %, 21.21 W
2026/04/02 12:48:06.801, 0 MiB, 97887 MiB, 0 %, 0 %, 20.96 W
2026/04/02 12:48:08.802, 0 MiB, 97887 MiB, 0 %, 0 %, 20.84 W
2026/04/02 12:48:10.803, 0 MiB, 97887 MiB, 0 %, 0 %, 21.21 W
2026/04/02 12:48:12.804, 0 MiB, 97887 MiB, 0 %, 0 %, 21.43 W
2026/04/02 12:48:14.805, 0 MiB, 97887 MiB, 0 %, 0 %, 21.24 W
2026/04/02 12:48:16.806, 0 MiB, 97887 MiB, 0 %, 0 %, 21.18 W
2026/04/02 12:48:18.806, 0 MiB, 97887 MiB, 0 %, 0 %, 21.05 W
2026/04/02 12:48:20.807, 0 MiB, 97887 MiB, 0 %, 0 %, 21.25 W
2026/04/02 12:48:22.808, 0 MiB, 97887 MiB, 0 %, 0 %, 21.12 W
2026/04/02 12:48:24.808, 0 MiB, 97887 MiB, 0 %, 0 %, 21.07 W
2026/04/02 12:48:26.809, 0 MiB, 97887 MiB, 0 %, 0 %, 21.07 W
2026/04/02 12:48:28.809, 0 MiB, 97887 MiB, 0 %, 0 %, 20.97 W
2026/04/02 12:48:30.810, 0 MiB, 97887 MiB, 0 %, 0 %, 21.00 W
2026/04/02 12:48:32.810, 0 MiB, 97887 MiB, 0 %, 0 %, 21.17 W
2026/04/02 12:48:34.811, 0 MiB, 97887 MiB, 0 %, 0 %, 21.32 W
2026/04/02 12:48:36.811, 0 MiB, 97887 MiB, 0 %, 0 %, 21.52 W
2026/04/02 12:48:38.812, 0 MiB, 97887 MiB, 0 %, 0 %, 21.47 W
2026/04/02 12:48:40.812, 0 MiB, 97887 MiB, 0 %, 0 %, 21.47 W
2026/04/02 12:48:42.813, 0 MiB, 97887 MiB, 0 %, 0 %, 21.54 W
2026/04/02 12:48:44.814, 0 MiB, 97887 MiB, 0 %, 0 %, 21.29 W
2026/04/02 12:48:46.814, 0 MiB, 97887 MiB, 0 %, 0 %, 21.45 W
2026/04/02 12:48:48.815, 0 MiB, 97887 MiB, 0 %, 0 %, 21.44 W
2026/04/02 12:48:50.815, 0 MiB, 97887 MiB, 0 %, 0 %, 21.26 W
2026/04/02 12:48:52.816, 0 MiB, 97887 MiB, 0 %, 0 %, 21.60 W
2026/04/02 12:48:54.816, 0 MiB, 97887 MiB, 0 %, 0 %, 21.43 W
2026/04/02 12:48:56.817, 0 MiB, 97887 MiB, 0 %, 0 %, 21.70 W
2026/04/02 12:48:58.818, 0 MiB, 97887 MiB, 0 %, 0 %, 22.14 W
2026/04/02 12:49:00.818, 0 MiB, 97887 MiB, 0 %, 0 %, 22.17 W
2026/04/02 12:49:02.819, 0 MiB, 97887 MiB, 0 %, 0 %, 22.14 W
2026/04/02 12:49:04.819, 0 MiB, 97887 MiB, 0 %, 0 %, 21.37 W
2026/04/02 12:49:06.820, 0 MiB, 97887 MiB, 0 %, 0 %, 20.83 W
2026/04/02 12:49:08.821, 0 MiB, 97887 MiB, 0 %, 0 %, 21.31 W
2026/04/02 12:49:10.821, 0 MiB, 97887 MiB, 0 %, 0 %, 21.21 W
2026/04/02 12:49:12.822, 0 MiB, 97887 MiB, 0 %, 0 %, 21.15 W
2026/04/02 12:49:14.822, 0 MiB, 97887 MiB, 0 %, 0 %, 21.36 W
2026/04/02 12:49:16.823, 0 MiB, 97887 MiB, 0 %, 0 %, 20.96 W
2026/04/02 12:49:18.823, 0 MiB, 97887 MiB, 0 %, 0 %, 20.91 W
2026/04/02 12:49:20.824, 0 MiB, 97887 MiB, 0 %, 0 %, 20.90 W
2026/04/02 12:49:22.824, 0 MiB, 97887 MiB, 0 %, 0 %, 21.01 W
2026/04/02 12:49:24.825, 0 MiB, 97887 MiB, 0 %, 0 %, 21.14 W
2026/04/02 12:49:26.826, 0 MiB, 97887 MiB, 0 %, 0 %, 21.09 W
2026/04/02 12:49:28.826, 0 MiB, 97887 MiB, 0 %, 0 %, 20.82 W
2026/04/02 12:49:30.827, 0 MiB, 97887 MiB, 0 %, 0 %, 20.77 W
2026/04/02 12:49:32.827, 0 MiB, 97887 MiB, 0 %, 0 %, 21.11 W
2026/04/02 12:49:34.827, 0 MiB, 97887 MiB, 0 %, 0 %, 21.16 W
2026/04/02 12:49:36.828, 0 MiB, 97887 MiB, 0 %, 0 %, 21.57 W
2026/04/02 12:49:38.828, 0 MiB, 97887 MiB, 0 %, 0 %, 21.41 W
2026/04/02 12:49:40.829, 0 MiB, 97887 MiB, 0 %, 0 %, 21.49 W
2026/04/02 12:49:42.829, 0 MiB, 97887 MiB, 0 %, 0 %, 21.50 W
2026/04/02 12:49:44.830, 0 MiB, 97887 MiB, 0 %, 0 %, 21.54 W
2026/04/02 12:49:46.830, 0 MiB, 97887 MiB, 0 %, 0 %, 21.06 W
2026/04/02 12:49:48.831, 0 MiB, 97887 MiB, 0 %, 0 %, 21.19 W
2026/04/02 12:49:50.831, 0 MiB, 97887 MiB, 0 %, 0 %, 21.30 W
2026/04/02 12:49:52.832, 0 MiB, 97887 MiB, 0 %, 0 %, 21.38 W
2026/04/02 12:49:54.832, 0 MiB, 97887 MiB, 0 %, 0 %, 21.14 W
2026/04/02 12:49:56.833, 0 MiB, 97887 MiB, 0 %, 0 %, 21.25 W
2026/04/02 12:49:58.834, 0 MiB, 97887 MiB, 0 %, 0 %, 21.64 W
2026/04/02 12:50:00.834, 0 MiB, 97887 MiB, 0 %, 0 %, 21.54 W
2026/04/02 12:50:02.835, 0 MiB, 97887 MiB, 0 %, 0 %, 21.86 W
2026/04/02 12:50:04.835, 0 MiB, 97887 MiB, 0 %, 0 %, 20.93 W
2026/04/02 12:50:06.836, 0 MiB, 97887 MiB, 0 %, 0 %, 21.31 W
2026/04/02 12:50:08.836, 0 MiB, 97887 MiB, 0 %, 0 %, 21.04 W
2026/04/02 12:50:10.837, 0 MiB, 97887 MiB, 0 %, 0 %, 21.04 W
2026/04/02 12:50:12.838, 0 MiB, 97887 MiB, 0 %, 0 %, 21.19 W
2026/04/02 12:50:14.838, 0 MiB, 97887 MiB, 0 %, 0 %, 21.17 W
2026/04/02 12:50:16.839, 0 MiB, 97887 MiB, 0 %, 0 %, 21.09 W
2026/04/02 12:50:18.840, 0 MiB, 97887 MiB, 0 %, 0 %, 21.36 W
2026/04/02 12:50:20.840, 0 MiB, 97887 MiB, 0 %, 0 %, 21.52 W
2026/04/02 12:50:22.841, 0 MiB, 97887 MiB, 0 %, 0 %, 21.59 W
2026/04/02 12:50:24.841, 0 MiB, 97887 MiB, 0 %, 0 %, 21.71 W
2026/04/02 12:50:26.842, 0 MiB, 97887 MiB, 0 %, 0 %, 21.48 W
2026/04/02 12:50:28.842, 0 MiB, 97887 MiB, 0 %, 0 %, 21.51 W
2026/04/02 12:50:30.843, 0 MiB, 97887 MiB, 0 %, 0 %, 20.90 W
2026/04/02 12:50:32.843, 0 MiB, 97887 MiB, 0 %, 0 %, 21.14 W
2026/04/02 12:50:34.844, 0 MiB, 97887 MiB, 0 %, 0 %, 21.06 W
2026/04/02 12:50:36.844, 0 MiB, 97887 MiB, 0 %, 0 %, 21.16 W
2026/04/02 12:50:38.845, 0 MiB, 97887 MiB, 0 %, 0 %, 21.11 W
2026/04/02 12:50:40.845, 0 MiB, 97887 MiB, 0 %, 0 %, 21.20 W
2026/04/02 12:50:42.846, 0 MiB, 97887 MiB, 0 %, 0 %, 21.25 W
2026/04/02 12:50:44.846, 0 MiB, 97887 MiB, 0 %, 0 %, 21.21 W
2026/04/02 12:50:46.847, 0 MiB, 97887 MiB, 0 %, 0 %, 21.06 W
2026/04/02 12:50:48.848, 0 MiB, 97887 MiB, 0 %, 0 %, 21.01 W
2026/04/02 12:50:50.848, 0 MiB, 97887 MiB, 0 %, 0 %, 21.18 W
2026/04/02 12:50:52.849, 0 MiB, 97887 MiB, 0 %, 0 %, 21.42 W
2026/04/02 12:50:54.849, 0 MiB, 97887 MiB, 0 %, 0 %, 21.14 W
2026/04/02 12:50:56.850, 0 MiB, 97887 MiB, 0 %, 0 %, 20.91 W
2026/04/02 12:50:58.850, 0 MiB, 97887 MiB, 0 %, 0 %, 20.89 W
2026/04/02 12:51:00.851, 0 MiB, 97887 MiB, 0 %, 0 %, 20.85 W
2026/04/02 12:51:02.852, 0 MiB, 97887 MiB, 0 %, 0 %, 20.86 W
2026/04/02 12:51:04.853, 0 MiB, 97887 MiB, 0 %, 0 %, 20.68 W
2026/04/02 12:51:06.853, 0 MiB, 97887 MiB, 0 %, 0 %, 21.25 W
2026/04/02 12:51:08.854, 0 MiB, 97887 MiB, 0 %, 0 %, 21.15 W
2026/04/02 12:51:10.854, 0 MiB, 97887 MiB, 0 %, 0 %, 21.24 W
2026/04/02 12:51:12.855, 0 MiB, 97887 MiB, 0 %, 0 %, 21.02 W
2026/04/02 12:51:14.855, 0 MiB, 97887 MiB, 0 %, 0 %, 21.14 W
2026/04/02 12:51:16.856, 0 MiB, 97887 MiB, 0 %, 0 %, 20.98 W
2026/04/02 12:51:18.857, 0 MiB, 97887 MiB, 0 %, 0 %, 21.25 W
2026/04/02 12:51:20.857, 0 MiB, 97887 MiB, 0 %, 0 %, 21.22 W
2026/04/02 12:51:22.858, 0 MiB, 97887 MiB, 0 %, 0 %, 21.37 W
2026/04/02 12:51:24.858, 0 MiB, 97887 MiB, 0 %, 0 %, 21.30 W
2026/04/02 12:51:26.859, 0 MiB, 97887 MiB, 0 %, 0 %, 21.06 W
2026/04/02 12:51:28.859, 0 MiB, 97887 MiB, 0 %, 0 %, 21.10 W
2026/04/02 12:51:30.859, 0 MiB, 97887 MiB, 0 %, 0 %, 20.89 W
2026/04/02 12:51:32.860, 0 MiB, 97887 MiB, 0 %, 0 %, 20.66 W
2026/04/02 12:51:34.861, 0 MiB, 97887 MiB, 0 %, 0 %, 20.55 W
2026/04/02 12:51:36.861, 0 MiB, 97887 MiB, 0 %, 0 %, 20.50 W
2026/04/02 12:51:38.862, 0 MiB, 97887 MiB, 0 %, 0 %, 21.52 W
2026/04/02 12:51:40.862, 0 MiB, 97887 MiB, 0 %, 0 %, 20.68 W
2026/04/02 12:51:42.863, 0 MiB, 97887 MiB, 0 %, 0 %, 20.73 W
2026/04/02 12:51:44.863, 0 MiB, 97887 MiB, 0 %, 0 %, 20.41 W
2026/04/02 12:51:46.864, 0 MiB, 97887 MiB, 0 %, 0 %, 20.08 W
2026/04/02 12:51:48.864, 0 MiB, 97887 MiB, 0 %, 0 %, 20.47 W
2026/04/02 12:51:50.865, 0 MiB, 97887 MiB, 0 %, 0 %, 20.40 W
2026/04/02 12:51:52.865, 0 MiB, 97887 MiB, 0 %, 0 %, 20.05 W
2026/04/02 12:51:54.866, 0 MiB, 97887 MiB, 0 %, 0 %, 19.72 W
2026/04/02 12:51:56.867, 0 MiB, 97887 MiB, 0 %, 0 %, 19.65 W
2026/04/02 12:51:58.867, 0 MiB, 97887 MiB, 0 %, 0 %, 20.29 W
2026/04/02 12:52:00.868, 0 MiB, 97887 MiB, 0 %, 0 %, 20.25 W
2026/04/02 12:52:02.868, 0 MiB, 97887 MiB, 0 %, 0 %, 20.63 W
2026/04/02 12:52:04.868, 0 MiB, 97887 MiB, 0 %, 0 %, 20.47 W
2026/04/02 12:52:06.869, 0 MiB, 97887 MiB, 0 %, 0 %, 20.31 W
2026/04/02 12:52:08.869, 0 MiB, 97887 MiB, 0 %, 0 %, 20.19 W
2026/04/02 12:52:10.870, 0 MiB, 97887 MiB, 0 %, 0 %, 20.40 W
2026/04/02 12:52:12.871, 0 MiB, 97887 MiB, 0 %, 0 %, 20.34 W
2026/04/02 12:52:14.872, 0 MiB, 97887 MiB, 0 %, 0 %, 20.55 W
2026/04/02 12:52:16.872, 0 MiB, 97887 MiB, 0 %, 0 %, 20.04 W
2026/04/02 12:52:18.873, 0 MiB, 97887 MiB, 0 %, 0 %, 20.20 W
2026/04/02 12:52:20.874, 0 MiB, 97887 MiB, 0 %, 0 %, 20.41 W
2026/04/02 12:52:22.874, 0 MiB, 97887 MiB, 0 %, 0 %, 20.65 W
2026/04/02 12:52:24.875, 0 MiB, 97887 MiB, 0 %, 0 %, 20.48 W
2026/04/02 12:52:26.876, 0 MiB, 97887 MiB, 0 %, 0 %, 20.72 W
2026/04/02 12:52:28.877, 0 MiB, 97887 MiB, 0 %, 0 %, 20.75 W
2026/04/02 12:52:30.877, 0 MiB, 97887 MiB, 0 %, 0 %, 20.93 W
2026/04/02 12:52:32.878, 0 MiB, 97887 MiB, 0 %, 0 %, 20.97 W
2026/04/02 12:52:34.879, 0 MiB, 97887 MiB, 0 %, 0 %, 21.10 W
2026/04/02 12:52:36.880, 0 MiB, 97887 MiB, 0 %, 0 %, 20.42 W
2026/04/02 12:52:38.880, 0 MiB, 97887 MiB, 0 %, 0 %, 20.36 W
2026/04/02 12:52:40.881, 0 MiB, 97887 MiB, 0 %, 0 %, 20.55 W
2026/04/02 12:52:42.882, 0 MiB, 97887 MiB, 0 %, 0 %, 20.31 W
2026/04/02 12:52:44.883, 0 MiB, 97887 MiB, 0 %, 0 %, 20.65 W
2026/04/02 12:52:46.883, 0 MiB, 97887 MiB, 0 %, 0 %, 20.48 W
2026/04/02 12:52:48.884, 0 MiB, 97887 MiB, 0 %, 0 %, 20.66 W
2026/04/02 12:52:50.884, 0 MiB, 97887 MiB, 0 %, 0 %, 20.99 W
2026/04/02 12:52:52.885, 0 MiB, 97887 MiB, 0 %, 0 %, 20.81 W
2026/04/02 12:52:54.885, 0 MiB, 97887 MiB, 0 %, 0 %, 20.78 W
2026/04/02 12:52:56.886, 0 MiB, 97887 MiB, 0 %, 0 %, 20.97 W
2026/04/02 12:52:58.887, 0 MiB, 97887 MiB, 0 %, 0 %, 20.63 W
2026/04/02 12:53:00.887, 0 MiB, 97887 MiB, 0 %, 0 %, 20.93 W
2026/04/02 12:53:02.888, 0 MiB, 97887 MiB, 0 %, 0 %, 20.73 W
2026/04/02 12:53:04.889, 0 MiB, 97887 MiB, 0 %, 0 %, 20.88 W
2026/04/02 12:53:06.889, 0 MiB, 97887 MiB, 0 %, 0 %, 20.58 W
2026/04/02 12:53:08.890, 0 MiB, 97887 MiB, 0 %, 0 %, 21.32 W
2026/04/02 12:53:10.891, 0 MiB, 97887 MiB, 0 %, 0 %, 20.94 W
2026/04/02 12:53:12.891, 0 MiB, 97887 MiB, 0 %, 0 %, 20.95 W
2026/04/02 12:53:14.892, 0 MiB, 97887 MiB, 0 %, 0 %, 20.99 W
2026/04/02 12:53:16.892, 0 MiB, 97887 MiB, 0 %, 0 %, 20.77 W
2026/04/02 12:53:18.893, 0 MiB, 97887 MiB, 0 %, 0 %, 21.23 W
2026/04/02 12:53:20.894, 0 MiB, 97887 MiB, 0 %, 0 %, 20.93 W
2026/04/02 12:53:22.894, 0 MiB, 97887 MiB, 0 %, 0 %, 20.95 W
2026/04/02 12:53:24.895, 0 MiB, 97887 MiB, 0 %, 0 %, 20.36 W
2026/04/02 12:53:26.896, 0 MiB, 97887 MiB, 0 %, 0 %, 20.29 W
2026/04/02 12:53:28.897, 0 MiB, 97887 MiB, 0 %, 0 %, 20.73 W
2026/04/02 12:53:30.897, 0 MiB, 97887 MiB, 0 %, 0 %, 20.77 W
2026/04/02 12:53:32.898, 0 MiB, 97887 MiB, 0 %, 0 %, 20.65 W
2026/04/02 12:53:34.899, 0 MiB, 97887 MiB, 0 %, 0 %, 21.05 W
2026/04/02 12:53:36.899, 0 MiB, 97887 MiB, 0 %, 0 %, 20.32 W
2026/04/02 12:53:38.900, 0 MiB, 97887 MiB, 0 %, 0 %, 20.30 W
2026/04/02 12:53:40.900, 0 MiB, 97887 MiB, 0 %, 0 %, 20.12 W
2026/04/02 12:53:42.901, 0 MiB, 97887 MiB, 0 %, 0 %, 19.75 W
2026/04/02 12:53:44.901, 0 MiB, 97887 MiB, 0 %, 0 %, 19.70 W
2026/04/02 12:53:46.902, 0 MiB, 97887 MiB, 0 %, 0 %, 19.48 W
2026/04/02 12:53:48.903, 0 MiB, 97887 MiB, 0 %, 0 %, 19.65 W
2026/04/02 12:53:50.903, 0 MiB, 97887 MiB, 0 %, 0 %, 19.51 W
2026/04/02 12:53:52.904, 0 MiB, 97887 MiB, 0 %, 0 %, 19.78 W
2026/04/02 12:53:54.905, 0 MiB, 97887 MiB, 0 %, 0 %, 19.93 W
2026/04/02 12:53:56.906, 0 MiB, 97887 MiB, 0 %, 0 %, 20.10 W
2026/04/02 12:53:58.906, 0 MiB, 97887 MiB, 0 %, 0 %, 20.01 W
2026/04/02 12:54:00.907, 0 MiB, 97887 MiB, 0 %, 0 %, 19.81 W
2026/04/02 12:54:02.908, 0 MiB, 97887 MiB, 0 %, 0 %, 19.91 W
2026/04/02 12:54:04.908, 0 MiB, 97887 MiB, 0 %, 0 %, 19.73 W
2026/04/02 12:54:06.909, 0 MiB, 97887 MiB, 0 %, 0 %, 20.00 W
2026/04/02 12:54:08.910, 0 MiB, 97887 MiB, 0 %, 0 %, 19.95 W
2026/04/02 12:54:10.910, 0 MiB, 97887 MiB, 0 %, 0 %, 20.07 W
2026/04/02 12:54:12.911, 0 MiB, 97887 MiB, 0 %, 0 %, 20.21 W
2026/04/02 12:54:14.912, 0 MiB, 97887 MiB, 0 %, 0 %, 19.91 W
2026/04/02 12:54:16.912, 0 MiB, 97887 MiB, 0 %, 0 %, 20.08 W
2026/04/02 12:54:18.913, 0 MiB, 97887 MiB, 0 %, 0 %, 19.84 W
2026/04/02 12:54:20.913, 0 MiB, 97887 MiB, 0 %, 0 %, 20.17 W
2026/04/02 12:54:22.914, 0 MiB, 97887 MiB, 0 %, 0 %, 20.34 W
2026/04/02 12:54:24.915, 0 MiB, 97887 MiB, 0 %, 0 %, 20.57 W
2026/04/02 12:54:26.916, 0 MiB, 97887 MiB, 0 %, 0 %, 20.59 W
2026/04/02 12:54:28.916, 0 MiB, 97887 MiB, 0 %, 0 %, 20.47 W
2026/04/02 12:54:30.917, 0 MiB, 97887 MiB, 0 %, 0 %, 21.14 W
2026/04/02 12:54:32.918, 0 MiB, 97887 MiB, 0 %, 0 %, 20.75 W
2026/04/02 12:54:34.919, 0 MiB, 97887 MiB, 0 %, 0 %, 21.00 W
2026/04/02 12:54:36.919, 0 MiB, 97887 MiB, 0 %, 0 %, 20.94 W
2026/04/02 12:54:38.920, 0 MiB, 97887 MiB, 0 %, 0 %, 20.55 W
2026/04/02 12:54:40.920, 0 MiB, 97887 MiB, 0 %, 0 %, 20.80 W
2026/04/02 12:54:42.921, 0 MiB, 97887 MiB, 0 %, 0 %, 20.66 W
2026/04/02 12:54:44.922, 0 MiB, 97887 MiB, 0 %, 0 %, 20.81 W
2026/04/02 12:54:46.922, 0 MiB, 97887 MiB, 0 %, 0 %, 20.79 W
2026/04/02 12:54:48.923, 0 MiB, 97887 MiB, 0 %, 0 %, 21.19 W
2026/04/02 12:54:50.924, 0 MiB, 97887 MiB, 0 %, 0 %, 21.02 W
2026/04/02 12:54:52.924, 0 MiB, 97887 MiB, 0 %, 0 %, 21.00 W
2026/04/02 12:54:54.925, 0 MiB, 97887 MiB, 0 %, 0 %, 20.98 W
2026/04/02 12:54:56.925, 0 MiB, 97887 MiB, 0 %, 0 %, 21.23 W
2026/04/02 12:54:58.926, 0 MiB, 97887 MiB, 0 %, 0 %, 21.23 W
2026/04/02 12:55:00.926, 0 MiB, 97887 MiB, 0 %, 0 %, 21.09 W
2026/04/02 12:55:02.927, 0 MiB, 97887 MiB, 0 %, 0 %, 21.17 W
2026/04/02 12:55:04.928, 0 MiB, 97887 MiB, 0 %, 0 %, 21.08 W
2026/04/02 12:55:06.929, 0 MiB, 97887 MiB, 0 %, 0 %, 21.07 W
2026/04/02 12:55:08.929, 0 MiB, 97887 MiB, 0 %, 0 %, 21.03 W
2026/04/02 12:55:10.930, 0 MiB, 97887 MiB, 0 %, 0 %, 20.91 W
2026/04/02 12:55:12.931, 0 MiB, 97887 MiB, 0 %, 0 %, 20.67 W
2026/04/02 12:55:14.931, 0 MiB, 97887 MiB, 0 %, 0 %, 20.81 W
2026/04/02 12:55:16.932, 0 MiB, 97887 MiB, 0 %, 0 %, 20.61 W
2026/04/02 12:55:18.932, 0 MiB, 97887 MiB, 0 %, 0 %, 20.67 W
2026/04/02 12:55:20.933, 0 MiB, 97887 MiB, 0 %, 0 %, 20.81 W
2026/04/02 12:55:22.934, 0 MiB, 97887 MiB, 0 %, 0 %, 20.73 W
2026/04/02 12:55:24.935, 0 MiB, 97887 MiB, 0 %, 0 %, 21.12 W
2026/04/02 12:55:26.935, 0 MiB, 97887 MiB, 0 %, 0 %, 21.14 W
2026/04/02 12:55:28.936, 0 MiB, 97887 MiB, 0 %, 0 %, 21.02 W
2026/04/02 12:55:30.936, 0 MiB, 97887 MiB, 0 %, 0 %, 21.36 W
2026/04/02 12:55:32.937, 0 MiB, 97887 MiB, 0 %, 0 %, 20.70 W
2026/04/02 12:55:34.938, 0 MiB, 97887 MiB, 0 %, 0 %, 20.72 W
2026/04/02 12:55:36.938, 0 MiB, 97887 MiB, 0 %, 0 %, 20.74 W
2026/04/02 12:55:38.939, 0 MiB, 97887 MiB, 0 %, 0 %, 21.07 W
2026/04/02 12:55:40.940, 0 MiB, 97887 MiB, 0 %, 0 %, 21.06 W
2026/04/02 12:55:42.940, 0 MiB, 97887 MiB, 0 %, 0 %, 21.15 W
2026/04/02 12:55:44.940, 0 MiB, 97887 MiB, 0 %, 0 %, 21.03 W
2026/04/02 12:55:46.941, 0 MiB, 97887 MiB, 0 %, 0 %, 21.08 W
2026/04/02 12:55:48.942, 0 MiB, 97887 MiB, 0 %, 0 %, 20.98 W
2026/04/02 12:55:50.943, 0 MiB, 97887 MiB, 0 %, 0 %, 21.48 W
2026/04/02 12:55:52.943, 0 MiB, 97887 MiB, 0 %, 0 %, 21.25 W
2026/04/02 12:55:54.944, 0 MiB, 97887 MiB, 0 %, 0 %, 21.00 W
2026/04/02 12:55:56.944, 0 MiB, 97887 MiB, 0 %, 0 %, 20.74 W
2026/04/02 12:55:58.945, 0 MiB, 97887 MiB, 0 %, 0 %, 21.05 W
2026/04/02 12:56:00.946, 0 MiB, 97887 MiB, 0 %, 0 %, 21.32 W
2026/04/02 12:56:02.947, 0 MiB, 97887 MiB, 0 %, 0 %, 21.05 W
2026/04/02 12:56:04.947, 0 MiB, 97887 MiB, 0 %, 0 %, 21.27 W
2026/04/02 12:56:06.948, 0 MiB, 97887 MiB, 0 %, 0 %, 21.07 W
2026/04/02 12:56:08.949, 0 MiB, 97887 MiB, 0 %, 0 %, 21.41 W
2026/04/02 12:56:10.950, 0 MiB, 97887 MiB, 0 %, 0 %, 21.67 W
2026/04/02 12:56:12.951, 0 MiB, 97887 MiB, 0 %, 0 %, 21.53 W
2026/04/02 12:56:14.951, 0 MiB, 97887 MiB, 0 %, 0 %, 21.81 W
2026/04/02 12:56:16.952, 0 MiB, 97887 MiB, 0 %, 0 %, 21.48 W
2026/04/02 12:56:18.953, 0 MiB, 97887 MiB, 0 %, 0 %, 21.61 W
2026/04/02 12:56:20.954, 0 MiB, 97887 MiB, 0 %, 0 %, 21.41 W
2026/04/02 12:56:22.955, 0 MiB, 97887 MiB, 0 %, 0 %, 21.24 W
2026/04/02 12:56:24.955, 0 MiB, 97887 MiB, 0 %, 0 %, 21.72 W
2026/04/02 12:56:26.956, 0 MiB, 97887 MiB, 0 %, 0 %, 21.59 W
2026/04/02 12:56:28.957, 0 MiB, 97887 MiB, 0 %, 0 %, 21.56 W
2026/04/02 12:56:30.958, 0 MiB, 97887 MiB, 0 %, 0 %, 21.66 W
2026/04/02 12:56:32.958, 0 MiB, 97887 MiB, 0 %, 0 %, 21.40 W
2026/04/02 12:56:34.959, 0 MiB, 97887 MiB, 0 %, 0 %, 21.19 W
2026/04/02 12:56:36.960, 0 MiB, 97887 MiB, 0 %, 0 %, 21.29 W
2026/04/02 12:56:38.961, 0 MiB, 97887 MiB, 0 %, 0 %, 21.25 W
2026/04/02 12:56:40.961, 0 MiB, 97887 MiB, 0 %, 0 %, 21.65 W
2026/04/02 12:56:42.962, 0 MiB, 97887 MiB, 0 %, 0 %, 21.23 W
2026/04/02 12:56:44.963, 0 MiB, 97887 MiB, 0 %, 0 %, 21.19 W
2026/04/02 12:56:46.963, 0 MiB, 97887 MiB, 0 %, 0 %, 21.18 W
2026/04/02 12:56:48.963, 0 MiB, 97887 MiB, 0 %, 0 %, 21.20 W
2026/04/02 12:56:50.964, 0 MiB, 97887 MiB, 0 %, 0 %, 21.44 W
2026/04/02 12:56:52.965, 0 MiB, 97887 MiB, 0 %, 0 %, 21.18 W
2026/04/02 12:56:54.965, 0 MiB, 97887 MiB, 0 %, 0 %, 22.14 W
2026/04/02 12:56:56.966, 0 MiB, 97887 MiB, 0 %, 0 %, 21.02 W
2026/04/02 12:56:58.967, 0 MiB, 97887 MiB, 0 %, 0 %, 20.98 W
2026/04/02 12:57:00.968, 0 MiB, 97887 MiB, 0 %, 0 %, 21.01 W
2026/04/02 12:57:02.968, 0 MiB, 97887 MiB, 0 %, 0 %, 21.04 W
2026/04/02 12:57:04.969, 0 MiB, 97887 MiB, 0 %, 0 %, 21.23 W
2026/04/02 12:57:06.969, 0 MiB, 97887 MiB, 0 %, 0 %, 21.46 W
2026/04/02 12:57:08.970, 0 MiB, 97887 MiB, 0 %, 0 %, 21.32 W
2026/04/02 12:57:10.971, 0 MiB, 97887 MiB, 0 %, 0 %, 20.98 W
2026/04/02 12:57:12.972, 0 MiB, 97887 MiB, 0 %, 0 %, 21.07 W
2026/04/02 12:57:14.972, 0 MiB, 97887 MiB, 0 %, 0 %, 21.25 W
2026/04/02 12:57:16.973, 0 MiB, 97887 MiB, 0 %, 0 %, 20.68 W
2026/04/02 12:57:18.974, 0 MiB, 97887 MiB, 0 %, 0 %, 21.28 W
2026/04/02 12:57:20.975, 0 MiB, 97887 MiB, 0 %, 0 %, 20.97 W
2026/04/02 12:57:22.975, 0 MiB, 97887 MiB, 0 %, 0 %, 20.96 W
2026/04/02 12:57:24.976, 0 MiB, 97887 MiB, 0 %, 0 %, 21.44 W
2026/04/02 12:57:26.977, 0 MiB, 97887 MiB, 0 %, 0 %, 21.05 W
2026/04/02 12:57:28.978, 0 MiB, 97887 MiB, 0 %, 0 %, 21.21 W
2026/04/02 12:57:30.979, 0 MiB, 97887 MiB, 0 %, 0 %, 21.22 W
2026/04/02 12:57:32.979, 0 MiB, 97887 MiB, 0 %, 0 %, 21.54 W
2026/04/02 12:57:34.980, 0 MiB, 97887 MiB, 0 %, 0 %, 21.57 W
2026/04/02 12:57:36.981, 0 MiB, 97887 MiB, 0 %, 0 %, 21.70 W
2026/04/02 12:57:38.981, 0 MiB, 97887 MiB, 0 %, 0 %, 21.60 W
2026/04/02 12:57:40.982, 0 MiB, 97887 MiB, 0 %, 0 %, 21.67 W
2026/04/02 12:57:42.983, 0 MiB, 97887 MiB, 0 %, 0 %, 21.64 W
2026/04/02 12:57:44.984, 0 MiB, 97887 MiB, 0 %, 0 %, 21.56 W
2026/04/02 12:57:46.985, 0 MiB, 97887 MiB, 0 %, 0 %, 21.61 W
2026/04/02 12:57:48.986, 0 MiB, 97887 MiB, 0 %, 0 %, 21.77 W
2026/04/02 12:57:50.986, 0 MiB, 97887 MiB, 0 %, 0 %, 21.63 W
2026/04/02 12:57:52.987, 0 MiB, 97887 MiB, 0 %, 0 %, 21.52 W
2026/04/02 12:57:54.987, 0 MiB, 97887 MiB, 0 %, 0 %, 21.14 W
2026/04/02 12:57:56.988, 0 MiB, 97887 MiB, 0 %, 0 %, 21.15 W
2026/04/02 12:57:58.989, 0 MiB, 97887 MiB, 0 %, 0 %, 20.85 W
2026/04/02 12:58:00.989, 0 MiB, 97887 MiB, 0 %, 0 %, 20.83 W
2026/04/02 12:58:02.990, 0 MiB, 97887 MiB, 0 %, 0 %, 21.05 W
2026/04/02 12:58:04.990, 0 MiB, 97887 MiB, 0 %, 0 %, 21.62 W
2026/04/02 12:58:06.991, 0 MiB, 97887 MiB, 0 %, 0 %, 21.39 W
2026/04/02 12:58:08.992, 0 MiB, 97887 MiB, 0 %, 0 %, 21.26 W
2026/04/02 12:58:10.993, 0 MiB, 97887 MiB, 0 %, 0 %, 21.25 W
2026/04/02 12:58:12.994, 0 MiB, 97887 MiB, 0 %, 0 %, 21.43 W
2026/04/02 12:58:14.994, 0 MiB, 97887 MiB, 0 %, 0 %, 21.46 W
2026/04/02 12:58:16.995, 0 MiB, 97887 MiB, 0 %, 0 %, 21.39 W
2026/04/02 12:58:18.996, 0 MiB, 97887 MiB, 0 %, 0 %, 21.49 W
2026/04/02 12:58:20.997, 0 MiB, 97887 MiB, 0 %, 0 %, 21.17 W
2026/04/02 12:58:22.997, 0 MiB, 97887 MiB, 0 %, 0 %, 21.53 W
2026/04/02 12:58:24.998, 0 MiB, 97887 MiB, 0 %, 0 %, 21.38 W
2026/04/02 12:58:26.999, 0 MiB, 97887 MiB, 0 %, 0 %, 21.34 W
2026/04/02 12:58:28.999, 0 MiB, 97887 MiB, 0 %, 0 %, 21.43 W
2026/04/02 12:58:31.000, 0 MiB, 97887 MiB, 0 %, 0 %, 21.48 W
2026/04/02 12:58:33.001, 0 MiB, 97887 MiB, 0 %, 0 %, 21.68 W
2026/04/02 12:58:35.002, 0 MiB, 97887 MiB, 0 %, 0 %, 21.79 W
2026/04/02 12:58:37.003, 0 MiB, 97887 MiB, 0 %, 0 %, 21.72 W
2026/04/02 12:58:39.003, 0 MiB, 97887 MiB, 0 %, 0 %, 21.59 W
2026/04/02 12:58:41.004, 0 MiB, 97887 MiB, 0 %, 0 %, 21.47 W
2026/04/02 12:58:43.005, 0 MiB, 97887 MiB, 0 %, 0 %, 21.76 W
2026/04/02 12:58:45.005, 0 MiB, 97887 MiB, 0 %, 0 %, 21.33 W
2026/04/02 12:58:47.006, 0 MiB, 97887 MiB, 0 %, 0 %, 21.29 W
2026/04/02 12:58:49.007, 0 MiB, 97887 MiB, 0 %, 0 %, 21.59 W
2026/04/02 12:58:51.007, 0 MiB, 97887 MiB, 0 %, 0 %, 21.71 W
2026/04/02 12:58:53.008, 0 MiB, 97887 MiB, 0 %, 0 %, 21.55 W
2026/04/02 12:58:55.009, 0 MiB, 97887 MiB, 0 %, 0 %, 21.30 W
2026/04/02 12:58:57.010, 0 MiB, 97887 MiB, 0 %, 0 %, 20.81 W
2026/04/02 12:58:59.011, 0 MiB, 97887 MiB, 0 %, 0 %, 20.93 W
2026/04/02 12:59:01.012, 0 MiB, 97887 MiB, 0 %, 0 %, 21.42 W
2026/04/02 12:59:03.012, 0 MiB, 97887 MiB, 0 %, 0 %, 21.41 W
2026/04/02 12:59:05.013, 0 MiB, 97887 MiB, 0 %, 0 %, 21.33 W
2026/04/02 12:59:07.014, 0 MiB, 97887 MiB, 0 %, 0 %, 21.91 W
2026/04/02 12:59:09.015, 0 MiB, 97887 MiB, 0 %, 0 %, 21.45 W
2026/04/02 12:59:11.015, 0 MiB, 97887 MiB, 0 %, 0 %, 21.58 W
2026/04/02 12:59:13.016, 0 MiB, 97887 MiB, 0 %, 0 %, 21.54 W
2026/04/02 12:59:15.016, 0 MiB, 97887 MiB, 0 %, 0 %, 21.82 W
2026/04/02 12:59:17.017, 0 MiB, 97887 MiB, 0 %, 0 %, 22.13 W
2026/04/02 12:59:19.017, 0 MiB, 97887 MiB, 0 %, 0 %, 22.01 W
2026/04/02 12:59:21.018, 0 MiB, 97887 MiB, 0 %, 0 %, 21.85 W
2026/04/02 12:59:23.019, 0 MiB, 97887 MiB, 0 %, 0 %, 21.98 W
2026/04/02 12:59:25.019, 0 MiB, 97887 MiB, 0 %, 0 %, 21.47 W
2026/04/02 12:59:27.020, 0 MiB, 97887 MiB, 0 %, 0 %, 21.58 W
2026/04/02 12:59:29.021, 0 MiB, 97887 MiB, 0 %, 0 %, 21.75 W
2026/04/02 12:59:31.021, 0 MiB, 97887 MiB, 0 %, 0 %, 21.70 W
2026/04/02 12:59:33.022, 0 MiB, 97887 MiB, 0 %, 0 %, 21.50 W
2026/04/02 12:59:35.022, 0 MiB, 97887 MiB, 0 %, 0 %, 21.15 W
2026/04/02 12:59:37.023, 0 MiB, 97887 MiB, 0 %, 0 %, 21.32 W
2026/04/02 12:59:39.024, 0 MiB, 97887 MiB, 0 %, 0 %, 21.40 W
2026/04/02 12:59:41.024, 0 MiB, 97887 MiB, 0 %, 0 %, 21.19 W
2026/04/02 12:59:43.025, 0 MiB, 97887 MiB, 0 %, 0 %, 21.24 W
2026/04/02 12:59:45.026, 0 MiB, 97887 MiB, 0 %, 0 %, 21.63 W
2026/04/02 12:59:47.027, 0 MiB, 97887 MiB, 0 %, 0 %, 21.66 W
2026/04/02 12:59:49.028, 0 MiB, 97887 MiB, 0 %, 0 %, 21.70 W
2026/04/02 12:59:51.029, 0 MiB, 97887 MiB, 0 %, 0 %, 21.42 W
2026/04/02 12:59:53.029, 0 MiB, 97887 MiB, 0 %, 0 %, 21.24 W
2026/04/02 12:59:55.030, 0 MiB, 97887 MiB, 0 %, 0 %, 21.14 W
2026/04/02 12:59:57.031, 0 MiB, 97887 MiB, 0 %, 0 %, 21.50 W
2026/04/02 12:59:59.032, 0 MiB, 97887 MiB, 0 %, 0 %, 21.58 W
2026/04/02 13:00:01.033, 0 MiB, 97887 MiB, 0 %, 0 %, 21.69 W
2026/04/02 13:00:03.033, 0 MiB, 97887 MiB, 0 %, 0 %, 21.59 W
2026/04/02 13:00:05.034, 0 MiB, 97887 MiB, 0 %, 0 %, 21.83 W
2026/04/02 13:00:07.035, 0 MiB, 97887 MiB, 0 %, 0 %, 21.81 W
2026/04/02 13:00:09.035, 0 MiB, 97887 MiB, 0 %, 0 %, 21.23 W
2026/04/02 13:00:11.036, 0 MiB, 97887 MiB, 0 %, 0 %, 21.36 W
2026/04/02 13:00:13.036, 0 MiB, 97887 MiB, 0 %, 0 %, 21.46 W
2026/04/02 13:00:15.037, 0 MiB, 97887 MiB, 0 %, 0 %, 21.50 W
2026/04/02 13:00:17.038, 0 MiB, 97887 MiB, 0 %, 0 %, 21.41 W
2026/04/02 13:00:19.038, 0 MiB, 97887 MiB, 0 %, 0 %, 21.25 W
2026/04/02 13:00:21.039, 0 MiB, 97887 MiB, 0 %, 0 %, 21.26 W
2026/04/02 13:00:23.040, 0 MiB, 97887 MiB, 0 %, 0 %, 21.61 W
2026/04/02 13:00:25.041, 0 MiB, 97887 MiB, 0 %, 0 %, 21.81 W
2026/04/02 13:00:27.042, 0 MiB, 97887 MiB, 0 %, 0 %, 21.35 W
2026/04/02 13:00:29.042, 0 MiB, 97887 MiB, 0 %, 0 %, 21.27 W
2026/04/02 13:00:31.043, 0 MiB, 97887 MiB, 0 %, 0 %, 21.23 W
2026/04/02 13:00:33.044, 0 MiB, 97887 MiB, 0 %, 0 %, 21.29 W
2026/04/02 13:00:35.044, 0 MiB, 97887 MiB, 0 %, 0 %, 21.01 W
2026/04/02 13:00:37.045, 0 MiB, 97887 MiB, 0 %, 0 %, 21.60 W
2026/04/02 13:00:39.045, 0 MiB, 97887 MiB, 0 %, 0 %, 21.84 W
2026/04/02 13:00:41.046, 0 MiB, 97887 MiB, 0 %, 0 %, 21.70 W
2026/04/02 13:00:43.047, 0 MiB, 97887 MiB, 0 %, 0 %, 21.70 W
2026/04/02 13:00:45.047, 0 MiB, 97887 MiB, 0 %, 0 %, 21.33 W
2026/04/02 13:00:47.048, 0 MiB, 97887 MiB, 0 %, 0 %, 21.18 W
2026/04/02 13:00:49.049, 0 MiB, 97887 MiB, 0 %, 0 %, 21.23 W
2026/04/02 13:00:51.049, 0 MiB, 97887 MiB, 0 %, 0 %, 21.52 W
2026/04/02 13:00:53.050, 0 MiB, 97887 MiB, 0 %, 0 %, 21.34 W
2026/04/02 13:00:55.051, 0 MiB, 97887 MiB, 0 %, 0 %, 21.71 W
2026/04/02 13:00:57.051, 0 MiB, 97887 MiB, 0 %, 0 %, 21.74 W
2026/04/02 13:00:59.052, 0 MiB, 97887 MiB, 0 %, 0 %, 21.34 W
2026/04/02 13:01:01.053, 0 MiB, 97887 MiB, 0 %, 0 %, 21.48 W
2026/04/02 13:01:03.054, 0 MiB, 97887 MiB, 0 %, 0 %, 21.64 W
2026/04/02 13:01:05.054, 0 MiB, 97887 MiB, 0 %, 0 %, 21.78 W
2026/04/02 13:01:07.055, 0 MiB, 97887 MiB, 0 %, 0 %, 21.44 W
2026/04/02 13:01:09.056, 0 MiB, 97887 MiB, 0 %, 0 %, 21.49 W
2026/04/02 13:01:11.057, 0 MiB, 97887 MiB, 0 %, 0 %, 21.74 W
2026/04/02 13:01:13.058, 0 MiB, 97887 MiB, 0 %, 0 %, 21.71 W
2026/04/02 13:01:15.058, 0 MiB, 97887 MiB, 0 %, 0 %, 21.81 W
2026/04/02 13:01:17.059, 0 MiB, 97887 MiB, 0 %, 0 %, 21.91 W
2026/04/02 13:01:19.060, 0 MiB, 97887 MiB, 0 %, 0 %, 21.65 W
2026/04/02 13:01:21.060, 0 MiB, 97887 MiB, 0 %, 0 %, 21.32 W
2026/04/02 13:01:23.061, 0 MiB, 97887 MiB, 0 %, 0 %, 21.74 W
2026/04/02 13:01:25.062, 0 MiB, 97887 MiB, 0 %, 0 %, 21.45 W
2026/04/02 13:01:27.063, 0 MiB, 97887 MiB, 0 %, 0 %, 21.64 W
2026/04/02 13:01:29.064, 0 MiB, 97887 MiB, 0 %, 0 %, 21.41 W
2026/04/02 13:01:31.064, 0 MiB, 97887 MiB, 0 %, 0 %, 21.00 W
2026/04/02 13:01:33.065, 0 MiB, 97887 MiB, 0 %, 0 %, 21.25 W
2026/04/02 13:01:35.066, 0 MiB, 97887 MiB, 0 %, 0 %, 21.62 W
2026/04/02 13:01:37.067, 0 MiB, 97887 MiB, 0 %, 0 %, 21.49 W
2026/04/02 13:01:39.068, 0 MiB, 97887 MiB, 0 %, 0 %, 21.62 W
2026/04/02 13:01:41.068, 0 MiB, 97887 MiB, 0 %, 0 %, 21.53 W
2026/04/02 13:01:43.069, 0 MiB, 97887 MiB, 0 %, 0 %, 21.44 W
2026/04/02 13:01:45.070, 0 MiB, 97887 MiB, 0 %, 0 %, 21.52 W
2026/04/02 13:01:47.071, 0 MiB, 97887 MiB, 0 %, 0 %, 21.68 W
2026/04/02 13:01:49.072, 0 MiB, 97887 MiB, 0 %, 0 %, 21.62 W
2026/04/02 13:01:51.073, 0 MiB, 97887 MiB, 0 %, 0 %, 21.28 W
2026/04/02 13:01:53.074, 0 MiB, 97887 MiB, 0 %, 0 %, 21.50 W
2026/04/02 13:01:55.074, 0 MiB, 97887 MiB, 0 %, 0 %, 21.56 W
2026/04/02 13:01:57.075, 0 MiB, 97887 MiB, 0 %, 0 %, 21.93 W
2026/04/02 13:01:59.076, 0 MiB, 97887 MiB, 0 %, 0 %, 21.28 W
2026/04/02 13:02:01.076, 0 MiB, 97887 MiB, 0 %, 0 %, 21.16 W
2026/04/02 13:02:03.077, 0 MiB, 97887 MiB, 0 %, 0 %, 20.95 W
2026/04/02 13:02:05.078, 0 MiB, 97887 MiB, 0 %, 0 %, 21.38 W
2026/04/02 13:02:07.079, 0 MiB, 97887 MiB, 0 %, 0 %, 21.40 W
2026/04/02 13:02:09.080, 0 MiB, 97887 MiB, 0 %, 0 %, 20.65 W
2026/04/02 13:02:11.081, 0 MiB, 97887 MiB, 0 %, 0 %, 20.86 W
2026/04/02 13:02:13.082, 0 MiB, 97887 MiB, 0 %, 0 %, 20.93 W
2026/04/02 13:02:15.083, 0 MiB, 97887 MiB, 0 %, 0 %, 21.24 W
2026/04/02 13:02:17.083, 0 MiB, 97887 MiB, 0 %, 0 %, 21.18 W
2026/04/02 13:02:19.084, 0 MiB, 97887 MiB, 0 %, 0 %, 21.59 W
2026/04/02 13:02:21.084, 0 MiB, 97887 MiB, 0 %, 0 %, 21.53 W
2026/04/02 13:02:23.085, 0 MiB, 97887 MiB, 0 %, 0 %, 21.63 W
2026/04/02 13:02:25.086, 0 MiB, 97887 MiB, 0 %, 0 %, 21.60 W
2026/04/02 13:02:27.087, 0 MiB, 97887 MiB, 0 %, 0 %, 21.62 W
2026/04/02 13:02:29.088, 0 MiB, 97887 MiB, 0 %, 0 %, 21.71 W
2026/04/02 13:02:31.088, 0 MiB, 97887 MiB, 0 %, 0 %, 21.34 W
2026/04/02 13:02:33.089, 0 MiB, 97887 MiB, 0 %, 0 %, 21.50 W
2026/04/02 13:02:35.089, 0 MiB, 97887 MiB, 0 %, 0 %, 21.79 W
2026/04/02 13:02:37.090, 0 MiB, 97887 MiB, 0 %, 0 %, 21.45 W
2026/04/02 13:02:39.091, 0 MiB, 97887 MiB, 0 %, 0 %, 20.75 W
2026/04/02 13:02:41.092, 0 MiB, 97887 MiB, 0 %, 0 %, 21.14 W
2026/04/02 13:02:43.093, 0 MiB, 97887 MiB, 0 %, 0 %, 21.14 W
2026/04/02 13:02:45.094, 0 MiB, 97887 MiB, 0 %, 0 %, 21.12 W
2026/04/02 13:02:47.095, 0 MiB, 97887 MiB, 0 %, 0 %, 20.97 W
2026/04/02 13:02:49.095, 0 MiB, 97887 MiB, 0 %, 0 %, 21.31 W
2026/04/02 13:02:51.096, 0 MiB, 97887 MiB, 0 %, 0 %, 21.11 W
2026/04/02 13:02:53.097, 0 MiB, 97887 MiB, 0 %, 0 %, 21.13 W
2026/04/02 13:02:55.098, 0 MiB, 97887 MiB, 0 %, 0 %, 21.03 W
2026/04/02 13:02:57.098, 0 MiB, 97887 MiB, 0 %, 0 %, 21.20 W
2026/04/02 13:02:59.099, 0 MiB, 97887 MiB, 0 %, 0 %, 21.03 W
2026/04/02 13:03:01.099, 0 MiB, 97887 MiB, 0 %, 0 %, 20.49 W
2026/04/02 13:03:03.100, 0 MiB, 97887 MiB, 0 %, 0 %, 21.13 W
2026/04/02 13:03:05.101, 0 MiB, 97887 MiB, 0 %, 0 %, 21.20 W
2026/04/02 13:03:07.102, 0 MiB, 97887 MiB, 0 %, 0 %, 21.55 W
2026/04/02 13:03:09.103, 0 MiB, 97887 MiB, 0 %, 0 %, 21.44 W
2026/04/02 13:03:11.103, 0 MiB, 97887 MiB, 0 %, 0 %, 21.59 W
2026/04/02 13:03:13.104, 0 MiB, 97887 MiB, 0 %, 0 %, 21.40 W
2026/04/02 13:03:15.105, 0 MiB, 97887 MiB, 0 %, 0 %, 21.46 W
2026/04/02 13:03:17.105, 0 MiB, 97887 MiB, 0 %, 0 %, 21.32 W
2026/04/02 13:03:19.106, 0 MiB, 97887 MiB, 0 %, 0 %, 21.33 W
2026/04/02 13:03:21.107, 0 MiB, 97887 MiB, 0 %, 0 %, 20.93 W
2026/04/02 13:03:23.107, 0 MiB, 97887 MiB, 0 %, 0 %, 20.82 W
2026/04/02 13:03:25.108, 0 MiB, 97887 MiB, 0 %, 0 %, 21.16 W
2026/04/02 13:03:27.109, 0 MiB, 97887 MiB, 0 %, 0 %, 20.94 W
2026/04/02 13:03:29.110, 0 MiB, 97887 MiB, 0 %, 0 %, 21.38 W
2026/04/02 13:03:31.110, 0 MiB, 97887 MiB, 0 %, 0 %, 20.90 W
2026/04/02 13:03:33.111, 0 MiB, 97887 MiB, 0 %, 0 %, 20.49 W
2026/04/02 13:03:35.112, 0 MiB, 97887 MiB, 0 %, 0 %, 20.48 W
2026/04/02 13:03:37.113, 0 MiB, 97887 MiB, 0 %, 0 %, 20.69 W
2026/04/02 13:03:39.114, 0 MiB, 97887 MiB, 0 %, 0 %, 20.54 W
2026/04/02 13:03:41.115, 0 MiB, 97887 MiB, 0 %, 0 %, 20.74 W
2026/04/02 13:03:43.115, 0 MiB, 97887 MiB, 0 %, 0 %, 20.83 W
2026/04/02 13:03:45.116, 0 MiB, 97887 MiB, 0 %, 0 %, 20.76 W
2026/04/02 13:03:47.117, 0 MiB, 97887 MiB, 0 %, 0 %, 20.85 W
2026/04/02 13:03:49.117, 0 MiB, 97887 MiB, 0 %, 0 %, 20.65 W
2026/04/02 13:03:51.118, 0 MiB, 97887 MiB, 0 %, 0 %, 20.79 W
2026/04/02 13:03:53.119, 0 MiB, 97887 MiB, 0 %, 0 %, 20.88 W
2026/04/02 13:03:55.119, 0 MiB, 97887 MiB, 0 %, 0 %, 21.01 W
2026/04/02 13:03:57.120, 0 MiB, 97887 MiB, 0 %, 0 %, 20.88 W
2026/04/02 13:03:59.121, 0 MiB, 97887 MiB, 0 %, 0 %, 20.74 W
2026/04/02 13:04:01.122, 0 MiB, 97887 MiB, 0 %, 0 %, 20.41 W
2026/04/02 13:04:03.123, 0 MiB, 97887 MiB, 0 %, 0 %, 20.58 W
2026/04/02 13:04:05.123, 0 MiB, 97887 MiB, 0 %, 0 %, 20.63 W
2026/04/02 13:04:07.124, 0 MiB, 97887 MiB, 0 %, 0 %, 20.57 W
2026/04/02 13:04:09.125, 0 MiB, 97887 MiB, 0 %, 0 %, 20.57 W
2026/04/02 13:04:11.126, 0 MiB, 97887 MiB, 0 %, 0 %, 20.70 W
2026/04/02 13:04:13.126, 0 MiB, 97887 MiB, 0 %, 0 %, 20.76 W
2026/04/02 13:04:15.127, 0 MiB, 97887 MiB, 0 %, 0 %, 20.78 W
2026/04/02 13:04:17.128, 0 MiB, 97887 MiB, 0 %, 0 %, 21.17 W
2026/04/02 13:04:19.129, 0 MiB, 97887 MiB, 0 %, 0 %, 20.82 W
2026/04/02 13:04:21.130, 0 MiB, 97887 MiB, 0 %, 0 %, 20.98 W
2026/04/02 13:04:23.131, 0 MiB, 97887 MiB, 0 %, 0 %, 20.87 W
2026/04/02 13:04:25.132, 0 MiB, 97887 MiB, 0 %, 0 %, 21.17 W
2026/04/02 13:04:27.132, 0 MiB, 97887 MiB, 0 %, 0 %, 21.17 W
2026/04/02 13:04:29.133, 0 MiB, 97887 MiB, 0 %, 0 %, 21.06 W
2026/04/02 13:04:31.134, 0 MiB, 97887 MiB, 0 %, 0 %, 21.22 W
2026/04/02 13:04:33.135, 0 MiB, 97887 MiB, 0 %, 0 %, 21.05 W
2026/04/02 13:04:35.135, 0 MiB, 97887 MiB, 0 %, 0 %, 21.23 W
2026/04/02 13:04:37.136, 0 MiB, 97887 MiB, 0 %, 0 %, 21.36 W
2026/04/02 13:04:39.137, 0 MiB, 97887 MiB, 0 %, 0 %, 21.50 W
2026/04/02 13:04:41.138, 0 MiB, 97887 MiB, 0 %, 0 %, 20.90 W
2026/04/02 13:04:43.139, 0 MiB, 97887 MiB, 0 %, 0 %, 20.99 W
2026/04/02 13:04:45.140, 0 MiB, 97887 MiB, 0 %, 0 %, 21.11 W
2026/04/02 13:04:47.141, 0 MiB, 97887 MiB, 0 %, 0 %, 20.64 W
2026/04/02 13:04:49.141, 0 MiB, 97887 MiB, 0 %, 0 %, 20.73 W
2026/04/02 13:04:51.142, 0 MiB, 97887 MiB, 0 %, 0 %, 20.48 W
2026/04/02 13:04:53.143, 0 MiB, 97887 MiB, 0 %, 0 %, 19.75 W
2026/04/02 13:04:55.144, 0 MiB, 97887 MiB, 0 %, 0 %, 20.37 W
2026/04/02 13:04:57.145, 0 MiB, 97887 MiB, 0 %, 0 %, 20.82 W
2026/04/02 13:04:59.145, 0 MiB, 97887 MiB, 0 %, 0 %, 20.44 W
2026/04/02 13:05:01.146, 0 MiB, 97887 MiB, 0 %, 0 %, 20.28 W
2026/04/02 13:05:03.146, 0 MiB, 97887 MiB, 0 %, 0 %, 20.84 W
2026/04/02 13:05:05.147, 0 MiB, 97887 MiB, 0 %, 0 %, 20.67 W
2026/04/02 13:05:07.148, 0 MiB, 97887 MiB, 0 %, 0 %, 20.51 W
2026/04/02 13:05:09.149, 0 MiB, 97887 MiB, 0 %, 0 %, 20.57 W
2026/04/02 13:05:11.149, 0 MiB, 97887 MiB, 0 %, 0 %, 20.74 W
2026/04/02 13:05:13.150, 0 MiB, 97887 MiB, 0 %, 0 %, 20.79 W
2026/04/02 13:05:15.151, 0 MiB, 97887 MiB, 0 %, 0 %, 20.80 W
2026/04/02 13:05:17.152, 0 MiB, 97887 MiB, 0 %, 0 %, 20.73 W
2026/04/02 13:05:19.152, 0 MiB, 97887 MiB, 0 %, 0 %, 20.74 W
2026/04/02 13:05:21.153, 0 MiB, 97887 MiB, 0 %, 0 %, 20.65 W
2026/04/02 13:05:23.154, 0 MiB, 97887 MiB, 0 %, 0 %, 20.71 W
2026/04/02 13:05:25.155, 0 MiB, 97887 MiB, 0 %, 0 %, 20.50 W
2026/04/02 13:05:27.156, 0 MiB, 97887 MiB, 0 %, 0 %, 20.42 W
2026/04/02 13:05:29.157, 0 MiB, 97887 MiB, 0 %, 0 %, 20.70 W
2026/04/02 13:05:31.158, 0 MiB, 97887 MiB, 0 %, 0 %, 20.40 W
2026/04/02 13:05:33.158, 0 MiB, 97887 MiB, 0 %, 0 %, 20.57 W
2026/04/02 13:05:35.159, 0 MiB, 97887 MiB, 0 %, 0 %, 20.50 W
2026/04/02 13:05:37.160, 0 MiB, 97887 MiB, 0 %, 0 %, 20.74 W
2026/04/02 13:05:39.160, 0 MiB, 97887 MiB, 0 %, 0 %, 20.72 W
2026/04/02 13:05:41.161, 0 MiB, 97887 MiB, 0 %, 0 %, 20.74 W
2026/04/02 13:05:43.161, 0 MiB, 97887 MiB, 0 %, 0 %, 19.99 W
2026/04/02 13:05:45.162, 0 MiB, 97887 MiB, 0 %, 0 %, 20.36 W
2026/04/02 13:05:47.163, 0 MiB, 97887 MiB, 0 %, 0 %, 20.06 W
2026/04/02 13:05:49.163, 0 MiB, 97887 MiB, 0 %, 0 %, 19.83 W
2026/04/02 13:05:51.164, 0 MiB, 97887 MiB, 0 %, 0 %, 19.87 W
2026/04/02 13:05:53.165, 0 MiB, 97887 MiB, 0 %, 0 %, 20.12 W
2026/04/02 13:05:55.166, 0 MiB, 97887 MiB, 0 %, 0 %, 20.05 W
2026/04/02 13:05:57.166, 0 MiB, 97887 MiB, 0 %, 0 %, 20.21 W
2026/04/02 13:05:59.167, 0 MiB, 97887 MiB, 0 %, 0 %, 20.46 W
2026/04/02 13:06:01.168, 0 MiB, 97887 MiB, 0 %, 0 %, 20.57 W
2026/04/02 13:06:03.168, 0 MiB, 97887 MiB, 0 %, 0 %, 20.13 W
2026/04/02 13:06:05.169, 0 MiB, 97887 MiB, 0 %, 0 %, 20.12 W
2026/04/02 13:06:07.169, 0 MiB, 97887 MiB, 0 %, 0 %, 20.13 W
2026/04/02 13:06:09.170, 0 MiB, 97887 MiB, 0 %, 0 %, 20.25 W
2026/04/02 13:06:11.171, 0 MiB, 97887 MiB, 0 %, 0 %, 19.65 W
2026/04/02 13:06:13.171, 0 MiB, 97887 MiB, 0 %, 0 %, 19.97 W
2026/04/02 13:06:15.171, 0 MiB, 97887 MiB, 0 %, 0 %, 20.31 W
2026/04/02 13:06:17.172, 0 MiB, 97887 MiB, 0 %, 0 %, 19.96 W
2026/04/02 13:06:19.172, 0 MiB, 97887 MiB, 0 %, 0 %, 20.03 W
2026/04/02 13:06:21.173, 0 MiB, 97887 MiB, 0 %, 0 %, 20.40 W
2026/04/02 13:06:23.173, 0 MiB, 97887 MiB, 0 %, 0 %, 20.46 W
2026/04/02 13:06:25.174, 0 MiB, 97887 MiB, 0 %, 0 %, 20.31 W
2026/04/02 13:06:27.175, 0 MiB, 97887 MiB, 0 %, 0 %, 21.05 W
2026/04/02 13:06:29.175, 0 MiB, 97887 MiB, 0 %, 0 %, 20.65 W
2026/04/02 13:06:31.175, 0 MiB, 97887 MiB, 0 %, 0 %, 20.57 W
2026/04/02 13:06:33.176, 0 MiB, 97887 MiB, 0 %, 0 %, 20.84 W
2026/04/02 13:06:35.177, 0 MiB, 97887 MiB, 0 %, 0 %, 20.81 W
2026/04/02 13:06:37.178, 0 MiB, 97887 MiB, 0 %, 0 %, 20.65 W
2026/04/02 13:06:39.178, 0 MiB, 97887 MiB, 0 %, 0 %, 20.28 W
2026/04/02 13:06:41.179, 0 MiB, 97887 MiB, 0 %, 0 %, 20.87 W
2026/04/02 13:06:43.180, 0 MiB, 97887 MiB, 0 %, 0 %, 20.29 W
2026/04/02 13:06:45.180, 0 MiB, 97887 MiB, 0 %, 0 %, 19.75 W
2026/04/02 13:06:47.181, 0 MiB, 97887 MiB, 0 %, 0 %, 19.80 W
2026/04/02 13:06:49.182, 0 MiB, 97887 MiB, 0 %, 0 %, 19.68 W
2026/04/02 13:06:51.182, 0 MiB, 97887 MiB, 0 %, 0 %, 19.95 W
2026/04/02 13:06:53.183, 0 MiB, 97887 MiB, 0 %, 0 %, 20.25 W
2026/04/02 13:06:55.183, 0 MiB, 97887 MiB, 0 %, 0 %, 20.32 W
2026/04/02 13:06:57.184, 0 MiB, 97887 MiB, 0 %, 0 %, 20.07 W
2026/04/02 13:06:59.185, 0 MiB, 97887 MiB, 0 %, 0 %, 20.03 W
2026/04/02 13:07:01.185, 0 MiB, 97887 MiB, 0 %, 0 %, 20.10 W
2026/04/02 13:07:03.186, 0 MiB, 97887 MiB, 0 %, 0 %, 20.09 W
2026/04/02 13:07:05.187, 0 MiB, 97887 MiB, 0 %, 0 %, 19.92 W
2026/04/02 13:07:07.188, 0 MiB, 97887 MiB, 0 %, 0 %, 20.11 W
2026/04/02 13:07:09.188, 0 MiB, 97887 MiB, 0 %, 0 %, 20.10 W
2026/04/02 13:07:11.188, 0 MiB, 97887 MiB, 0 %, 0 %, 19.90 W
2026/04/02 13:07:13.189, 0 MiB, 97887 MiB, 0 %, 0 %, 20.09 W
2026/04/02 13:07:15.189, 0 MiB, 97887 MiB, 0 %, 0 %, 20.11 W
2026/04/02 13:07:17.190, 0 MiB, 97887 MiB, 0 %, 0 %, 20.20 W
2026/04/02 13:07:19.191, 0 MiB, 97887 MiB, 0 %, 0 %, 20.38 W
2026/04/02 13:07:21.191, 0 MiB, 97887 MiB, 0 %, 0 %, 20.58 W
2026/04/02 13:07:23.192, 0 MiB, 97887 MiB, 0 %, 0 %, 20.38 W
2026/04/02 13:07:25.193, 0 MiB, 97887 MiB, 0 %, 0 %, 20.42 W
2026/04/02 13:07:27.193, 0 MiB, 97887 MiB, 0 %, 0 %, 20.38 W
2026/04/02 13:07:29.194, 0 MiB, 97887 MiB, 0 %, 0 %, 20.55 W
2026/04/02 13:07:31.194, 0 MiB, 97887 MiB, 0 %, 0 %, 20.52 W
2026/04/02 13:07:33.195, 0 MiB, 97887 MiB, 0 %, 0 %, 20.11 W
2026/04/02 13:07:35.196, 0 MiB, 97887 MiB, 0 %, 0 %, 20.41 W
2026/04/02 13:07:37.196, 0 MiB, 97887 MiB, 0 %, 0 %, 20.54 W
2026/04/02 13:07:39.197, 0 MiB, 97887 MiB, 0 %, 0 %, 20.14 W
2026/04/02 13:07:41.197, 0 MiB, 97887 MiB, 0 %, 0 %, 20.30 W
2026/04/02 13:07:43.198, 0 MiB, 97887 MiB, 0 %, 0 %, 20.56 W
2026/04/02 13:07:45.199, 0 MiB, 97887 MiB, 0 %, 0 %, 20.16 W
2026/04/02 13:07:47.199, 0 MiB, 97887 MiB, 0 %, 0 %, 20.54 W
2026/04/02 13:07:49.200, 0 MiB, 97887 MiB, 0 %, 0 %, 20.10 W
2026/04/02 13:07:51.200, 0 MiB, 97887 MiB, 0 %, 0 %, 20.27 W
2026/04/02 13:07:53.201, 0 MiB, 97887 MiB, 0 %, 0 %, 20.17 W
2026/04/02 13:07:55.202, 0 MiB, 97887 MiB, 0 %, 0 %, 20.60 W
2026/04/02 13:07:57.202, 0 MiB, 97887 MiB, 0 %, 0 %, 20.43 W
2026/04/02 13:07:59.203, 0 MiB, 97887 MiB, 0 %, 0 %, 20.47 W
2026/04/02 13:08:01.204, 0 MiB, 97887 MiB, 0 %, 0 %, 20.38 W
2026/04/02 13:08:03.204, 0 MiB, 97887 MiB, 0 %, 0 %, 20.34 W
2026/04/02 13:08:05.205, 0 MiB, 97887 MiB, 0 %, 0 %, 20.24 W
2026/04/02 13:08:07.206, 0 MiB, 97887 MiB, 0 %, 0 %, 20.39 W
2026/04/02 13:08:09.207, 0 MiB, 97887 MiB, 0 %, 0 %, 20.59 W
2026/04/02 13:08:11.207, 0 MiB, 97887 MiB, 0 %, 0 %, 20.56 W
2026/04/02 13:08:13.208, 0 MiB, 97887 MiB, 0 %, 0 %, 20.60 W
2026/04/02 13:08:15.209, 0 MiB, 97887 MiB, 0 %, 0 %, 20.45 W
2026/04/02 13:08:17.209, 0 MiB, 97887 MiB, 0 %, 0 %, 20.38 W
2026/04/02 13:08:19.210, 0 MiB, 97887 MiB, 0 %, 0 %, 20.34 W
2026/04/02 13:08:21.210, 0 MiB, 97887 MiB, 0 %, 0 %, 20.58 W
2026/04/02 13:08:23.211, 0 MiB, 97887 MiB, 0 %, 0 %, 20.71 W
2026/04/02 13:08:25.211, 0 MiB, 97887 MiB, 0 %, 0 %, 20.39 W
2026/04/02 13:08:27.212, 0 MiB, 97887 MiB, 0 %, 0 %, 20.70 W
2026/04/02 13:08:29.212, 0 MiB, 97887 MiB, 0 %, 0 %, 20.87 W
2026/04/02 13:08:31.213, 0 MiB, 97887 MiB, 0 %, 0 %, 20.96 W
2026/04/02 13:08:33.214, 0 MiB, 97887 MiB, 0 %, 0 %, 20.86 W
2026/04/02 13:08:35.214, 0 MiB, 97887 MiB, 0 %, 0 %, 21.02 W
2026/04/02 13:08:37.215, 0 MiB, 97887 MiB, 0 %, 0 %, 20.73 W
2026/04/02 13:08:39.216, 0 MiB, 97887 MiB, 0 %, 0 %, 20.74 W
2026/04/02 13:08:41.216, 0 MiB, 97887 MiB, 0 %, 0 %, 20.76 W
2026/04/02 13:08:43.217, 0 MiB, 97887 MiB, 0 %, 0 %, 20.77 W
2026/04/02 13:08:45.217, 0 MiB, 97887 MiB, 0 %, 0 %, 20.36 W
2026/04/02 13:08:47.218, 0 MiB, 97887 MiB, 0 %, 0 %, 20.72 W
2026/04/02 13:08:49.218, 0 MiB, 97887 MiB, 0 %, 0 %, 20.51 W
2026/04/02 13:08:51.219, 0 MiB, 97887 MiB, 0 %, 0 %, 20.67 W
2026/04/02 13:08:53.220, 0 MiB, 97887 MiB, 0 %, 0 %, 20.46 W
2026/04/02 13:08:55.220, 0 MiB, 97887 MiB, 0 %, 0 %, 20.57 W
2026/04/02 13:08:57.221, 0 MiB, 97887 MiB, 0 %, 0 %, 20.55 W
2026/04/02 13:08:59.222, 0 MiB, 97887 MiB, 0 %, 0 %, 20.34 W
2026/04/02 13:09:01.222, 0 MiB, 97887 MiB, 0 %, 0 %, 20.29 W
2026/04/02 13:09:03.223, 0 MiB, 97887 MiB, 0 %, 0 %, 20.28 W
2026/04/02 13:09:05.224, 0 MiB, 97887 MiB, 0 %, 0 %, 20.03 W
2026/04/02 13:09:07.224, 0 MiB, 97887 MiB, 0 %, 0 %, 20.00 W
2026/04/02 13:09:09.224, 0 MiB, 97887 MiB, 0 %, 0 %, 20.07 W
2026/04/02 13:09:11.225, 0 MiB, 97887 MiB, 0 %, 0 %, 20.30 W
2026/04/02 13:09:13.225, 0 MiB, 97887 MiB, 0 %, 0 %, 20.32 W
2026/04/02 13:09:15.226, 0 MiB, 97887 MiB, 0 %, 0 %, 20.54 W
2026/04/02 13:09:17.227, 0 MiB, 97887 MiB, 0 %, 0 %, 20.31 W
2026/04/02 13:09:19.228, 0 MiB, 97887 MiB, 0 %, 0 %, 20.12 W
2026/04/02 13:09:21.228, 0 MiB, 97887 MiB, 0 %, 0 %, 20.07 W
2026/04/02 13:09:23.229, 0 MiB, 97887 MiB, 0 %, 0 %, 20.35 W
2026/04/02 13:09:25.230, 0 MiB, 97887 MiB, 0 %, 0 %, 20.06 W
2026/04/02 13:09:27.230, 0 MiB, 97887 MiB, 0 %, 0 %, 20.12 W
2026/04/02 13:09:29.231, 0 MiB, 97887 MiB, 0 %, 0 %, 19.98 W
2026/04/02 13:09:31.231, 0 MiB, 97887 MiB, 0 %, 0 %, 20.10 W
2026/04/02 13:09:33.232, 0 MiB, 97887 MiB, 0 %, 0 %, 20.22 W
2026/04/02 13:09:35.233, 0 MiB, 97887 MiB, 0 %, 0 %, 20.39 W
2026/04/02 13:09:37.233, 0 MiB, 97887 MiB, 0 %, 0 %, 20.23 W
2026/04/02 13:09:39.234, 0 MiB, 97887 MiB, 0 %, 0 %, 20.15 W
2026/04/02 13:09:41.234, 0 MiB, 97887 MiB, 0 %, 0 %, 20.67 W
2026/04/02 13:09:43.235, 0 MiB, 97887 MiB, 0 %, 0 %, 20.44 W
2026/04/02 13:09:45.235, 0 MiB, 97887 MiB, 0 %, 0 %, 20.04 W
2026/04/02 13:09:47.236, 0 MiB, 97887 MiB, 0 %, 0 %, 19.95 W
2026/04/02 13:09:49.237, 0 MiB, 97887 MiB, 0 %, 0 %, 20.25 W
2026/04/02 13:09:51.237, 0 MiB, 97887 MiB, 0 %, 0 %, 20.24 W
2026/04/02 13:09:53.238, 0 MiB, 97887 MiB, 0 %, 0 %, 20.44 W
2026/04/02 13:09:55.239, 0 MiB, 97887 MiB, 0 %, 0 %, 20.27 W
2026/04/02 13:09:57.239, 0 MiB, 97887 MiB, 0 %, 0 %, 20.33 W
2026/04/02 13:09:59.240, 0 MiB, 97887 MiB, 0 %, 0 %, 20.99 W
2026/04/02 13:10:01.240, 0 MiB, 97887 MiB, 0 %, 0 %, 21.00 W
2026/04/02 13:10:03.241, 0 MiB, 97887 MiB, 0 %, 0 %, 20.78 W
2026/04/02 13:10:05.241, 0 MiB, 97887 MiB, 0 %, 0 %, 20.64 W
2026/04/02 13:10:07.242, 0 MiB, 97887 MiB, 0 %, 0 %, 20.48 W
2026/04/02 13:10:09.243, 0 MiB, 97887 MiB, 0 %, 0 %, 20.92 W
2026/04/02 13:10:11.243, 0 MiB, 97887 MiB, 0 %, 0 %, 20.89 W
2026/04/02 13:10:13.244, 0 MiB, 97887 MiB, 0 %, 0 %, 20.44 W
2026/04/02 13:10:15.244, 0 MiB, 97887 MiB, 0 %, 0 %, 20.72 W
2026/04/02 13:10:17.245, 0 MiB, 97887 MiB, 0 %, 0 %, 20.53 W
2026/04/02 13:10:19.246, 0 MiB, 97887 MiB, 0 %, 0 %, 20.26 W
2026/04/02 13:10:21.246, 0 MiB, 97887 MiB, 0 %, 0 %, 20.57 W
2026/04/02 13:10:23.247, 0 MiB, 97887 MiB, 0 %, 0 %, 20.31 W
2026/04/02 13:10:25.247, 0 MiB, 97887 MiB, 0 %, 0 %, 20.70 W
2026/04/02 13:10:27.248, 0 MiB, 97887 MiB, 0 %, 0 %, 20.78 W
2026/04/02 13:10:29.248, 0 MiB, 97887 MiB, 0 %, 0 %, 20.34 W
2026/04/02 13:10:31.249, 0 MiB, 97887 MiB, 0 %, 0 %, 20.03 W
2026/04/02 13:10:33.249, 0 MiB, 97887 MiB, 0 %, 0 %, 20.40 W
2026/04/02 13:10:35.250, 0 MiB, 97887 MiB, 0 %, 0 %, 20.52 W
2026/04/02 13:10:37.251, 0 MiB, 97887 MiB, 0 %, 0 %, 20.45 W
2026/04/02 13:10:39.251, 0 MiB, 97887 MiB, 0 %, 0 %, 20.75 W
2026/04/02 13:10:41.252, 0 MiB, 97887 MiB, 0 %, 0 %, 20.66 W
2026/04/02 13:10:43.252, 0 MiB, 97887 MiB, 0 %, 0 %, 20.71 W
2026/04/02 13:10:45.253, 0 MiB, 97887 MiB, 0 %, 0 %, 20.75 W
2026/04/02 13:10:47.254, 0 MiB, 97887 MiB, 0 %, 0 %, 20.84 W
2026/04/02 13:10:49.254, 0 MiB, 97887 MiB, 0 %, 0 %, 21.01 W
2026/04/02 13:10:51.254, 0 MiB, 97887 MiB, 0 %, 0 %, 20.44 W
2026/04/02 13:10:53.255, 0 MiB, 97887 MiB, 0 %, 0 %, 20.43 W
2026/04/02 13:10:55.256, 0 MiB, 97887 MiB, 0 %, 0 %, 20.41 W
2026/04/02 13:10:57.256, 0 MiB, 97887 MiB, 0 %, 0 %, 20.63 W
2026/04/02 13:10:59.257, 0 MiB, 97887 MiB, 0 %, 0 %, 20.92 W
2026/04/02 13:11:01.258, 0 MiB, 97887 MiB, 0 %, 0 %, 20.55 W
2026/04/02 13:11:03.258, 0 MiB, 97887 MiB, 0 %, 0 %, 20.57 W
2026/04/02 13:11:05.259, 0 MiB, 97887 MiB, 0 %, 0 %, 20.58 W
2026/04/02 13:11:07.259, 0 MiB, 97887 MiB, 0 %, 0 %, 20.61 W
2026/04/02 13:11:09.260, 0 MiB, 97887 MiB, 0 %, 0 %, 20.72 W
2026/04/02 13:11:11.261, 0 MiB, 97887 MiB, 0 %, 0 %, 20.71 W
2026/04/02 13:11:13.261, 0 MiB, 97887 MiB, 0 %, 0 %, 20.36 W
2026/04/02 13:11:15.262, 0 MiB, 97887 MiB, 0 %, 0 %, 20.01 W
2026/04/02 13:11:17.263, 0 MiB, 97887 MiB, 0 %, 0 %, 20.37 W
2026/04/02 13:11:19.263, 0 MiB, 97887 MiB, 0 %, 0 %, 20.02 W
2026/04/02 13:11:21.264, 0 MiB, 97887 MiB, 0 %, 0 %, 20.30 W
2026/04/02 13:11:23.264, 0 MiB, 97887 MiB, 0 %, 0 %, 20.22 W
2026/04/02 13:11:25.265, 0 MiB, 97887 MiB, 0 %, 0 %, 20.49 W
2026/04/02 13:11:27.266, 0 MiB, 97887 MiB, 0 %, 0 %, 20.10 W
2026/04/02 13:11:29.266, 0 MiB, 97887 MiB, 0 %, 0 %, 20.36 W
2026/04/02 13:11:31.266, 0 MiB, 97887 MiB, 0 %, 0 %, 20.45 W
2026/04/02 13:11:33.267, 0 MiB, 97887 MiB, 0 %, 0 %, 20.28 W
2026/04/02 13:11:35.268, 0 MiB, 97887 MiB, 0 %, 0 %, 20.46 W
2026/04/02 13:11:37.268, 0 MiB, 97887 MiB, 0 %, 0 %, 20.72 W
2026/04/02 13:11:39.269, 0 MiB, 97887 MiB, 0 %, 0 %, 20.63 W
2026/04/02 13:11:41.269, 0 MiB, 97887 MiB, 0 %, 0 %, 20.59 W
2026/04/02 13:11:43.270, 0 MiB, 97887 MiB, 0 %, 0 %, 20.88 W
2026/04/02 13:11:45.270, 0 MiB, 97887 MiB, 0 %, 0 %, 20.92 W
2026/04/02 13:11:47.272, 0 MiB, 97887 MiB, 0 %, 0 %, 20.79 W
2026/04/02 13:11:49.272, 0 MiB, 97887 MiB, 0 %, 0 %, 21.10 W
2026/04/02 13:11:51.273, 0 MiB, 97887 MiB, 0 %, 0 %, 21.02 W
2026/04/02 13:11:53.274, 0 MiB, 97887 MiB, 0 %, 0 %, 21.17 W
2026/04/02 13:11:55.274, 0 MiB, 97887 MiB, 0 %, 0 %, 20.80 W
2026/04/02 13:11:57.275, 0 MiB, 97887 MiB, 0 %, 0 %, 20.50 W
2026/04/02 13:11:59.276, 0 MiB, 97887 MiB, 0 %, 0 %, 20.47 W
2026/04/02 13:12:01.276, 0 MiB, 97887 MiB, 0 %, 0 %, 21.00 W
2026/04/02 13:12:03.277, 0 MiB, 97887 MiB, 0 %, 0 %, 21.12 W
2026/04/02 13:12:05.277, 0 MiB, 97887 MiB, 0 %, 0 %, 20.91 W
2026/04/02 13:12:07.278, 0 MiB, 97887 MiB, 0 %, 0 %, 21.18 W
2026/04/02 13:12:09.279, 0 MiB, 97887 MiB, 0 %, 0 %, 21.41 W
2026/04/02 13:12:11.280, 0 MiB, 97887 MiB, 0 %, 0 %, 21.01 W
2026/04/02 13:12:13.281, 0 MiB, 97887 MiB, 0 %, 0 %, 21.41 W
2026/04/02 13:12:15.281, 0 MiB, 97887 MiB, 0 %, 0 %, 21.59 W
2026/04/02 13:12:17.282, 0 MiB, 97887 MiB, 0 %, 0 %, 21.53 W
2026/04/02 13:12:19.283, 0 MiB, 97887 MiB, 0 %, 0 %, 21.36 W
2026/04/02 13:12:21.284, 0 MiB, 97887 MiB, 0 %, 0 %, 21.23 W
2026/04/02 13:12:23.285, 0 MiB, 97887 MiB, 0 %, 0 %, 21.10 W
2026/04/02 13:12:25.285, 0 MiB, 97887 MiB, 0 %, 0 %, 21.17 W
2026/04/02 13:12:27.286, 0 MiB, 97887 MiB, 0 %, 0 %, 21.23 W
2026/04/02 13:12:29.286, 0 MiB, 97887 MiB, 0 %, 0 %, 21.69 W
2026/04/02 13:12:31.287, 0 MiB, 97887 MiB, 0 %, 0 %, 21.33 W
2026/04/02 13:12:33.287, 0 MiB, 97887 MiB, 0 %, 0 %, 21.35 W
2026/04/02 13:12:35.288, 0 MiB, 97887 MiB, 0 %, 0 %, 21.19 W
2026/04/02 13:12:37.289, 0 MiB, 97887 MiB, 0 %, 0 %, 21.31 W
2026/04/02 13:12:39.289, 0 MiB, 97887 MiB, 0 %, 0 %, 21.43 W
2026/04/02 13:12:41.290, 0 MiB, 97887 MiB, 0 %, 0 %, 21.15 W
2026/04/02 13:12:43.291, 0 MiB, 97887 MiB, 0 %, 0 %, 21.48 W
2026/04/02 13:12:45.291, 0 MiB, 97887 MiB, 0 %, 0 %, 21.37 W
2026/04/02 13:12:47.292, 0 MiB, 97887 MiB, 0 %, 0 %, 21.49 W
2026/04/02 13:12:49.292, 0 MiB, 97887 MiB, 0 %, 0 %, 21.55 W
2026/04/02 13:12:51.293, 0 MiB, 97887 MiB, 0 %, 0 %, 21.54 W
2026/04/02 13:12:53.294, 0 MiB, 97887 MiB, 0 %, 0 %, 21.67 W
2026/04/02 13:12:55.294, 0 MiB, 97887 MiB, 0 %, 0 %, 21.57 W
2026/04/02 13:12:57.295, 0 MiB, 97887 MiB, 0 %, 0 %, 21.92 W
2026/04/02 13:12:59.296, 0 MiB, 97887 MiB, 0 %, 0 %, 21.50 W
2026/04/02 13:13:01.297, 0 MiB, 97887 MiB, 0 %, 0 %, 21.51 W
2026/04/02 13:13:03.298, 0 MiB, 97887 MiB, 0 %, 0 %, 21.59 W
2026/04/02 13:13:05.298, 0 MiB, 97887 MiB, 0 %, 0 %, 21.84 W
2026/04/02 13:13:07.299, 0 MiB, 97887 MiB, 0 %, 0 %, 21.61 W
2026/04/02 13:13:09.300, 0 MiB, 97887 MiB, 0 %, 0 %, 21.50 W
2026/04/02 13:13:11.300, 0 MiB, 97887 MiB, 0 %, 0 %, 21.21 W
2026/04/02 13:13:13.301, 0 MiB, 97887 MiB, 0 %, 0 %, 20.94 W
2026/04/02 13:13:15.302, 0 MiB, 97887 MiB, 0 %, 0 %, 21.04 W
2026/04/02 13:13:17.303, 0 MiB, 97887 MiB, 0 %, 0 %, 21.01 W
2026/04/02 13:13:19.304, 0 MiB, 97887 MiB, 0 %, 0 %, 21.35 W
2026/04/02 13:13:21.305, 0 MiB, 97887 MiB, 0 %, 0 %, 21.25 W
2026/04/02 13:13:23.306, 0 MiB, 97887 MiB, 0 %, 0 %, 21.35 W
2026/04/02 13:13:25.306, 0 MiB, 97887 MiB, 0 %, 0 %, 21.49 W
2026/04/02 13:13:27.307, 0 MiB, 97887 MiB, 0 %, 0 %, 21.60 W
2026/04/02 13:13:29.308, 0 MiB, 97887 MiB, 0 %, 0 %, 21.30 W
2026/04/02 13:13:31.309, 0 MiB, 97887 MiB, 0 %, 0 %, 21.27 W
2026/04/02 13:13:33.310, 0 MiB, 97887 MiB, 0 %, 0 %, 21.31 W
2026/04/02 13:13:35.310, 0 MiB, 97887 MiB, 0 %, 0 %, 21.33 W
2026/04/02 13:13:37.311, 0 MiB, 97887 MiB, 0 %, 0 %, 21.20 W
2026/04/02 13:13:39.312, 0 MiB, 97887 MiB, 0 %, 0 %, 21.03 W
2026/04/02 13:13:41.313, 0 MiB, 97887 MiB, 0 %, 0 %, 21.30 W
2026/04/02 13:13:43.313, 0 MiB, 97887 MiB, 0 %, 0 %, 21.66 W
2026/04/02 13:13:45.314, 0 MiB, 97887 MiB, 0 %, 0 %, 21.78 W
2026/04/02 13:13:47.315, 0 MiB, 97887 MiB, 0 %, 0 %, 21.29 W
2026/04/02 13:13:49.316, 0 MiB, 97887 MiB, 0 %, 0 %, 21.05 W
2026/04/02 13:13:51.317, 0 MiB, 97887 MiB, 0 %, 0 %, 21.42 W
2026/04/02 13:13:53.318, 0 MiB, 97887 MiB, 0 %, 0 %, 21.20 W
2026/04/02 13:13:55.319, 0 MiB, 97887 MiB, 0 %, 0 %, 21.54 W
2026/04/02 13:13:57.319, 0 MiB, 97887 MiB, 0 %, 0 %, 21.68 W
2026/04/02 13:13:59.320, 0 MiB, 97887 MiB, 0 %, 0 %, 21.70 W
2026/04/02 13:14:01.321, 0 MiB, 97887 MiB, 0 %, 0 %, 21.63 W
2026/04/02 13:14:03.322, 0 MiB, 97887 MiB, 0 %, 0 %, 21.52 W
2026/04/02 13:14:05.323, 0 MiB, 97887 MiB, 0 %, 0 %, 21.42 W
2026/04/02 13:14:07.324, 0 MiB, 97887 MiB, 0 %, 0 %, 21.40 W
2026/04/02 13:14:09.325, 0 MiB, 97887 MiB, 0 %, 0 %, 21.06 W
2026/04/02 13:14:11.326, 0 MiB, 97887 MiB, 0 %, 0 %, 20.95 W
2026/04/02 13:14:13.326, 0 MiB, 97887 MiB, 0 %, 0 %, 21.19 W
2026/04/02 13:14:15.327, 0 MiB, 97887 MiB, 0 %, 0 %, 21.33 W
2026/04/02 13:14:17.328, 0 MiB, 97887 MiB, 0 %, 0 %, 21.43 W
2026/04/02 13:14:19.328, 0 MiB, 97887 MiB, 0 %, 0 %, 21.29 W
2026/04/02 13:14:21.329, 0 MiB, 97887 MiB, 0 %, 0 %, 20.97 W
2026/04/02 13:14:23.330, 0 MiB, 97887 MiB, 0 %, 0 %, 21.29 W
2026/04/02 13:14:25.331, 0 MiB, 97887 MiB, 0 %, 0 %, 21.12 W
2026/04/02 13:14:27.332, 0 MiB, 97887 MiB, 0 %, 0 %, 21.35 W
2026/04/02 13:14:29.332, 0 MiB, 97887 MiB, 0 %, 0 %, 21.55 W
2026/04/02 13:14:31.333, 0 MiB, 97887 MiB, 0 %, 0 %, 21.58 W
2026/04/02 13:14:33.334, 0 MiB, 97887 MiB, 0 %, 0 %, 21.11 W
2026/04/02 13:14:35.335, 0 MiB, 97887 MiB, 0 %, 0 %, 21.68 W
2026/04/02 13:14:37.336, 0 MiB, 97887 MiB, 0 %, 0 %, 21.75 W
2026/04/02 13:14:39.337, 0 MiB, 97887 MiB, 0 %, 0 %, 21.66 W
2026/04/02 13:14:41.337, 0 MiB, 97887 MiB, 0 %, 0 %, 21.83 W
2026/04/02 13:14:43.338, 0 MiB, 97887 MiB, 0 %, 0 %, 22.06 W
2026/04/02 13:14:45.339, 0 MiB, 97887 MiB, 0 %, 0 %, 21.47 W
2026/04/02 13:14:47.340, 0 MiB, 97887 MiB, 0 %, 0 %, 21.18 W
2026/04/02 13:14:49.341, 0 MiB, 97887 MiB, 0 %, 0 %, 21.57 W
2026/04/02 13:14:51.342, 0 MiB, 97887 MiB, 0 %, 0 %, 21.46 W
2026/04/02 13:14:53.343, 0 MiB, 97887 MiB, 0 %, 0 %, 21.23 W
2026/04/02 13:14:55.344, 0 MiB, 97887 MiB, 0 %, 0 %, 21.27 W
2026/04/02 13:14:57.344, 0 MiB, 97887 MiB, 0 %, 0 %, 21.15 W
2026/04/02 13:14:59.345, 0 MiB, 97887 MiB, 0 %, 0 %, 21.47 W
2026/04/02 13:15:01.346, 0 MiB, 97887 MiB, 0 %, 0 %, 20.82 W
2026/04/02 13:15:03.347, 0 MiB, 97887 MiB, 0 %, 0 %, 20.88 W
2026/04/02 13:15:05.348, 0 MiB, 97887 MiB, 0 %, 0 %, 21.09 W
2026/04/02 13:15:07.348, 0 MiB, 97887 MiB, 0 %, 0 %, 21.22 W
2026/04/02 13:15:09.349, 0 MiB, 97887 MiB, 0 %, 0 %, 21.27 W
2026/04/02 13:15:11.350, 0 MiB, 97887 MiB, 0 %, 0 %, 21.08 W
2026/04/02 13:15:13.351, 0 MiB, 97887 MiB, 0 %, 0 %, 21.10 W
2026/04/02 13:15:15.352, 0 MiB, 97887 MiB, 0 %, 0 %, 21.47 W
2026/04/02 13:15:17.352, 0 MiB, 97887 MiB, 0 %, 0 %, 21.61 W
2026/04/02 13:15:19.353, 0 MiB, 97887 MiB, 0 %, 0 %, 21.44 W
2026/04/02 13:15:21.354, 0 MiB, 97887 MiB, 0 %, 0 %, 21.56 W
2026/04/02 13:15:23.355, 0 MiB, 97887 MiB, 0 %, 0 %, 21.53 W
2026/04/02 13:15:25.356, 0 MiB, 97887 MiB, 0 %, 0 %, 21.62 W
2026/04/02 13:15:27.356, 0 MiB, 97887 MiB, 0 %, 0 %, 21.68 W
2026/04/02 13:15:29.357, 0 MiB, 97887 MiB, 0 %, 0 %, 21.54 W
2026/04/02 13:15:31.358, 0 MiB, 97887 MiB, 0 %, 0 %, 21.22 W
2026/04/02 13:15:33.359, 0 MiB, 97887 MiB, 0 %, 0 %, 21.29 W
2026/04/02 13:15:35.360, 0 MiB, 97887 MiB, 0 %, 0 %, 21.14 W
2026/04/02 13:15:37.360, 0 MiB, 97887 MiB, 0 %, 0 %, 21.30 W
2026/04/02 13:15:39.361, 0 MiB, 97887 MiB, 0 %, 0 %, 21.46 W
2026/04/02 13:15:41.362, 0 MiB, 97887 MiB, 0 %, 0 %, 21.43 W
2026/04/02 13:15:43.363, 0 MiB, 97887 MiB, 0 %, 0 %, 21.46 W
2026/04/02 13:15:45.364, 0 MiB, 97887 MiB, 0 %, 0 %, 21.86 W
2026/04/02 13:15:47.365, 0 MiB, 97887 MiB, 0 %, 0 %, 21.90 W
2026/04/02 13:15:49.366, 0 MiB, 97887 MiB, 0 %, 0 %, 21.70 W
2026/04/02 13:15:51.366, 0 MiB, 97887 MiB, 0 %, 0 %, 21.65 W
2026/04/02 13:15:53.367, 0 MiB, 97887 MiB, 0 %, 0 %, 21.40 W
2026/04/02 13:15:55.368, 0 MiB, 97887 MiB, 0 %, 0 %, 21.77 W
2026/04/02 13:15:57.369, 0 MiB, 97887 MiB, 0 %, 0 %, 21.34 W
2026/04/02 13:15:59.370, 0 MiB, 97887 MiB, 0 %, 0 %, 21.30 W
2026/04/02 13:16:01.370, 0 MiB, 97887 MiB, 0 %, 0 %, 21.14 W
2026/04/02 13:16:03.371, 0 MiB, 97887 MiB, 0 %, 0 %, 21.02 W
2026/04/02 13:16:05.372, 0 MiB, 97887 MiB, 0 %, 0 %, 21.09 W
2026/04/02 13:16:07.372, 0 MiB, 97887 MiB, 0 %, 0 %, 21.47 W
2026/04/02 13:16:09.373, 0 MiB, 97887 MiB, 0 %, 0 %, 21.68 W
2026/04/02 13:16:11.374, 0 MiB, 97887 MiB, 0 %, 0 %, 21.36 W
2026/04/02 13:16:13.375, 0 MiB, 97887 MiB, 0 %, 0 %, 21.45 W
2026/04/02 13:16:15.376, 0 MiB, 97887 MiB, 0 %, 0 %, 21.64 W
2026/04/02 13:16:17.377, 0 MiB, 97887 MiB, 0 %, 0 %, 21.55 W
2026/04/02 13:16:19.377, 0 MiB, 97887 MiB, 0 %, 0 %, 21.50 W
2026/04/02 13:16:21.378, 0 MiB, 97887 MiB, 0 %, 0 %, 21.51 W
2026/04/02 13:16:23.379, 0 MiB, 97887 MiB, 0 %, 0 %, 21.30 W
2026/04/02 13:16:25.380, 0 MiB, 97887 MiB, 0 %, 0 %, 20.97 W
2026/04/02 13:16:27.381, 0 MiB, 97887 MiB, 0 %, 0 %, 20.92 W
2026/04/02 13:16:29.382, 0 MiB, 97887 MiB, 0 %, 0 %, 21.56 W
2026/04/02 13:16:31.383, 0 MiB, 97887 MiB, 0 %, 0 %, 20.58 W
2026/04/02 13:16:33.383, 0 MiB, 97887 MiB, 0 %, 0 %, 21.32 W
2026/04/02 13:16:35.384, 0 MiB, 97887 MiB, 0 %, 0 %, 21.43 W
2026/04/02 13:16:37.385, 0 MiB, 97887 MiB, 0 %, 0 %, 21.57 W
2026/04/02 13:16:39.386, 0 MiB, 97887 MiB, 0 %, 0 %, 21.26 W
2026/04/02 13:16:41.387, 0 MiB, 97887 MiB, 0 %, 0 %, 20.96 W
2026/04/02 13:16:43.388, 0 MiB, 97887 MiB, 0 %, 0 %, 21.05 W
2026/04/02 13:16:45.389, 0 MiB, 97887 MiB, 0 %, 0 %, 21.80 W
2026/04/02 13:16:47.389, 0 MiB, 97887 MiB, 0 %, 0 %, 21.86 W
2026/04/02 13:16:49.390, 0 MiB, 97887 MiB, 0 %, 0 %, 21.42 W
2026/04/02 13:16:51.391, 0 MiB, 97887 MiB, 0 %, 0 %, 21.44 W
2026/04/02 13:16:53.392, 0 MiB, 97887 MiB, 0 %, 0 %, 21.52 W
2026/04/02 13:16:55.393, 0 MiB, 97887 MiB, 0 %, 0 %, 21.59 W
2026/04/02 13:16:57.393, 0 MiB, 97887 MiB, 0 %, 0 %, 21.62 W
2026/04/02 13:16:59.394, 0 MiB, 97887 MiB, 0 %, 0 %, 21.58 W
2026/04/02 13:17:01.395, 0 MiB, 97887 MiB, 0 %, 0 %, 21.45 W
2026/04/02 13:17:03.396, 0 MiB, 97887 MiB, 0 %, 0 %, 21.95 W
2026/04/02 13:17:05.397, 0 MiB, 97887 MiB, 0 %, 0 %, 21.87 W
2026/04/02 13:17:07.397, 0 MiB, 97887 MiB, 0 %, 0 %, 22.01 W
2026/04/02 13:17:09.398, 0 MiB, 97887 MiB, 0 %, 0 %, 21.41 W
2026/04/02 13:17:11.399, 0 MiB, 97887 MiB, 0 %, 0 %, 21.22 W
2026/04/02 13:17:13.400, 0 MiB, 97887 MiB, 0 %, 0 %, 21.43 W
2026/04/02 13:17:15.400, 0 MiB, 97887 MiB, 0 %, 0 %, 21.23 W
2026/04/02 13:17:17.401, 0 MiB, 97887 MiB, 0 %, 0 %, 21.33 W
2026/04/02 13:17:19.402, 0 MiB, 97887 MiB, 0 %, 0 %, 21.46 W
2026/04/02 13:17:21.403, 0 MiB, 97887 MiB, 0 %, 0 %, 21.53 W
2026/04/02 13:17:23.404, 0 MiB, 97887 MiB, 0 %, 0 %, 21.11 W
2026/04/02 13:17:25.405, 0 MiB, 97887 MiB, 0 %, 0 %, 21.90 W
2026/04/02 13:17:27.405, 0 MiB, 97887 MiB, 0 %, 0 %, 21.58 W
2026/04/02 13:17:29.406, 0 MiB, 97887 MiB, 0 %, 0 %, 21.35 W
2026/04/02 13:17:31.407, 0 MiB, 97887 MiB, 0 %, 0 %, 21.48 W
2026/04/02 13:17:33.408, 0 MiB, 97887 MiB, 0 %, 0 %, 21.20 W
2026/04/02 13:17:35.409, 0 MiB, 97887 MiB, 0 %, 0 %, 21.39 W
2026/04/02 13:17:37.409, 0 MiB, 97887 MiB, 0 %, 0 %, 21.37 W
2026/04/02 13:17:39.410, 0 MiB, 97887 MiB, 0 %, 0 %, 21.06 W
2026/04/02 13:17:41.411, 0 MiB, 97887 MiB, 0 %, 0 %, 21.05 W
2026/04/02 13:17:43.412, 0 MiB, 97887 MiB, 0 %, 0 %, 21.01 W
2026/04/02 13:17:45.412, 0 MiB, 97887 MiB, 0 %, 0 %, 20.85 W
2026/04/02 13:17:47.413, 0 MiB, 97887 MiB, 0 %, 0 %, 20.78 W
2026/04/02 13:17:49.414, 0 MiB, 97887 MiB, 0 %, 0 %, 21.37 W
2026/04/02 13:17:51.415, 0 MiB, 97887 MiB, 0 %, 0 %, 21.40 W
2026/04/02 13:17:53.415, 0 MiB, 97887 MiB, 0 %, 0 %, 21.22 W
2026/04/02 13:17:55.416, 0 MiB, 97887 MiB, 0 %, 0 %, 21.10 W
2026/04/02 13:17:57.416, 0 MiB, 97887 MiB, 0 %, 0 %, 21.13 W
2026/04/02 13:17:59.417, 0 MiB, 97887 MiB, 0 %, 0 %, 21.19 W
2026/04/02 13:18:01.418, 0 MiB, 97887 MiB, 0 %, 0 %, 21.39 W
2026/04/02 13:18:03.418, 0 MiB, 97887 MiB, 0 %, 0 %, 21.11 W
2026/04/02 13:18:05.419, 0 MiB, 97887 MiB, 0 %, 0 %, 21.05 W
2026/04/02 13:18:07.420, 0 MiB, 97887 MiB, 0 %, 0 %, 21.07 W
2026/04/02 13:18:09.420, 0 MiB, 97887 MiB, 0 %, 0 %, 20.95 W
2026/04/02 13:18:11.421, 0 MiB, 97887 MiB, 0 %, 0 %, 21.16 W
2026/04/02 13:18:13.421, 0 MiB, 97887 MiB, 0 %, 0 %, 21.08 W
2026/04/02 13:18:15.422, 0 MiB, 97887 MiB, 0 %, 0 %, 21.16 W
2026/04/02 13:18:17.423, 0 MiB, 97887 MiB, 0 %, 0 %, 21.66 W
2026/04/02 13:18:19.423, 0 MiB, 97887 MiB, 0 %, 0 %, 21.28 W
2026/04/02 13:18:21.424, 0 MiB, 97887 MiB, 0 %, 0 %, 21.27 W
2026/04/02 13:18:23.425, 0 MiB, 97887 MiB, 0 %, 0 %, 21.38 W
2026/04/02 13:18:25.425, 0 MiB, 97887 MiB, 0 %, 0 %, 21.61 W
2026/04/02 13:18:27.426, 0 MiB, 97887 MiB, 0 %, 0 %, 21.67 W
2026/04/02 13:18:29.427, 0 MiB, 97887 MiB, 0 %, 0 %, 21.53 W
2026/04/02 13:18:31.427, 0 MiB, 97887 MiB, 0 %, 0 %, 21.77 W
2026/04/02 13:18:33.428, 0 MiB, 97887 MiB, 0 %, 0 %, 21.58 W
2026/04/02 13:18:35.429, 0 MiB, 97887 MiB, 0 %, 0 %, 21.86 W
2026/04/02 13:18:37.429, 0 MiB, 97887 MiB, 0 %, 0 %, 21.69 W
2026/04/02 13:18:39.430, 0 MiB, 97887 MiB, 0 %, 0 %, 21.68 W
2026/04/02 13:18:41.430, 0 MiB, 97887 MiB, 0 %, 0 %, 21.79 W
2026/04/02 13:18:43.431, 0 MiB, 97887 MiB, 0 %, 0 %, 21.64 W
2026/04/02 13:18:45.432, 0 MiB, 97887 MiB, 0 %, 0 %, 22.11 W
2026/04/02 13:18:47.433, 0 MiB, 97887 MiB, 0 %, 0 %, 21.95 W
2026/04/02 13:18:49.433, 0 MiB, 97887 MiB, 0 %, 0 %, 21.84 W
2026/04/02 13:18:51.434, 0 MiB, 97887 MiB, 0 %, 0 %, 21.75 W
2026/04/02 13:18:53.435, 0 MiB, 97887 MiB, 0 %, 0 %, 21.27 W
2026/04/02 13:18:55.435, 0 MiB, 97887 MiB, 0 %, 0 %, 21.37 W
2026/04/02 13:18:57.436, 0 MiB, 97887 MiB, 0 %, 0 %, 21.55 W
2026/04/02 13:18:59.436, 0 MiB, 97887 MiB, 0 %, 0 %, 21.49 W
2026/04/02 13:19:01.437, 0 MiB, 97887 MiB, 0 %, 0 %, 21.55 W
2026/04/02 13:19:03.438, 0 MiB, 97887 MiB, 0 %, 0 %, 21.68 W
2026/04/02 13:19:05.438, 0 MiB, 97887 MiB, 0 %, 0 %, 21.62 W
2026/04/02 13:19:07.439, 0 MiB, 97887 MiB, 0 %, 0 %, 21.41 W
2026/04/02 13:19:09.440, 0 MiB, 97887 MiB, 0 %, 0 %, 21.57 W
2026/04/02 13:19:11.440, 0 MiB, 97887 MiB, 0 %, 0 %, 21.54 W
2026/04/02 13:19:13.441, 0 MiB, 97887 MiB, 0 %, 0 %, 21.60 W
2026/04/02 13:19:15.442, 0 MiB, 97887 MiB, 0 %, 0 %, 21.69 W
2026/04/02 13:19:17.442, 0 MiB, 97887 MiB, 0 %, 0 %, 21.42 W
2026/04/02 13:19:19.443, 0 MiB, 97887 MiB, 0 %, 0 %, 21.50 W
2026/04/02 13:19:21.444, 0 MiB, 97887 MiB, 0 %, 0 %, 21.57 W
2026/04/02 13:19:23.445, 0 MiB, 97887 MiB, 0 %, 0 %, 21.80 W
2026/04/02 13:19:25.446, 0 MiB, 97887 MiB, 0 %, 0 %, 21.61 W
2026/04/02 13:19:27.446, 0 MiB, 97887 MiB, 0 %, 0 %, 21.25 W
2026/04/02 13:19:29.447, 0 MiB, 97887 MiB, 0 %, 0 %, 21.33 W
2026/04/02 13:19:31.447, 0 MiB, 97887 MiB, 0 %, 0 %, 21.39 W
2026/04/02 13:19:33.448, 0 MiB, 97887 MiB, 0 %, 0 %, 21.42 W
2026/04/02 13:19:35.449, 0 MiB, 97887 MiB, 0 %, 0 %, 21.04 W
2026/04/02 13:19:37.449, 0 MiB, 97887 MiB, 0 %, 0 %, 21.48 W
2026/04/02 13:19:39.450, 0 MiB, 97887 MiB, 0 %, 0 %, 21.68 W
2026/04/02 13:19:41.451, 0 MiB, 97887 MiB, 0 %, 0 %, 21.44 W
2026/04/02 13:19:43.451, 0 MiB, 97887 MiB, 0 %, 0 %, 21.15 W
2026/04/02 13:19:45.452, 0 MiB, 97887 MiB, 0 %, 0 %, 21.23 W
2026/04/02 13:19:47.453, 0 MiB, 97887 MiB, 0 %, 0 %, 21.14 W
2026/04/02 13:19:49.454, 0 MiB, 97887 MiB, 0 %, 0 %, 21.41 W
2026/04/02 13:19:51.454, 0 MiB, 97887 MiB, 0 %, 0 %, 21.32 W
2026/04/02 13:19:53.455, 0 MiB, 97887 MiB, 0 %, 0 %, 21.11 W
2026/04/02 13:19:55.456, 0 MiB, 97887 MiB, 0 %, 0 %, 21.02 W
2026/04/02 13:19:57.457, 0 MiB, 97887 MiB, 0 %, 0 %, 21.37 W
2026/04/02 13:19:59.457, 0 MiB, 97887 MiB, 0 %, 0 %, 21.47 W
2026/04/02 13:20:01.458, 0 MiB, 97887 MiB, 0 %, 0 %, 21.93 W
2026/04/02 13:20:03.459, 0 MiB, 97887 MiB, 0 %, 0 %, 21.30 W
2026/04/02 13:20:05.459, 0 MiB, 97887 MiB, 0 %, 0 %, 21.68 W
2026/04/02 13:20:07.460, 0 MiB, 97887 MiB, 0 %, 0 %, 21.86 W
2026/04/02 13:20:09.461, 0 MiB, 97887 MiB, 0 %, 0 %, 21.67 W
2026/04/02 13:20:11.462, 0 MiB, 97887 MiB, 0 %, 0 %, 21.66 W
2026/04/02 13:20:13.462, 0 MiB, 97887 MiB, 0 %, 0 %, 21.64 W
2026/04/02 13:20:15.463, 0 MiB, 97887 MiB, 0 %, 0 %, 21.51 W
2026/04/02 13:20:17.464, 0 MiB, 97887 MiB, 0 %, 0 %, 21.47 W
2026/04/02 13:20:19.465, 0 MiB, 97887 MiB, 0 %, 0 %, 21.55 W
2026/04/02 13:20:21.466, 0 MiB, 97887 MiB, 0 %, 0 %, 21.52 W
2026/04/02 13:20:23.467, 0 MiB, 97887 MiB, 0 %, 0 %, 21.53 W
2026/04/02 13:20:25.467, 0 MiB, 97887 MiB, 0 %, 0 %, 21.46 W
2026/04/02 13:20:27.468, 0 MiB, 97887 MiB, 0 %, 0 %, 21.49 W
2026/04/02 13:20:29.469, 0 MiB, 97887 MiB, 0 %, 0 %, 21.92 W
2026/04/02 13:20:31.470, 0 MiB, 97887 MiB, 0 %, 0 %, 21.25 W
2026/04/02 13:20:33.471, 0 MiB, 97887 MiB, 0 %, 0 %, 21.20 W
2026/04/02 13:20:35.471, 0 MiB, 97887 MiB, 0 %, 0 %, 21.78 W
2026/04/02 13:20:37.472, 0 MiB, 97887 MiB, 0 %, 0 %, 21.72 W
2026/04/02 13:20:39.473, 0 MiB, 97887 MiB, 0 %, 0 %, 21.87 W
2026/04/02 13:20:41.473, 0 MiB, 97887 MiB, 0 %, 0 %, 21.98 W
2026/04/02 13:20:43.474, 0 MiB, 97887 MiB, 0 %, 0 %, 21.76 W
2026/04/02 13:20:45.475, 0 MiB, 97887 MiB, 0 %, 0 %, 21.93 W
2026/04/02 13:20:47.475, 0 MiB, 97887 MiB, 0 %, 0 %, 22.00 W
2026/04/02 13:20:49.476, 0 MiB, 97887 MiB, 0 %, 0 %, 21.76 W
2026/04/02 13:20:51.476, 0 MiB, 97887 MiB, 0 %, 0 %, 21.89 W
2026/04/02 13:20:53.477, 0 MiB, 97887 MiB, 0 %, 0 %, 21.62 W
2026/04/02 13:20:55.478, 0 MiB, 97887 MiB, 0 %, 0 %, 21.67 W
2026/04/02 13:20:57.478, 0 MiB, 97887 MiB, 0 %, 0 %, 21.79 W
2026/04/02 13:20:59.479, 0 MiB, 97887 MiB, 0 %, 0 %, 21.51 W
2026/04/02 13:21:01.480, 0 MiB, 97887 MiB, 0 %, 0 %, 21.61 W
2026/04/02 13:21:03.481, 0 MiB, 97887 MiB, 0 %, 0 %, 21.65 W
2026/04/02 13:21:05.482, 0 MiB, 97887 MiB, 0 %, 0 %, 21.60 W
2026/04/02 13:21:07.482, 0 MiB, 97887 MiB, 0 %, 0 %, 21.57 W
2026/04/02 13:21:09.483, 0 MiB, 97887 MiB, 0 %, 0 %, 21.23 W
2026/04/02 13:21:11.483, 0 MiB, 97887 MiB, 0 %, 0 %, 21.35 W
2026/04/02 13:21:13.484, 0 MiB, 97887 MiB, 0 %, 0 %, 21.40 W
2026/04/02 13:21:15.484, 0 MiB, 97887 MiB, 0 %, 0 %, 21.58 W
2026/04/02 13:21:17.485, 0 MiB, 97887 MiB, 0 %, 0 %, 21.86 W
2026/04/02 13:21:19.486, 0 MiB, 97887 MiB, 0 %, 0 %, 21.64 W
2026/04/02 13:21:21.486, 0 MiB, 97887 MiB, 0 %, 0 %, 21.46 W
2026/04/02 13:21:23.487, 0 MiB, 97887 MiB, 0 %, 0 %, 21.43 W
2026/04/02 13:21:25.488, 0 MiB, 97887 MiB, 0 %, 0 %, 21.77 W
2026/04/02 13:21:27.488, 0 MiB, 97887 MiB, 0 %, 0 %, 21.86 W
2026/04/02 13:21:29.489, 0 MiB, 97887 MiB, 0 %, 0 %, 21.90 W
2026/04/02 13:21:31.489, 0 MiB, 97887 MiB, 0 %, 0 %, 22.24 W
2026/04/02 13:21:33.490, 0 MiB, 97887 MiB, 0 %, 0 %, 22.02 W
2026/04/02 13:21:35.491, 0 MiB, 97887 MiB, 0 %, 0 %, 22.05 W
2026/04/02 13:21:37.491, 0 MiB, 97887 MiB, 0 %, 0 %, 21.75 W
2026/04/02 13:21:39.492, 0 MiB, 97887 MiB, 0 %, 0 %, 21.72 W
2026/04/02 13:21:41.493, 0 MiB, 97887 MiB, 0 %, 0 %, 21.95 W
2026/04/02 13:21:43.493, 0 MiB, 97887 MiB, 0 %, 0 %, 21.11 W
2026/04/02 13:21:45.494, 0 MiB, 97887 MiB, 0 %, 0 %, 21.15 W
2026/04/02 13:21:47.494, 0 MiB, 97887 MiB, 0 %, 0 %, 21.05 W
2026/04/02 13:21:49.495, 0 MiB, 97887 MiB, 0 %, 0 %, 21.64 W
2026/04/02 13:21:51.496, 0 MiB, 97887 MiB, 0 %, 0 %, 21.20 W
2026/04/02 13:21:53.496, 0 MiB, 97887 MiB, 0 %, 0 %, 21.44 W
2026/04/02 13:21:55.497, 0 MiB, 97887 MiB, 0 %, 0 %, 21.59 W
2026/04/02 13:21:57.498, 0 MiB, 97887 MiB, 0 %, 0 %, 21.67 W
2026/04/02 13:21:59.498, 0 MiB, 97887 MiB, 0 %, 0 %, 21.92 W
2026/04/02 13:22:01.499, 0 MiB, 97887 MiB, 0 %, 0 %, 21.87 W
2026/04/02 13:22:03.499, 0 MiB, 97887 MiB, 0 %, 0 %, 22.06 W
2026/04/02 13:22:05.500, 0 MiB, 97887 MiB, 0 %, 0 %, 21.75 W
2026/04/02 13:22:07.500, 0 MiB, 97887 MiB, 0 %, 0 %, 21.91 W
2026/04/02 13:22:09.501, 0 MiB, 97887 MiB, 0 %, 0 %, 21.72 W
2026/04/02 13:22:11.502, 0 MiB, 97887 MiB, 0 %, 0 %, 21.61 W
2026/04/02 13:22:13.502, 0 MiB, 97887 MiB, 0 %, 0 %, 21.52 W
2026/04/02 13:22:15.503, 0 MiB, 97887 MiB, 0 %, 0 %, 21.53 W
2026/04/02 13:22:17.503, 0 MiB, 97887 MiB, 0 %, 0 %, 21.65 W
2026/04/02 13:22:19.504, 0 MiB, 97887 MiB, 0 %, 0 %, 21.52 W
2026/04/02 13:22:21.504, 0 MiB, 97887 MiB, 0 %, 0 %, 21.58 W
2026/04/02 13:22:23.505, 0 MiB, 97887 MiB, 0 %, 0 %, 21.21 W
2026/04/02 13:22:25.506, 0 MiB, 97887 MiB, 0 %, 0 %, 21.40 W
2026/04/02 13:22:27.507, 0 MiB, 97887 MiB, 0 %, 0 %, 21.23 W
2026/04/02 13:22:29.507, 0 MiB, 97887 MiB, 0 %, 0 %, 21.38 W
2026/04/02 13:22:31.508, 0 MiB, 97887 MiB, 0 %, 0 %, 21.67 W
2026/04/02 13:22:33.508, 0 MiB, 97887 MiB, 0 %, 0 %, 21.65 W
2026/04/02 13:22:35.509, 0 MiB, 97887 MiB, 0 %, 0 %, 21.90 W
2026/04/02 13:22:37.510, 0 MiB, 97887 MiB, 0 %, 0 %, 21.80 W
2026/04/02 13:22:39.511, 0 MiB, 97887 MiB, 0 %, 0 %, 21.75 W
2026/04/02 13:22:41.512, 0 MiB, 97887 MiB, 0 %, 0 %, 21.88 W
2026/04/02 13:22:43.513, 0 MiB, 97887 MiB, 0 %, 0 %, 21.62 W
2026/04/02 13:22:45.513, 0 MiB, 97887 MiB, 0 %, 0 %, 21.80 W
2026/04/02 13:22:47.514, 0 MiB, 97887 MiB, 0 %, 0 %, 21.44 W
2026/04/02 13:22:49.515, 0 MiB, 97887 MiB, 0 %, 0 %, 21.74 W
2026/04/02 13:22:51.516, 0 MiB, 97887 MiB, 0 %, 0 %, 22.01 W
2026/04/02 13:22:53.516, 0 MiB, 97887 MiB, 0 %, 0 %, 21.64 W
2026/04/02 13:22:55.517, 0 MiB, 97887 MiB, 0 %, 0 %, 21.92 W
2026/04/02 13:22:57.518, 0 MiB, 97887 MiB, 0 %, 0 %, 21.87 W
2026/04/02 13:22:59.518, 0 MiB, 97887 MiB, 0 %, 0 %, 21.77 W
2026/04/02 13:23:01.519, 0 MiB, 97887 MiB, 0 %, 0 %, 21.75 W
2026/04/02 13:23:03.519, 0 MiB, 97887 MiB, 0 %, 0 %, 21.67 W
2026/04/02 13:23:05.520, 0 MiB, 97887 MiB, 0 %, 0 %, 21.62 W
2026/04/02 13:23:07.521, 0 MiB, 97887 MiB, 0 %, 0 %, 21.46 W
2026/04/02 13:23:09.522, 0 MiB, 97887 MiB, 0 %, 0 %, 20.99 W
2026/04/02 13:23:11.523, 0 MiB, 97887 MiB, 0 %, 0 %, 21.31 W
2026/04/02 13:23:13.523, 0 MiB, 97887 MiB, 0 %, 0 %, 21.61 W
2026/04/02 13:23:15.524, 0 MiB, 97887 MiB, 0 %, 0 %, 21.82 W
2026/04/02 13:23:17.525, 0 MiB, 97887 MiB, 0 %, 0 %, 21.79 W
2026/04/02 13:23:19.525, 0 MiB, 97887 MiB, 0 %, 0 %, 21.78 W
2026/04/02 13:23:21.525, 0 MiB, 97887 MiB, 0 %, 0 %, 21.44 W
2026/04/02 13:23:23.526, 0 MiB, 97887 MiB, 0 %, 0 %, 21.67 W
2026/04/02 13:23:25.527, 0 MiB, 97887 MiB, 0 %, 0 %, 21.64 W
2026/04/02 13:23:27.528, 0 MiB, 97887 MiB, 0 %, 0 %, 21.84 W
2026/04/02 13:23:29.528, 0 MiB, 97887 MiB, 0 %, 0 %, 21.99 W
2026/04/02 13:23:31.529, 0 MiB, 97887 MiB, 0 %, 0 %, 21.96 W
2026/04/02 13:23:33.530, 0 MiB, 97887 MiB, 0 %, 0 %, 22.16 W
2026/04/02 13:23:35.530, 0 MiB, 97887 MiB, 0 %, 0 %, 21.96 W
2026/04/02 13:23:37.531, 0 MiB, 97887 MiB, 0 %, 0 %, 22.06 W
2026/04/02 13:23:39.532, 0 MiB, 97887 MiB, 0 %, 0 %, 21.92 W
2026/04/02 13:23:41.533, 0 MiB, 97887 MiB, 0 %, 0 %, 22.25 W
2026/04/02 13:23:43.533, 0 MiB, 97887 MiB, 0 %, 0 %, 22.08 W
2026/04/02 13:23:45.534, 0 MiB, 97887 MiB, 0 %, 0 %, 22.08 W
2026/04/02 13:23:47.535, 0 MiB, 97887 MiB, 0 %, 0 %, 22.06 W
2026/04/02 13:23:49.535, 0 MiB, 97887 MiB, 0 %, 0 %, 22.14 W
2026/04/02 13:23:51.536, 0 MiB, 97887 MiB, 0 %, 0 %, 22.59 W
2026/04/02 13:23:53.537, 0 MiB, 97887 MiB, 0 %, 0 %, 22.12 W
2026/04/02 13:23:55.537, 0 MiB, 97887 MiB, 0 %, 0 %, 21.92 W
2026/04/02 13:23:57.538, 0 MiB, 97887 MiB, 0 %, 0 %, 21.84 W
2026/04/02 13:23:59.538, 0 MiB, 97887 MiB, 0 %, 0 %, 22.14 W
2026/04/02 13:24:01.539, 0 MiB, 97887 MiB, 0 %, 0 %, 22.54 W
2026/04/02 13:24:03.539, 0 MiB, 97887 MiB, 0 %, 0 %, 22.34 W
2026/04/02 13:24:05.540, 0 MiB, 97887 MiB, 0 %, 0 %, 21.94 W
2026/04/02 13:24:07.541, 0 MiB, 97887 MiB, 0 %, 0 %, 21.88 W
2026/04/02 13:24:09.542, 0 MiB, 97887 MiB, 0 %, 0 %, 22.31 W
2026/04/02 13:24:11.542, 0 MiB, 97887 MiB, 0 %, 0 %, 22.08 W
2026/04/02 13:24:13.543, 0 MiB, 97887 MiB, 0 %, 0 %, 22.14 W
2026/04/02 13:24:15.544, 0 MiB, 97887 MiB, 0 %, 0 %, 22.21 W
2026/04/02 13:24:17.544, 0 MiB, 97887 MiB, 0 %, 0 %, 21.94 W
2026/04/02 13:24:19.545, 0 MiB, 97887 MiB, 0 %, 0 %, 22.11 W
2026/04/02 13:24:21.546, 0 MiB, 97887 MiB, 0 %, 0 %, 22.17 W
2026/04/02 13:24:23.546, 0 MiB, 97887 MiB, 0 %, 0 %, 22.21 W
2026/04/02 13:24:25.547, 0 MiB, 97887 MiB, 0 %, 0 %, 22.25 W
2026/04/02 13:24:27.548, 0 MiB, 97887 MiB, 0 %, 0 %, 22.27 W
2026/04/02 13:24:29.548, 0 MiB, 97887 MiB, 0 %, 0 %, 22.43 W
2026/04/02 13:24:31.549, 0 MiB, 97887 MiB, 0 %, 0 %, 21.78 W
2026/04/02 13:24:33.550, 0 MiB, 97887 MiB, 0 %, 0 %, 21.69 W
2026/04/02 13:24:35.550, 0 MiB, 97887 MiB, 0 %, 0 %, 21.77 W
2026/04/02 13:24:37.551, 0 MiB, 97887 MiB, 0 %, 0 %, 21.87 W
2026/04/02 13:24:39.552, 0 MiB, 97887 MiB, 0 %, 0 %, 22.10 W
2026/04/02 13:24:41.552, 0 MiB, 97887 MiB, 0 %, 0 %, 22.05 W
2026/04/02 13:24:43.553, 0 MiB, 97887 MiB, 0 %, 0 %, 21.68 W
2026/04/02 13:24:45.553, 0 MiB, 97887 MiB, 0 %, 0 %, 21.78 W
2026/04/02 13:24:47.554, 0 MiB, 97887 MiB, 0 %, 0 %, 21.76 W
2026/04/02 13:24:49.554, 0 MiB, 97887 MiB, 0 %, 0 %, 22.16 W
2026/04/02 13:24:51.555, 0 MiB, 97887 MiB, 0 %, 0 %, 21.99 W
2026/04/02 13:24:53.556, 0 MiB, 97887 MiB, 0 %, 0 %, 21.63 W
2026/04/02 13:24:55.556, 0 MiB, 97887 MiB, 0 %, 0 %, 21.55 W
2026/04/02 13:24:57.556, 0 MiB, 97887 MiB, 0 %, 0 %, 22.06 W
2026/04/02 13:24:59.557, 0 MiB, 97887 MiB, 0 %, 0 %, 21.92 W
2026/04/02 13:25:01.557, 0 MiB, 97887 MiB, 0 %, 0 %, 22.14 W
2026/04/02 13:25:03.558, 0 MiB, 97887 MiB, 0 %, 0 %, 22.17 W
2026/04/02 13:25:05.558, 0 MiB, 97887 MiB, 0 %, 0 %, 22.15 W
2026/04/02 13:25:07.559, 0 MiB, 97887 MiB, 0 %, 0 %, 22.15 W
2026/04/02 13:25:09.559, 0 MiB, 97887 MiB, 0 %, 0 %, 22.00 W
2026/04/02 13:25:11.560, 0 MiB, 97887 MiB, 0 %, 0 %, 22.26 W
2026/04/02 13:25:13.561, 0 MiB, 97887 MiB, 0 %, 0 %, 22.43 W
2026/04/02 13:25:15.561, 0 MiB, 97887 MiB, 0 %, 0 %, 22.20 W
2026/04/02 13:25:17.562, 0 MiB, 97887 MiB, 0 %, 0 %, 21.97 W
2026/04/02 13:25:19.562, 0 MiB, 97887 MiB, 0 %, 0 %, 22.19 W
2026/04/02 13:25:21.562, 0 MiB, 97887 MiB, 0 %, 0 %, 22.43 W
2026/04/02 13:25:23.563, 0 MiB, 97887 MiB, 0 %, 0 %, 22.06 W
2026/04/02 13:25:25.563, 0 MiB, 97887 MiB, 0 %, 0 %, 22.19 W
2026/04/02 13:25:27.564, 0 MiB, 97887 MiB, 0 %, 0 %, 22.27 W
2026/04/02 13:25:29.565, 0 MiB, 97887 MiB, 0 %, 0 %, 22.48 W
2026/04/02 13:25:31.565, 0 MiB, 97887 MiB, 0 %, 0 %, 22.23 W
2026/04/02 13:25:33.566, 0 MiB, 97887 MiB, 0 %, 0 %, 21.80 W
2026/04/02 13:25:35.566, 0 MiB, 97887 MiB, 0 %, 0 %, 21.67 W
2026/04/02 13:25:37.567, 0 MiB, 97887 MiB, 0 %, 0 %, 21.29 W
2026/04/02 13:25:39.567, 0 MiB, 97887 MiB, 0 %, 0 %, 21.52 W
2026/04/02 13:25:41.568, 0 MiB, 97887 MiB, 0 %, 0 %, 21.78 W
2026/04/02 13:25:43.568, 0 MiB, 97887 MiB, 0 %, 0 %, 21.97 W
2026/04/02 13:25:45.569, 0 MiB, 97887 MiB, 0 %, 0 %, 22.04 W
2026/04/02 13:25:47.569, 0 MiB, 97887 MiB, 0 %, 0 %, 22.21 W
2026/04/02 13:25:49.570, 0 MiB, 97887 MiB, 0 %, 0 %, 22.00 W
2026/04/02 13:25:51.571, 0 MiB, 97887 MiB, 0 %, 0 %, 21.99 W
2026/04/02 13:25:53.571, 0 MiB, 97887 MiB, 0 %, 0 %, 21.93 W
2026/04/02 13:25:55.572, 0 MiB, 97887 MiB, 0 %, 0 %, 21.50 W
2026/04/02 13:25:57.572, 0 MiB, 97887 MiB, 0 %, 0 %, 21.57 W
2026/04/02 13:25:59.573, 0 MiB, 97887 MiB, 0 %, 0 %, 21.72 W
2026/04/02 13:26:01.574, 0 MiB, 97887 MiB, 0 %, 0 %, 21.93 W
2026/04/02 13:26:03.574, 0 MiB, 97887 MiB, 0 %, 0 %, 21.77 W
2026/04/02 13:26:05.575, 0 MiB, 97887 MiB, 0 %, 0 %, 21.64 W
2026/04/02 13:26:07.576, 0 MiB, 97887 MiB, 0 %, 0 %, 21.48 W
2026/04/02 13:26:09.577, 0 MiB, 97887 MiB, 0 %, 0 %, 21.71 W
2026/04/02 13:26:11.577, 0 MiB, 97887 MiB, 0 %, 0 %, 22.08 W
2026/04/02 13:26:13.578, 0 MiB, 97887 MiB, 0 %, 0 %, 22.27 W
2026/04/02 13:26:15.579, 0 MiB, 97887 MiB, 0 %, 0 %, 22.92 W
2026/04/02 13:26:17.579, 0 MiB, 97887 MiB, 0 %, 0 %, 22.12 W
2026/04/02 13:26:19.580, 0 MiB, 97887 MiB, 0 %, 0 %, 21.69 W
2026/04/02 13:26:21.581, 0 MiB, 97887 MiB, 0 %, 0 %, 21.84 W
2026/04/02 13:26:23.582, 0 MiB, 97887 MiB, 0 %, 0 %, 21.82 W
2026/04/02 13:26:25.583, 0 MiB, 97887 MiB, 0 %, 0 %, 21.56 W
2026/04/02 13:26:27.584, 0 MiB, 97887 MiB, 0 %, 0 %, 21.87 W
2026/04/02 13:26:29.584, 0 MiB, 97887 MiB, 0 %, 0 %, 21.86 W
2026/04/02 13:26:31.584, 0 MiB, 97887 MiB, 0 %, 0 %, 22.10 W
2026/04/02 13:26:33.585, 0 MiB, 97887 MiB, 0 %, 0 %, 22.02 W
2026/04/02 13:26:35.585, 0 MiB, 97887 MiB, 0 %, 0 %, 21.99 W
2026/04/02 13:26:37.586, 0 MiB, 97887 MiB, 0 %, 0 %, 22.04 W
2026/04/02 13:26:39.586, 0 MiB, 97887 MiB, 0 %, 0 %, 21.93 W
2026/04/02 13:26:41.586, 0 MiB, 97887 MiB, 0 %, 0 %, 21.74 W
2026/04/02 13:26:43.587, 0 MiB, 97887 MiB, 0 %, 0 %, 21.87 W
2026/04/02 13:26:45.587, 0 MiB, 97887 MiB, 0 %, 0 %, 21.86 W
2026/04/02 13:26:47.588, 0 MiB, 97887 MiB, 0 %, 0 %, 22.05 W
2026/04/02 13:26:49.588, 0 MiB, 97887 MiB, 0 %, 0 %, 22.01 W
2026/04/02 13:26:51.589, 0 MiB, 97887 MiB, 0 %, 0 %, 22.32 W
2026/04/02 13:26:53.589, 0 MiB, 97887 MiB, 0 %, 0 %, 21.51 W
2026/04/02 13:26:55.590, 0 MiB, 97887 MiB, 0 %, 0 %, 21.47 W
2026/04/02 13:26:57.591, 0 MiB, 97887 MiB, 0 %, 0 %, 22.12 W
2026/04/02 13:26:59.591, 0 MiB, 97887 MiB, 0 %, 0 %, 21.97 W
2026/04/02 13:27:01.591, 0 MiB, 97887 MiB, 0 %, 0 %, 22.19 W
2026/04/02 13:27:03.592, 0 MiB, 97887 MiB, 0 %, 0 %, 22.19 W
2026/04/02 13:27:05.593, 0 MiB, 97887 MiB, 0 %, 0 %, 22.29 W
2026/04/02 13:27:07.593, 0 MiB, 97887 MiB, 0 %, 0 %, 22.22 W
2026/04/02 13:27:09.594, 0 MiB, 97887 MiB, 0 %, 0 %, 22.03 W
2026/04/02 13:27:11.594, 0 MiB, 97887 MiB, 0 %, 0 %, 22.11 W
2026/04/02 13:27:13.595, 0 MiB, 97887 MiB, 0 %, 0 %, 21.90 W
2026/04/02 13:27:15.595, 0 MiB, 97887 MiB, 0 %, 0 %, 21.84 W
2026/04/02 13:27:17.596, 0 MiB, 97887 MiB, 0 %, 0 %, 22.13 W
2026/04/02 13:27:19.596, 0 MiB, 97887 MiB, 0 %, 0 %, 21.80 W
2026/04/02 13:27:21.596, 0 MiB, 97887 MiB, 0 %, 0 %, 21.68 W
2026/04/02 13:27:23.597, 0 MiB, 97887 MiB, 0 %, 0 %, 21.64 W
2026/04/02 13:27:25.597, 0 MiB, 97887 MiB, 0 %, 0 %, 22.04 W
2026/04/02 13:27:27.598, 0 MiB, 97887 MiB, 0 %, 0 %, 22.18 W
2026/04/02 13:27:29.598, 0 MiB, 97887 MiB, 0 %, 0 %, 22.03 W
2026/04/02 13:27:31.599, 0 MiB, 97887 MiB, 0 %, 0 %, 21.59 W
2026/04/02 13:27:33.599, 0 MiB, 97887 MiB, 0 %, 0 %, 21.99 W
2026/04/02 13:27:35.600, 0 MiB, 97887 MiB, 0 %, 0 %, 22.11 W
2026/04/02 13:27:37.601, 0 MiB, 97887 MiB, 0 %, 0 %, 22.18 W
2026/04/02 13:27:39.601, 0 MiB, 97887 MiB, 0 %, 0 %, 22.33 W
2026/04/02 13:27:41.601, 0 MiB, 97887 MiB, 0 %, 0 %, 22.50 W
2026/04/02 13:27:43.602, 0 MiB, 97887 MiB, 0 %, 0 %, 22.74 W
2026/04/02 13:27:45.602, 0 MiB, 97887 MiB, 0 %, 0 %, 22.15 W
2026/04/02 13:27:47.603, 0 MiB, 97887 MiB, 0 %, 0 %, 22.18 W
2026/04/02 13:27:49.603, 0 MiB, 97887 MiB, 0 %, 0 %, 22.02 W
2026/04/02 13:27:51.604, 0 MiB, 97887 MiB, 0 %, 0 %, 21.85 W
2026/04/02 13:27:53.604, 0 MiB, 97887 MiB, 0 %, 0 %, 22.04 W
2026/04/02 13:27:55.605, 0 MiB, 97887 MiB, 0 %, 0 %, 22.19 W
2026/04/02 13:27:57.606, 0 MiB, 97887 MiB, 0 %, 0 %, 22.30 W
2026/04/02 13:27:59.606, 0 MiB, 97887 MiB, 0 %, 0 %, 21.95 W
2026/04/02 13:28:01.607, 0 MiB, 97887 MiB, 0 %, 0 %, 22.09 W
2026/04/02 13:28:03.608, 0 MiB, 97887 MiB, 0 %, 0 %, 22.08 W
2026/04/02 13:28:05.609, 0 MiB, 97887 MiB, 0 %, 0 %, 22.03 W
2026/04/02 13:28:07.610, 0 MiB, 97887 MiB, 0 %, 0 %, 22.14 W
2026/04/02 13:28:09.611, 0 MiB, 97887 MiB, 0 %, 0 %, 21.42 W
2026/04/02 13:28:11.611, 0 MiB, 97887 MiB, 0 %, 0 %, 21.87 W
2026/04/02 13:28:13.612, 0 MiB, 97887 MiB, 0 %, 0 %, 21.37 W
2026/04/02 13:28:15.612, 0 MiB, 97887 MiB, 0 %, 0 %, 21.30 W
2026/04/02 13:28:17.613, 0 MiB, 97887 MiB, 0 %, 0 %, 21.69 W
2026/04/02 13:28:19.614, 0 MiB, 97887 MiB, 0 %, 0 %, 21.70 W
2026/04/02 13:28:21.615, 0 MiB, 97887 MiB, 0 %, 0 %, 22.12 W
2026/04/02 13:28:23.615, 0 MiB, 97887 MiB, 0 %, 0 %, 22.14 W
2026/04/02 13:28:25.615, 0 MiB, 97887 MiB, 0 %, 0 %, 22.32 W
2026/04/02 13:28:27.616, 0 MiB, 97887 MiB, 0 %, 0 %, 21.89 W
2026/04/02 13:28:29.616, 0 MiB, 97887 MiB, 0 %, 0 %, 22.19 W
2026/04/02 13:28:31.617, 0 MiB, 97887 MiB, 0 %, 0 %, 21.65 W
2026/04/02 13:28:33.617, 0 MiB, 97887 MiB, 0 %, 0 %, 21.94 W
2026/04/02 13:28:35.618, 0 MiB, 97887 MiB, 0 %, 0 %, 22.27 W
2026/04/02 13:28:37.618, 0 MiB, 97887 MiB, 0 %, 0 %, 21.79 W
2026/04/02 13:28:39.619, 0 MiB, 97887 MiB, 0 %, 0 %, 22.11 W
2026/04/02 13:28:41.619, 0 MiB, 97887 MiB, 0 %, 0 %, 21.87 W
2026/04/02 13:28:43.620, 0 MiB, 97887 MiB, 0 %, 0 %, 21.70 W
2026/04/02 13:28:45.621, 0 MiB, 97887 MiB, 0 %, 0 %, 21.62 W
2026/04/02 13:28:47.621, 0 MiB, 97887 MiB, 0 %, 0 %, 22.13 W
2026/04/02 13:28:49.622, 0 MiB, 97887 MiB, 0 %, 0 %, 22.53 W
2026/04/02 13:28:51.622, 0 MiB, 97887 MiB, 0 %, 0 %, 22.33 W
2026/04/02 13:28:53.623, 0 MiB, 97887 MiB, 0 %, 0 %, 22.61 W
2026/04/02 13:28:55.623, 0 MiB, 97887 MiB, 0 %, 0 %, 22.53 W
2026/04/02 13:28:57.624, 0 MiB, 97887 MiB, 0 %, 0 %, 22.40 W
2026/04/02 13:28:59.625, 0 MiB, 97887 MiB, 0 %, 0 %, 22.42 W
2026/04/02 13:29:01.625, 0 MiB, 97887 MiB, 0 %, 0 %, 22.68 W
2026/04/02 13:29:03.626, 0 MiB, 97887 MiB, 0 %, 0 %, 22.48 W
2026/04/02 13:29:05.626, 0 MiB, 97887 MiB, 0 %, 0 %, 22.53 W
2026/04/02 13:29:07.627, 0 MiB, 97887 MiB, 0 %, 0 %, 22.39 W
2026/04/02 13:29:09.627, 0 MiB, 97887 MiB, 0 %, 0 %, 21.53 W
2026/04/02 13:29:11.628, 0 MiB, 97887 MiB, 0 %, 0 %, 21.30 W
2026/04/02 13:29:13.628, 0 MiB, 97887 MiB, 0 %, 0 %, 21.98 W
2026/04/02 13:29:15.629, 0 MiB, 97887 MiB, 0 %, 0 %, 22.06 W
2026/04/02 13:29:17.629, 0 MiB, 97887 MiB, 0 %, 0 %, 22.21 W
2026/04/02 13:29:19.630, 0 MiB, 97887 MiB, 0 %, 0 %, 22.12 W
2026/04/02 13:29:21.631, 0 MiB, 97887 MiB, 0 %, 0 %, 22.19 W
2026/04/02 13:29:23.632, 0 MiB, 97887 MiB, 0 %, 0 %, 22.34 W
2026/04/02 13:29:25.632, 0 MiB, 97887 MiB, 0 %, 0 %, 22.34 W
2026/04/02 13:29:27.633, 0 MiB, 97887 MiB, 0 %, 0 %, 22.53 W
2026/04/02 13:29:29.634, 0 MiB, 97887 MiB, 0 %, 0 %, 22.39 W
2026/04/02 13:29:31.634, 0 MiB, 97887 MiB, 0 %, 0 %, 22.42 W
2026/04/02 13:29:33.634, 0 MiB, 97887 MiB, 0 %, 0 %, 22.16 W
2026/04/02 13:29:35.635, 0 MiB, 97887 MiB, 0 %, 0 %, 22.35 W
2026/04/02 13:29:37.636, 0 MiB, 97887 MiB, 0 %, 0 %, 22.31 W
2026/04/02 13:29:39.636, 0 MiB, 97887 MiB, 0 %, 0 %, 22.24 W
2026/04/02 13:29:41.637, 0 MiB, 97887 MiB, 0 %, 0 %, 22.19 W
2026/04/02 13:29:43.637, 0 MiB, 97887 MiB, 0 %, 0 %, 22.19 W
2026/04/02 13:29:45.638, 0 MiB, 97887 MiB, 0 %, 0 %, 21.91 W
2026/04/02 13:29:47.639, 0 MiB, 97887 MiB, 0 %, 0 %, 21.69 W
2026/04/02 13:29:49.639, 0 MiB, 97887 MiB, 0 %, 0 %, 22.11 W
2026/04/02 13:29:51.639, 0 MiB, 97887 MiB, 0 %, 0 %, 21.81 W
2026/04/02 13:29:53.640, 0 MiB, 97887 MiB, 0 %, 0 %, 22.36 W
2026/04/02 13:29:55.640, 0 MiB, 97887 MiB, 0 %, 0 %, 22.31 W
2026/04/02 13:29:57.641, 0 MiB, 97887 MiB, 0 %, 0 %, 22.16 W
2026/04/02 13:29:59.641, 0 MiB, 97887 MiB, 0 %, 0 %, 22.03 W
2026/04/02 13:30:01.642, 0 MiB, 97887 MiB, 0 %, 0 %, 22.11 W
2026/04/02 13:30:03.643, 0 MiB, 97887 MiB, 0 %, 0 %, 22.00 W
2026/04/02 13:30:05.643, 0 MiB, 97887 MiB, 0 %, 0 %, 22.18 W
2026/04/02 13:30:07.644, 0 MiB, 97887 MiB, 0 %, 0 %, 21.95 W
2026/04/02 13:30:09.644, 0 MiB, 97887 MiB, 0 %, 0 %, 21.84 W
2026/04/02 13:30:11.644, 0 MiB, 97887 MiB, 0 %, 0 %, 21.92 W
2026/04/02 13:30:13.645, 0 MiB, 97887 MiB, 0 %, 0 %, 21.83 W
2026/04/02 13:30:15.646, 0 MiB, 97887 MiB, 0 %, 0 %, 22.15 W
2026/04/02 13:30:17.646, 0 MiB, 97887 MiB, 0 %, 0 %, 22.72 W
2026/04/02 13:30:19.647, 0 MiB, 97887 MiB, 0 %, 0 %, 22.61 W
2026/04/02 13:30:21.647, 0 MiB, 97887 MiB, 0 %, 0 %, 22.47 W
2026/04/02 13:30:23.648, 0 MiB, 97887 MiB, 0 %, 0 %, 22.47 W
2026/04/02 13:30:25.648, 0 MiB, 97887 MiB, 0 %, 0 %, 22.24 W
2026/04/02 13:30:27.649, 0 MiB, 97887 MiB, 0 %, 0 %, 22.15 W
2026/04/02 13:30:29.649, 0 MiB, 97887 MiB, 0 %, 0 %, 21.86 W
2026/04/02 13:30:31.649, 0 MiB, 97887 MiB, 0 %, 0 %, 21.88 W
2026/04/02 13:30:33.650, 0 MiB, 97887 MiB, 0 %, 0 %, 21.67 W
2026/04/02 13:30:35.651, 0 MiB, 97887 MiB, 0 %, 0 %, 21.40 W
2026/04/02 13:30:37.651, 0 MiB, 97887 MiB, 0 %, 0 %, 21.83 W
2026/04/02 13:30:39.652, 0 MiB, 97887 MiB, 0 %, 0 %, 21.70 W
2026/04/02 13:30:41.652, 0 MiB, 97887 MiB, 0 %, 0 %, 22.04 W
2026/04/02 13:30:43.653, 0 MiB, 97887 MiB, 0 %, 0 %, 21.93 W
2026/04/02 13:30:45.653, 0 MiB, 97887 MiB, 0 %, 0 %, 21.82 W
2026/04/02 13:30:47.654, 0 MiB, 97887 MiB, 0 %, 0 %, 21.96 W
2026/04/02 13:30:49.654, 0 MiB, 97887 MiB, 0 %, 0 %, 21.75 W
2026/04/02 13:30:51.655, 0 MiB, 97887 MiB, 0 %, 0 %, 21.52 W
2026/04/02 13:30:53.656, 0 MiB, 97887 MiB, 0 %, 0 %, 21.38 W
2026/04/02 13:30:55.656, 0 MiB, 97887 MiB, 0 %, 0 %, 21.44 W
2026/04/02 13:30:57.656, 0 MiB, 97887 MiB, 0 %, 0 %, 21.52 W
2026/04/02 13:30:59.657, 0 MiB, 97887 MiB, 0 %, 0 %, 21.73 W
2026/04/02 13:31:01.658, 0 MiB, 97887 MiB, 0 %, 0 %, 21.46 W
2026/04/02 13:31:03.659, 0 MiB, 97887 MiB, 0 %, 0 %, 21.47 W
2026/04/02 13:31:05.660, 0 MiB, 97887 MiB, 0 %, 0 %, 21.37 W
2026/04/02 13:31:07.660, 0 MiB, 97887 MiB, 0 %, 0 %, 21.26 W
2026/04/02 13:31:09.661, 0 MiB, 97887 MiB, 0 %, 0 %, 21.30 W
2026/04/02 13:31:11.661, 0 MiB, 97887 MiB, 0 %, 0 %, 21.39 W
2026/04/02 13:31:13.662, 0 MiB, 97887 MiB, 0 %, 0 %, 21.34 W
2026/04/02 13:31:15.662, 0 MiB, 97887 MiB, 0 %, 0 %, 21.57 W
2026/04/02 13:31:17.663, 0 MiB, 97887 MiB, 0 %, 0 %, 21.64 W
2026/04/02 13:31:19.664, 0 MiB, 97887 MiB, 0 %, 0 %, 21.63 W
2026/04/02 13:31:21.664, 0 MiB, 97887 MiB, 0 %, 0 %, 21.75 W
2026/04/02 13:31:23.665, 0 MiB, 97887 MiB, 0 %, 0 %, 21.58 W
2026/04/02 13:31:25.666, 0 MiB, 97887 MiB, 0 %, 0 %, 21.41 W
2026/04/02 13:31:27.667, 0 MiB, 97887 MiB, 0 %, 0 %, 21.60 W
2026/04/02 13:31:29.667, 0 MiB, 97887 MiB, 0 %, 0 %, 21.44 W
2026/04/02 13:31:31.668, 0 MiB, 97887 MiB, 0 %, 0 %, 21.31 W
2026/04/02 13:31:33.668, 0 MiB, 97887 MiB, 0 %, 0 %, 21.62 W
2026/04/02 13:31:35.669, 0 MiB, 97887 MiB, 0 %, 0 %, 21.97 W
2026/04/02 13:31:37.670, 0 MiB, 97887 MiB, 0 %, 0 %, 21.30 W
2026/04/02 13:31:39.670, 0 MiB, 97887 MiB, 0 %, 0 %, 21.55 W
2026/04/02 13:31:41.671, 0 MiB, 97887 MiB, 0 %, 0 %, 21.30 W
2026/04/02 13:31:43.671, 0 MiB, 97887 MiB, 0 %, 0 %, 21.45 W
2026/04/02 13:31:45.672, 0 MiB, 97887 MiB, 0 %, 0 %, 21.36 W
2026/04/02 13:31:47.672, 0 MiB, 97887 MiB, 0 %, 0 %, 21.13 W
2026/04/02 13:31:49.673, 0 MiB, 97887 MiB, 0 %, 0 %, 21.08 W
2026/04/02 13:31:51.673, 0 MiB, 97887 MiB, 0 %, 0 %, 21.23 W
2026/04/02 13:31:53.674, 0 MiB, 97887 MiB, 0 %, 0 %, 21.82 W
2026/04/02 13:31:55.674, 0 MiB, 97887 MiB, 0 %, 0 %, 21.53 W
2026/04/02 13:31:57.675, 0 MiB, 97887 MiB, 0 %, 0 %, 20.91 W
2026/04/02 13:31:59.675, 0 MiB, 97887 MiB, 0 %, 0 %, 21.35 W
2026/04/02 13:32:01.676, 0 MiB, 97887 MiB, 0 %, 0 %, 21.66 W
2026/04/02 13:32:03.676, 0 MiB, 97887 MiB, 0 %, 0 %, 21.66 W
2026/04/02 13:32:05.677, 0 MiB, 97887 MiB, 0 %, 0 %, 21.89 W
2026/04/02 13:32:07.678, 0 MiB, 97887 MiB, 0 %, 0 %, 22.14 W
2026/04/02 13:32:09.678, 0 MiB, 97887 MiB, 0 %, 0 %, 21.98 W
2026/04/02 13:32:11.679, 0 MiB, 97887 MiB, 0 %, 0 %, 22.04 W
2026/04/02 13:32:13.679, 0 MiB, 97887 MiB, 0 %, 0 %, 21.52 W
2026/04/02 13:32:15.680, 0 MiB, 97887 MiB, 0 %, 0 %, 21.50 W
2026/04/02 13:32:17.680, 0 MiB, 97887 MiB, 0 %, 0 %, 21.17 W
2026/04/02 13:32:19.681, 0 MiB, 97887 MiB, 0 %, 0 %, 21.40 W
2026/04/02 13:32:21.682, 0 MiB, 97887 MiB, 0 %, 0 %, 21.79 W
2026/04/02 13:32:23.683, 0 MiB, 97887 MiB, 0 %, 0 %, 21.35 W
2026/04/02 13:32:25.683, 0 MiB, 97887 MiB, 0 %, 0 %, 21.72 W
2026/04/02 13:32:27.684, 0 MiB, 97887 MiB, 0 %, 0 %, 21.76 W
2026/04/02 13:32:29.685, 0 MiB, 97887 MiB, 0 %, 0 %, 22.04 W
2026/04/02 13:32:31.685, 0 MiB, 97887 MiB, 0 %, 0 %, 21.89 W
2026/04/02 13:32:33.686, 0 MiB, 97887 MiB, 0 %, 0 %, 21.94 W
2026/04/02 13:32:35.687, 0 MiB, 97887 MiB, 0 %, 0 %, 21.42 W
2026/04/02 13:32:37.687, 0 MiB, 97887 MiB, 0 %, 0 %, 21.38 W
2026/04/02 13:32:39.688, 0 MiB, 97887 MiB, 0 %, 0 %, 21.80 W
2026/04/02 13:32:41.689, 0 MiB, 97887 MiB, 0 %, 0 %, 21.78 W
2026/04/02 13:32:43.690, 0 MiB, 97887 MiB, 0 %, 0 %, 21.79 W
2026/04/02 13:32:45.691, 0 MiB, 97887 MiB, 0 %, 0 %, 21.59 W
2026/04/02 13:32:47.691, 0 MiB, 97887 MiB, 0 %, 0 %, 21.36 W
2026/04/02 13:32:49.692, 0 MiB, 97887 MiB, 0 %, 0 %, 21.96 W
2026/04/02 13:32:51.693, 0 MiB, 97887 MiB, 0 %, 0 %, 21.50 W
2026/04/02 13:32:53.694, 0 MiB, 97887 MiB, 0 %, 0 %, 21.97 W
2026/04/02 13:32:55.695, 0 MiB, 97887 MiB, 0 %, 0 %, 21.88 W
2026/04/02 13:32:57.695, 0 MiB, 97887 MiB, 0 %, 0 %, 21.75 W
2026/04/02 13:32:59.696, 0 MiB, 97887 MiB, 0 %, 0 %, 21.45 W
2026/04/02 13:33:01.697, 0 MiB, 97887 MiB, 0 %, 0 %, 21.73 W
2026/04/02 13:33:03.698, 0 MiB, 97887 MiB, 0 %, 0 %, 21.78 W
2026/04/02 13:33:05.699, 0 MiB, 97887 MiB, 0 %, 0 %, 21.81 W
2026/04/02 13:33:07.699, 0 MiB, 97887 MiB, 0 %, 0 %, 21.89 W
2026/04/02 13:33:09.700, 0 MiB, 97887 MiB, 0 %, 0 %, 21.42 W
2026/04/02 13:33:11.701, 0 MiB, 97887 MiB, 0 %, 0 %, 21.41 W
2026/04/02 13:33:13.702, 0 MiB, 97887 MiB, 0 %, 0 %, 21.19 W
2026/04/02 13:33:15.703, 0 MiB, 97887 MiB, 0 %, 0 %, 21.65 W
2026/04/02 13:33:17.704, 0 MiB, 97887 MiB, 0 %, 0 %, 21.61 W
2026/04/02 13:33:19.705, 0 MiB, 97887 MiB, 0 %, 0 %, 21.31 W
2026/04/02 13:33:21.705, 0 MiB, 97887 MiB, 0 %, 0 %, 21.47 W
2026/04/02 13:33:23.706, 0 MiB, 97887 MiB, 0 %, 0 %, 21.82 W
2026/04/02 13:33:25.707, 0 MiB, 97887 MiB, 0 %, 0 %, 21.85 W
2026/04/02 13:33:27.708, 0 MiB, 97887 MiB, 0 %, 0 %, 21.68 W
2026/04/02 13:33:29.709, 0 MiB, 97887 MiB, 0 %, 0 %, 21.77 W
2026/04/02 13:33:31.710, 0 MiB, 97887 MiB, 0 %, 0 %, 22.03 W
2026/04/02 13:33:33.711, 0 MiB, 97887 MiB, 0 %, 0 %, 22.01 W
2026/04/02 13:33:35.711, 0 MiB, 97887 MiB, 0 %, 0 %, 21.89 W
2026/04/02 13:33:37.712, 0 MiB, 97887 MiB, 0 %, 0 %, 21.65 W
2026/04/02 13:33:39.713, 0 MiB, 97887 MiB, 0 %, 0 %, 21.82 W
2026/04/02 13:33:41.713, 0 MiB, 97887 MiB, 0 %, 0 %, 21.76 W
2026/04/02 13:33:43.714, 0 MiB, 97887 MiB, 0 %, 0 %, 21.98 W
2026/04/02 13:33:45.715, 0 MiB, 97887 MiB, 0 %, 0 %, 22.06 W
2026/04/02 13:33:47.716, 0 MiB, 97887 MiB, 0 %, 0 %, 21.33 W
2026/04/02 13:33:49.717, 0 MiB, 97887 MiB, 0 %, 0 %, 21.63 W
2026/04/02 13:33:51.717, 0 MiB, 97887 MiB, 0 %, 0 %, 21.35 W
2026/04/02 13:33:53.718, 0 MiB, 97887 MiB, 0 %, 0 %, 21.33 W
2026/04/02 13:33:55.719, 0 MiB, 97887 MiB, 0 %, 0 %, 21.68 W
2026/04/02 13:33:57.720, 0 MiB, 97887 MiB, 0 %, 0 %, 21.70 W
2026/04/02 13:33:59.721, 0 MiB, 97887 MiB, 0 %, 0 %, 21.94 W
2026/04/02 13:34:01.722, 0 MiB, 97887 MiB, 0 %, 0 %, 21.89 W
2026/04/02 13:34:03.723, 0 MiB, 97887 MiB, 0 %, 0 %, 21.75 W
2026/04/02 13:34:05.723, 0 MiB, 97887 MiB, 0 %, 0 %, 21.64 W
2026/04/02 13:34:07.724, 0 MiB, 97887 MiB, 0 %, 0 %, 21.57 W
2026/04/02 13:34:09.725, 0 MiB, 97887 MiB, 0 %, 0 %, 21.09 W
2026/04/02 13:34:11.726, 0 MiB, 97887 MiB, 0 %, 0 %, 21.64 W
2026/04/02 13:34:13.726, 0 MiB, 97887 MiB, 0 %, 0 %, 21.28 W
2026/04/02 13:34:15.727, 0 MiB, 97887 MiB, 0 %, 0 %, 21.68 W
2026/04/02 13:34:17.728, 0 MiB, 97887 MiB, 0 %, 0 %, 21.85 W
2026/04/02 13:34:19.728, 0 MiB, 97887 MiB, 0 %, 0 %, 21.85 W
2026/04/02 13:34:21.729, 0 MiB, 97887 MiB, 0 %, 0 %, 21.87 W
2026/04/02 13:34:23.730, 0 MiB, 97887 MiB, 0 %, 0 %, 21.84 W
2026/04/02 13:34:25.730, 0 MiB, 97887 MiB, 0 %, 0 %, 22.16 W
2026/04/02 13:34:27.731, 0 MiB, 97887 MiB, 0 %, 0 %, 21.94 W
2026/04/02 13:34:29.732, 0 MiB, 97887 MiB, 0 %, 0 %, 21.95 W
2026/04/02 13:34:31.733, 0 MiB, 97887 MiB, 0 %, 0 %, 21.82 W
2026/04/02 13:34:33.734, 0 MiB, 97887 MiB, 0 %, 0 %, 21.56 W
2026/04/02 13:34:35.735, 0 MiB, 97887 MiB, 0 %, 0 %, 21.83 W
2026/04/02 13:34:37.735, 0 MiB, 97887 MiB, 0 %, 0 %, 21.68 W
2026/04/02 13:34:39.736, 0 MiB, 97887 MiB, 0 %, 0 %, 21.67 W
2026/04/02 13:34:41.737, 0 MiB, 97887 MiB, 0 %, 0 %, 22.30 W
2026/04/02 13:34:43.738, 0 MiB, 97887 MiB, 0 %, 0 %, 21.69 W
2026/04/02 13:34:45.739, 0 MiB, 97887 MiB, 0 %, 0 %, 21.92 W
2026/04/02 13:34:47.739, 0 MiB, 97887 MiB, 0 %, 0 %, 21.66 W
2026/04/02 13:34:49.740, 0 MiB, 97887 MiB, 0 %, 0 %, 21.75 W
2026/04/02 13:34:51.741, 0 MiB, 97887 MiB, 0 %, 0 %, 21.96 W
2026/04/02 13:34:53.742, 0 MiB, 97887 MiB, 0 %, 0 %, 21.99 W
2026/04/02 13:34:55.743, 0 MiB, 97887 MiB, 0 %, 0 %, 22.28 W
2026/04/02 13:34:57.743, 0 MiB, 97887 MiB, 0 %, 0 %, 21.98 W
2026/04/02 13:34:59.744, 0 MiB, 97887 MiB, 0 %, 0 %, 22.07 W
2026/04/02 13:35:01.745, 0 MiB, 97887 MiB, 0 %, 0 %, 21.74 W
2026/04/02 13:35:03.746, 0 MiB, 97887 MiB, 0 %, 0 %, 21.58 W
2026/04/02 13:35:05.746, 0 MiB, 97887 MiB, 0 %, 0 %, 21.78 W
2026/04/02 13:35:07.747, 0 MiB, 97887 MiB, 0 %, 0 %, 22.19 W
2026/04/02 13:35:09.748, 0 MiB, 97887 MiB, 0 %, 0 %, 21.89 W
2026/04/02 13:35:11.748, 0 MiB, 97887 MiB, 0 %, 0 %, 21.66 W
2026/04/02 13:35:13.749, 0 MiB, 97887 MiB, 0 %, 0 %, 22.00 W
2026/04/02 13:35:15.750, 0 MiB, 97887 MiB, 0 %, 0 %, 21.87 W
2026/04/02 13:35:17.750, 0 MiB, 97887 MiB, 0 %, 0 %, 21.95 W
2026/04/02 13:35:19.751, 0 MiB, 97887 MiB, 0 %, 0 %, 21.46 W
2026/04/02 13:35:21.752, 0 MiB, 97887 MiB, 0 %, 0 %, 21.44 W
2026/04/02 13:35:23.753, 0 MiB, 97887 MiB, 0 %, 0 %, 21.63 W
2026/04/02 13:35:25.754, 0 MiB, 97887 MiB, 0 %, 0 %, 21.73 W
2026/04/02 13:35:27.755, 0 MiB, 97887 MiB, 0 %, 0 %, 22.39 W
2026/04/02 13:35:29.755, 0 MiB, 97887 MiB, 0 %, 0 %, 21.86 W
2026/04/02 13:35:31.756, 0 MiB, 97887 MiB, 0 %, 0 %, 21.64 W
2026/04/02 13:35:33.757, 0 MiB, 97887 MiB, 0 %, 0 %, 21.76 W
2026/04/02 13:35:35.757, 0 MiB, 97887 MiB, 0 %, 0 %, 21.98 W
2026/04/02 13:35:37.758, 0 MiB, 97887 MiB, 0 %, 0 %, 22.18 W
2026/04/02 13:35:39.758, 0 MiB, 97887 MiB, 0 %, 0 %, 22.16 W
2026/04/02 13:35:41.759, 0 MiB, 97887 MiB, 0 %, 0 %, 21.93 W
2026/04/02 13:35:43.760, 0 MiB, 97887 MiB, 0 %, 0 %, 21.57 W
2026/04/02 13:35:45.760, 0 MiB, 97887 MiB, 0 %, 0 %, 21.81 W
2026/04/02 13:35:47.761, 0 MiB, 97887 MiB, 0 %, 0 %, 21.69 W
2026/04/02 13:35:49.762, 0 MiB, 97887 MiB, 0 %, 0 %, 22.00 W
2026/04/02 13:35:51.762, 0 MiB, 97887 MiB, 0 %, 0 %, 21.70 W
2026/04/02 13:35:53.763, 0 MiB, 97887 MiB, 0 %, 0 %, 21.91 W
2026/04/02 13:35:55.763, 0 MiB, 97887 MiB, 0 %, 0 %, 21.78 W
2026/04/02 13:35:57.764, 0 MiB, 97887 MiB, 0 %, 0 %, 21.70 W
2026/04/02 13:35:59.764, 0 MiB, 97887 MiB, 0 %, 0 %, 21.78 W
2026/04/02 13:36:01.765, 0 MiB, 97887 MiB, 0 %, 0 %, 21.77 W
2026/04/02 13:36:03.765, 0 MiB, 97887 MiB, 0 %, 0 %, 22.17 W
2026/04/02 13:36:05.766, 0 MiB, 97887 MiB, 0 %, 0 %, 21.55 W
2026/04/02 13:36:07.767, 0 MiB, 97887 MiB, 0 %, 0 %, 21.12 W
2026/04/02 13:36:09.767, 0 MiB, 97887 MiB, 0 %, 0 %, 21.59 W
2026/04/02 13:36:11.768, 0 MiB, 97887 MiB, 0 %, 0 %, 21.49 W
2026/04/02 13:36:13.769, 0 MiB, 97887 MiB, 0 %, 0 %, 21.43 W
2026/04/02 13:36:15.770, 0 MiB, 97887 MiB, 0 %, 0 %, 21.18 W
2026/04/02 13:36:17.770, 0 MiB, 97887 MiB, 0 %, 0 %, 21.35 W
2026/04/02 13:36:19.771, 0 MiB, 97887 MiB, 0 %, 0 %, 21.32 W
2026/04/02 13:36:21.771, 0 MiB, 97887 MiB, 0 %, 0 %, 21.45 W
2026/04/02 13:36:23.772, 0 MiB, 97887 MiB, 0 %, 0 %, 21.19 W
2026/04/02 13:36:25.773, 0 MiB, 97887 MiB, 0 %, 0 %, 20.94 W
2026/04/02 13:36:27.774, 0 MiB, 97887 MiB, 0 %, 0 %, 20.84 W
2026/04/02 13:36:29.774, 0 MiB, 97887 MiB, 0 %, 0 %, 21.24 W
2026/04/02 13:36:31.775, 0 MiB, 97887 MiB, 0 %, 0 %, 21.43 W
2026/04/02 13:36:33.775, 0 MiB, 97887 MiB, 0 %, 0 %, 21.19 W
2026/04/02 13:36:35.776, 0 MiB, 97887 MiB, 0 %, 0 %, 21.12 W
2026/04/02 13:36:37.776, 0 MiB, 97887 MiB, 0 %, 0 %, 21.64 W
2026/04/02 13:36:39.777, 0 MiB, 97887 MiB, 0 %, 0 %, 21.83 W
2026/04/02 13:36:41.777, 0 MiB, 97887 MiB, 0 %, 0 %, 21.81 W
2026/04/02 13:36:43.778, 0 MiB, 97887 MiB, 0 %, 0 %, 22.12 W
2026/04/02 13:36:45.779, 0 MiB, 97887 MiB, 0 %, 0 %, 22.32 W
2026/04/02 13:36:47.779, 0 MiB, 97887 MiB, 0 %, 0 %, 21.86 W
2026/04/02 13:36:49.779, 0 MiB, 97887 MiB, 0 %, 0 %, 21.90 W
2026/04/02 13:36:51.780, 0 MiB, 97887 MiB, 0 %, 0 %, 21.47 W
2026/04/02 13:36:53.781, 0 MiB, 97887 MiB, 0 %, 0 %, 21.60 W
2026/04/02 13:36:55.781, 0 MiB, 97887 MiB, 0 %, 0 %, 21.91 W
2026/04/02 13:36:57.782, 0 MiB, 97887 MiB, 0 %, 0 %, 22.14 W
2026/04/02 13:36:59.782, 0 MiB, 97887 MiB, 0 %, 0 %, 21.93 W
2026/04/02 13:37:01.783, 0 MiB, 97887 MiB, 0 %, 0 %, 21.83 W
2026/04/02 13:37:03.784, 0 MiB, 97887 MiB, 0 %, 0 %, 21.84 W
2026/04/02 13:37:05.784, 0 MiB, 97887 MiB, 0 %, 0 %, 21.64 W
2026/04/02 13:37:07.785, 0 MiB, 97887 MiB, 0 %, 0 %, 21.49 W
2026/04/02 13:37:09.785, 0 MiB, 97887 MiB, 0 %, 0 %, 21.76 W
2026/04/02 13:37:11.786, 0 MiB, 97887 MiB, 0 %, 0 %, 21.53 W
2026/04/02 13:37:13.786, 0 MiB, 97887 MiB, 0 %, 0 %, 21.38 W
2026/04/02 13:37:15.787, 0 MiB, 97887 MiB, 0 %, 0 %, 21.75 W
2026/04/02 13:37:17.788, 0 MiB, 97887 MiB, 0 %, 0 %, 21.75 W
2026/04/02 13:37:19.788, 0 MiB, 97887 MiB, 0 %, 0 %, 21.90 W
2026/04/02 13:37:21.789, 0 MiB, 97887 MiB, 0 %, 0 %, 21.92 W
2026/04/02 13:37:23.790, 0 MiB, 97887 MiB, 0 %, 0 %, 22.25 W
2026/04/02 13:37:25.790, 0 MiB, 97887 MiB, 0 %, 0 %, 22.02 W
2026/04/02 13:37:27.791, 0 MiB, 97887 MiB, 0 %, 0 %, 21.94 W
2026/04/02 13:37:29.792, 0 MiB, 97887 MiB, 0 %, 0 %, 21.86 W
2026/04/02 13:37:31.793, 0 MiB, 97887 MiB, 0 %, 0 %, 22.08 W
2026/04/02 13:37:33.794, 0 MiB, 97887 MiB, 0 %, 0 %, 22.05 W
2026/04/02 13:37:35.794, 0 MiB, 97887 MiB, 0 %, 0 %, 22.07 W
2026/04/02 13:37:37.795, 0 MiB, 97887 MiB, 0 %, 0 %, 22.02 W
2026/04/02 13:37:39.796, 0 MiB, 97887 MiB, 0 %, 0 %, 21.97 W
2026/04/02 13:37:41.797, 0 MiB, 97887 MiB, 0 %, 0 %, 21.99 W
2026/04/02 13:37:43.798, 0 MiB, 97887 MiB, 0 %, 0 %, 21.81 W
2026/04/02 13:37:45.799, 0 MiB, 97887 MiB, 0 %, 0 %, 22.09 W
2026/04/02 13:37:47.799, 0 MiB, 97887 MiB, 0 %, 0 %, 20.98 W
2026/04/02 13:37:49.800, 0 MiB, 97887 MiB, 0 %, 0 %, 21.25 W
2026/04/02 13:37:51.801, 0 MiB, 97887 MiB, 0 %, 0 %, 21.68 W
2026/04/02 13:37:53.802, 0 MiB, 97887 MiB, 0 %, 0 %, 21.72 W
2026/04/02 13:37:55.803, 0 MiB, 97887 MiB, 0 %, 0 %, 21.72 W
2026/04/02 13:37:57.803, 0 MiB, 97887 MiB, 0 %, 0 %, 21.86 W
2026/04/02 13:37:59.804, 0 MiB, 97887 MiB, 0 %, 0 %, 21.82 W
2026/04/02 13:38:01.805, 0 MiB, 97887 MiB, 0 %, 0 %, 22.18 W
2026/04/02 13:38:03.806, 0 MiB, 97887 MiB, 0 %, 0 %, 22.01 W
2026/04/02 13:38:05.807, 0 MiB, 97887 MiB, 0 %, 0 %, 22.43 W
2026/04/02 13:38:07.807, 0 MiB, 97887 MiB, 0 %, 0 %, 22.26 W
2026/04/02 13:38:09.808, 0 MiB, 97887 MiB, 0 %, 0 %, 22.07 W
2026/04/02 13:38:11.809, 0 MiB, 97887 MiB, 0 %, 0 %, 22.09 W
2026/04/02 13:38:13.810, 0 MiB, 97887 MiB, 0 %, 0 %, 22.32 W
2026/04/02 13:38:15.810, 0 MiB, 97887 MiB, 0 %, 0 %, 22.58 W
2026/04/02 13:38:17.811, 0 MiB, 97887 MiB, 0 %, 0 %, 22.43 W
2026/04/02 13:38:19.812, 0 MiB, 97887 MiB, 0 %, 0 %, 22.23 W
2026/04/02 13:38:21.813, 0 MiB, 97887 MiB, 0 %, 0 %, 22.06 W
2026/04/02 13:38:23.813, 0 MiB, 97887 MiB, 0 %, 0 %, 22.02 W
2026/04/02 13:38:25.814, 0 MiB, 97887 MiB, 0 %, 0 %, 21.29 W
2026/04/02 13:38:27.815, 0 MiB, 97887 MiB, 0 %, 0 %, 21.55 W
2026/04/02 13:38:29.816, 0 MiB, 97887 MiB, 0 %, 0 %, 22.08 W
2026/04/02 13:38:31.817, 0 MiB, 97887 MiB, 0 %, 0 %, 22.16 W
2026/04/02 13:38:33.818, 0 MiB, 97887 MiB, 0 %, 0 %, 21.98 W
2026/04/02 13:38:35.818, 0 MiB, 97887 MiB, 0 %, 0 %, 22.02 W
2026/04/02 13:38:37.819, 0 MiB, 97887 MiB, 0 %, 0 %, 21.68 W
2026/04/02 13:38:39.820, 0 MiB, 97887 MiB, 0 %, 0 %, 21.94 W
2026/04/02 13:38:41.821, 0 MiB, 97887 MiB, 0 %, 0 %, 21.75 W
2026/04/02 13:38:43.822, 0 MiB, 97887 MiB, 0 %, 0 %, 21.92 W
2026/04/02 13:38:45.822, 0 MiB, 97887 MiB, 0 %, 0 %, 21.84 W
2026/04/02 13:38:47.823, 0 MiB, 97887 MiB, 0 %, 0 %, 22.01 W
2026/04/02 13:38:49.824, 0 MiB, 97887 MiB, 0 %, 0 %, 21.86 W
2026/04/02 13:38:51.825, 0 MiB, 97887 MiB, 0 %, 0 %, 22.10 W
2026/04/02 13:38:53.826, 0 MiB, 97887 MiB, 0 %, 0 %, 21.98 W
2026/04/02 13:38:55.826, 0 MiB, 97887 MiB, 0 %, 0 %, 22.03 W
2026/04/02 13:38:57.827, 0 MiB, 97887 MiB, 0 %, 0 %, 22.02 W
2026/04/02 13:38:59.828, 0 MiB, 97887 MiB, 0 %, 0 %, 22.20 W
2026/04/02 13:39:01.829, 0 MiB, 97887 MiB, 0 %, 0 %, 21.81 W
2026/04/02 13:39:03.829, 0 MiB, 97887 MiB, 0 %, 0 %, 21.86 W
2026/04/02 13:39:05.830, 0 MiB, 97887 MiB, 0 %, 0 %, 21.60 W
2026/04/02 13:39:07.831, 0 MiB, 97887 MiB, 0 %, 0 %, 21.91 W
2026/04/02 13:39:09.832, 0 MiB, 97887 MiB, 0 %, 0 %, 22.14 W
2026/04/02 13:39:11.832, 0 MiB, 97887 MiB, 0 %, 0 %, 21.83 W
2026/04/02 13:39:13.833, 0 MiB, 97887 MiB, 0 %, 0 %, 21.93 W
2026/04/02 13:39:15.834, 0 MiB, 97887 MiB, 0 %, 0 %, 22.11 W
2026/04/02 13:39:17.835, 0 MiB, 97887 MiB, 0 %, 0 %, 21.89 W
2026/04/02 13:39:19.836, 0 MiB, 97887 MiB, 0 %, 0 %, 22.07 W
2026/04/02 13:39:21.837, 0 MiB, 97887 MiB, 0 %, 0 %, 22.03 W
2026/04/02 13:39:23.837, 0 MiB, 97887 MiB, 0 %, 0 %, 21.74 W
2026/04/02 13:39:25.838, 0 MiB, 97887 MiB, 0 %, 0 %, 21.82 W
2026/04/02 13:39:27.839, 0 MiB, 97887 MiB, 0 %, 0 %, 22.40 W
2026/04/02 13:39:29.840, 0 MiB, 97887 MiB, 0 %, 0 %, 21.82 W
2026/04/02 13:39:31.841, 0 MiB, 97887 MiB, 0 %, 0 %, 21.71 W
2026/04/02 13:39:33.842, 0 MiB, 97887 MiB, 0 %, 0 %, 21.86 W
2026/04/02 13:39:35.842, 0 MiB, 97887 MiB, 0 %, 0 %, 22.02 W
2026/04/02 13:39:37.843, 0 MiB, 97887 MiB, 0 %, 0 %, 22.26 W
2026/04/02 13:39:39.844, 0 MiB, 97887 MiB, 0 %, 0 %, 22.23 W
2026/04/02 13:39:41.845, 0 MiB, 97887 MiB, 0 %, 0 %, 22.52 W
2026/04/02 13:39:43.846, 0 MiB, 97887 MiB, 0 %, 0 %, 22.47 W
2026/04/02 13:39:45.847, 0 MiB, 97887 MiB, 0 %, 0 %, 22.37 W
2026/04/02 13:39:47.848, 0 MiB, 97887 MiB, 0 %, 0 %, 22.44 W
2026/04/02 13:39:49.848, 0 MiB, 97887 MiB, 0 %, 0 %, 22.45 W
2026/04/02 13:39:51.849, 0 MiB, 97887 MiB, 0 %, 0 %, 22.37 W
2026/04/02 13:39:53.850, 0 MiB, 97887 MiB, 0 %, 0 %, 22.01 W
2026/04/02 13:39:55.851, 0 MiB, 97887 MiB, 0 %, 0 %, 22.29 W
2026/04/02 13:39:57.852, 0 MiB, 97887 MiB, 0 %, 0 %, 22.34 W
2026/04/02 13:39:59.853, 0 MiB, 97887 MiB, 0 %, 0 %, 21.80 W
2026/04/02 13:40:01.853, 0 MiB, 97887 MiB, 0 %, 0 %, 21.84 W
2026/04/02 13:40:03.854, 0 MiB, 97887 MiB, 0 %, 0 %, 21.42 W
2026/04/02 13:40:05.854, 0 MiB, 97887 MiB, 0 %, 0 %, 21.59 W
2026/04/02 13:40:07.855, 0 MiB, 97887 MiB, 0 %, 0 %, 21.60 W
2026/04/02 13:40:09.856, 0 MiB, 97887 MiB, 0 %, 0 %, 21.74 W
2026/04/02 13:40:11.857, 0 MiB, 97887 MiB, 0 %, 0 %, 21.47 W
2026/04/02 13:40:13.858, 0 MiB, 97887 MiB, 0 %, 0 %, 21.57 W
2026/04/02 13:40:15.859, 0 MiB, 97887 MiB, 0 %, 0 %, 21.79 W
2026/04/02 13:40:17.860, 0 MiB, 97887 MiB, 0 %, 0 %, 21.86 W
2026/04/02 13:40:19.860, 0 MiB, 97887 MiB, 0 %, 0 %, 21.56 W
2026/04/02 13:40:21.861, 0 MiB, 97887 MiB, 0 %, 0 %, 21.19 W
2026/04/02 13:40:23.862, 0 MiB, 97887 MiB, 0 %, 0 %, 21.04 W
2026/04/02 13:40:25.862, 0 MiB, 97887 MiB, 0 %, 0 %, 21.62 W
2026/04/02 13:40:27.863, 0 MiB, 97887 MiB, 0 %, 0 %, 22.00 W
2026/04/02 13:40:29.864, 0 MiB, 97887 MiB, 0 %, 0 %, 22.04 W
2026/04/02 13:40:31.864, 0 MiB, 97887 MiB, 0 %, 0 %, 22.20 W
2026/04/02 13:40:33.865, 0 MiB, 97887 MiB, 0 %, 0 %, 22.04 W
2026/04/02 13:40:35.866, 0 MiB, 97887 MiB, 0 %, 0 %, 22.56 W
2026/04/02 13:40:37.866, 0 MiB, 97887 MiB, 0 %, 0 %, 23.08 W
2026/04/02 13:40:39.867, 0 MiB, 97887 MiB, 0 %, 0 %, 22.40 W
2026/04/02 13:40:41.868, 0 MiB, 97887 MiB, 0 %, 0 %, 22.33 W
2026/04/02 13:40:43.869, 0 MiB, 97887 MiB, 0 %, 0 %, 22.24 W
2026/04/02 13:40:45.870, 0 MiB, 97887 MiB, 0 %, 0 %, 22.17 W
2026/04/02 13:40:47.871, 0 MiB, 97887 MiB, 0 %, 0 %, 22.40 W
2026/04/02 13:40:49.871, 0 MiB, 97887 MiB, 0 %, 0 %, 22.50 W
2026/04/02 13:40:51.872, 0 MiB, 97887 MiB, 0 %, 0 %, 22.27 W
2026/04/02 13:40:53.873, 0 MiB, 97887 MiB, 0 %, 0 %, 22.31 W
2026/04/02 13:40:55.874, 0 MiB, 97887 MiB, 0 %, 0 %, 22.60 W
2026/04/02 13:40:57.875, 0 MiB, 97887 MiB, 0 %, 0 %, 22.52 W
2026/04/02 13:40:59.876, 0 MiB, 97887 MiB, 0 %, 0 %, 22.41 W
2026/04/02 13:41:01.876, 0 MiB, 97887 MiB, 0 %, 0 %, 22.49 W
2026/04/02 13:41:03.877, 0 MiB, 97887 MiB, 0 %, 0 %, 22.59 W
2026/04/02 13:41:05.878, 0 MiB, 97887 MiB, 0 %, 0 %, 22.49 W
2026/04/02 13:41:07.879, 0 MiB, 97887 MiB, 0 %, 0 %, 22.45 W
2026/04/02 13:41:09.880, 0 MiB, 97887 MiB, 0 %, 0 %, 22.59 W
2026/04/02 13:41:11.880, 0 MiB, 97887 MiB, 0 %, 0 %, 22.51 W
2026/04/02 13:41:13.881, 0 MiB, 97887 MiB, 0 %, 0 %, 22.43 W
2026/04/02 13:41:15.882, 0 MiB, 97887 MiB, 0 %, 0 %, 22.24 W
2026/04/02 13:41:17.883, 0 MiB, 97887 MiB, 0 %, 0 %, 22.37 W
2026/04/02 13:41:19.884, 0 MiB, 97887 MiB, 0 %, 0 %, 22.36 W
2026/04/02 13:41:21.885, 0 MiB, 97887 MiB, 0 %, 0 %, 22.40 W
2026/04/02 13:41:23.885, 0 MiB, 97887 MiB, 0 %, 0 %, 21.84 W
2026/04/02 13:41:25.886, 0 MiB, 97887 MiB, 0 %, 0 %, 22.31 W
2026/04/02 13:41:27.887, 0 MiB, 97887 MiB, 0 %, 0 %, 22.10 W
2026/04/02 13:41:29.887, 0 MiB, 97887 MiB, 0 %, 0 %, 22.22 W
2026/04/02 13:41:31.888, 0 MiB, 97887 MiB, 0 %, 0 %, 22.04 W
2026/04/02 13:41:33.889, 0 MiB, 97887 MiB, 0 %, 0 %, 21.89 W
2026/04/02 13:41:35.890, 0 MiB, 97887 MiB, 0 %, 0 %, 21.92 W
2026/04/02 13:41:37.890, 0 MiB, 97887 MiB, 0 %, 0 %, 22.05 W
2026/04/02 13:41:39.891, 0 MiB, 97887 MiB, 0 %, 0 %, 21.76 W
2026/04/02 13:41:41.892, 0 MiB, 97887 MiB, 0 %, 0 %, 21.70 W
2026/04/02 13:41:43.893, 0 MiB, 97887 MiB, 0 %, 0 %, 21.75 W
2026/04/02 13:41:45.894, 0 MiB, 97887 MiB, 0 %, 0 %, 21.46 W
2026/04/02 13:41:47.894, 0 MiB, 97887 MiB, 0 %, 0 %, 21.87 W
2026/04/02 13:41:49.896, 0 MiB, 97887 MiB, 0 %, 0 %, 21.86 W
2026/04/02 13:41:51.897, 0 MiB, 97887 MiB, 0 %, 0 %, 21.52 W
2026/04/02 13:41:53.897, 0 MiB, 97887 MiB, 0 %, 0 %, 21.58 W
2026/04/02 13:41:55.898, 0 MiB, 97887 MiB, 0 %, 0 %, 22.21 W
2026/04/02 13:41:57.898, 0 MiB, 97887 MiB, 0 %, 0 %, 22.07 W
2026/04/02 13:41:59.899, 0 MiB, 97887 MiB, 0 %, 0 %, 22.22 W
2026/04/02 13:42:01.900, 0 MiB, 97887 MiB, 0 %, 0 %, 22.10 W
2026/04/02 13:42:03.901, 0 MiB, 97887 MiB, 0 %, 0 %, 22.52 W
2026/04/02 13:42:05.902, 0 MiB, 97887 MiB, 0 %, 0 %, 21.97 W
2026/04/02 13:42:07.903, 0 MiB, 97887 MiB, 0 %, 0 %, 22.05 W
2026/04/02 13:42:09.904, 0 MiB, 97887 MiB, 0 %, 0 %, 22.06 W
2026/04/02 13:42:11.904, 0 MiB, 97887 MiB, 0 %, 0 %, 21.82 W
2026/04/02 13:42:13.905, 0 MiB, 97887 MiB, 0 %, 0 %, 21.96 W
2026/04/02 13:42:15.906, 0 MiB, 97887 MiB, 0 %, 0 %, 21.93 W
2026/04/02 13:42:17.907, 0 MiB, 97887 MiB, 0 %, 0 %, 22.15 W
2026/04/02 13:42:19.908, 0 MiB, 97887 MiB, 0 %, 0 %, 21.99 W
2026/04/02 13:42:21.909, 0 MiB, 97887 MiB, 0 %, 0 %, 22.19 W
2026/04/02 13:42:23.910, 0 MiB, 97887 MiB, 0 %, 0 %, 21.80 W
2026/04/02 13:42:25.910, 0 MiB, 97887 MiB, 0 %, 0 %, 21.75 W
2026/04/02 13:42:27.911, 0 MiB, 97887 MiB, 0 %, 0 %, 21.63 W
2026/04/02 13:42:29.912, 0 MiB, 97887 MiB, 0 %, 0 %, 21.85 W
2026/04/02 13:42:31.913, 0 MiB, 97887 MiB, 0 %, 0 %, 21.94 W
2026/04/02 13:42:33.914, 0 MiB, 97887 MiB, 0 %, 0 %, 22.03 W
2026/04/02 13:42:35.915, 0 MiB, 97887 MiB, 0 %, 0 %, 22.08 W
2026/04/02 13:42:37.915, 0 MiB, 97887 MiB, 0 %, 0 %, 22.22 W
2026/04/02 13:42:39.916, 0 MiB, 97887 MiB, 0 %, 0 %, 21.73 W
2026/04/02 13:42:41.917, 0 MiB, 97887 MiB, 0 %, 0 %, 21.81 W
2026/04/02 13:42:43.918, 0 MiB, 97887 MiB, 0 %, 0 %, 21.76 W
2026/04/02 13:42:45.919, 0 MiB, 97887 MiB, 0 %, 0 %, 21.55 W
2026/04/02 13:42:47.920, 0 MiB, 97887 MiB, 0 %, 0 %, 21.90 W
2026/04/02 13:42:49.921, 0 MiB, 97887 MiB, 0 %, 0 %, 21.76 W
2026/04/02 13:42:51.922, 0 MiB, 97887 MiB, 0 %, 0 %, 21.55 W
2026/04/02 13:42:53.922, 0 MiB, 97887 MiB, 0 %, 0 %, 21.75 W
2026/04/02 13:42:55.923, 0 MiB, 97887 MiB, 0 %, 0 %, 21.69 W
2026/04/02 13:42:57.924, 0 MiB, 97887 MiB, 0 %, 0 %, 21.56 W
2026/04/02 13:42:59.925, 0 MiB, 97887 MiB, 0 %, 0 %, 21.71 W
2026/04/02 13:43:01.925, 0 MiB, 97887 MiB, 0 %, 0 %, 22.15 W
2026/04/02 13:43:03.926, 0 MiB, 97887 MiB, 0 %, 0 %, 22.04 W
2026/04/02 13:43:05.927, 0 MiB, 97887 MiB, 0 %, 0 %, 21.59 W
2026/04/02 13:43:07.928, 0 MiB, 97887 MiB, 0 %, 0 %, 21.60 W
2026/04/02 13:43:09.929, 0 MiB, 97887 MiB, 0 %, 0 %, 21.62 W
2026/04/02 13:43:11.930, 0 MiB, 97887 MiB, 0 %, 0 %, 21.80 W
2026/04/02 13:43:13.930, 0 MiB, 97887 MiB, 0 %, 0 %, 22.09 W
2026/04/02 13:43:15.931, 0 MiB, 97887 MiB, 0 %, 0 %, 21.96 W
2026/04/02 13:43:17.932, 0 MiB, 97887 MiB, 0 %, 0 %, 21.07 W
2026/04/02 13:43:19.933, 0 MiB, 97887 MiB, 0 %, 0 %, 21.43 W
2026/04/02 13:43:21.933, 0 MiB, 97887 MiB, 0 %, 0 %, 21.74 W
2026/04/02 13:43:23.934, 0 MiB, 97887 MiB, 0 %, 0 %, 21.66 W
2026/04/02 13:43:25.935, 0 MiB, 97887 MiB, 0 %, 0 %, 21.76 W
2026/04/02 13:43:27.936, 0 MiB, 97887 MiB, 0 %, 0 %, 21.94 W
2026/04/02 13:43:29.936, 0 MiB, 97887 MiB, 0 %, 0 %, 22.12 W
2026/04/02 13:43:31.937, 0 MiB, 97887 MiB, 0 %, 0 %, 21.99 W
2026/04/02 13:43:33.938, 0 MiB, 97887 MiB, 0 %, 0 %, 21.85 W
2026/04/02 13:43:35.939, 0 MiB, 97887 MiB, 0 %, 0 %, 21.80 W
2026/04/02 13:43:37.940, 0 MiB, 97887 MiB, 0 %, 0 %, 22.08 W
2026/04/02 13:43:39.941, 0 MiB, 97887 MiB, 0 %, 0 %, 21.80 W
2026/04/02 13:43:41.942, 0 MiB, 97887 MiB, 0 %, 0 %, 21.82 W
2026/04/02 13:43:43.942, 0 MiB, 97887 MiB, 0 %, 0 %, 22.04 W
2026/04/02 13:43:45.943, 0 MiB, 97887 MiB, 0 %, 0 %, 22.04 W
2026/04/02 13:43:47.944, 0 MiB, 97887 MiB, 0 %, 0 %, 22.00 W
2026/04/02 13:43:49.945, 0 MiB, 97887 MiB, 0 %, 0 %, 21.86 W
2026/04/02 13:43:51.945, 0 MiB, 97887 MiB, 0 %, 0 %, 22.29 W
2026/04/02 13:43:53.946, 0 MiB, 97887 MiB, 0 %, 0 %, 21.72 W
2026/04/02 13:43:55.947, 0 MiB, 97887 MiB, 0 %, 0 %, 21.75 W
2026/04/02 13:43:57.948, 0 MiB, 97887 MiB, 0 %, 0 %, 21.87 W
2026/04/02 13:43:59.949, 0 MiB, 97887 MiB, 0 %, 0 %, 21.96 W
2026/04/02 13:44:01.949, 0 MiB, 97887 MiB, 0 %, 0 %, 22.03 W
2026/04/02 13:44:03.950, 0 MiB, 97887 MiB, 0 %, 0 %, 21.82 W
2026/04/02 13:44:05.951, 0 MiB, 97887 MiB, 0 %, 0 %, 21.67 W
2026/04/02 13:44:07.951, 0 MiB, 97887 MiB, 0 %, 0 %, 21.47 W
2026/04/02 13:44:09.952, 0 MiB, 97887 MiB, 0 %, 0 %, 21.74 W
2026/04/02 13:44:11.952, 0 MiB, 97887 MiB, 0 %, 0 %, 21.44 W
2026/04/02 13:44:13.953, 0 MiB, 97887 MiB, 0 %, 0 %, 21.44 W
2026/04/02 13:44:15.954, 0 MiB, 97887 MiB, 0 %, 0 %, 21.51 W
2026/04/02 13:44:17.955, 0 MiB, 97887 MiB, 0 %, 0 %, 21.38 W
2026/04/02 13:44:19.956, 0 MiB, 97887 MiB, 0 %, 0 %, 21.85 W
2026/04/02 13:44:21.957, 0 MiB, 97887 MiB, 0 %, 0 %, 21.91 W
2026/04/02 13:44:23.958, 0 MiB, 97887 MiB, 0 %, 0 %, 21.89 W
2026/04/02 13:44:25.959, 0 MiB, 97887 MiB, 0 %, 0 %, 21.64 W
2026/04/02 13:44:27.959, 0 MiB, 97887 MiB, 0 %, 0 %, 21.65 W
2026/04/02 13:44:29.960, 0 MiB, 97887 MiB, 0 %, 0 %, 21.87 W
2026/04/02 13:44:31.961, 0 MiB, 97887 MiB, 0 %, 0 %, 21.43 W
2026/04/02 13:44:33.962, 0 MiB, 97887 MiB, 0 %, 0 %, 21.66 W
2026/04/02 13:44:35.963, 0 MiB, 97887 MiB, 0 %, 0 %, 21.87 W
2026/04/02 13:44:37.964, 0 MiB, 97887 MiB, 0 %, 0 %, 21.69 W
2026/04/02 13:44:39.965, 0 MiB, 97887 MiB, 0 %, 0 %, 22.30 W
2026/04/02 13:44:41.966, 0 MiB, 97887 MiB, 0 %, 0 %, 22.07 W
2026/04/02 13:44:43.966, 0 MiB, 97887 MiB, 0 %, 0 %, 22.08 W
2026/04/02 13:44:45.967, 0 MiB, 97887 MiB, 0 %, 0 %, 22.23 W
2026/04/02 13:44:47.968, 0 MiB, 97887 MiB, 0 %, 0 %, 22.17 W
2026/04/02 13:44:49.969, 0 MiB, 97887 MiB, 0 %, 0 %, 22.25 W
2026/04/02 13:44:51.969, 0 MiB, 97887 MiB, 0 %, 0 %, 22.26 W
2026/04/02 13:44:53.970, 0 MiB, 97887 MiB, 0 %, 0 %, 21.51 W
2026/04/02 13:44:55.971, 0 MiB, 97887 MiB, 0 %, 0 %, 21.66 W
2026/04/02 13:44:57.972, 0 MiB, 97887 MiB, 0 %, 0 %, 21.50 W
2026/04/02 13:44:59.972, 0 MiB, 97887 MiB, 0 %, 0 %, 21.56 W
2026/04/02 13:45:01.973, 0 MiB, 97887 MiB, 0 %, 0 %, 21.90 W
2026/04/02 13:45:03.974, 0 MiB, 97887 MiB, 0 %, 0 %, 21.84 W
2026/04/02 13:45:05.975, 0 MiB, 97887 MiB, 0 %, 0 %, 21.92 W
2026/04/02 13:45:07.975, 0 MiB, 97887 MiB, 0 %, 0 %, 21.98 W
2026/04/02 13:45:09.976, 0 MiB, 97887 MiB, 0 %, 0 %, 21.81 W
2026/04/02 13:45:11.977, 0 MiB, 97887 MiB, 0 %, 0 %, 22.09 W
2026/04/02 13:45:13.977, 0 MiB, 97887 MiB, 0 %, 0 %, 21.87 W
2026/04/02 13:45:15.978, 0 MiB, 97887 MiB, 0 %, 0 %, 21.90 W
2026/04/02 13:45:17.978, 0 MiB, 97887 MiB, 0 %, 0 %, 21.77 W
2026/04/02 13:45:19.979, 0 MiB, 97887 MiB, 0 %, 0 %, 22.20 W
2026/04/02 13:45:21.980, 0 MiB, 97887 MiB, 0 %, 0 %, 22.02 W
2026/04/02 13:45:23.981, 0 MiB, 97887 MiB, 0 %, 0 %, 22.15 W
2026/04/02 13:45:25.981, 0 MiB, 97887 MiB, 0 %, 0 %, 22.04 W
2026/04/02 13:45:27.982, 0 MiB, 97887 MiB, 0 %, 0 %, 22.28 W
2026/04/02 13:45:29.983, 0 MiB, 97887 MiB, 0 %, 0 %, 22.11 W
2026/04/02 13:45:31.984, 0 MiB, 97887 MiB, 0 %, 0 %, 22.30 W
2026/04/02 13:45:33.984, 0 MiB, 97887 MiB, 0 %, 0 %, 22.32 W
2026/04/02 13:45:35.985, 0 MiB, 97887 MiB, 0 %, 0 %, 22.38 W
2026/04/02 13:45:37.986, 0 MiB, 97887 MiB, 0 %, 0 %, 22.34 W
2026/04/02 13:45:39.987, 0 MiB, 97887 MiB, 0 %, 0 %, 22.02 W
2026/04/02 13:45:41.988, 0 MiB, 97887 MiB, 0 %, 0 %, 21.85 W
2026/04/02 13:45:43.988, 0 MiB, 97887 MiB, 0 %, 0 %, 22.26 W
2026/04/02 13:45:45.989, 0 MiB, 97887 MiB, 0 %, 0 %, 22.29 W
2026/04/02 13:45:47.990, 0 MiB, 97887 MiB, 0 %, 0 %, 22.37 W
2026/04/02 13:45:49.991, 0 MiB, 97887 MiB, 0 %, 0 %, 22.30 W
2026/04/02 13:45:51.992, 0 MiB, 97887 MiB, 0 %, 0 %, 22.43 W
2026/04/02 13:45:53.992, 0 MiB, 97887 MiB, 0 %, 0 %, 21.81 W
2026/04/02 13:45:55.993, 0 MiB, 97887 MiB, 0 %, 0 %, 21.74 W
2026/04/02 13:45:57.994, 0 MiB, 97887 MiB, 0 %, 0 %, 22.08 W
2026/04/02 13:45:59.995, 0 MiB, 97887 MiB, 0 %, 0 %, 22.33 W
2026/04/02 13:46:01.996, 0 MiB, 97887 MiB, 0 %, 0 %, 21.91 W
2026/04/02 13:46:03.996, 0 MiB, 97887 MiB, 0 %, 0 %, 22.20 W
2026/04/02 13:46:05.997, 0 MiB, 97887 MiB, 0 %, 0 %, 22.11 W
2026/04/02 13:46:07.998, 0 MiB, 97887 MiB, 0 %, 0 %, 22.18 W
2026/04/02 13:46:09.999, 0 MiB, 97887 MiB, 0 %, 0 %, 22.43 W
2026/04/02 13:46:12.000, 0 MiB, 97887 MiB, 0 %, 0 %, 22.45 W
2026/04/02 13:46:14.001, 0 MiB, 97887 MiB, 0 %, 0 %, 22.47 W
2026/04/02 13:46:16.002, 0 MiB, 97887 MiB, 0 %, 0 %, 22.72 W
2026/04/02 13:46:18.003, 0 MiB, 97887 MiB, 0 %, 0 %, 22.70 W
2026/04/02 13:46:20.004, 0 MiB, 97887 MiB, 0 %, 0 %, 22.72 W
2026/04/02 13:46:22.004, 0 MiB, 97887 MiB, 0 %, 0 %, 22.34 W
2026/04/02 13:46:24.005, 0 MiB, 97887 MiB, 0 %, 0 %, 22.38 W
2026/04/02 13:46:26.006, 0 MiB, 97887 MiB, 0 %, 0 %, 22.48 W
2026/04/02 13:46:28.007, 0 MiB, 97887 MiB, 0 %, 0 %, 22.43 W
2026/04/02 13:46:30.008, 0 MiB, 97887 MiB, 0 %, 0 %, 22.65 W
2026/04/02 13:46:32.008, 0 MiB, 97887 MiB, 0 %, 0 %, 22.07 W
2026/04/02 13:46:34.009, 0 MiB, 97887 MiB, 0 %, 0 %, 21.96 W
2026/04/02 13:46:36.010, 0 MiB, 97887 MiB, 0 %, 0 %, 22.59 W
2026/04/02 13:46:38.010, 0 MiB, 97887 MiB, 0 %, 0 %, 22.48 W
2026/04/02 13:46:40.011, 0 MiB, 97887 MiB, 0 %, 0 %, 22.87 W
2026/04/02 13:46:42.012, 0 MiB, 97887 MiB, 0 %, 0 %, 22.98 W
2026/04/02 13:46:44.013, 0 MiB, 97887 MiB, 0 %, 0 %, 22.72 W
2026/04/02 13:46:46.014, 0 MiB, 97887 MiB, 0 %, 0 %, 22.34 W
2026/04/02 13:46:48.015, 0 MiB, 97887 MiB, 0 %, 0 %, 22.50 W
2026/04/02 13:46:50.015, 0 MiB, 97887 MiB, 0 %, 0 %, 22.67 W
2026/04/02 13:46:52.016, 0 MiB, 97887 MiB, 0 %, 0 %, 22.51 W
2026/04/02 13:46:54.017, 0 MiB, 97887 MiB, 0 %, 0 %, 22.52 W
2026/04/02 13:46:56.017, 0 MiB, 97887 MiB, 0 %, 0 %, 22.65 W
2026/04/02 13:46:58.018, 0 MiB, 97887 MiB, 0 %, 0 %, 22.64 W
2026/04/02 13:47:00.019, 0 MiB, 97887 MiB, 0 %, 0 %, 22.45 W
2026/04/02 13:47:02.020, 0 MiB, 97887 MiB, 0 %, 0 %, 22.75 W
2026/04/02 13:47:04.021, 0 MiB, 97887 MiB, 0 %, 0 %, 22.74 W
2026/04/02 13:47:06.021, 0 MiB, 97887 MiB, 0 %, 0 %, 22.98 W
2026/04/02 13:47:08.022, 0 MiB, 97887 MiB, 0 %, 0 %, 22.01 W
2026/04/02 13:47:10.023, 0 MiB, 97887 MiB, 0 %, 0 %, 22.22 W
2026/04/02 13:47:12.024, 0 MiB, 97887 MiB, 0 %, 0 %, 22.21 W
2026/04/02 13:47:14.025, 0 MiB, 97887 MiB, 0 %, 0 %, 22.19 W
2026/04/02 13:47:16.025, 0 MiB, 97887 MiB, 0 %, 0 %, 22.16 W
2026/04/02 13:47:18.026, 0 MiB, 97887 MiB, 0 %, 0 %, 22.18 W
2026/04/02 13:47:20.026, 0 MiB, 97887 MiB, 0 %, 0 %, 22.01 W
2026/04/02 13:47:22.027, 0 MiB, 97887 MiB, 0 %, 0 %, 22.20 W
2026/04/02 13:47:24.028, 0 MiB, 97887 MiB, 0 %, 0 %, 22.27 W
2026/04/02 13:47:26.028, 0 MiB, 97887 MiB, 0 %, 0 %, 22.50 W
2026/04/02 13:47:28.028, 0 MiB, 97887 MiB, 0 %, 0 %, 22.45 W
2026/04/02 13:47:30.028, 0 MiB, 97887 MiB, 0 %, 0 %, 21.69 W
2026/04/02 13:47:32.029, 0 MiB, 97887 MiB, 0 %, 0 %, 22.16 W
2026/04/02 13:47:34.029, 3 MiB, 97887 MiB, 0 %, 0 %, 25.92 W
2026/04/02 13:47:36.030, 3 MiB, 97887 MiB, 0 %, 0 %, 22.86 W
2026/04/02 13:47:38.030, 3 MiB, 97887 MiB, 0 %, 0 %, 22.62 W
2026/04/02 13:47:40.030, 559 MiB, 97887 MiB, 2 %, 0 %, 25.74 W
2026/04/02 13:47:42.030, 81163 MiB, 97887 MiB, 0 %, 0 %, 132.62 W
2026/04/02 13:47:44.031, 81337 MiB, 97887 MiB, 34 %, 21 %, 107.88 W
2026/04/02 13:47:46.031, 81357 MiB, 97887 MiB, 0 %, 0 %, 100.67 W
2026/04/02 13:47:48.031, 89339 MiB, 97887 MiB, 0 %, 0 %, 96.08 W
2026/04/02 13:47:50.031, 92181 MiB, 97887 MiB, 100 %, 36 %, 350.07 W
2026/04/02 13:47:52.031, 92181 MiB, 97887 MiB, 98 %, 33 %, 351.70 W
2026/04/02 13:47:54.032, 92181 MiB, 97887 MiB, 100 %, 32 %, 350.06 W
2026/04/02 13:47:56.032, 92181 MiB, 97887 MiB, 100 %, 28 %, 349.49 W
2026/04/02 13:47:58.032, 92181 MiB, 97887 MiB, 100 %, 29 %, 322.30 W
2026/04/02 13:48:00.032, 94705 MiB, 97887 MiB, 100 %, 32 %, 231.39 W
2026/04/02 13:48:02.032, 94927 MiB, 97887 MiB, 100 %, 30 %, 288.15 W
2026/04/02 13:48:04.032, 94927 MiB, 97887 MiB, 100 %, 1 %, 282.83 W
2026/04/02 13:48:06.032, 95467 MiB, 97887 MiB, 100 %, 1 %, 200.19 W
2026/04/02 13:48:08.033, 95567 MiB, 97887 MiB, 100 %, 23 %, 350.48 W
2026/04/02 13:48:10.033, 95567 MiB, 97887 MiB, 100 %, 30 %, 349.93 W
2026/04/02 13:48:12.033, 95567 MiB, 97887 MiB, 100 %, 32 %, 349.21 W
2026/04/02 13:48:14.033, 95567 MiB, 97887 MiB, 100 %, 44 %, 349.44 W
2026/04/02 13:48:16.033, 95567 MiB, 97887 MiB, 100 %, 30 %, 349.89 W
2026/04/02 13:48:18.033, 95567 MiB, 97887 MiB, 100 %, 36 %, 349.33 W
2026/04/02 13:48:20.034, 95567 MiB, 97887 MiB, 100 %, 31 %, 349.75 W
2026/04/02 13:48:22.034, 95567 MiB, 97887 MiB, 100 %, 30 %, 349.99 W
2026/04/02 13:48:24.034, 95567 MiB, 97887 MiB, 100 %, 29 %, 350.06 W
2026/04/02 13:48:26.034, 95567 MiB, 97887 MiB, 100 %, 44 %, 349.96 W
2026/04/02 13:48:28.034, 95567 MiB, 97887 MiB, 100 %, 35 %, 349.95 W
2026/04/02 13:48:30.035, 95567 MiB, 97887 MiB, 100 %, 17 %, 350.11 W
2026/04/02 13:48:32.035, 95567 MiB, 97887 MiB, 100 %, 32 %, 350.25 W
2026/04/02 13:48:34.035, 95567 MiB, 97887 MiB, 100 %, 29 %, 350.08 W
2026/04/02 13:48:36.035, 95567 MiB, 97887 MiB, 100 %, 32 %, 350.02 W
2026/04/02 13:48:38.035, 95567 MiB, 97887 MiB, 100 %, 26 %, 349.70 W
2026/04/02 13:48:40.035, 95567 MiB, 97887 MiB, 100 %, 24 %, 349.86 W
2026/04/02 13:48:42.036, 95567 MiB, 97887 MiB, 99 %, 32 %, 349.64 W
2026/04/02 13:48:44.036, 95567 MiB, 97887 MiB, 100 %, 21 %, 350.13 W
2026/04/02 13:48:46.036, 95567 MiB, 97887 MiB, 99 %, 29 %, 349.87 W
2026/04/02 13:48:48.036, 95567 MiB, 97887 MiB, 100 %, 24 %, 350.13 W
2026/04/02 13:48:50.036, 95567 MiB, 97887 MiB, 30 %, 20 %, 336.03 W
2026/04/02 13:48:52.036, 95567 MiB, 97887 MiB, 100 %, 38 %, 349.40 W
2026/04/02 13:48:54.037, 95567 MiB, 97887 MiB, 100 %, 13 %, 350.10 W
2026/04/02 13:48:56.037, 95567 MiB, 97887 MiB, 100 %, 26 %, 350.00 W
2026/04/02 13:48:58.037, 95567 MiB, 97887 MiB, 4 %, 1 %, 330.12 W
2026/04/02 13:49:00.037, 95567 MiB, 97887 MiB, 100 %, 25 %, 350.00 W
2026/04/02 13:49:02.037, 95567 MiB, 97887 MiB, 82 %, 52 %, 350.16 W
2026/04/02 13:49:04.037, 95567 MiB, 97887 MiB, 100 %, 46 %, 349.70 W
2026/04/02 13:49:06.037, 95567 MiB, 97887 MiB, 38 %, 6 %, 342.96 W
2026/04/02 13:49:08.038, 95567 MiB, 97887 MiB, 100 %, 30 %, 349.64 W
2026/04/02 13:49:10.038, 95567 MiB, 97887 MiB, 100 %, 12 %, 350.12 W
2026/04/02 13:49:12.038, 95567 MiB, 97887 MiB, 100 %, 26 %, 349.94 W
2026/04/02 13:49:14.038, 95567 MiB, 97887 MiB, 62 %, 25 %, 343.00 W
2026/04/02 13:49:16.039, 95567 MiB, 97887 MiB, 100 %, 15 %, 350.04 W
2026/04/02 13:49:18.039, 95567 MiB, 97887 MiB, 100 %, 24 %, 349.68 W
2026/04/02 13:49:20.039, 95567 MiB, 97887 MiB, 100 %, 32 %, 307.09 W
2026/04/02 13:49:22.039, 95567 MiB, 97887 MiB, 100 %, 24 %, 350.08 W
2026/04/02 13:49:24.039, 95567 MiB, 97887 MiB, 100 %, 32 %, 350.11 W
2026/04/02 13:49:26.039, 95567 MiB, 97887 MiB, 100 %, 24 %, 350.07 W
2026/04/02 13:49:28.040, 95567 MiB, 97887 MiB, 100 %, 32 %, 349.92 W
2026/04/02 13:49:30.040, 95567 MiB, 97887 MiB, 100 %, 11 %, 350.01 W
2026/04/02 13:49:32.040, 95567 MiB, 97887 MiB, 100 %, 22 %, 350.01 W
2026/04/02 13:49:34.040, 95567 MiB, 97887 MiB, 98 %, 58 %, 348.63 W
2026/04/02 13:49:36.040, 95567 MiB, 97887 MiB, 100 %, 28 %, 350.65 W
2026/04/02 13:49:38.041, 95567 MiB, 97887 MiB, 100 %, 38 %, 349.50 W
2026/04/02 13:49:40.041, 95567 MiB, 97887 MiB, 100 %, 28 %, 352.46 W
2026/04/02 13:49:42.041, 95567 MiB, 97887 MiB, 100 %, 30 %, 349.82 W
2026/04/02 13:49:44.041, 95567 MiB, 97887 MiB, 100 %, 31 %, 349.98 W
2026/04/02 13:49:46.041, 95567 MiB, 97887 MiB, 100 %, 28 %, 350.29 W
2026/04/02 13:49:48.041, 95567 MiB, 97887 MiB, 100 %, 15 %, 371.71 W
2026/04/02 13:49:50.042, 95567 MiB, 97887 MiB, 100 %, 31 %, 350.28 W
2026/04/02 13:49:52.042, 95567 MiB, 97887 MiB, 100 %, 28 %, 351.29 W
2026/04/02 13:49:54.042, 95567 MiB, 97887 MiB, 100 %, 39 %, 349.52 W
2026/04/02 13:49:56.042, 95567 MiB, 97887 MiB, 100 %, 28 %, 306.50 W
2026/04/02 13:49:58.042, 95567 MiB, 97887 MiB, 100 %, 30 %, 349.95 W
2026/04/02 13:50:00.043, 95567 MiB, 97887 MiB, 100 %, 32 %, 350.01 W
2026/04/02 13:50:02.043, 95567 MiB, 97887 MiB, 100 %, 28 %, 349.99 W
2026/04/02 13:50:04.043, 95567 MiB, 97887 MiB, 100 %, 30 %, 350.06 W
2026/04/02 13:50:06.044, 95567 MiB, 97887 MiB, 100 %, 30 %, 349.87 W
2026/04/02 13:50:08.044, 95567 MiB, 97887 MiB, 60 %, 24 %, 348.76 W
2026/04/02 13:50:10.045, 95567 MiB, 97887 MiB, 98 %, 58 %, 348.70 W
2026/04/02 13:50:12.045, 95567 MiB, 97887 MiB, 74 %, 47 %, 346.97 W
2026/04/02 13:50:14.045, 95567 MiB, 97887 MiB, 100 %, 24 %, 350.07 W
2026/04/02 13:50:16.045, 95567 MiB, 97887 MiB, 77 %, 41 %, 346.33 W
2026/04/02 13:50:18.045, 95567 MiB, 97887 MiB, 100 %, 13 %, 350.01 W
2026/04/02 13:50:20.046, 95567 MiB, 97887 MiB, 100 %, 12 %, 350.26 W
2026/04/02 13:50:22.046, 95567 MiB, 97887 MiB, 98 %, 58 %, 350.08 W
2026/04/02 13:50:24.046, 95567 MiB, 97887 MiB, 100 %, 28 %, 351.21 W
2026/04/02 13:50:26.046, 95687 MiB, 97887 MiB, 98 %, 58 %, 348.95 W
2026/04/02 13:50:28.047, 95687 MiB, 97887 MiB, 97 %, 57 %, 349.92 W
2026/04/02 13:50:30.047, 95687 MiB, 97887 MiB, 97 %, 55 %, 349.48 W
2026/04/02 13:50:32.047, 95687 MiB, 97887 MiB, 98 %, 55 %, 349.92 W
2026/04/02 13:50:34.047, 95687 MiB, 97887 MiB, 98 %, 56 %, 350.02 W
2026/04/02 13:50:36.047, 95687 MiB, 97887 MiB, 98 %, 55 %, 349.95 W
2026/04/02 13:50:38.047, 95687 MiB, 97887 MiB, 97 %, 56 %, 350.03 W
2026/04/02 13:50:40.048, 95687 MiB, 97887 MiB, 98 %, 56 %, 350.06 W
2026/04/02 13:50:42.048, 95687 MiB, 97887 MiB, 98 %, 56 %, 350.00 W
2026/04/02 13:50:44.048, 95687 MiB, 97887 MiB, 98 %, 55 %, 349.92 W
2026/04/02 13:50:46.048, 95687 MiB, 97887 MiB, 98 %, 55 %, 349.94 W
2026/04/02 13:50:48.048, 95687 MiB, 97887 MiB, 98 %, 56 %, 350.02 W
2026/04/02 13:50:50.048, 95687 MiB, 97887 MiB, 98 %, 55 %, 349.95 W
2026/04/02 13:50:52.050, 95687 MiB, 97887 MiB, 98 %, 56 %, 350.04 W
2026/04/02 13:50:54.050, 95687 MiB, 97887 MiB, 97 %, 55 %, 349.99 W
2026/04/02 13:50:56.050, 95687 MiB, 97887 MiB, 98 %, 55 %, 349.98 W
2026/04/02 13:50:58.050, 95687 MiB, 97887 MiB, 98 %, 55 %, 350.03 W
2026/04/02 13:51:00.050, 95687 MiB, 97887 MiB, 98 %, 55 %, 350.02 W
2026/04/02 13:51:02.050, 95687 MiB, 97887 MiB, 97 %, 56 %, 350.05 W
2026/04/02 13:51:04.051, 95687 MiB, 97887 MiB, 97 %, 55 %, 349.95 W
2026/04/02 13:51:06.051, 95687 MiB, 97887 MiB, 97 %, 56 %, 350.06 W
2026/04/02 13:51:08.051, 95687 MiB, 97887 MiB, 97 %, 55 %, 349.94 W
2026/04/02 13:51:10.051, 95687 MiB, 97887 MiB, 97 %, 55 %, 350.02 W
2026/04/02 13:51:12.052, 95687 MiB, 97887 MiB, 97 %, 55 %, 350.02 W
2026/04/02 13:51:14.052, 95687 MiB, 97887 MiB, 97 %, 55 %, 349.97 W
2026/04/02 13:51:16.052, 95687 MiB, 97887 MiB, 97 %, 55 %, 349.95 W
2026/04/02 13:51:18.052, 95687 MiB, 97887 MiB, 97 %, 55 %, 349.96 W
2026/04/02 13:51:20.053, 95687 MiB, 97887 MiB, 97 %, 55 %, 349.93 W
2026/04/02 13:51:22.053, 95687 MiB, 97887 MiB, 97 %, 55 %, 349.92 W
2026/04/02 13:51:24.053, 95687 MiB, 97887 MiB, 98 %, 55 %, 350.08 W
2026/04/02 13:51:26.053, 95687 MiB, 97887 MiB, 97 %, 55 %, 350.04 W
2026/04/02 13:51:28.054, 95687 MiB, 97887 MiB, 97 %, 55 %, 349.97 W
2026/04/02 13:51:30.054, 95687 MiB, 97887 MiB, 97 %, 55 %, 349.94 W
2026/04/02 13:51:32.054, 95687 MiB, 97887 MiB, 97 %, 55 %, 350.08 W
2026/04/02 13:51:34.054, 95687 MiB, 97887 MiB, 98 %, 55 %, 350.06 W
2026/04/02 13:51:36.054, 95687 MiB, 97887 MiB, 97 %, 56 %, 349.98 W
2026/04/02 13:51:38.055, 95687 MiB, 97887 MiB, 97 %, 55 %, 349.86 W
2026/04/02 13:51:40.055, 95687 MiB, 97887 MiB, 98 %, 55 %, 350.04 W
2026/04/02 13:51:42.055, 95687 MiB, 97887 MiB, 98 %, 55 %, 349.89 W
2026/04/02 13:51:44.055, 95687 MiB, 97887 MiB, 98 %, 55 %, 350.04 W
2026/04/02 13:51:46.055, 95687 MiB, 97887 MiB, 97 %, 55 %, 349.96 W
2026/04/02 13:51:48.056, 95687 MiB, 97887 MiB, 97 %, 55 %, 350.01 W
2026/04/02 13:51:50.056, 95687 MiB, 97887 MiB, 97 %, 55 %, 350.07 W
2026/04/02 13:51:52.056, 95687 MiB, 97887 MiB, 97 %, 55 %, 349.95 W
2026/04/02 13:51:54.056, 95687 MiB, 97887 MiB, 97 %, 52 %, 349.45 W
2026/04/02 13:51:56.056, 95687 MiB, 97887 MiB, 97 %, 52 %, 350.00 W
2026/04/02 13:51:58.056, 95687 MiB, 97887 MiB, 97 %, 52 %, 349.94 W
2026/04/02 13:52:00.058, 95687 MiB, 97887 MiB, 97 %, 52 %, 349.97 W
2026/04/02 13:52:02.058, 95687 MiB, 97887 MiB, 97 %, 52 %, 349.98 W
2026/04/02 13:52:04.058, 95687 MiB, 97887 MiB, 97 %, 52 %, 350.07 W
2026/04/02 13:52:06.058, 95687 MiB, 97887 MiB, 97 %, 52 %, 349.99 W
2026/04/02 13:52:08.058, 95687 MiB, 97887 MiB, 97 %, 52 %, 350.02 W
2026/04/02 13:52:10.060, 95687 MiB, 97887 MiB, 97 %, 52 %, 349.98 W
2026/04/02 13:52:12.060, 95687 MiB, 97887 MiB, 97 %, 52 %, 350.02 W
2026/04/02 13:52:14.060, 95687 MiB, 97887 MiB, 97 %, 53 %, 352.96 W
2026/04/02 13:52:16.060, 95687 MiB, 97887 MiB, 97 %, 52 %, 350.03 W
2026/04/02 13:52:18.060, 95687 MiB, 97887 MiB, 97 %, 52 %, 350.10 W
2026/04/02 13:52:20.060, 95687 MiB, 97887 MiB, 97 %, 52 %, 349.98 W
2026/04/02 13:52:22.062, 95687 MiB, 97887 MiB, 97 %, 52 %, 350.01 W
2026/04/02 13:52:24.062, 95687 MiB, 97887 MiB, 97 %, 52 %, 349.90 W
2026/04/02 13:52:26.062, 95687 MiB, 97887 MiB, 97 %, 52 %, 349.94 W
2026/04/02 13:52:28.062, 95687 MiB, 97887 MiB, 97 %, 52 %, 349.92 W
2026/04/02 13:52:30.062, 95687 MiB, 97887 MiB, 97 %, 52 %, 350.07 W
2026/04/02 13:52:32.063, 95687 MiB, 97887 MiB, 97 %, 52 %, 349.91 W
2026/04/02 13:52:34.063, 95687 MiB, 97887 MiB, 97 %, 52 %, 349.97 W
2026/04/02 13:52:36.063, 95687 MiB, 97887 MiB, 97 %, 52 %, 349.97 W
2026/04/02 13:52:38.063, 95687 MiB, 97887 MiB, 97 %, 52 %, 349.99 W
2026/04/02 13:52:40.064, 95687 MiB, 97887 MiB, 97 %, 51 %, 350.03 W
2026/04/02 13:52:42.065, 95687 MiB, 97887 MiB, 97 %, 51 %, 349.98 W
2026/04/02 13:52:44.065, 95687 MiB, 97887 MiB, 97 %, 51 %, 349.96 W
2026/04/02 13:52:46.065, 95687 MiB, 97887 MiB, 97 %, 51 %, 349.99 W
2026/04/02 13:52:48.065, 95687 MiB, 97887 MiB, 97 %, 51 %, 350.03 W
2026/04/02 13:52:50.065, 95687 MiB, 97887 MiB, 97 %, 51 %, 349.88 W
2026/04/02 13:52:52.065, 95687 MiB, 97887 MiB, 97 %, 51 %, 350.06 W
2026/04/02 13:52:54.066, 95687 MiB, 97887 MiB, 97 %, 51 %, 350.02 W
2026/04/02 13:52:56.066, 95687 MiB, 97887 MiB, 97 %, 51 %, 349.97 W
2026/04/02 13:52:58.066, 95687 MiB, 97887 MiB, 97 %, 51 %, 350.03 W
2026/04/02 13:53:00.066, 95687 MiB, 97887 MiB, 97 %, 51 %, 350.02 W
2026/04/02 13:53:02.066, 95687 MiB, 97887 MiB, 97 %, 51 %, 349.98 W
2026/04/02 13:53:04.068, 95687 MiB, 97887 MiB, 97 %, 51 %, 350.00 W
2026/04/02 13:53:06.068, 95687 MiB, 97887 MiB, 97 %, 51 %, 350.05 W
2026/04/02 13:53:08.068, 95687 MiB, 97887 MiB, 97 %, 51 %, 349.97 W
2026/04/02 13:53:10.068, 95687 MiB, 97887 MiB, 97 %, 51 %, 349.82 W
2026/04/02 13:53:12.069, 95687 MiB, 97887 MiB, 97 %, 51 %, 349.93 W
2026/04/02 13:53:14.070, 0 MiB, 97887 MiB, 0 %, 0 %, 165.33 W
2026/04/02 13:53:16.070, 0 MiB, 97887 MiB, 0 %, 0 %, 135.20 W
2026/04/02 13:53:18.071, 0 MiB, 97887 MiB, 0 %, 0 %, 76.27 W
2026/04/02 13:53:20.071, 0 MiB, 97887 MiB, 0 %, 0 %, 70.75 W
2026/04/02 13:53:22.071, 0 MiB, 97887 MiB, 0 %, 0 %, 51.79 W
2026/04/02 13:53:24.072, 0 MiB, 97887 MiB, 0 %, 0 %, 34.22 W
2026/04/02 13:53:26.072, 3 MiB, 97887 MiB, 0 %, 0 %, 35.15 W
2026/04/02 13:53:28.072, 3 MiB, 97887 MiB, 0 %, 0 %, 30.92 W
2026/04/02 13:53:30.073, 3 MiB, 97887 MiB, 0 %, 0 %, 29.86 W
2026/04/02 13:53:32.073, 3 MiB, 97887 MiB, 0 %, 0 %, 30.69 W
2026/04/02 13:53:34.073, 6515 MiB, 97887 MiB, 42 %, 2 %, 115.46 W
2026/04/02 13:53:36.074, 82883 MiB, 97887 MiB, 0 %, 0 %, 234.13 W
2026/04/02 13:53:38.074, 83045 MiB, 97887 MiB, 0 %, 0 %, 133.88 W
2026/04/02 13:53:40.074, 83045 MiB, 97887 MiB, 0 %, 0 %, 110.45 W
2026/04/02 13:53:42.074, 93109 MiB, 97887 MiB, 100 %, 32 %, 258.37 W
2026/04/02 13:53:44.075, 93109 MiB, 97887 MiB, 100 %, 33 %, 350.02 W
2026/04/02 13:53:46.075, 93629 MiB, 97887 MiB, 100 %, 33 %, 350.06 W
2026/04/02 13:53:48.075, 94149 MiB, 97887 MiB, 100 %, 33 %, 350.09 W
2026/04/02 13:53:50.075, 94149 MiB, 97887 MiB, 100 %, 29 %, 350.52 W
2026/04/02 13:53:52.075, 84005 MiB, 97887 MiB, 0 %, 0 %, 278.02 W
2026/04/02 13:53:54.075, 3 MiB, 97887 MiB, 86 %, 51 %, 130.43 W
2026/04/02 13:53:56.076, 0 MiB, 97887 MiB, 0 %, 0 %, 136.04 W
2026/04/02 13:53:58.076, 0 MiB, 97887 MiB, 0 %, 0 %, 73.19 W
2026/04/02 13:54:00.076, 0 MiB, 97887 MiB, 0 %, 0 %, 71.15 W
2026/04/02 13:54:02.077, 0 MiB, 97887 MiB, 0 %, 0 %, 54.28 W
2026/04/02 13:54:04.077, 0 MiB, 97887 MiB, 0 %, 0 %, 29.03 W
2026/04/02 13:54:06.078, 3 MiB, 97887 MiB, 0 %, 0 %, 35.29 W
2026/04/02 13:54:08.078, 3 MiB, 97887 MiB, 0 %, 0 %, 29.02 W
2026/04/02 13:54:10.078, 3 MiB, 97887 MiB, 0 %, 0 %, 28.84 W
2026/04/02 13:54:12.078, 559 MiB, 97887 MiB, 0 %, 0 %, 37.38 W
2026/04/02 13:54:14.079, 82721 MiB, 97887 MiB, 0 %, 0 %, 148.34 W
2026/04/02 13:54:16.080, 0 MiB, 97887 MiB, 0 %, 0 %, 139.19 W
2026/04/02 13:54:18.081, 0 MiB, 97887 MiB, 0 %, 0 %, 71.32 W
2026/04/02 13:54:20.081, 0 MiB, 97887 MiB, 0 %, 0 %, 65.45 W
2026/04/02 13:54:22.082, 0 MiB, 97887 MiB, 0 %, 0 %, 47.12 W
2026/04/02 13:54:24.083, 0 MiB, 97887 MiB, 0 %, 0 %, 27.60 W
2026/04/02 13:54:26.084, 0 MiB, 97887 MiB, 0 %, 0 %, 27.42 W
2026/04/02 13:54:28.085, 0 MiB, 97887 MiB, 0 %, 0 %, 27.18 W
2026/04/02 13:54:30.086, 0 MiB, 97887 MiB, 0 %, 0 %, 27.15 W
2026/04/02 13:54:32.087, 0 MiB, 97887 MiB, 0 %, 0 %, 26.85 W
2026/04/02 13:54:34.087, 0 MiB, 97887 MiB, 0 %, 0 %, 26.42 W
2026/04/02 13:54:36.088, 0 MiB, 97887 MiB, 0 %, 0 %, 26.58 W
2026/04/02 13:54:38.088, 0 MiB, 97887 MiB, 0 %, 0 %, 26.70 W
2026/04/02 13:54:40.089, 0 MiB, 97887 MiB, 0 %, 0 %, 26.76 W
2026/04/02 13:54:42.090, 0 MiB, 97887 MiB, 0 %, 0 %, 27.05 W
2026/04/02 13:54:44.091, 0 MiB, 97887 MiB, 0 %, 0 %, 26.68 W
2026/04/02 13:54:46.092, 0 MiB, 97887 MiB, 0 %, 0 %, 26.37 W
2026/04/02 13:54:48.092, 0 MiB, 97887 MiB, 0 %, 0 %, 26.39 W
2026/04/02 13:54:50.093, 0 MiB, 97887 MiB, 0 %, 0 %, 26.14 W
2026/04/02 13:54:52.094, 0 MiB, 97887 MiB, 0 %, 0 %, 25.99 W
2026/04/02 13:54:54.095, 0 MiB, 97887 MiB, 0 %, 0 %, 26.14 W
2026/04/02 13:54:56.096, 0 MiB, 97887 MiB, 0 %, 0 %, 25.99 W
2026/04/02 13:54:58.096, 0 MiB, 97887 MiB, 0 %, 0 %, 26.01 W
2026/04/02 13:55:00.097, 0 MiB, 97887 MiB, 0 %, 0 %, 26.05 W
2026/04/02 13:55:02.097, 0 MiB, 97887 MiB, 0 %, 0 %, 25.62 W
2026/04/02 13:55:04.098, 0 MiB, 97887 MiB, 0 %, 0 %, 25.40 W
2026/04/02 13:55:06.099, 0 MiB, 97887 MiB, 0 %, 0 %, 25.57 W
2026/04/02 13:55:08.099, 0 MiB, 97887 MiB, 0 %, 0 %, 25.50 W
2026/04/02 13:55:10.100, 0 MiB, 97887 MiB, 0 %, 0 %, 25.41 W
2026/04/02 13:55:12.101, 0 MiB, 97887 MiB, 0 %, 0 %, 25.27 W
2026/04/02 13:55:14.102, 0 MiB, 97887 MiB, 0 %, 0 %, 25.53 W
2026/04/02 13:55:16.102, 0 MiB, 97887 MiB, 0 %, 0 %, 25.39 W
2026/04/02 13:55:18.103, 0 MiB, 97887 MiB, 0 %, 0 %, 25.18 W
2026/04/02 13:55:20.104, 0 MiB, 97887 MiB, 0 %, 0 %, 25.23 W
2026/04/02 13:55:22.104, 0 MiB, 97887 MiB, 0 %, 0 %, 25.29 W
2026/04/02 13:55:24.104, 0 MiB, 97887 MiB, 0 %, 0 %, 24.99 W
2026/04/02 13:55:26.105, 0 MiB, 97887 MiB, 0 %, 0 %, 24.99 W
2026/04/02 13:55:28.106, 0 MiB, 97887 MiB, 0 %, 0 %, 24.84 W
2026/04/02 13:55:30.107, 0 MiB, 97887 MiB, 0 %, 0 %, 24.75 W
2026/04/02 13:55:32.108, 0 MiB, 97887 MiB, 0 %, 0 %, 24.78 W
2026/04/02 13:55:34.109, 0 MiB, 97887 MiB, 0 %, 0 %, 24.46 W
2026/04/02 13:55:36.109, 0 MiB, 97887 MiB, 0 %, 0 %, 24.61 W
2026/04/02 13:55:38.110, 0 MiB, 97887 MiB, 0 %, 0 %, 24.51 W
2026/04/02 13:55:40.111, 0 MiB, 97887 MiB, 0 %, 0 %, 24.64 W
2026/04/02 13:55:42.111, 0 MiB, 97887 MiB, 0 %, 0 %, 24.91 W
2026/04/02 13:55:44.112, 0 MiB, 97887 MiB, 0 %, 0 %, 23.81 W
2026/04/02 13:55:46.113, 0 MiB, 97887 MiB, 0 %, 0 %, 24.10 W
2026/04/02 13:55:48.113, 0 MiB, 97887 MiB, 0 %, 0 %, 24.13 W
2026/04/02 13:55:50.114, 0 MiB, 97887 MiB, 0 %, 0 %, 24.34 W
2026/04/02 13:55:52.114, 0 MiB, 97887 MiB, 0 %, 0 %, 24.35 W
2026/04/02 13:55:54.115, 0 MiB, 97887 MiB, 0 %, 0 %, 24.31 W
2026/04/02 13:55:56.115, 0 MiB, 97887 MiB, 0 %, 0 %, 24.33 W
2026/04/02 13:55:58.116, 0 MiB, 97887 MiB, 0 %, 0 %, 23.98 W
2026/04/02 13:56:00.116, 0 MiB, 97887 MiB, 0 %, 0 %, 24.16 W
2026/04/02 13:56:02.117, 0 MiB, 97887 MiB, 0 %, 0 %, 24.18 W
2026/04/02 13:56:04.117, 0 MiB, 97887 MiB, 0 %, 0 %, 23.84 W
2026/04/02 13:56:06.117, 0 MiB, 97887 MiB, 0 %, 0 %, 23.99 W
2026/04/02 13:56:08.118, 0 MiB, 97887 MiB, 0 %, 0 %, 24.06 W
2026/04/02 13:56:10.118, 0 MiB, 97887 MiB, 0 %, 0 %, 23.99 W
2026/04/02 13:56:12.118, 0 MiB, 97887 MiB, 0 %, 0 %, 23.90 W
2026/04/02 13:56:14.119, 0 MiB, 97887 MiB, 0 %, 0 %, 23.84 W
2026/04/02 13:56:16.119, 0 MiB, 97887 MiB, 0 %, 0 %, 23.94 W
2026/04/02 13:56:18.120, 0 MiB, 97887 MiB, 0 %, 0 %, 23.79 W
2026/04/02 13:56:20.120, 0 MiB, 97887 MiB, 0 %, 0 %, 23.75 W
2026/04/02 13:56:22.121, 0 MiB, 97887 MiB, 0 %, 0 %, 22.90 W
2026/04/02 13:56:24.121, 0 MiB, 97887 MiB, 0 %, 0 %, 22.81 W
2026/04/02 13:56:26.122, 0 MiB, 97887 MiB, 0 %, 0 %, 23.50 W
2026/04/02 13:56:28.123, 0 MiB, 97887 MiB, 0 %, 0 %, 23.38 W
2026/04/02 13:56:30.124, 0 MiB, 97887 MiB, 0 %, 0 %, 23.35 W
2026/04/02 13:56:32.124, 0 MiB, 97887 MiB, 0 %, 0 %, 23.30 W
2026/04/02 13:56:34.125, 0 MiB, 97887 MiB, 0 %, 0 %, 23.25 W
2026/04/02 13:56:36.126, 0 MiB, 97887 MiB, 0 %, 0 %, 23.41 W
2026/04/02 13:56:38.126, 0 MiB, 97887 MiB, 0 %, 0 %, 23.26 W
2026/04/02 13:56:40.127, 0 MiB, 97887 MiB, 0 %, 0 %, 23.13 W
2026/04/02 13:56:42.127, 0 MiB, 97887 MiB, 0 %, 0 %, 23.41 W
2026/04/02 13:56:44.127, 0 MiB, 97887 MiB, 0 %, 0 %, 23.47 W
2026/04/02 13:56:46.128, 0 MiB, 97887 MiB, 0 %, 0 %, 23.58 W
2026/04/02 13:56:48.128, 0 MiB, 97887 MiB, 0 %, 0 %, 23.39 W
2026/04/02 13:56:50.129, 0 MiB, 97887 MiB, 0 %, 0 %, 23.07 W
2026/04/02 13:56:52.130, 0 MiB, 97887 MiB, 0 %, 0 %, 23.38 W
2026/04/02 13:56:54.130, 0 MiB, 97887 MiB, 0 %, 0 %, 23.26 W
2026/04/02 13:56:56.130, 0 MiB, 97887 MiB, 0 %, 0 %, 22.99 W
2026/04/02 13:56:58.131, 0 MiB, 97887 MiB, 0 %, 0 %, 23.34 W
2026/04/02 13:57:00.132, 0 MiB, 97887 MiB, 0 %, 0 %, 22.40 W
2026/04/02 13:57:02.132, 0 MiB, 97887 MiB, 0 %, 0 %, 22.48 W
2026/04/02 13:57:04.133, 0 MiB, 97887 MiB, 0 %, 0 %, 22.85 W
2026/04/02 13:57:06.133, 0 MiB, 97887 MiB, 0 %, 0 %, 22.53 W
2026/04/02 13:57:08.133, 0 MiB, 97887 MiB, 0 %, 0 %, 23.01 W
2026/04/02 13:57:10.134, 0 MiB, 97887 MiB, 0 %, 0 %, 22.86 W
2026/04/02 13:57:12.134, 0 MiB, 97887 MiB, 0 %, 0 %, 22.91 W
2026/04/02 13:57:14.135, 0 MiB, 97887 MiB, 0 %, 0 %, 23.07 W
2026/04/02 13:57:16.135, 0 MiB, 97887 MiB, 0 %, 0 %, 23.01 W
2026/04/02 13:57:18.136, 0 MiB, 97887 MiB, 0 %, 0 %, 23.27 W
2026/04/02 13:57:20.136, 0 MiB, 97887 MiB, 0 %, 0 %, 23.03 W
2026/04/02 13:57:22.137, 0 MiB, 97887 MiB, 0 %, 0 %, 22.94 W
2026/04/02 13:57:24.138, 0 MiB, 97887 MiB, 0 %, 0 %, 23.28 W
2026/04/02 13:57:26.139, 0 MiB, 97887 MiB, 0 %, 0 %, 23.21 W
2026/04/02 13:57:28.139, 0 MiB, 97887 MiB, 0 %, 0 %, 22.97 W
2026/04/02 13:57:30.140, 0 MiB, 97887 MiB, 0 %, 0 %, 22.96 W
2026/04/02 13:57:32.141, 0 MiB, 97887 MiB, 0 %, 0 %, 22.97 W
2026/04/02 13:57:34.142, 0 MiB, 97887 MiB, 0 %, 0 %, 22.95 W
2026/04/02 13:57:36.143, 0 MiB, 97887 MiB, 0 %, 0 %, 22.75 W
2026/04/02 13:57:38.143, 0 MiB, 97887 MiB, 0 %, 0 %, 22.39 W
2026/04/02 13:57:40.144, 0 MiB, 97887 MiB, 0 %, 0 %, 22.25 W
2026/04/02 13:57:42.145, 0 MiB, 97887 MiB, 0 %, 0 %, 22.53 W
2026/04/02 13:57:44.146, 0 MiB, 97887 MiB, 0 %, 0 %, 22.54 W
2026/04/02 13:57:46.147, 0 MiB, 97887 MiB, 0 %, 0 %, 22.32 W
2026/04/02 13:57:48.147, 0 MiB, 97887 MiB, 0 %, 0 %, 22.73 W
2026/04/02 13:57:50.148, 0 MiB, 97887 MiB, 0 %, 0 %, 22.51 W
2026/04/02 13:57:52.149, 0 MiB, 97887 MiB, 0 %, 0 %, 22.53 W
2026/04/02 13:57:54.150, 0 MiB, 97887 MiB, 0 %, 0 %, 22.42 W
2026/04/02 13:57:56.151, 0 MiB, 97887 MiB, 0 %, 0 %, 22.39 W
2026/04/02 13:57:58.151, 0 MiB, 97887 MiB, 0 %, 0 %, 22.08 W
2026/04/02 13:58:00.151, 0 MiB, 97887 MiB, 0 %, 0 %, 22.06 W
2026/04/02 13:58:02.152, 0 MiB, 97887 MiB, 0 %, 0 %, 22.22 W
2026/04/02 13:58:04.153, 0 MiB, 97887 MiB, 0 %, 0 %, 22.54 W
2026/04/02 13:58:06.154, 0 MiB, 97887 MiB, 0 %, 0 %, 22.16 W
2026/04/02 13:58:08.154, 0 MiB, 97887 MiB, 0 %, 0 %, 22.40 W
2026/04/02 13:58:10.155, 0 MiB, 97887 MiB, 0 %, 0 %, 22.08 W
2026/04/02 13:58:12.156, 0 MiB, 97887 MiB, 0 %, 0 %, 22.15 W
2026/04/02 13:58:14.157, 0 MiB, 97887 MiB, 0 %, 0 %, 22.35 W
2026/04/02 13:58:16.158, 0 MiB, 97887 MiB, 0 %, 0 %, 22.65 W
2026/04/02 13:58:18.158, 0 MiB, 97887 MiB, 0 %, 0 %, 22.73 W
2026/04/02 13:58:20.159, 0 MiB, 97887 MiB, 0 %, 0 %, 21.94 W
2026/04/02 13:58:22.160, 0 MiB, 97887 MiB, 0 %, 0 %, 22.03 W
2026/04/02 13:58:24.160, 0 MiB, 97887 MiB, 0 %, 0 %, 22.31 W
2026/04/02 13:58:26.161, 0 MiB, 97887 MiB, 0 %, 0 %, 22.38 W
2026/04/02 13:58:28.161, 0 MiB, 97887 MiB, 0 %, 0 %, 22.33 W
2026/04/02 13:58:30.162, 0 MiB, 97887 MiB, 0 %, 0 %, 22.48 W
2026/04/02 13:58:32.163, 0 MiB, 97887 MiB, 0 %, 0 %, 22.54 W
2026/04/02 13:58:34.164, 0 MiB, 97887 MiB, 0 %, 0 %, 22.75 W
2026/04/02 13:58:36.165, 0 MiB, 97887 MiB, 0 %, 0 %, 22.72 W
2026/04/02 13:58:38.166, 0 MiB, 97887 MiB, 0 %, 0 %, 22.60 W
2026/04/02 13:58:40.167, 0 MiB, 97887 MiB, 0 %, 0 %, 22.57 W
2026/04/02 13:58:42.167, 0 MiB, 97887 MiB, 0 %, 0 %, 22.78 W
2026/04/02 13:58:44.168, 0 MiB, 97887 MiB, 0 %, 0 %, 22.92 W
2026/04/02 13:58:46.169, 0 MiB, 97887 MiB, 0 %, 0 %, 22.81 W
2026/04/02 13:58:48.169, 0 MiB, 97887 MiB, 0 %, 0 %, 22.97 W
2026/04/02 13:58:50.170, 0 MiB, 97887 MiB, 0 %, 0 %, 22.88 W
2026/04/02 13:58:52.171, 0 MiB, 97887 MiB, 0 %, 0 %, 22.53 W
2026/04/02 13:58:54.171, 0 MiB, 97887 MiB, 0 %, 0 %, 21.86 W
2026/04/02 13:58:56.172, 0 MiB, 97887 MiB, 0 %, 0 %, 22.24 W
2026/04/02 13:58:58.172, 0 MiB, 97887 MiB, 0 %, 0 %, 21.69 W
2026/04/02 13:59:00.173, 0 MiB, 97887 MiB, 0 %, 0 %, 21.89 W
2026/04/02 13:59:02.173, 0 MiB, 97887 MiB, 0 %, 0 %, 21.80 W
2026/04/02 13:59:04.173, 0 MiB, 97887 MiB, 0 %, 0 %, 21.62 W
2026/04/02 13:59:06.173, 0 MiB, 97887 MiB, 0 %, 0 %, 21.99 W
2026/04/02 13:59:08.174, 0 MiB, 97887 MiB, 0 %, 0 %, 21.83 W
2026/04/02 13:59:10.174, 0 MiB, 97887 MiB, 0 %, 0 %, 21.92 W
2026/04/02 13:59:12.175, 0 MiB, 97887 MiB, 0 %, 0 %, 21.90 W
2026/04/02 13:59:14.175, 0 MiB, 97887 MiB, 0 %, 0 %, 21.66 W
2026/04/02 13:59:16.176, 0 MiB, 97887 MiB, 0 %, 0 %, 22.00 W
2026/04/02 13:59:18.177, 0 MiB, 97887 MiB, 0 %, 0 %, 21.96 W
2026/04/02 13:59:20.178, 0 MiB, 97887 MiB, 0 %, 0 %, 21.51 W
2026/04/02 13:59:22.178, 0 MiB, 97887 MiB, 0 %, 0 %, 22.10 W
2026/04/02 13:59:24.179, 0 MiB, 97887 MiB, 0 %, 0 %, 22.26 W
2026/04/02 13:59:26.179, 0 MiB, 97887 MiB, 0 %, 0 %, 22.12 W
2026/04/02 13:59:28.180, 0 MiB, 97887 MiB, 0 %, 0 %, 22.32 W
2026/04/02 13:59:30.181, 0 MiB, 97887 MiB, 0 %, 0 %, 22.12 W
2026/04/02 13:59:32.182, 0 MiB, 97887 MiB, 0 %, 0 %, 22.25 W
2026/04/02 13:59:34.182, 0 MiB, 97887 MiB, 0 %, 0 %, 22.32 W
2026/04/02 13:59:36.183, 0 MiB, 97887 MiB, 0 %, 0 %, 22.35 W
2026/04/02 13:59:38.183, 0 MiB, 97887 MiB, 0 %, 0 %, 22.22 W
2026/04/02 13:59:40.184, 0 MiB, 97887 MiB, 0 %, 0 %, 22.09 W
2026/04/02 13:59:42.185, 0 MiB, 97887 MiB, 0 %, 0 %, 22.49 W
2026/04/02 13:59:44.185, 0 MiB, 97887 MiB, 0 %, 0 %, 22.50 W
2026/04/02 13:59:46.186, 0 MiB, 97887 MiB, 0 %, 0 %, 22.11 W
2026/04/02 13:59:48.187, 0 MiB, 97887 MiB, 0 %, 0 %, 22.10 W
2026/04/02 13:59:50.187, 0 MiB, 97887 MiB, 0 %, 0 %, 22.11 W
2026/04/02 13:59:52.188, 0 MiB, 97887 MiB, 0 %, 0 %, 21.99 W
2026/04/02 13:59:54.189, 0 MiB, 97887 MiB, 0 %, 0 %, 22.04 W
2026/04/02 13:59:56.189, 0 MiB, 97887 MiB, 0 %, 0 %, 21.94 W
2026/04/02 13:59:58.190, 0 MiB, 97887 MiB, 0 %, 0 %, 21.84 W
2026/04/02 14:00:00.191, 0 MiB, 97887 MiB, 0 %, 0 %, 22.03 W
2026/04/02 14:00:02.192, 0 MiB, 97887 MiB, 0 %, 0 %, 22.34 W
2026/04/02 14:00:04.192, 0 MiB, 97887 MiB, 0 %, 0 %, 22.14 W
2026/04/02 14:00:06.193, 0 MiB, 97887 MiB, 0 %, 0 %, 22.00 W
2026/04/02 14:00:08.193, 0 MiB, 97887 MiB, 0 %, 0 %, 22.29 W
2026/04/02 14:00:10.194, 0 MiB, 97887 MiB, 0 %, 0 %, 22.63 W
2026/04/02 14:00:12.195, 0 MiB, 97887 MiB, 0 %, 0 %, 22.55 W
2026/04/02 14:00:14.196, 0 MiB, 97887 MiB, 0 %, 0 %, 22.48 W
2026/04/02 14:00:16.196, 0 MiB, 97887 MiB, 0 %, 0 %, 22.24 W
2026/04/02 14:00:18.197, 0 MiB, 97887 MiB, 0 %, 0 %, 21.99 W
2026/04/02 14:00:20.197, 0 MiB, 97887 MiB, 0 %, 0 %, 22.28 W
2026/04/02 14:00:22.198, 0 MiB, 97887 MiB, 0 %, 0 %, 22.04 W
2026/04/02 14:00:24.199, 0 MiB, 97887 MiB, 0 %, 0 %, 22.09 W
2026/04/02 14:00:26.199, 0 MiB, 97887 MiB, 0 %, 0 %, 22.14 W
2026/04/02 14:00:28.200, 0 MiB, 97887 MiB, 0 %, 0 %, 22.29 W
2026/04/02 14:00:30.201, 0 MiB, 97887 MiB, 0 %, 0 %, 22.42 W
2026/04/02 14:00:32.201, 0 MiB, 97887 MiB, 0 %, 0 %, 21.62 W
2026/04/02 14:00:34.202, 0 MiB, 97887 MiB, 0 %, 0 %, 22.04 W
2026/04/02 14:00:36.203, 0 MiB, 97887 MiB, 0 %, 0 %, 22.07 W
2026/04/02 14:00:38.204, 0 MiB, 97887 MiB, 0 %, 0 %, 22.36 W
2026/04/02 14:00:40.204, 0 MiB, 97887 MiB, 0 %, 0 %, 22.30 W
2026/04/02 14:00:42.205, 0 MiB, 97887 MiB, 0 %, 0 %, 22.04 W
2026/04/02 14:00:44.206, 0 MiB, 97887 MiB, 0 %, 0 %, 22.30 W
2026/04/02 14:00:46.207, 0 MiB, 97887 MiB, 0 %, 0 %, 22.28 W
2026/04/02 14:00:48.207, 0 MiB, 97887 MiB, 0 %, 0 %, 22.16 W
2026/04/02 14:00:50.208, 0 MiB, 97887 MiB, 0 %, 0 %, 22.29 W
2026/04/02 14:00:52.209, 0 MiB, 97887 MiB, 0 %, 0 %, 22.18 W
2026/04/02 14:00:54.210, 0 MiB, 97887 MiB, 0 %, 0 %, 22.17 W
2026/04/02 14:00:56.210, 0 MiB, 97887 MiB, 0 %, 0 %, 22.32 W
2026/04/02 14:00:58.211, 0 MiB, 97887 MiB, 0 %, 0 %, 21.99 W
2026/04/02 14:01:00.212, 0 MiB, 97887 MiB, 0 %, 0 %, 22.31 W
2026/04/02 14:01:02.212, 0 MiB, 97887 MiB, 0 %, 0 %, 22.55 W
2026/04/02 14:01:04.213, 0 MiB, 97887 MiB, 0 %, 0 %, 22.41 W
2026/04/02 14:01:06.213, 0 MiB, 97887 MiB, 0 %, 0 %, 22.44 W
2026/04/02 14:01:08.214, 0 MiB, 97887 MiB, 0 %, 0 %, 22.32 W
2026/04/02 14:01:10.215, 0 MiB, 97887 MiB, 0 %, 0 %, 21.91 W
2026/04/02 14:01:12.216, 0 MiB, 97887 MiB, 0 %, 0 %, 22.00 W
2026/04/02 14:01:14.216, 3 MiB, 97887 MiB, 0 %, 0 %, 25.44 W
2026/04/02 14:01:16.216, 3 MiB, 97887 MiB, 0 %, 0 %, 23.10 W
2026/04/02 14:01:18.217, 3 MiB, 97887 MiB, 0 %, 0 %, 22.27 W
2026/04/02 14:01:20.217, 559 MiB, 97887 MiB, 0 %, 0 %, 29.87 W
2026/04/02 14:01:22.217, 76139 MiB, 97887 MiB, 47 %, 24 %, 145.26 W
2026/04/02 14:01:24.217, 76105 MiB, 97887 MiB, 0 %, 0 %, 116.00 W
2026/04/02 14:01:26.218, 76265 MiB, 97887 MiB, 0 %, 0 %, 115.40 W
2026/04/02 14:01:28.218, 76265 MiB, 97887 MiB, 0 %, 0 %, 94.40 W
2026/04/02 14:01:30.218, 84267 MiB, 97887 MiB, 100 %, 32 %, 202.68 W
2026/04/02 14:01:32.218, 87089 MiB, 97887 MiB, 100 %, 31 %, 349.92 W
2026/04/02 14:01:34.218, 87089 MiB, 97887 MiB, 100 %, 33 %, 349.97 W
2026/04/02 14:01:36.219, 87089 MiB, 97887 MiB, 100 %, 32 %, 349.82 W
2026/04/02 14:01:38.219, 87089 MiB, 97887 MiB, 100 %, 29 %, 351.42 W
2026/04/02 14:01:40.219, 77187 MiB, 97887 MiB, 0 %, 0 %, 192.62 W
2026/04/02 14:01:42.219, 89655 MiB, 97887 MiB, 91 %, 62 %, 357.76 W
2026/04/02 14:01:44.219, 89875 MiB, 97887 MiB, 0 %, 0 %, 225.56 W
2026/04/02 14:01:46.220, 89875 MiB, 97887 MiB, 100 %, 31 %, 300.70 W
2026/04/02 14:01:48.220, 89955 MiB, 97887 MiB, 100 %, 1 %, 201.60 W
2026/04/02 14:01:50.220, 90415 MiB, 97887 MiB, 100 %, 44 %, 349.90 W
2026/04/02 14:01:52.220, 90415 MiB, 97887 MiB, 92 %, 47 %, 349.12 W
2026/04/02 14:01:54.221, 90415 MiB, 97887 MiB, 100 %, 38 %, 349.33 W
2026/04/02 14:01:56.221, 90415 MiB, 97887 MiB, 0 %, 0 %, 310.60 W
2026/04/02 14:01:58.221, 90415 MiB, 97887 MiB, 100 %, 30 %, 350.00 W
2026/04/02 14:02:00.221, 90415 MiB, 97887 MiB, 44 %, 8 %, 344.60 W
2026/04/02 14:02:02.222, 90415 MiB, 97887 MiB, 100 %, 28 %, 350.04 W
2026/04/02 14:02:04.222, 90415 MiB, 97887 MiB, 100 %, 1 %, 306.17 W
2026/04/02 14:02:06.222, 90415 MiB, 97887 MiB, 99 %, 20 %, 301.56 W
2026/04/02 14:02:08.222, 90415 MiB, 97887 MiB, 99 %, 40 %, 309.54 W
2026/04/02 14:02:10.223, 93235 MiB, 97887 MiB, 100 %, 30 %, 335.98 W
2026/04/02 14:02:12.223, 93235 MiB, 97887 MiB, 38 %, 33 %, 299.44 W
2026/04/02 14:02:14.223, 93235 MiB, 97887 MiB, 100 %, 32 %, 314.12 W
2026/04/02 14:02:16.223, 93235 MiB, 97887 MiB, 95 %, 50 %, 252.67 W
2026/04/02 14:02:18.224, 93235 MiB, 97887 MiB, 100 %, 44 %, 349.18 W
2026/04/02 14:02:20.224, 93235 MiB, 97887 MiB, 74 %, 24 %, 351.18 W
2026/04/02 14:02:22.224, 93235 MiB, 97887 MiB, 100 %, 32 %, 350.53 W
2026/04/02 14:02:24.224, 93235 MiB, 97887 MiB, 100 %, 31 %, 350.02 W
2026/04/02 14:02:26.225, 93235 MiB, 97887 MiB, 100 %, 31 %, 350.05 W
2026/04/02 14:02:28.226, 93235 MiB, 97887 MiB, 100 %, 32 %, 351.12 W
2026/04/02 14:02:30.226, 93235 MiB, 97887 MiB, 100 %, 31 %, 350.09 W
2026/04/02 14:02:32.226, 93235 MiB, 97887 MiB, 99 %, 34 %, 300.74 W
2026/04/02 14:02:34.226, 93235 MiB, 97887 MiB, 100 %, 32 %, 350.44 W
2026/04/02 14:02:36.226, 93235 MiB, 97887 MiB, 99 %, 25 %, 346.95 W
2026/04/02 14:02:38.227, 93235 MiB, 97887 MiB, 100 %, 32 %, 349.94 W
2026/04/02 14:02:40.227, 96613 MiB, 97887 MiB, 76 %, 23 %, 334.32 W
2026/04/02 14:02:42.227, 0 MiB, 97887 MiB, 0 %, 0 %, 153.21 W
2026/04/02 14:02:44.228, 0 MiB, 97887 MiB, 0 %, 0 %, 108.22 W
2026/04/02 14:02:46.228, 0 MiB, 97887 MiB, 0 %, 0 %, 69.73 W
2026/04/02 14:02:48.229, 0 MiB, 97887 MiB, 0 %, 0 %, 62.58 W
2026/04/02 14:02:50.231, 0 MiB, 97887 MiB, 0 %, 0 %, 36.11 W
2026/04/02 14:02:52.231, 0 MiB, 97887 MiB, 0 %, 0 %, 28.22 W
2026/04/02 14:02:54.232, 0 MiB, 97887 MiB, 0 %, 0 %, 28.26 W
2026/04/02 14:02:56.232, 0 MiB, 97887 MiB, 0 %, 0 %, 27.40 W
2026/04/02 14:02:58.233, 0 MiB, 97887 MiB, 0 %, 0 %, 27.20 W
2026/04/02 14:03:00.234, 0 MiB, 97887 MiB, 0 %, 0 %, 26.75 W
2026/04/02 14:03:02.234, 0 MiB, 97887 MiB, 0 %, 0 %, 27.06 W
2026/04/02 14:03:04.235, 0 MiB, 97887 MiB, 0 %, 0 %, 26.67 W
2026/04/02 14:03:06.236, 0 MiB, 97887 MiB, 0 %, 0 %, 26.53 W
2026/04/02 14:03:08.236, 0 MiB, 97887 MiB, 0 %, 0 %, 26.48 W
2026/04/02 14:03:10.237, 0 MiB, 97887 MiB, 0 %, 0 %, 26.35 W
2026/04/02 14:03:12.237, 0 MiB, 97887 MiB, 0 %, 0 %, 26.01 W
2026/04/02 14:03:14.238, 0 MiB, 97887 MiB, 0 %, 0 %, 25.84 W
2026/04/02 14:03:16.238, 0 MiB, 97887 MiB, 0 %, 0 %, 25.56 W
2026/04/02 14:03:18.239, 0 MiB, 97887 MiB, 0 %, 0 %, 25.97 W
2026/04/02 14:03:20.239, 0 MiB, 97887 MiB, 0 %, 0 %, 25.53 W
2026/04/02 14:03:22.240, 0 MiB, 97887 MiB, 0 %, 0 %, 25.23 W
2026/04/02 14:03:24.241, 0 MiB, 97887 MiB, 0 %, 0 %, 25.20 W
2026/04/02 14:03:26.242, 0 MiB, 97887 MiB, 0 %, 0 %, 25.35 W
2026/04/02 14:03:28.242, 0 MiB, 97887 MiB, 0 %, 0 %, 25.13 W
2026/04/02 14:03:30.243, 0 MiB, 97887 MiB, 0 %, 0 %, 24.69 W
2026/04/02 14:03:32.243, 0 MiB, 97887 MiB, 0 %, 0 %, 24.87 W
2026/04/02 14:03:34.244, 0 MiB, 97887 MiB, 0 %, 0 %, 25.00 W
2026/04/02 14:03:36.245, 0 MiB, 97887 MiB, 0 %, 0 %, 24.72 W
2026/04/02 14:03:38.245, 3 MiB, 97887 MiB, 0 %, 0 %, 29.18 W
2026/04/02 14:03:40.245, 3 MiB, 97887 MiB, 0 %, 0 %, 24.47 W
2026/04/02 14:03:42.246, 3 MiB, 97887 MiB, 0 %, 0 %, 24.74 W
2026/04/02 14:03:44.246, 559 MiB, 97887 MiB, 0 %, 0 %, 47.89 W
2026/04/02 14:03:46.246, 73167 MiB, 97887 MiB, 63 %, 28 %, 191.14 W
2026/04/02 14:03:48.246, 73325 MiB, 97887 MiB, 7 %, 4 %, 120.34 W
2026/04/02 14:03:50.247, 73325 MiB, 97887 MiB, 0 %, 0 %, 98.93 W
2026/04/02 14:03:52.247, 81347 MiB, 97887 MiB, 17 %, 4 %, 118.05 W
2026/04/02 14:03:54.247, 83389 MiB, 97887 MiB, 100 %, 31 %, 349.88 W
2026/04/02 14:03:56.247, 83909 MiB, 97887 MiB, 100 %, 33 %, 349.86 W
2026/04/02 14:03:58.248, 84429 MiB, 97887 MiB, 100 %, 31 %, 350.01 W
2026/04/02 14:04:00.248, 84429 MiB, 97887 MiB, 100 %, 33 %, 350.43 W
2026/04/02 14:04:02.248, 74285 MiB, 97887 MiB, 51 %, 29 %, 335.95 W
2026/04/02 14:04:04.248, 91333 MiB, 97887 MiB, 100 %, 31 %, 267.83 W
2026/04/02 14:04:06.249, 94175 MiB, 97887 MiB, 99 %, 74 %, 293.85 W
2026/04/02 14:04:08.249, 94175 MiB, 97887 MiB, 0 %, 0 %, 323.63 W
2026/04/02 14:04:10.249, 94175 MiB, 97887 MiB, 100 %, 30 %, 345.71 W
2026/04/02 14:04:12.249, 94175 MiB, 97887 MiB, 100 %, 30 %, 349.88 W
2026/04/02 14:04:14.249, 94175 MiB, 97887 MiB, 100 %, 32 %, 349.80 W
2026/04/02 14:04:16.250, 94175 MiB, 97887 MiB, 100 %, 30 %, 349.77 W
2026/04/02 14:04:18.250, 94175 MiB, 97887 MiB, 100 %, 40 %, 363.17 W
2026/04/02 14:04:20.250, 94175 MiB, 97887 MiB, 100 %, 29 %, 350.02 W
2026/04/02 14:04:22.250, 94175 MiB, 97887 MiB, 100 %, 30 %, 347.96 W
2026/04/02 14:04:24.250, 94175 MiB, 97887 MiB, 100 %, 32 %, 350.04 W
2026/04/02 14:04:26.250, 94175 MiB, 97887 MiB, 96 %, 1 %, 299.84 W
2026/04/02 14:04:28.251, 94175 MiB, 97887 MiB, 100 %, 1 %, 277.64 W
2026/04/02 14:04:30.251, 94175 MiB, 97887 MiB, 0 %, 0 %, 258.83 W
2026/04/02 14:04:32.251, 94175 MiB, 97887 MiB, 100 %, 30 %, 326.53 W
2026/04/02 14:04:34.251, 94175 MiB, 97887 MiB, 0 %, 0 %, 292.78 W
2026/04/02 14:04:36.251, 94175 MiB, 97887 MiB, 0 %, 0 %, 254.77 W
2026/04/02 14:04:38.252, 94175 MiB, 97887 MiB, 100 %, 32 %, 342.68 W
2026/04/02 14:04:40.252, 94175 MiB, 97887 MiB, 100 %, 32 %, 349.91 W
2026/04/02 14:04:42.252, 94175 MiB, 97887 MiB, 100 %, 33 %, 349.83 W
2026/04/02 14:04:44.252, 94175 MiB, 97887 MiB, 100 %, 31 %, 350.29 W
2026/04/02 14:04:46.252, 94175 MiB, 97887 MiB, 100 %, 44 %, 349.71 W
2026/04/02 14:04:48.252, 94175 MiB, 97887 MiB, 100 %, 30 %, 349.92 W
2026/04/02 14:04:50.253, 94175 MiB, 97887 MiB, 100 %, 16 %, 359.51 W
2026/04/02 14:04:52.253, 94175 MiB, 97887 MiB, 100 %, 29 %, 350.57 W
2026/04/02 14:04:54.253, 94175 MiB, 97887 MiB, 100 %, 32 %, 348.23 W
2026/04/02 14:04:56.253, 94175 MiB, 97887 MiB, 100 %, 28 %, 350.58 W
2026/04/02 14:04:58.254, 94175 MiB, 97887 MiB, 100 %, 35 %, 349.58 W
2026/04/02 14:05:00.254, 94175 MiB, 97887 MiB, 100 %, 29 %, 350.03 W
2026/04/02 14:05:02.254, 96515 MiB, 97887 MiB, 100 %, 29 %, 344.21 W
2026/04/02 14:05:04.254, 96515 MiB, 97887 MiB, 0 %, 0 %, 281.13 W
2026/04/02 14:05:06.254, 96515 MiB, 97887 MiB, 0 %, 0 %, 285.73 W
2026/04/02 14:05:08.254, 96515 MiB, 97887 MiB, 100 %, 31 %, 360.18 W
2026/04/02 14:05:10.255, 96515 MiB, 97887 MiB, 0 %, 0 %, 267.50 W
2026/04/02 14:05:12.255, 96515 MiB, 97887 MiB, 42 %, 36 %, 336.17 W
2026/04/02 14:05:14.255, 96515 MiB, 97887 MiB, 100 %, 40 %, 367.86 W
2026/04/02 14:05:16.255, 96515 MiB, 97887 MiB, 100 %, 32 %, 349.94 W
2026/04/02 14:05:18.256, 96515 MiB, 97887 MiB, 100 %, 30 %, 340.06 W
2026/04/02 14:05:20.256, 96515 MiB, 97887 MiB, 100 %, 29 %, 350.06 W
2026/04/02 14:05:22.256, 96515 MiB, 97887 MiB, 100 %, 32 %, 323.20 W
2026/04/02 14:05:24.256, 96515 MiB, 97887 MiB, 100 %, 1 %, 318.62 W
2026/04/02 14:05:26.256, 96515 MiB, 97887 MiB, 100 %, 33 %, 315.32 W
2026/04/02 14:05:28.256, 96515 MiB, 97887 MiB, 0 %, 0 %, 259.45 W
2026/04/02 14:05:30.256, 96515 MiB, 97887 MiB, 0 %, 0 %, 298.66 W
2026/04/02 14:05:32.257, 96515 MiB, 97887 MiB, 100 %, 33 %, 267.54 W
2026/04/02 14:05:34.257, 96515 MiB, 97887 MiB, 99 %, 22 %, 281.92 W
2026/04/02 14:05:36.257, 96515 MiB, 97887 MiB, 100 %, 34 %, 362.57 W
2026/04/02 14:05:38.257, 96515 MiB, 97887 MiB, 36 %, 25 %, 338.32 W
2026/04/02 14:05:40.257, 96515 MiB, 97887 MiB, 100 %, 31 %, 349.99 W
2026/04/02 14:05:42.257, 96515 MiB, 97887 MiB, 0 %, 0 %, 284.05 W
2026/04/02 14:05:44.258, 96515 MiB, 97887 MiB, 100 %, 29 %, 326.75 W
2026/04/02 14:05:46.258, 96515 MiB, 97887 MiB, 0 %, 0 %, 276.79 W
2026/04/02 14:05:48.258, 96515 MiB, 97887 MiB, 82 %, 67 %, 256.91 W
2026/04/02 14:05:50.258, 96515 MiB, 97887 MiB, 99 %, 46 %, 305.01 W
2026/04/02 14:05:52.258, 96515 MiB, 97887 MiB, 58 %, 46 %, 356.28 W
2026/04/02 14:05:54.258, 96515 MiB, 97887 MiB, 100 %, 1 %, 311.46 W
2026/04/02 14:05:56.259, 96515 MiB, 97887 MiB, 100 %, 31 %, 268.11 W
2026/04/02 14:05:58.259, 96515 MiB, 97887 MiB, 100 %, 1 %, 320.40 W
2026/04/02 14:06:00.259, 96515 MiB, 97887 MiB, 100 %, 32 %, 321.30 W
2026/04/02 14:06:02.259, 96515 MiB, 97887 MiB, 66 %, 52 %, 339.38 W
2026/04/02 14:06:04.259, 96515 MiB, 97887 MiB, 100 %, 34 %, 336.22 W
2026/04/02 14:06:06.259, 96515 MiB, 97887 MiB, 100 %, 5 %, 232.21 W
2026/04/02 14:06:08.260, 96515 MiB, 97887 MiB, 100 %, 29 %, 350.16 W
2026/04/02 14:06:10.260, 96515 MiB, 97887 MiB, 100 %, 42 %, 349.44 W
2026/04/02 14:06:12.260, 96595 MiB, 97887 MiB, 99 %, 62 %, 372.96 W
2026/04/02 14:06:14.260, 96595 MiB, 97887 MiB, 100 %, 30 %, 275.66 W
2026/04/02 14:06:16.260, 96595 MiB, 97887 MiB, 82 %, 66 %, 336.33 W
2026/04/02 14:06:18.261, 96595 MiB, 97887 MiB, 100 %, 32 %, 318.32 W
2026/04/02 14:06:20.261, 96595 MiB, 97887 MiB, 100 %, 0 %, 266.71 W
2026/04/02 14:06:22.261, 96595 MiB, 97887 MiB, 99 %, 33 %, 323.58 W
2026/04/02 14:06:24.261, 96595 MiB, 97887 MiB, 99 %, 31 %, 286.43 W
2026/04/02 14:06:26.261, 96595 MiB, 97887 MiB, 100 %, 31 %, 349.97 W
2026/04/02 14:06:28.262, 96595 MiB, 97887 MiB, 100 %, 31 %, 349.87 W
2026/04/02 14:06:30.262, 96595 MiB, 97887 MiB, 100 %, 24 %, 350.12 W
2026/04/02 14:06:32.262, 96595 MiB, 97887 MiB, 43 %, 8 %, 344.73 W
2026/04/02 14:06:34.262, 96595 MiB, 97887 MiB, 100 %, 39 %, 349.37 W
2026/04/02 14:06:36.262, 96595 MiB, 97887 MiB, 61 %, 36 %, 343.04 W
2026/04/02 14:06:38.263, 96595 MiB, 97887 MiB, 100 %, 32 %, 349.88 W
2026/04/02 14:06:40.263, 96595 MiB, 97887 MiB, 100 %, 18 %, 350.75 W
2026/04/02 14:06:42.263, 96595 MiB, 97887 MiB, 100 %, 32 %, 349.99 W
2026/04/02 14:06:44.263, 96595 MiB, 97887 MiB, 100 %, 27 %, 349.83 W
2026/04/02 14:06:46.263, 96595 MiB, 97887 MiB, 100 %, 29 %, 350.01 W
2026/04/02 14:06:48.264, 96595 MiB, 97887 MiB, 100 %, 25 %, 350.07 W
2026/04/02 14:06:50.264, 96595 MiB, 97887 MiB, 100 %, 31 %, 350.19 W
2026/04/02 14:06:52.264, 96595 MiB, 97887 MiB, 100 %, 34 %, 349.72 W
2026/04/02 14:06:54.264, 96595 MiB, 97887 MiB, 100 %, 28 %, 349.75 W
2026/04/02 14:06:56.264, 96595 MiB, 97887 MiB, 100 %, 30 %, 349.93 W
2026/04/02 14:06:58.264, 96595 MiB, 97887 MiB, 100 %, 28 %, 349.98 W
2026/04/02 14:07:00.265, 96595 MiB, 97887 MiB, 100 %, 32 %, 350.01 W
2026/04/02 14:07:02.265, 96595 MiB, 97887 MiB, 100 %, 32 %, 349.98 W
2026/04/02 14:07:04.265, 96595 MiB, 97887 MiB, 100 %, 32 %, 350.10 W
2026/04/02 14:07:06.265, 96595 MiB, 97887 MiB, 100 %, 39 %, 357.11 W
2026/04/02 14:07:08.265, 96595 MiB, 97887 MiB, 100 %, 29 %, 349.87 W
2026/04/02 14:07:10.266, 96595 MiB, 97887 MiB, 100 %, 28 %, 334.58 W
2026/04/02 14:07:12.266, 96595 MiB, 97887 MiB, 100 %, 17 %, 349.92 W
2026/04/02 14:07:14.266, 96595 MiB, 97887 MiB, 100 %, 30 %, 350.07 W
2026/04/02 14:07:16.266, 96595 MiB, 97887 MiB, 100 %, 35 %, 350.02 W
2026/04/02 14:07:18.266, 96595 MiB, 97887 MiB, 100 %, 32 %, 344.95 W
2026/04/02 14:07:20.267, 96595 MiB, 97887 MiB, 0 %, 0 %, 277.27 W
2026/04/02 14:07:22.267, 96595 MiB, 97887 MiB, 100 %, 31 %, 302.20 W
2026/04/02 14:07:24.267, 96595 MiB, 97887 MiB, 100 %, 32 %, 362.38 W
2026/04/02 14:07:26.267, 96595 MiB, 97887 MiB, 100 %, 32 %, 349.96 W
2026/04/02 14:07:28.267, 96595 MiB, 97887 MiB, 100 %, 32 %, 350.24 W
2026/04/02 14:07:30.267, 96595 MiB, 97887 MiB, 100 %, 28 %, 350.06 W
2026/04/02 14:07:32.268, 96595 MiB, 97887 MiB, 100 %, 28 %, 350.02 W
2026/04/02 14:07:34.268, 96595 MiB, 97887 MiB, 100 %, 28 %, 350.02 W
2026/04/02 14:07:36.268, 96595 MiB, 97887 MiB, 0 %, 0 %, 299.80 W
2026/04/02 14:07:38.268, 96595 MiB, 97887 MiB, 100 %, 36 %, 350.00 W
2026/04/02 14:07:40.268, 96595 MiB, 97887 MiB, 100 %, 28 %, 349.84 W
2026/04/02 14:07:42.268, 96595 MiB, 97887 MiB, 100 %, 27 %, 349.97 W
2026/04/02 14:07:44.269, 96595 MiB, 97887 MiB, 100 %, 27 %, 349.98 W
2026/04/02 14:07:46.269, 96595 MiB, 97887 MiB, 100 %, 28 %, 350.00 W
2026/04/02 14:07:48.269, 96595 MiB, 97887 MiB, 100 %, 35 %, 349.91 W
2026/04/02 14:07:50.269, 96595 MiB, 97887 MiB, 100 %, 28 %, 350.00 W
2026/04/02 14:07:52.269, 96595 MiB, 97887 MiB, 100 %, 38 %, 350.11 W
2026/04/02 14:07:54.270, 96595 MiB, 97887 MiB, 0 %, 0 %, 318.81 W
2026/04/02 14:07:56.270, 96595 MiB, 97887 MiB, 39 %, 7 %, 279.81 W
2026/04/02 14:07:58.270, 96595 MiB, 97887 MiB, 0 %, 0 %, 289.55 W
2026/04/02 14:08:00.270, 96595 MiB, 97887 MiB, 100 %, 32 %, 363.07 W
2026/04/02 14:08:02.270, 96595 MiB, 97887 MiB, 100 %, 25 %, 350.60 W
2026/04/02 14:08:04.271, 96595 MiB, 97887 MiB, 100 %, 29 %, 350.00 W
2026/04/02 14:08:06.271, 96595 MiB, 97887 MiB, 100 %, 27 %, 350.01 W
2026/04/02 14:08:08.271, 96595 MiB, 97887 MiB, 100 %, 29 %, 350.32 W
2026/04/02 14:08:10.271, 96595 MiB, 97887 MiB, 100 %, 32 %, 349.68 W
2026/04/02 14:08:12.271, 96595 MiB, 97887 MiB, 99 %, 25 %, 308.35 W
2026/04/02 14:08:14.272, 96595 MiB, 97887 MiB, 100 %, 32 %, 350.11 W
2026/04/02 14:08:16.272, 96595 MiB, 97887 MiB, 99 %, 34 %, 349.52 W
2026/04/02 14:08:18.272, 96595 MiB, 97887 MiB, 100 %, 17 %, 349.83 W
2026/04/02 14:08:20.272, 96595 MiB, 97887 MiB, 100 %, 14 %, 349.88 W
2026/04/02 14:08:22.272, 96595 MiB, 97887 MiB, 100 %, 45 %, 350.02 W
2026/04/02 14:08:24.272, 96595 MiB, 97887 MiB, 99 %, 30 %, 336.65 W
2026/04/02 14:08:26.273, 96595 MiB, 97887 MiB, 100 %, 37 %, 350.11 W
2026/04/02 14:08:28.273, 96595 MiB, 97887 MiB, 100 %, 36 %, 350.06 W
2026/04/02 14:08:30.273, 96595 MiB, 97887 MiB, 100 %, 25 %, 349.89 W
2026/04/02 14:08:32.273, 96595 MiB, 97887 MiB, 100 %, 31 %, 349.87 W
2026/04/02 14:08:34.273, 96595 MiB, 97887 MiB, 100 %, 28 %, 349.95 W
2026/04/02 14:08:36.274, 96595 MiB, 97887 MiB, 100 %, 28 %, 349.99 W
2026/04/02 14:08:38.274, 96595 MiB, 97887 MiB, 100 %, 31 %, 352.78 W
2026/04/02 14:08:40.274, 96595 MiB, 97887 MiB, 100 %, 32 %, 350.01 W
2026/04/02 14:08:42.274, 96595 MiB, 97887 MiB, 100 %, 35 %, 351.75 W
2026/04/02 14:08:44.274, 96595 MiB, 97887 MiB, 100 %, 28 %, 350.38 W
2026/04/02 14:08:46.274, 96595 MiB, 97887 MiB, 100 %, 31 %, 361.75 W
2026/04/02 14:08:48.275, 96595 MiB, 97887 MiB, 100 %, 29 %, 350.06 W
2026/04/02 14:08:50.275, 96595 MiB, 97887 MiB, 100 %, 32 %, 326.19 W
2026/04/02 14:08:52.275, 96595 MiB, 97887 MiB, 100 %, 32 %, 349.92 W
2026/04/02 14:08:54.275, 96595 MiB, 97887 MiB, 100 %, 27 %, 344.74 W
2026/04/02 14:08:56.275, 96595 MiB, 97887 MiB, 61 %, 50 %, 285.04 W
2026/04/02 14:08:58.275, 96595 MiB, 97887 MiB, 14 %, 13 %, 321.49 W
2026/04/02 14:09:00.276, 96595 MiB, 97887 MiB, 100 %, 32 %, 364.58 W
2026/04/02 14:09:02.276, 96595 MiB, 97887 MiB, 100 %, 32 %, 350.56 W
2026/04/02 14:09:04.276, 96595 MiB, 97887 MiB, 100 %, 32 %, 349.91 W
2026/04/02 14:09:06.276, 96595 MiB, 97887 MiB, 100 %, 31 %, 349.93 W
2026/04/02 14:09:08.276, 96595 MiB, 97887 MiB, 100 %, 28 %, 306.36 W
2026/04/02 14:09:10.276, 96595 MiB, 97887 MiB, 100 %, 32 %, 349.97 W
2026/04/02 14:09:12.277, 96595 MiB, 97887 MiB, 100 %, 28 %, 350.05 W
2026/04/02 14:09:14.277, 96595 MiB, 97887 MiB, 100 %, 27 %, 349.97 W
2026/04/02 14:09:16.277, 96595 MiB, 97887 MiB, 100 %, 30 %, 350.46 W
2026/04/02 14:09:18.277, 96595 MiB, 97887 MiB, 100 %, 30 %, 349.99 W
2026/04/02 14:09:20.277, 96595 MiB, 97887 MiB, 100 %, 27 %, 349.14 W
2026/04/02 14:09:22.278, 96595 MiB, 97887 MiB, 100 %, 32 %, 349.98 W
2026/04/02 14:09:24.278, 96595 MiB, 97887 MiB, 100 %, 32 %, 350.00 W
2026/04/02 14:09:26.278, 96595 MiB, 97887 MiB, 100 %, 28 %, 349.93 W
2026/04/02 14:09:28.278, 96595 MiB, 97887 MiB, 90 %, 25 %, 352.44 W
2026/04/02 14:09:30.278, 96595 MiB, 97887 MiB, 100 %, 27 %, 350.01 W
2026/04/02 14:09:32.278, 96595 MiB, 97887 MiB, 14 %, 10 %, 333.96 W
2026/04/02 14:09:34.279, 96595 MiB, 97887 MiB, 100 %, 32 %, 350.05 W
2026/04/02 14:09:36.279, 96595 MiB, 97887 MiB, 100 %, 16 %, 349.92 W
2026/04/02 14:09:38.279, 96595 MiB, 97887 MiB, 100 %, 25 %, 347.95 W
2026/04/02 14:09:40.279, 96595 MiB, 97887 MiB, 0 %, 0 %, 339.01 W
2026/04/02 14:09:42.279, 96595 MiB, 97887 MiB, 0 %, 0 %, 294.20 W
2026/04/02 14:09:44.280, 96595 MiB, 97887 MiB, 100 %, 32 %, 349.90 W
2026/04/02 14:09:46.280, 96595 MiB, 97887 MiB, 100 %, 16 %, 350.13 W
2026/04/02 14:09:48.280, 96595 MiB, 97887 MiB, 100 %, 30 %, 349.96 W
2026/04/02 14:09:50.280, 96595 MiB, 97887 MiB, 100 %, 44 %, 349.97 W
2026/04/02 14:09:52.280, 96595 MiB, 97887 MiB, 100 %, 30 %, 349.13 W
2026/04/02 14:09:54.280, 96595 MiB, 97887 MiB, 100 %, 30 %, 349.89 W
2026/04/02 14:09:56.281, 96595 MiB, 97887 MiB, 100 %, 21 %, 348.42 W
2026/04/02 14:09:58.281, 96595 MiB, 97887 MiB, 100 %, 32 %, 350.64 W
2026/04/02 14:10:00.281, 96595 MiB, 97887 MiB, 100 %, 15 %, 350.37 W
2026/04/02 14:10:02.281, 96595 MiB, 97887 MiB, 100 %, 31 %, 349.91 W
2026/04/02 14:10:04.281, 96595 MiB, 97887 MiB, 100 %, 36 %, 349.70 W
2026/04/02 14:10:06.282, 96595 MiB, 97887 MiB, 100 %, 26 %, 350.03 W
2026/04/02 14:10:08.282, 96595 MiB, 97887 MiB, 100 %, 29 %, 350.37 W
2026/04/02 14:10:10.282, 96595 MiB, 97887 MiB, 100 %, 32 %, 349.95 W
2026/04/02 14:10:12.282, 96595 MiB, 97887 MiB, 100 %, 32 %, 349.83 W
2026/04/02 14:10:14.282, 96595 MiB, 97887 MiB, 100 %, 32 %, 349.92 W
2026/04/02 14:10:16.283, 96595 MiB, 97887 MiB, 100 %, 31 %, 350.11 W
2026/04/02 14:10:18.283, 96595 MiB, 97887 MiB, 100 %, 24 %, 350.06 W
2026/04/02 14:10:20.283, 96595 MiB, 97887 MiB, 100 %, 32 %, 350.66 W
2026/04/02 14:10:22.283, 96595 MiB, 97887 MiB, 100 %, 39 %, 349.39 W
2026/04/02 14:10:24.283, 96595 MiB, 97887 MiB, 59 %, 13 %, 279.70 W
2026/04/02 14:10:26.284, 96595 MiB, 97887 MiB, 99 %, 51 %, 341.08 W
2026/04/02 14:10:28.284, 96595 MiB, 97887 MiB, 100 %, 35 %, 293.18 W
2026/04/02 14:10:30.284, 96595 MiB, 97887 MiB, 92 %, 33 %, 276.01 W
2026/04/02 14:10:32.284, 96595 MiB, 97887 MiB, 100 %, 28 %, 349.85 W
2026/04/02 14:10:34.284, 96595 MiB, 97887 MiB, 99 %, 32 %, 349.78 W
2026/04/02 14:10:36.285, 96595 MiB, 97887 MiB, 100 %, 31 %, 349.94 W
2026/04/02 14:10:38.285, 96595 MiB, 97887 MiB, 100 %, 35 %, 349.89 W
2026/04/02 14:10:40.285, 96595 MiB, 97887 MiB, 100 %, 32 %, 349.98 W
2026/04/02 14:10:42.285, 96595 MiB, 97887 MiB, 100 %, 28 %, 349.83 W
2026/04/02 14:10:44.285, 96595 MiB, 97887 MiB, 100 %, 29 %, 350.00 W
2026/04/02 14:10:46.285, 96595 MiB, 97887 MiB, 100 %, 28 %, 349.95 W
2026/04/02 14:10:48.286, 96595 MiB, 97887 MiB, 100 %, 32 %, 351.51 W
2026/04/02 14:10:50.286, 96595 MiB, 97887 MiB, 100 %, 28 %, 350.02 W
2026/04/02 14:10:52.286, 96595 MiB, 97887 MiB, 100 %, 31 %, 348.09 W
2026/04/02 14:10:54.286, 96595 MiB, 97887 MiB, 100 %, 29 %, 350.08 W
2026/04/02 14:10:56.286, 96595 MiB, 97887 MiB, 100 %, 24 %, 350.18 W
2026/04/02 14:10:58.287, 96595 MiB, 97887 MiB, 100 %, 31 %, 349.78 W
2026/04/02 14:11:00.287, 96595 MiB, 97887 MiB, 100 %, 36 %, 350.23 W
2026/04/02 14:11:02.287, 96595 MiB, 97887 MiB, 100 %, 32 %, 349.93 W
2026/04/02 14:11:04.287, 96595 MiB, 97887 MiB, 100 %, 30 %, 303.93 W
2026/04/02 14:11:06.287, 96595 MiB, 97887 MiB, 100 %, 26 %, 349.97 W
2026/04/02 14:11:08.287, 96595 MiB, 97887 MiB, 100 %, 32 %, 349.32 W
2026/04/02 14:11:10.288, 96595 MiB, 97887 MiB, 100 %, 28 %, 349.98 W
2026/04/02 14:11:12.288, 96595 MiB, 97887 MiB, 100 %, 24 %, 349.94 W
2026/04/02 14:11:14.288, 96595 MiB, 97887 MiB, 100 %, 32 %, 350.08 W
2026/04/02 14:11:16.288, 96595 MiB, 97887 MiB, 100 %, 28 %, 349.99 W
2026/04/02 14:11:18.288, 96595 MiB, 97887 MiB, 100 %, 30 %, 350.00 W
2026/04/02 14:11:20.288, 96595 MiB, 97887 MiB, 100 %, 23 %, 349.92 W
2026/04/02 14:11:22.289, 96595 MiB, 97887 MiB, 100 %, 29 %, 349.93 W
2026/04/02 14:11:24.289, 96595 MiB, 97887 MiB, 100 %, 24 %, 349.71 W
2026/04/02 14:11:26.289, 96595 MiB, 97887 MiB, 100 %, 28 %, 350.08 W
2026/04/02 14:11:28.289, 96595 MiB, 97887 MiB, 100 %, 15 %, 350.60 W
2026/04/02 14:11:30.289, 96595 MiB, 97887 MiB, 100 %, 28 %, 350.10 W
2026/04/02 14:11:32.289, 96595 MiB, 97887 MiB, 100 %, 45 %, 349.89 W
2026/04/02 14:11:34.290, 96595 MiB, 97887 MiB, 100 %, 26 %, 349.97 W
2026/04/02 14:11:36.290, 96595 MiB, 97887 MiB, 100 %, 17 %, 350.00 W
2026/04/02 14:11:38.290, 96595 MiB, 97887 MiB, 100 %, 30 %, 350.01 W
2026/04/02 14:11:40.290, 96595 MiB, 97887 MiB, 100 %, 28 %, 349.99 W
2026/04/02 14:11:42.290, 96595 MiB, 97887 MiB, 100 %, 27 %, 369.62 W
2026/04/02 14:11:44.290, 96595 MiB, 97887 MiB, 100 %, 28 %, 350.42 W
2026/04/02 14:11:46.291, 96595 MiB, 97887 MiB, 100 %, 28 %, 350.12 W
2026/04/02 14:11:48.291, 96595 MiB, 97887 MiB, 100 %, 29 %, 349.90 W
2026/04/02 14:11:50.291, 96595 MiB, 97887 MiB, 100 %, 31 %, 349.92 W
2026/04/02 14:11:52.291, 96595 MiB, 97887 MiB, 100 %, 24 %, 350.06 W
2026/04/02 14:11:54.291, 96595 MiB, 97887 MiB, 100 %, 32 %, 350.63 W
2026/04/02 14:11:56.292, 96595 MiB, 97887 MiB, 100 %, 41 %, 349.99 W
2026/04/02 14:11:58.292, 96595 MiB, 97887 MiB, 100 %, 32 %, 350.07 W
2026/04/02 14:12:00.292, 96595 MiB, 97887 MiB, 100 %, 28 %, 350.05 W
2026/04/02 14:12:02.292, 96595 MiB, 97887 MiB, 86 %, 27 %, 307.61 W
2026/04/02 14:12:04.292, 96595 MiB, 97887 MiB, 100 %, 23 %, 349.91 W
2026/04/02 14:12:06.292, 96595 MiB, 97887 MiB, 100 %, 15 %, 350.10 W
2026/04/02 14:12:08.293, 96595 MiB, 97887 MiB, 100 %, 44 %, 349.71 W
2026/04/02 14:12:10.293, 96595 MiB, 97887 MiB, 99 %, 30 %, 349.68 W
2026/04/02 14:12:12.293, 96595 MiB, 97887 MiB, 100 %, 27 %, 349.72 W
2026/04/02 14:12:14.293, 96595 MiB, 97887 MiB, 100 %, 38 %, 349.88 W
2026/04/02 14:12:16.293, 96595 MiB, 97887 MiB, 100 %, 30 %, 350.00 W
2026/04/02 14:12:18.294, 96595 MiB, 97887 MiB, 100 %, 30 %, 349.90 W
2026/04/02 14:12:20.294, 96595 MiB, 97887 MiB, 100 %, 29 %, 350.11 W
2026/04/02 14:12:22.294, 96595 MiB, 97887 MiB, 100 %, 41 %, 349.95 W
2026/04/02 14:12:24.294, 96595 MiB, 97887 MiB, 100 %, 29 %, 349.98 W
2026/04/02 14:12:26.294, 96595 MiB, 97887 MiB, 100 %, 31 %, 349.98 W
2026/04/02 14:12:28.295, 96595 MiB, 97887 MiB, 100 %, 32 %, 350.02 W
2026/04/02 14:12:30.295, 96595 MiB, 97887 MiB, 100 %, 32 %, 350.03 W
2026/04/02 14:12:32.295, 96595 MiB, 97887 MiB, 100 %, 24 %, 350.06 W
2026/04/02 14:12:34.295, 96595 MiB, 97887 MiB, 100 %, 28 %, 350.06 W
2026/04/02 14:12:36.295, 96595 MiB, 97887 MiB, 100 %, 25 %, 343.83 W
2026/04/02 14:12:38.295, 96595 MiB, 97887 MiB, 12 %, 11 %, 336.39 W
2026/04/02 14:12:40.296, 96595 MiB, 97887 MiB, 54 %, 49 %, 341.69 W
2026/04/02 14:12:42.296, 96595 MiB, 97887 MiB, 100 %, 32 %, 304.60 W
2026/04/02 14:12:44.296, 96595 MiB, 97887 MiB, 100 %, 27 %, 350.00 W
2026/04/02 14:12:46.296, 96595 MiB, 97887 MiB, 100 %, 27 %, 350.02 W
2026/04/02 14:12:48.296, 96595 MiB, 97887 MiB, 100 %, 32 %, 349.97 W
2026/04/02 14:12:50.296, 96595 MiB, 97887 MiB, 100 %, 28 %, 349.94 W
2026/04/02 14:12:52.297, 96595 MiB, 97887 MiB, 100 %, 29 %, 349.97 W
2026/04/02 14:12:54.297, 96595 MiB, 97887 MiB, 97 %, 31 %, 351.41 W
2026/04/02 14:12:56.297, 96595 MiB, 97887 MiB, 100 %, 26 %, 350.01 W
2026/04/02 14:12:58.297, 96595 MiB, 97887 MiB, 99 %, 69 %, 350.39 W
2026/04/02 14:13:00.297, 96695 MiB, 97887 MiB, 99 %, 69 %, 349.98 W
2026/04/02 14:13:02.298, 96695 MiB, 97887 MiB, 99 %, 66 %, 349.98 W
2026/04/02 14:13:04.298, 96695 MiB, 97887 MiB, 99 %, 66 %, 349.99 W
2026/04/02 14:13:06.298, 96695 MiB, 97887 MiB, 99 %, 65 %, 349.99 W
2026/04/02 14:13:08.298, 96695 MiB, 97887 MiB, 99 %, 64 %, 349.99 W
2026/04/02 14:13:10.299, 96695 MiB, 97887 MiB, 99 %, 64 %, 349.97 W
2026/04/02 14:13:12.299, 96695 MiB, 97887 MiB, 99 %, 64 %, 349.93 W
2026/04/02 14:13:14.299, 96695 MiB, 97887 MiB, 99 %, 63 %, 350.05 W
2026/04/02 14:13:16.299, 96695 MiB, 97887 MiB, 99 %, 61 %, 349.89 W
2026/04/02 14:13:18.299, 96695 MiB, 97887 MiB, 99 %, 61 %, 350.09 W
2026/04/02 14:13:20.300, 96695 MiB, 97887 MiB, 99 %, 60 %, 349.93 W
2026/04/02 14:13:22.300, 96695 MiB, 97887 MiB, 99 %, 60 %, 350.00 W
2026/04/02 14:13:24.300, 96695 MiB, 97887 MiB, 99 %, 59 %, 350.04 W
2026/04/02 14:13:26.300, 96695 MiB, 97887 MiB, 99 %, 60 %, 349.98 W
2026/04/02 14:13:28.300, 96695 MiB, 97887 MiB, 99 %, 59 %, 350.08 W
2026/04/02 14:13:30.301, 96695 MiB, 97887 MiB, 99 %, 60 %, 349.98 W
2026/04/02 14:13:32.301, 96695 MiB, 97887 MiB, 99 %, 59 %, 349.86 W
2026/04/02 14:13:34.301, 96695 MiB, 97887 MiB, 99 %, 59 %, 350.08 W
2026/04/02 14:13:36.301, 96695 MiB, 97887 MiB, 98 %, 59 %, 350.02 W
2026/04/02 14:13:38.301, 96775 MiB, 97887 MiB, 98 %, 58 %, 349.90 W
2026/04/02 14:13:40.302, 96775 MiB, 97887 MiB, 98 %, 59 %, 349.98 W
2026/04/02 14:13:42.302, 96775 MiB, 97887 MiB, 99 %, 58 %, 350.00 W
2026/04/02 14:13:44.302, 96775 MiB, 97887 MiB, 99 %, 58 %, 350.02 W
2026/04/02 14:13:46.302, 96775 MiB, 97887 MiB, 99 %, 58 %, 349.88 W
2026/04/02 14:13:48.302, 96775 MiB, 97887 MiB, 99 %, 58 %, 349.90 W
2026/04/02 14:13:50.303, 96775 MiB, 97887 MiB, 98 %, 58 %, 349.99 W
2026/04/02 14:13:52.303, 96775 MiB, 97887 MiB, 98 %, 57 %, 349.98 W
2026/04/02 14:13:54.303, 96775 MiB, 97887 MiB, 98 %, 57 %, 350.04 W
2026/04/02 14:13:56.303, 96775 MiB, 97887 MiB, 98 %, 57 %, 349.90 W
2026/04/02 14:13:58.303, 96775 MiB, 97887 MiB, 98 %, 57 %, 350.04 W
2026/04/02 14:14:00.303, 96775 MiB, 97887 MiB, 98 %, 57 %, 349.90 W
2026/04/02 14:14:02.304, 96775 MiB, 97887 MiB, 98 %, 54 %, 349.98 W
2026/04/02 14:14:04.304, 96775 MiB, 97887 MiB, 98 %, 54 %, 350.01 W
2026/04/02 14:14:06.304, 96775 MiB, 97887 MiB, 98 %, 53 %, 350.01 W
2026/04/02 14:14:08.304, 96775 MiB, 97887 MiB, 98 %, 53 %, 349.92 W
2026/04/02 14:14:10.305, 96775 MiB, 97887 MiB, 98 %, 54 %, 349.94 W
2026/04/02 14:14:12.305, 96775 MiB, 97887 MiB, 98 %, 54 %, 350.02 W
2026/04/02 14:14:14.305, 96775 MiB, 97887 MiB, 98 %, 54 %, 349.95 W
2026/04/02 14:14:16.305, 96775 MiB, 97887 MiB, 98 %, 54 %, 350.13 W
2026/04/02 14:14:18.305, 96775 MiB, 97887 MiB, 98 %, 54 %, 350.04 W
2026/04/02 14:14:20.306, 96775 MiB, 97887 MiB, 98 %, 54 %, 349.99 W
2026/04/02 14:14:22.306, 96775 MiB, 97887 MiB, 98 %, 54 %, 349.96 W
2026/04/02 14:14:24.306, 96775 MiB, 97887 MiB, 98 %, 53 %, 349.99 W
2026/04/02 14:14:26.306, 96775 MiB, 97887 MiB, 98 %, 53 %, 350.04 W
2026/04/02 14:14:28.306, 96775 MiB, 97887 MiB, 98 %, 54 %, 349.99 W
2026/04/02 14:14:30.307, 96775 MiB, 97887 MiB, 98 %, 54 %, 349.98 W
2026/04/02 14:14:32.307, 96775 MiB, 97887 MiB, 98 %, 54 %, 349.97 W
2026/04/02 14:14:34.307, 96775 MiB, 97887 MiB, 98 %, 54 %, 350.00 W
2026/04/02 14:14:36.307, 96775 MiB, 97887 MiB, 98 %, 54 %, 349.87 W
2026/04/02 14:14:38.307, 96775 MiB, 97887 MiB, 98 %, 53 %, 349.97 W
2026/04/02 14:14:40.307, 96775 MiB, 97887 MiB, 98 %, 53 %, 349.99 W
2026/04/02 14:14:42.308, 96775 MiB, 97887 MiB, 98 %, 53 %, 349.99 W
2026/04/02 14:14:44.308, 96775 MiB, 97887 MiB, 98 %, 53 %, 349.99 W
2026/04/02 14:14:46.308, 96775 MiB, 97887 MiB, 98 %, 53 %, 349.94 W
2026/04/02 14:14:48.308, 96775 MiB, 97887 MiB, 98 %, 53 %, 350.03 W
2026/04/02 14:14:50.308, 96775 MiB, 97887 MiB, 98 %, 53 %, 349.98 W
2026/04/02 14:14:52.309, 96775 MiB, 97887 MiB, 98 %, 53 %, 350.01 W
2026/04/02 14:14:54.309, 96775 MiB, 97887 MiB, 98 %, 53 %, 350.00 W
2026/04/02 14:14:56.309, 96775 MiB, 97887 MiB, 98 %, 53 %, 350.03 W
2026/04/02 14:14:58.309, 96775 MiB, 97887 MiB, 98 %, 53 %, 349.90 W
2026/04/02 14:15:00.309, 96775 MiB, 97887 MiB, 98 %, 53 %, 350.00 W
2026/04/02 14:15:02.310, 96775 MiB, 97887 MiB, 98 %, 53 %, 350.00 W
2026/04/02 14:15:04.310, 96775 MiB, 97887 MiB, 98 %, 53 %, 350.04 W
2026/04/02 14:15:06.310, 96775 MiB, 97887 MiB, 98 %, 53 %, 350.02 W
2026/04/02 14:15:08.310, 96775 MiB, 97887 MiB, 98 %, 53 %, 349.92 W
2026/04/02 14:15:10.311, 96775 MiB, 97887 MiB, 98 %, 52 %, 349.86 W
2026/04/02 14:15:12.311, 96775 MiB, 97887 MiB, 98 %, 53 %, 350.02 W
2026/04/02 14:15:14.311, 96775 MiB, 97887 MiB, 98 %, 53 %, 350.11 W
2026/04/02 14:15:16.311, 96775 MiB, 97887 MiB, 98 %, 52 %, 349.85 W
2026/04/02 14:15:18.311, 96775 MiB, 97887 MiB, 98 %, 52 %, 349.97 W
2026/04/02 14:15:20.312, 96775 MiB, 97887 MiB, 98 %, 53 %, 349.99 W
2026/04/02 14:15:22.312, 96775 MiB, 97887 MiB, 98 %, 52 %, 349.97 W
2026/04/02 14:15:24.312, 96775 MiB, 97887 MiB, 98 %, 52 %, 349.97 W
2026/04/02 14:15:26.312, 96775 MiB, 97887 MiB, 98 %, 53 %, 349.94 W
2026/04/02 14:15:28.312, 96775 MiB, 97887 MiB, 98 %, 52 %, 349.95 W
2026/04/02 14:15:30.313, 96775 MiB, 97887 MiB, 98 %, 52 %, 349.98 W
2026/04/02 14:15:32.313, 96775 MiB, 97887 MiB, 98 %, 52 %, 349.92 W
2026/04/02 14:15:34.313, 96775 MiB, 97887 MiB, 98 %, 52 %, 349.99 W
2026/04/02 14:15:36.313, 96775 MiB, 97887 MiB, 98 %, 52 %, 349.99 W
2026/04/02 14:15:38.314, 96775 MiB, 97887 MiB, 98 %, 53 %, 349.95 W
2026/04/02 14:15:40.314, 96775 MiB, 97887 MiB, 98 %, 53 %, 350.01 W
2026/04/02 14:15:42.314, 96775 MiB, 97887 MiB, 98 %, 52 %, 350.08 W
2026/04/02 14:15:44.314, 96775 MiB, 97887 MiB, 98 %, 52 %, 350.07 W
2026/04/02 14:15:46.314, 96775 MiB, 97887 MiB, 98 %, 52 %, 349.91 W
2026/04/02 14:15:48.315, 96775 MiB, 97887 MiB, 98 %, 53 %, 349.92 W
2026/04/02 14:15:50.315, 96775 MiB, 97887 MiB, 98 %, 53 %, 349.99 W
2026/04/02 14:15:52.315, 96775 MiB, 97887 MiB, 98 %, 52 %, 349.94 W
2026/04/02 14:15:54.315, 96775 MiB, 97887 MiB, 98 %, 52 %, 350.02 W
2026/04/02 14:15:56.315, 96775 MiB, 97887 MiB, 98 %, 60 %, 349.83 W
2026/04/02 14:15:58.316, 96775 MiB, 97887 MiB, 98 %, 59 %, 349.93 W
2026/04/02 14:16:00.316, 96795 MiB, 97887 MiB, 97 %, 59 %, 350.04 W
2026/04/02 14:16:02.316, 96795 MiB, 97887 MiB, 97 %, 59 %, 350.04 W
2026/04/02 14:16:04.316, 96795 MiB, 97887 MiB, 98 %, 59 %, 349.92 W
2026/04/02 14:16:06.317, 96795 MiB, 97887 MiB, 97 %, 58 %, 350.04 W
2026/04/02 14:16:08.317, 96795 MiB, 97887 MiB, 97 %, 59 %, 350.07 W
2026/04/02 14:16:10.317, 96795 MiB, 97887 MiB, 97 %, 59 %, 349.97 W
2026/04/02 14:16:12.317, 96795 MiB, 97887 MiB, 97 %, 58 %, 350.08 W
2026/04/02 14:16:14.317, 96795 MiB, 97887 MiB, 97 %, 59 %, 350.06 W
2026/04/02 14:16:16.318, 96795 MiB, 97887 MiB, 97 %, 58 %, 350.01 W
2026/04/02 14:16:18.318, 96795 MiB, 97887 MiB, 98 %, 59 %, 350.04 W
2026/04/02 14:16:20.318, 96795 MiB, 97887 MiB, 97 %, 58 %, 350.00 W
2026/04/02 14:16:22.318, 96795 MiB, 97887 MiB, 97 %, 58 %, 350.14 W
2026/04/02 14:16:24.318, 96795 MiB, 97887 MiB, 97 %, 58 %, 349.93 W
2026/04/02 14:16:26.319, 96795 MiB, 97887 MiB, 97 %, 58 %, 349.93 W
2026/04/02 14:16:28.319, 96795 MiB, 97887 MiB, 97 %, 58 %, 350.03 W
2026/04/02 14:16:30.319, 96795 MiB, 97887 MiB, 97 %, 58 %, 349.94 W
2026/04/02 14:16:32.319, 96795 MiB, 97887 MiB, 97 %, 58 %, 349.98 W
2026/04/02 14:16:34.320, 96795 MiB, 97887 MiB, 97 %, 58 %, 349.94 W
2026/04/02 14:16:36.320, 96795 MiB, 97887 MiB, 97 %, 58 %, 350.00 W
2026/04/02 14:16:38.320, 96795 MiB, 97887 MiB, 98 %, 58 %, 349.89 W
2026/04/02 14:16:40.320, 96795 MiB, 97887 MiB, 97 %, 58 %, 349.87 W
2026/04/02 14:16:42.320, 96795 MiB, 97887 MiB, 97 %, 58 %, 350.18 W
2026/04/02 14:16:44.320, 96795 MiB, 97887 MiB, 97 %, 58 %, 350.07 W
2026/04/02 14:16:46.321, 96795 MiB, 97887 MiB, 98 %, 58 %, 349.99 W
2026/04/02 14:16:48.321, 96795 MiB, 97887 MiB, 98 %, 58 %, 350.05 W
2026/04/02 14:16:50.321, 96795 MiB, 97887 MiB, 97 %, 56 %, 349.80 W
2026/04/02 14:16:52.321, 96795 MiB, 97887 MiB, 97 %, 57 %, 349.96 W
2026/04/02 14:16:54.321, 96795 MiB, 97887 MiB, 97 %, 57 %, 350.03 W
2026/04/02 14:16:56.322, 96795 MiB, 97887 MiB, 97 %, 56 %, 349.84 W
2026/04/02 14:16:58.322, 96795 MiB, 97887 MiB, 97 %, 56 %, 350.01 W
2026/04/02 14:17:00.322, 96795 MiB, 97887 MiB, 97 %, 56 %, 349.92 W
2026/04/02 14:17:02.322, 96795 MiB, 97887 MiB, 97 %, 56 %, 349.98 W
2026/04/02 14:17:04.323, 96795 MiB, 97887 MiB, 97 %, 56 %, 350.00 W
2026/04/02 14:17:06.323, 96795 MiB, 97887 MiB, 96 %, 56 %, 349.99 W
2026/04/02 14:17:08.323, 96795 MiB, 97887 MiB, 98 %, 55 %, 349.61 W
2026/04/02 14:17:10.323, 96795 MiB, 97887 MiB, 97 %, 55 %, 349.99 W
2026/04/02 14:17:12.323, 96795 MiB, 97887 MiB, 97 %, 55 %, 349.87 W
2026/04/02 14:17:14.324, 96795 MiB, 97887 MiB, 97 %, 56 %, 350.11 W
2026/04/02 14:17:16.324, 96795 MiB, 97887 MiB, 97 %, 55 %, 350.07 W
2026/04/02 14:17:18.324, 96795 MiB, 97887 MiB, 98 %, 55 %, 350.02 W
2026/04/02 14:17:20.324, 96795 MiB, 97887 MiB, 98 %, 55 %, 349.88 W
2026/04/02 14:17:22.324, 96795 MiB, 97887 MiB, 97 %, 56 %, 350.16 W
2026/04/02 14:17:24.325, 96795 MiB, 97887 MiB, 98 %, 55 %, 350.00 W
2026/04/02 14:17:26.325, 96795 MiB, 97887 MiB, 97 %, 55 %, 349.97 W
2026/04/02 14:17:28.325, 96795 MiB, 97887 MiB, 97 %, 55 %, 350.06 W
2026/04/02 14:17:30.325, 96795 MiB, 97887 MiB, 97 %, 55 %, 349.83 W
2026/04/02 14:17:32.326, 96795 MiB, 97887 MiB, 98 %, 55 %, 350.04 W
2026/04/02 14:17:34.326, 96795 MiB, 97887 MiB, 97 %, 55 %, 350.09 W
2026/04/02 14:17:36.326, 96795 MiB, 97887 MiB, 97 %, 55 %, 349.93 W
2026/04/02 14:17:38.326, 96795 MiB, 97887 MiB, 97 %, 55 %, 350.09 W
2026/04/02 14:17:40.327, 96795 MiB, 97887 MiB, 97 %, 55 %, 350.16 W
2026/04/02 14:17:42.327, 96795 MiB, 97887 MiB, 98 %, 55 %, 349.99 W
2026/04/02 14:17:44.327, 96795 MiB, 97887 MiB, 97 %, 54 %, 349.92 W
2026/04/02 14:17:46.327, 96795 MiB, 97887 MiB, 97 %, 55 %, 349.90 W
2026/04/02 14:17:48.328, 96795 MiB, 97887 MiB, 96 %, 55 %, 350.01 W
2026/04/02 14:17:50.328, 96795 MiB, 97887 MiB, 96 %, 55 %, 350.15 W
2026/04/02 14:17:52.328, 96795 MiB, 97887 MiB, 96 %, 54 %, 349.96 W
2026/04/02 14:17:54.328, 96795 MiB, 97887 MiB, 96 %, 53 %, 349.69 W
2026/04/02 14:17:56.329, 96795 MiB, 97887 MiB, 94 %, 53 %, 349.80 W
2026/04/02 14:17:58.329, 96795 MiB, 97887 MiB, 97 %, 54 %, 350.25 W
2026/04/02 14:18:00.329, 96795 MiB, 97887 MiB, 97 %, 54 %, 349.85 W
2026/04/02 14:18:02.329, 96795 MiB, 97887 MiB, 96 %, 54 %, 350.03 W
2026/04/02 14:18:04.330, 96795 MiB, 97887 MiB, 96 %, 54 %, 349.81 W
2026/04/02 14:18:06.330, 96795 MiB, 97887 MiB, 96 %, 54 %, 349.96 W
2026/04/02 14:18:08.330, 96795 MiB, 97887 MiB, 96 %, 54 %, 350.04 W
2026/04/02 14:18:10.330, 96795 MiB, 97887 MiB, 97 %, 54 %, 350.15 W
2026/04/02 14:18:12.330, 96795 MiB, 97887 MiB, 96 %, 54 %, 350.03 W
2026/04/02 14:18:14.331, 96795 MiB, 97887 MiB, 97 %, 54 %, 350.22 W
2026/04/02 14:18:16.331, 96795 MiB, 97887 MiB, 97 %, 53 %, 349.89 W
2026/04/02 14:18:18.331, 96795 MiB, 97887 MiB, 97 %, 53 %, 349.81 W
2026/04/02 14:18:20.331, 96795 MiB, 97887 MiB, 96 %, 54 %, 350.17 W
2026/04/02 14:18:22.331, 96795 MiB, 97887 MiB, 97 %, 53 %, 349.84 W
2026/04/02 14:18:24.332, 96795 MiB, 97887 MiB, 96 %, 53 %, 349.80 W
2026/04/02 14:18:26.332, 96795 MiB, 97887 MiB, 97 %, 52 %, 349.83 W
2026/04/02 14:18:28.332, 96795 MiB, 97887 MiB, 97 %, 52 %, 349.96 W
2026/04/02 14:18:30.332, 96795 MiB, 97887 MiB, 96 %, 51 %, 349.74 W
2026/04/02 14:18:32.332, 96795 MiB, 97887 MiB, 97 %, 51 %, 350.03 W
2026/04/02 14:18:34.333, 96795 MiB, 97887 MiB, 97 %, 51 %, 349.89 W
2026/04/02 14:18:36.333, 96795 MiB, 97887 MiB, 97 %, 51 %, 350.08 W
2026/04/02 14:18:38.333, 96795 MiB, 97887 MiB, 97 %, 51 %, 349.86 W
2026/04/02 14:18:40.333, 96795 MiB, 97887 MiB, 96 %, 51 %, 350.03 W
2026/04/02 14:18:42.333, 96795 MiB, 97887 MiB, 97 %, 51 %, 350.06 W
2026/04/02 14:18:44.334, 96795 MiB, 97887 MiB, 96 %, 50 %, 349.91 W
2026/04/02 14:18:46.334, 96795 MiB, 97887 MiB, 96 %, 51 %, 349.92 W
2026/04/02 14:18:48.334, 96795 MiB, 97887 MiB, 96 %, 51 %, 350.03 W
2026/04/02 14:18:50.334, 96795 MiB, 97887 MiB, 96 %, 51 %, 349.84 W
2026/04/02 14:18:52.335, 96795 MiB, 97887 MiB, 97 %, 51 %, 350.07 W
2026/04/02 14:18:54.335, 96815 MiB, 97887 MiB, 96 %, 56 %, 351.73 W
2026/04/02 14:18:56.335, 96815 MiB, 97887 MiB, 97 %, 56 %, 349.89 W
2026/04/02 14:18:58.335, 96815 MiB, 97887 MiB, 96 %, 56 %, 349.98 W
2026/04/02 14:19:00.336, 96815 MiB, 97887 MiB, 96 %, 56 %, 350.03 W
2026/04/02 14:19:02.336, 96815 MiB, 97887 MiB, 97 %, 56 %, 350.05 W
2026/04/02 14:19:04.336, 96815 MiB, 97887 MiB, 0 %, 0 %, 227.27 W
2026/04/02 14:19:06.337, 0 MiB, 97887 MiB, 0 %, 0 %, 158.10 W
2026/04/02 14:19:08.337, 3 MiB, 97887 MiB, 0 %, 0 %, 79.67 W
2026/04/02 14:19:10.338, 3 MiB, 97887 MiB, 0 %, 0 %, 76.70 W
2026/04/02 14:19:12.338, 3 MiB, 97887 MiB, 0 %, 0 %, 68.34 W
2026/04/02 14:19:14.339, 3 MiB, 97887 MiB, 0 %, 0 %, 36.09 W
2026/04/02 14:19:16.339, 559 MiB, 97887 MiB, 0 %, 0 %, 75.65 W
2026/04/02 14:19:18.339, 6515 MiB, 97887 MiB, 13 %, 1 %, 128.23 W
2026/04/02 14:19:20.340, 75945 MiB, 97887 MiB, 25 %, 12 %, 139.09 W
2026/04/02 14:19:22.341, 0 MiB, 97887 MiB, 0 %, 0 %, 148.14 W
2026/04/02 14:19:24.341, 0 MiB, 97887 MiB, 0 %, 0 %, 75.34 W
2026/04/02 14:19:26.342, 0 MiB, 97887 MiB, 0 %, 0 %, 71.26 W
2026/04/02 14:19:28.343, 0 MiB, 97887 MiB, 0 %, 0 %, 47.41 W
2026/04/02 14:19:30.344, 0 MiB, 97887 MiB, 0 %, 0 %, 32.89 W
2026/04/02 14:19:32.345, 0 MiB, 97887 MiB, 0 %, 0 %, 30.93 W
2026/04/02 14:19:34.346, 0 MiB, 97887 MiB, 0 %, 0 %, 30.38 W
2026/04/02 14:19:36.346, 0 MiB, 97887 MiB, 0 %, 0 %, 29.67 W
2026/04/02 14:19:38.347, 0 MiB, 97887 MiB, 0 %, 0 %, 29.79 W
2026/04/02 14:19:40.347, 0 MiB, 97887 MiB, 0 %, 0 %, 30.52 W
2026/04/02 14:19:42.348, 0 MiB, 97887 MiB, 0 %, 0 %, 30.13 W
2026/04/02 14:19:44.348, 3 MiB, 97887 MiB, 0 %, 0 %, 35.65 W
2026/04/02 14:19:46.348, 3 MiB, 97887 MiB, 0 %, 0 %, 29.25 W
2026/04/02 14:19:48.349, 3 MiB, 97887 MiB, 0 %, 0 %, 29.51 W
2026/04/02 14:19:50.349, 559 MiB, 97887 MiB, 0 %, 0 %, 29.25 W
2026/04/02 14:19:52.349, 73047 MiB, 97887 MiB, 1 %, 0 %, 146.00 W
2026/04/02 14:19:54.350, 0 MiB, 97887 MiB, 0 %, 0 %, 141.67 W
2026/04/02 14:19:56.350, 0 MiB, 97887 MiB, 0 %, 0 %, 98.05 W
2026/04/02 14:19:58.351, 0 MiB, 97887 MiB, 0 %, 0 %, 65.98 W
2026/04/02 14:20:00.351, 0 MiB, 97887 MiB, 0 %, 0 %, 46.63 W
2026/04/02 14:20:02.352, 0 MiB, 97887 MiB, 0 %, 0 %, 27.88 W
2026/04/02 14:20:04.353, 0 MiB, 97887 MiB, 0 %, 0 %, 27.59 W
2026/04/02 14:20:06.354, 0 MiB, 97887 MiB, 0 %, 0 %, 27.46 W
2026/04/02 14:20:08.354, 0 MiB, 97887 MiB, 0 %, 0 %, 27.53 W
2026/04/02 14:20:10.355, 0 MiB, 97887 MiB, 0 %, 0 %, 27.46 W
2026/04/02 14:20:12.356, 0 MiB, 97887 MiB, 0 %, 0 %, 27.21 W
2026/04/02 14:20:14.356, 0 MiB, 97887 MiB, 0 %, 0 %, 27.18 W
2026/04/02 14:20:16.357, 0 MiB, 97887 MiB, 0 %, 0 %, 27.11 W
2026/04/02 14:20:18.358, 0 MiB, 97887 MiB, 0 %, 0 %, 27.67 W
2026/04/02 14:20:20.359, 0 MiB, 97887 MiB, 0 %, 0 %, 26.85 W
2026/04/02 14:20:22.360, 0 MiB, 97887 MiB, 0 %, 0 %, 26.64 W
2026/04/02 14:20:24.361, 0 MiB, 97887 MiB, 0 %, 0 %, 26.56 W
2026/04/02 14:20:26.361, 0 MiB, 97887 MiB, 0 %, 0 %, 26.78 W
2026/04/02 14:20:28.362, 0 MiB, 97887 MiB, 0 %, 0 %, 26.67 W
2026/04/02 14:20:30.363, 0 MiB, 97887 MiB, 0 %, 0 %, 26.35 W
2026/04/02 14:20:32.364, 0 MiB, 97887 MiB, 0 %, 0 %, 26.42 W
2026/04/02 14:20:34.365, 0 MiB, 97887 MiB, 0 %, 0 %, 26.25 W
2026/04/02 14:20:36.365, 0 MiB, 97887 MiB, 0 %, 0 %, 25.97 W
2026/04/02 14:20:38.366, 0 MiB, 97887 MiB, 0 %, 0 %, 26.40 W
2026/04/02 14:20:40.367, 3 MiB, 97887 MiB, 0 %, 0 %, 27.31 W
2026/04/02 14:20:42.367, 3 MiB, 97887 MiB, 0 %, 0 %, 26.32 W
2026/04/02 14:20:44.368, 3 MiB, 97887 MiB, 0 %, 0 %, 26.03 W
2026/04/02 14:20:46.368, 3 MiB, 97887 MiB, 0 %, 0 %, 26.02 W
2026/04/02 14:20:48.368, 3 MiB, 97887 MiB, 0 %, 0 %, 25.51 W
2026/04/02 14:20:50.369, 3 MiB, 97887 MiB, 0 %, 0 %, 26.34 W
2026/04/02 14:20:52.369, 559 MiB, 97887 MiB, 0 %, 0 %, 39.81 W
2026/04/02 14:20:54.369, 3 MiB, 97887 MiB, 0 %, 0 %, 153.54 W
2026/04/02 14:20:56.370, 3 MiB, 97887 MiB, 0 %, 0 %, 126.77 W
2026/04/02 14:20:58.371, 3 MiB, 97887 MiB, 0 %, 0 %, 76.50 W
2026/04/02 14:21:00.372, 3 MiB, 97887 MiB, 0 %, 0 %, 65.89 W
2026/04/02 14:21:02.372, 3 MiB, 97887 MiB, 0 %, 0 %, 53.53 W
2026/04/02 14:21:04.373, 3 MiB, 97887 MiB, 0 %, 0 %, 28.89 W
2026/04/02 14:21:06.374, 3 MiB, 97887 MiB, 0 %, 0 %, 25.28 W
2026/04/02 14:21:08.375, 3 MiB, 97887 MiB, 0 %, 0 %, 25.30 W
2026/04/02 14:21:10.375, 3 MiB, 97887 MiB, 0 %, 0 %, 25.47 W
2026/04/02 14:21:12.376, 3 MiB, 97887 MiB, 0 %, 0 %, 25.61 W
2026/04/02 14:21:14.376, 3 MiB, 97887 MiB, 0 %, 0 %, 25.62 W
2026/04/02 14:21:16.377, 3 MiB, 97887 MiB, 0 %, 0 %, 25.12 W
2026/04/02 14:21:18.378, 3 MiB, 97887 MiB, 0 %, 0 %, 25.17 W
2026/04/02 14:21:20.379, 3 MiB, 97887 MiB, 0 %, 0 %, 25.21 W
2026/04/02 14:21:22.379, 3 MiB, 97887 MiB, 0 %, 0 %, 25.15 W
2026/04/02 14:21:24.380, 3 MiB, 97887 MiB, 0 %, 0 %, 25.32 W
2026/04/02 14:21:26.381, 3 MiB, 97887 MiB, 0 %, 0 %, 25.17 W
2026/04/02 14:21:28.381, 3 MiB, 97887 MiB, 0 %, 0 %, 24.96 W
2026/04/02 14:21:30.382, 3 MiB, 97887 MiB, 0 %, 0 %, 24.69 W
2026/04/02 14:21:32.383, 3 MiB, 97887 MiB, 0 %, 0 %, 24.58 W
2026/04/02 14:21:34.383, 3 MiB, 97887 MiB, 0 %, 0 %, 24.52 W
2026/04/02 14:21:36.384, 3 MiB, 97887 MiB, 0 %, 0 %, 24.46 W
2026/04/02 14:21:38.384, 3 MiB, 97887 MiB, 0 %, 0 %, 24.49 W
2026/04/02 14:21:40.384, 3 MiB, 97887 MiB, 0 %, 0 %, 24.45 W
2026/04/02 14:21:42.385, 3 MiB, 97887 MiB, 0 %, 0 %, 24.72 W
2026/04/02 14:21:44.385, 559 MiB, 97887 MiB, 0 %, 0 %, 37.12 W
2026/04/02 14:21:46.385, 73045 MiB, 97887 MiB, 24 %, 12 %, 152.06 W
2026/04/02 14:21:48.386, 3 MiB, 97887 MiB, 0 %, 0 %, 130.02 W
2026/04/02 14:21:50.387, 3 MiB, 97887 MiB, 0 %, 0 %, 87.90 W
2026/04/02 14:21:52.388, 3 MiB, 97887 MiB, 0 %, 0 %, 61.60 W
2026/04/02 14:21:54.388, 3 MiB, 97887 MiB, 0 %, 0 %, 33.98 W
2026/04/02 14:21:56.389, 3 MiB, 97887 MiB, 0 %, 0 %, 24.71 W
2026/04/02 14:21:58.389, 3 MiB, 97887 MiB, 0 %, 0 %, 24.62 W
2026/04/02 14:22:00.390, 3 MiB, 97887 MiB, 0 %, 0 %, 24.71 W
2026/04/02 14:22:02.390, 3 MiB, 97887 MiB, 0 %, 0 %, 24.82 W
2026/04/02 14:22:04.391, 3 MiB, 97887 MiB, 0 %, 0 %, 24.62 W
2026/04/02 14:22:06.392, 3 MiB, 97887 MiB, 0 %, 0 %, 24.67 W
2026/04/02 14:22:08.392, 3 MiB, 97887 MiB, 0 %, 0 %, 24.92 W
2026/04/02 14:22:10.393, 3 MiB, 97887 MiB, 0 %, 0 %, 24.86 W
2026/04/02 14:22:12.394, 3 MiB, 97887 MiB, 0 %, 0 %, 24.48 W
2026/04/02 14:22:14.394, 3 MiB, 97887 MiB, 0 %, 0 %, 24.43 W
2026/04/02 14:22:16.395, 3 MiB, 97887 MiB, 0 %, 0 %, 24.51 W
2026/04/02 14:22:18.396, 3 MiB, 97887 MiB, 0 %, 0 %, 24.42 W
2026/04/02 14:22:20.397, 3 MiB, 97887 MiB, 0 %, 0 %, 24.17 W
2026/04/02 14:22:22.398, 3 MiB, 97887 MiB, 0 %, 0 %, 24.41 W
2026/04/02 14:22:24.399, 3 MiB, 97887 MiB, 0 %, 0 %, 23.81 W
2026/04/02 14:22:26.399, 3 MiB, 97887 MiB, 0 %, 0 %, 24.01 W
2026/04/02 14:22:28.400, 3 MiB, 97887 MiB, 0 %, 0 %, 24.01 W
2026/04/02 14:22:30.401, 3 MiB, 97887 MiB, 0 %, 0 %, 23.80 W
2026/04/02 14:22:32.402, 3 MiB, 97887 MiB, 0 %, 0 %, 23.76 W
2026/04/02 14:22:34.403, 3 MiB, 97887 MiB, 0 %, 0 %, 23.98 W
2026/04/02 14:22:36.404, 3 MiB, 97887 MiB, 0 %, 0 %, 23.96 W
2026/04/02 14:22:38.404, 3 MiB, 97887 MiB, 0 %, 0 %, 23.94 W
2026/04/02 14:22:40.405, 3 MiB, 97887 MiB, 0 %, 0 %, 24.03 W
2026/04/02 14:22:42.406, 3 MiB, 97887 MiB, 0 %, 0 %, 24.04 W
2026/04/02 14:22:44.407, 3 MiB, 97887 MiB, 0 %, 0 %, 24.03 W
2026/04/02 14:22:46.408, 3 MiB, 97887 MiB, 0 %, 0 %, 24.12 W
2026/04/02 14:22:48.409, 3 MiB, 97887 MiB, 0 %, 0 %, 24.01 W
2026/04/02 14:22:50.409, 3 MiB, 97887 MiB, 0 %, 0 %, 23.96 W
2026/04/02 14:22:52.410, 3 MiB, 97887 MiB, 0 %, 0 %, 23.76 W
2026/04/02 14:22:54.411, 3 MiB, 97887 MiB, 0 %, 0 %, 23.99 W
2026/04/02 14:22:56.412, 3 MiB, 97887 MiB, 0 %, 0 %, 24.13 W
2026/04/02 14:22:58.413, 3 MiB, 97887 MiB, 0 %, 0 %, 24.12 W
2026/04/02 14:23:00.413, 3 MiB, 97887 MiB, 0 %, 0 %, 24.08 W
2026/04/02 14:23:02.414, 3 MiB, 97887 MiB, 0 %, 0 %, 23.34 W
2026/04/02 14:23:04.415, 3 MiB, 97887 MiB, 0 %, 0 %, 23.51 W
2026/04/02 14:23:06.416, 3 MiB, 97887 MiB, 0 %, 0 %, 24.01 W
2026/04/02 14:23:08.416, 3 MiB, 97887 MiB, 0 %, 0 %, 23.77 W
2026/04/02 14:23:10.417, 3 MiB, 97887 MiB, 0 %, 0 %, 23.68 W
2026/04/02 14:23:12.418, 3 MiB, 97887 MiB, 0 %, 0 %, 23.98 W
2026/04/02 14:23:14.418, 3 MiB, 97887 MiB, 0 %, 0 %, 23.63 W
2026/04/02 14:23:16.419, 3 MiB, 97887 MiB, 0 %, 0 %, 23.65 W
2026/04/02 14:23:18.420, 3 MiB, 97887 MiB, 0 %, 0 %, 23.83 W
2026/04/02 14:23:20.421, 3 MiB, 97887 MiB, 0 %, 0 %, 23.77 W
2026/04/02 14:23:22.422, 3 MiB, 97887 MiB, 0 %, 0 %, 23.73 W
2026/04/02 14:23:24.422, 3 MiB, 97887 MiB, 0 %, 0 %, 23.38 W
2026/04/02 14:23:26.423, 3 MiB, 97887 MiB, 0 %, 0 %, 23.79 W
2026/04/02 14:23:28.424, 3 MiB, 97887 MiB, 0 %, 0 %, 23.92 W
2026/04/02 14:23:30.424, 3 MiB, 97887 MiB, 0 %, 0 %, 23.73 W
2026/04/02 14:23:32.425, 3 MiB, 97887 MiB, 0 %, 0 %, 23.62 W
2026/04/02 14:23:34.426, 3 MiB, 97887 MiB, 0 %, 0 %, 23.55 W
2026/04/02 14:23:36.426, 3 MiB, 97887 MiB, 0 %, 0 %, 23.39 W
2026/04/02 14:23:38.427, 3 MiB, 97887 MiB, 0 %, 0 %, 23.40 W
2026/04/02 14:23:40.428, 3 MiB, 97887 MiB, 0 %, 0 %, 23.06 W
2026/04/02 14:23:42.429, 3 MiB, 97887 MiB, 0 %, 0 %, 23.25 W
2026/04/02 14:23:44.430, 3 MiB, 97887 MiB, 0 %, 0 %, 23.27 W
2026/04/02 14:23:46.431, 3 MiB, 97887 MiB, 0 %, 0 %, 23.02 W
2026/04/02 14:23:48.432, 3 MiB, 97887 MiB, 0 %, 0 %, 23.14 W
2026/04/02 14:23:50.432, 3 MiB, 97887 MiB, 0 %, 0 %, 23.05 W
2026/04/02 14:23:52.433, 3 MiB, 97887 MiB, 0 %, 0 %, 23.09 W
2026/04/02 14:23:54.434, 3 MiB, 97887 MiB, 0 %, 0 %, 22.96 W
2026/04/02 14:23:56.435, 3 MiB, 97887 MiB, 0 %, 0 %, 23.12 W
2026/04/02 14:23:58.435, 3 MiB, 97887 MiB, 0 %, 0 %, 22.85 W
2026/04/02 14:24:00.436, 3 MiB, 97887 MiB, 0 %, 0 %, 22.85 W
2026/04/02 14:24:02.437, 3 MiB, 97887 MiB, 0 %, 0 %, 22.92 W
2026/04/02 14:24:04.437, 3 MiB, 97887 MiB, 0 %, 0 %, 22.75 W
2026/04/02 14:24:06.438, 3 MiB, 97887 MiB, 0 %, 0 %, 22.93 W
2026/04/02 14:24:08.438, 3 MiB, 97887 MiB, 0 %, 0 %, 23.11 W
2026/04/02 14:24:10.439, 3 MiB, 97887 MiB, 0 %, 0 %, 22.35 W
2026/04/02 14:24:12.439, 3 MiB, 97887 MiB, 0 %, 0 %, 22.43 W
2026/04/02 14:24:14.440, 3 MiB, 97887 MiB, 0 %, 0 %, 22.01 W
2026/04/02 14:24:16.441, 3 MiB, 97887 MiB, 0 %, 0 %, 22.11 W
2026/04/02 14:24:18.442, 3 MiB, 97887 MiB, 0 %, 0 %, 22.53 W
2026/04/02 14:24:20.443, 3 MiB, 97887 MiB, 0 %, 0 %, 22.50 W
2026/04/02 14:24:22.443, 3 MiB, 97887 MiB, 0 %, 0 %, 22.25 W
2026/04/02 14:24:24.444, 3 MiB, 97887 MiB, 0 %, 0 %, 22.81 W
2026/04/02 14:24:26.445, 3 MiB, 97887 MiB, 0 %, 0 %, 22.58 W
2026/04/02 14:24:28.445, 3 MiB, 97887 MiB, 0 %, 0 %, 22.59 W
2026/04/02 14:24:30.445, 3 MiB, 97887 MiB, 0 %, 0 %, 22.78 W
2026/04/02 14:24:32.446, 3 MiB, 97887 MiB, 0 %, 0 %, 22.59 W
2026/04/02 14:24:34.446, 3 MiB, 97887 MiB, 0 %, 0 %, 22.56 W
2026/04/02 14:24:36.447, 3 MiB, 97887 MiB, 0 %, 0 %, 22.47 W
2026/04/02 14:24:38.448, 3 MiB, 97887 MiB, 0 %, 0 %, 23.04 W
2026/04/02 14:24:40.448, 3 MiB, 97887 MiB, 0 %, 0 %, 23.11 W
2026/04/02 14:24:42.449, 3 MiB, 97887 MiB, 0 %, 0 %, 22.84 W
2026/04/02 14:24:44.450, 3 MiB, 97887 MiB, 0 %, 0 %, 22.82 W
2026/04/02 14:24:46.450, 3 MiB, 97887 MiB, 0 %, 0 %, 22.80 W
2026/04/02 14:24:48.451, 3 MiB, 97887 MiB, 0 %, 0 %, 23.06 W
2026/04/02 14:24:50.451, 3 MiB, 97887 MiB, 0 %, 0 %, 23.02 W
2026/04/02 14:24:52.451, 3 MiB, 97887 MiB, 0 %, 0 %, 23.56 W
2026/04/02 14:24:54.451, 559 MiB, 97887 MiB, 0 %, 0 %, 48.82 W
2026/04/02 14:24:56.452, 73175 MiB, 97887 MiB, 22 %, 10 %, 189.93 W
2026/04/02 14:24:58.452, 73345 MiB, 97887 MiB, 29 %, 17 %, 119.40 W
2026/04/02 14:25:00.452, 73345 MiB, 97887 MiB, 0 %, 0 %, 101.87 W
2026/04/02 14:25:02.452, 81327 MiB, 97887 MiB, 3 %, 0 %, 96.34 W
2026/04/02 14:25:04.453, 84169 MiB, 97887 MiB, 100 %, 37 %, 349.49 W
2026/04/02 14:25:06.453, 84169 MiB, 97887 MiB, 98 %, 22 %, 347.02 W
2026/04/02 14:25:08.453, 84169 MiB, 97887 MiB, 100 %, 31 %, 349.94 W
2026/04/02 14:25:10.453, 84171 MiB, 97887 MiB, 85 %, 31 %, 295.12 W
2026/04/02 14:25:12.454, 84171 MiB, 97887 MiB, 100 %, 29 %, 349.87 W
2026/04/02 14:25:14.454, 84171 MiB, 97887 MiB, 100 %, 32 %, 350.06 W
2026/04/02 14:25:16.454, 84171 MiB, 97887 MiB, 100 %, 30 %, 350.01 W
2026/04/02 14:25:18.454, 84171 MiB, 97887 MiB, 100 %, 31 %, 349.96 W
2026/04/02 14:25:20.454, 84171 MiB, 97887 MiB, 100 %, 44 %, 349.95 W
2026/04/02 14:25:22.455, 82711 MiB, 97887 MiB, 63 %, 28 %, 342.52 W
2026/04/02 14:25:24.455, 86033 MiB, 97887 MiB, 100 %, 34 %, 245.77 W
2026/04/02 14:25:26.455, 87033 MiB, 97887 MiB, 100 %, 30 %, 309.09 W
2026/04/02 14:25:28.455, 87033 MiB, 97887 MiB, 86 %, 1 %, 285.61 W
2026/04/02 14:25:30.456, 87033 MiB, 97887 MiB, 0 %, 0 %, 186.60 W
2026/04/02 14:25:32.456, 87033 MiB, 97887 MiB, 100 %, 33 %, 370.51 W
2026/04/02 14:25:34.456, 87033 MiB, 97887 MiB, 100 %, 32 %, 350.72 W
2026/04/02 14:25:36.456, 87033 MiB, 97887 MiB, 100 %, 37 %, 353.27 W
2026/04/02 14:25:38.457, 87033 MiB, 97887 MiB, 100 %, 31 %, 350.14 W
2026/04/02 14:25:40.457, 87033 MiB, 97887 MiB, 100 %, 18 %, 351.37 W
2026/04/02 14:25:42.457, 87033 MiB, 97887 MiB, 100 %, 31 %, 350.01 W
2026/04/02 14:25:44.457, 87033 MiB, 97887 MiB, 100 %, 31 %, 351.43 W
2026/04/02 14:25:46.457, 87033 MiB, 97887 MiB, 100 %, 32 %, 350.11 W
2026/04/02 14:25:48.458, 87033 MiB, 97887 MiB, 100 %, 28 %, 350.56 W
2026/04/02 14:25:50.458, 87033 MiB, 97887 MiB, 100 %, 43 %, 349.46 W
2026/04/02 14:25:52.458, 87033 MiB, 97887 MiB, 100 %, 30 %, 349.28 W
2026/04/02 14:25:54.458, 87033 MiB, 97887 MiB, 100 %, 31 %, 349.98 W
2026/04/02 14:25:56.459, 89073 MiB, 97887 MiB, 100 %, 35 %, 354.05 W
2026/04/02 14:25:58.459, 89073 MiB, 97887 MiB, 0 %, 0 %, 289.28 W
2026/04/02 14:26:00.459, 89073 MiB, 97887 MiB, 100 %, 33 %, 349.88 W
2026/04/02 14:26:02.459, 89075 MiB, 97887 MiB, 100 %, 31 %, 282.76 W
2026/04/02 14:26:04.460, 89075 MiB, 97887 MiB, 100 %, 1 %, 263.54 W
2026/04/02 14:26:06.460, 89075 MiB, 97887 MiB, 100 %, 31 %, 265.88 W
2026/04/02 14:26:08.460, 89075 MiB, 97887 MiB, 99 %, 45 %, 257.58 W
2026/04/02 14:26:10.460, 89075 MiB, 97887 MiB, 100 %, 35 %, 349.94 W
2026/04/02 14:26:12.461, 89075 MiB, 97887 MiB, 5 %, 2 %, 332.65 W
2026/04/02 14:26:14.461, 89075 MiB, 97887 MiB, 100 %, 35 %, 349.96 W
2026/04/02 14:26:16.461, 89075 MiB, 97887 MiB, 100 %, 26 %, 349.95 W
2026/04/02 14:26:18.461, 89075 MiB, 97887 MiB, 20 %, 3 %, 286.89 W
2026/04/02 14:26:20.462, 89075 MiB, 97887 MiB, 100 %, 32 %, 282.57 W
2026/04/02 14:26:22.462, 89075 MiB, 97887 MiB, 100 %, 29 %, 235.86 W
2026/04/02 14:26:24.462, 89075 MiB, 97887 MiB, 79 %, 1 %, 224.58 W
2026/04/02 14:26:26.462, 89075 MiB, 97887 MiB, 100 %, 23 %, 366.10 W
2026/04/02 14:26:28.463, 89075 MiB, 97887 MiB, 100 %, 30 %, 350.00 W
2026/04/02 14:26:30.463, 89075 MiB, 97887 MiB, 100 %, 28 %, 347.60 W
2026/04/02 14:26:32.463, 89075 MiB, 97887 MiB, 100 %, 30 %, 349.99 W
2026/04/02 14:26:34.463, 89855 MiB, 97887 MiB, 61 %, 49 %, 363.60 W
2026/04/02 14:26:36.464, 89855 MiB, 97887 MiB, 0 %, 0 %, 286.48 W
2026/04/02 14:26:38.464, 89855 MiB, 97887 MiB, 100 %, 30 %, 316.53 W
2026/04/02 14:26:40.464, 91135 MiB, 97887 MiB, 100 %, 1 %, 225.18 W
2026/04/02 14:26:42.464, 91135 MiB, 97887 MiB, 100 %, 30 %, 278.93 W
2026/04/02 14:26:44.465, 91135 MiB, 97887 MiB, 99 %, 62 %, 289.39 W
2026/04/02 14:26:46.465, 91715 MiB, 97887 MiB, 99 %, 33 %, 271.59 W
2026/04/02 14:26:48.465, 91715 MiB, 97887 MiB, 100 %, 35 %, 351.74 W
2026/04/02 14:26:50.466, 91715 MiB, 97887 MiB, 100 %, 33 %, 350.17 W
2026/04/02 14:26:52.466, 91715 MiB, 97887 MiB, 100 %, 39 %, 349.53 W
2026/04/02 14:26:54.466, 91715 MiB, 97887 MiB, 100 %, 28 %, 348.42 W
2026/04/02 14:26:56.466, 91715 MiB, 97887 MiB, 32 %, 8 %, 299.60 W
2026/04/02 14:26:58.467, 91715 MiB, 97887 MiB, 100 %, 28 %, 350.02 W
2026/04/02 14:27:00.467, 91715 MiB, 97887 MiB, 100 %, 38 %, 349.46 W
2026/04/02 14:27:02.467, 91715 MiB, 97887 MiB, 100 %, 32 %, 349.98 W
2026/04/02 14:27:04.467, 91715 MiB, 97887 MiB, 100 %, 33 %, 349.74 W
2026/04/02 14:27:06.467, 91715 MiB, 97887 MiB, 100 %, 29 %, 349.64 W
2026/04/02 14:27:08.468, 91715 MiB, 97887 MiB, 100 %, 39 %, 349.99 W
2026/04/02 14:27:10.468, 91715 MiB, 97887 MiB, 100 %, 30 %, 349.82 W
2026/04/02 14:27:12.468, 91715 MiB, 97887 MiB, 100 %, 31 %, 349.98 W
2026/04/02 14:27:14.468, 91715 MiB, 97887 MiB, 0 %, 0 %, 320.03 W
2026/04/02 14:27:16.469, 91715 MiB, 97887 MiB, 33 %, 30 %, 306.39 W
2026/04/02 14:27:18.469, 91715 MiB, 97887 MiB, 100 %, 31 %, 349.87 W
2026/04/02 14:27:20.469, 91715 MiB, 97887 MiB, 100 %, 40 %, 350.03 W
2026/04/02 14:27:22.469, 91715 MiB, 97887 MiB, 40 %, 36 %, 338.13 W
2026/04/02 14:27:24.469, 91715 MiB, 97887 MiB, 0 %, 0 %, 329.16 W
2026/04/02 14:27:26.471, 91715 MiB, 97887 MiB, 0 %, 0 %, 275.95 W
2026/04/02 14:27:28.471, 91715 MiB, 97887 MiB, 96 %, 1 %, 230.64 W
2026/04/02 14:27:30.471, 91715 MiB, 97887 MiB, 0 %, 0 %, 325.79 W
2026/04/02 14:27:32.471, 91715 MiB, 97887 MiB, 48 %, 1 %, 255.02 W
2026/04/02 14:27:34.471, 91715 MiB, 97887 MiB, 100 %, 32 %, 259.96 W
2026/04/02 14:27:36.472, 91715 MiB, 97887 MiB, 100 %, 31 %, 272.55 W
2026/04/02 14:27:38.472, 91715 MiB, 97887 MiB, 0 %, 0 %, 265.73 W
2026/04/02 14:27:40.472, 91715 MiB, 97887 MiB, 100 %, 31 %, 364.64 W
2026/04/02 14:27:42.472, 91715 MiB, 97887 MiB, 100 %, 27 %, 349.90 W
2026/04/02 14:27:44.472, 94555 MiB, 97887 MiB, 100 %, 28 %, 339.06 W
2026/04/02 14:27:46.472, 94555 MiB, 97887 MiB, 99 %, 49 %, 350.47 W
2026/04/02 14:27:48.473, 95155 MiB, 97887 MiB, 100 %, 32 %, 343.46 W
2026/04/02 14:27:50.473, 95155 MiB, 97887 MiB, 100 %, 31 %, 302.69 W
2026/04/02 14:27:52.473, 95155 MiB, 97887 MiB, 99 %, 34 %, 303.37 W
2026/04/02 14:27:54.473, 95155 MiB, 97887 MiB, 100 %, 29 %, 363.22 W
2026/04/02 14:27:56.473, 95155 MiB, 97887 MiB, 100 %, 28 %, 349.96 W
2026/04/02 14:27:58.474, 95155 MiB, 97887 MiB, 98 %, 34 %, 300.60 W
2026/04/02 14:28:00.474, 95155 MiB, 97887 MiB, 100 %, 29 %, 301.08 W
2026/04/02 14:28:02.474, 95155 MiB, 97887 MiB, 100 %, 29 %, 306.85 W
2026/04/02 14:28:04.474, 95155 MiB, 97887 MiB, 9 %, 1 %, 254.19 W
2026/04/02 14:28:06.474, 95155 MiB, 97887 MiB, 9 %, 1 %, 338.22 W
2026/04/02 14:28:08.474, 95155 MiB, 97887 MiB, 100 %, 31 %, 306.01 W
2026/04/02 14:28:10.475, 95155 MiB, 97887 MiB, 0 %, 0 %, 275.84 W
2026/04/02 14:28:12.475, 95155 MiB, 97887 MiB, 24 %, 23 %, 339.61 W
2026/04/02 14:28:14.475, 95155 MiB, 97887 MiB, 100 %, 31 %, 305.87 W
2026/04/02 14:28:16.475, 95155 MiB, 97887 MiB, 41 %, 30 %, 349.53 W
2026/04/02 14:28:18.475, 95155 MiB, 97887 MiB, 89 %, 64 %, 368.20 W
2026/04/02 14:28:20.476, 95155 MiB, 97887 MiB, 100 %, 28 %, 350.55 W
2026/04/02 14:28:22.476, 95155 MiB, 97887 MiB, 100 %, 28 %, 349.90 W
2026/04/02 14:28:24.476, 95155 MiB, 97887 MiB, 100 %, 32 %, 350.94 W
2026/04/02 14:28:26.476, 95155 MiB, 97887 MiB, 100 %, 28 %, 349.98 W
2026/04/02 14:28:28.477, 95155 MiB, 97887 MiB, 100 %, 28 %, 323.72 W
2026/04/02 14:28:30.477, 95155 MiB, 97887 MiB, 0 %, 0 %, 265.04 W
2026/04/02 14:28:32.477, 95155 MiB, 97887 MiB, 100 %, 31 %, 300.49 W
2026/04/02 14:28:34.477, 95155 MiB, 97887 MiB, 0 %, 0 %, 264.07 W
2026/04/02 14:28:36.478, 95155 MiB, 97887 MiB, 100 %, 25 %, 344.74 W
2026/04/02 14:28:38.478, 95155 MiB, 97887 MiB, 83 %, 23 %, 314.57 W
2026/04/02 14:28:40.478, 95155 MiB, 97887 MiB, 39 %, 7 %, 293.98 W
2026/04/02 14:28:42.478, 95155 MiB, 97887 MiB, 100 %, 28 %, 350.04 W
2026/04/02 14:28:44.479, 95155 MiB, 97887 MiB, 100 %, 30 %, 347.45 W
2026/04/02 14:28:46.479, 95155 MiB, 97887 MiB, 100 %, 29 %, 321.30 W
2026/04/02 14:28:48.479, 95155 MiB, 97887 MiB, 45 %, 41 %, 356.81 W
2026/04/02 14:28:50.479, 95155 MiB, 97887 MiB, 75 %, 23 %, 279.04 W
2026/04/02 14:28:52.480, 95155 MiB, 97887 MiB, 99 %, 46 %, 288.31 W
2026/04/02 14:28:54.480, 95155 MiB, 97887 MiB, 100 %, 31 %, 348.86 W
2026/04/02 14:28:56.480, 95155 MiB, 97887 MiB, 15 %, 1 %, 353.88 W
2026/04/02 14:28:58.480, 95155 MiB, 97887 MiB, 0 %, 0 %, 331.15 W
2026/04/02 14:29:00.481, 95155 MiB, 97887 MiB, 100 %, 31 %, 289.73 W
2026/04/02 14:29:02.481, 95155 MiB, 97887 MiB, 100 %, 30 %, 341.69 W
2026/04/02 14:29:04.481, 95155 MiB, 97887 MiB, 86 %, 25 %, 298.82 W
2026/04/02 14:29:06.481, 95155 MiB, 97887 MiB, 99 %, 67 %, 349.96 W
2026/04/02 14:29:08.482, 95155 MiB, 97887 MiB, 100 %, 31 %, 351.50 W
2026/04/02 14:29:10.482, 95155 MiB, 97887 MiB, 100 %, 43 %, 349.93 W
2026/04/02 14:29:12.482, 95155 MiB, 97887 MiB, 100 %, 27 %, 349.86 W
2026/04/02 14:29:14.482, 95155 MiB, 97887 MiB, 100 %, 23 %, 360.47 W
2026/04/02 14:29:16.483, 95155 MiB, 97887 MiB, 100 %, 32 %, 350.08 W
2026/04/02 14:29:18.483, 95155 MiB, 97887 MiB, 99 %, 33 %, 331.79 W
2026/04/02 14:29:20.483, 95155 MiB, 97887 MiB, 99 %, 67 %, 309.08 W
2026/04/02 14:29:22.483, 95155 MiB, 97887 MiB, 99 %, 68 %, 349.97 W
2026/04/02 14:29:24.483, 95155 MiB, 97887 MiB, 100 %, 6 %, 323.23 W
2026/04/02 14:29:26.484, 95155 MiB, 97887 MiB, 100 %, 31 %, 297.70 W
2026/04/02 14:29:28.484, 95155 MiB, 97887 MiB, 0 %, 0 %, 311.06 W
2026/04/02 14:29:30.484, 95155 MiB, 97887 MiB, 100 %, 13 %, 365.79 W
2026/04/02 14:29:32.484, 95155 MiB, 97887 MiB, 100 %, 31 %, 350.08 W
2026/04/02 14:29:34.485, 95155 MiB, 97887 MiB, 100 %, 30 %, 349.61 W
2026/04/02 14:29:36.485, 95155 MiB, 97887 MiB, 100 %, 32 %, 349.88 W
2026/04/02 14:29:38.485, 95155 MiB, 97887 MiB, 100 %, 31 %, 350.43 W
2026/04/02 14:29:40.485, 95155 MiB, 97887 MiB, 100 %, 23 %, 303.73 W
2026/04/02 14:29:42.486, 95155 MiB, 97887 MiB, 100 %, 28 %, 349.96 W
2026/04/02 14:29:44.486, 95155 MiB, 97887 MiB, 99 %, 27 %, 348.44 W
2026/04/02 14:29:46.486, 95155 MiB, 97887 MiB, 100 %, 31 %, 349.99 W
2026/04/02 14:29:48.486, 95155 MiB, 97887 MiB, 100 %, 31 %, 349.82 W
2026/04/02 14:29:50.487, 95155 MiB, 97887 MiB, 100 %, 27 %, 350.42 W
2026/04/02 14:29:52.487, 95155 MiB, 97887 MiB, 65 %, 33 %, 344.04 W
2026/04/02 14:29:54.487, 95155 MiB, 97887 MiB, 100 %, 15 %, 350.01 W
2026/04/02 14:29:56.487, 95155 MiB, 97887 MiB, 100 %, 16 %, 350.25 W
2026/04/02 14:29:58.487, 95155 MiB, 97887 MiB, 100 %, 31 %, 349.86 W
2026/04/02 14:30:00.488, 95155 MiB, 97887 MiB, 100 %, 22 %, 350.07 W
2026/04/02 14:30:02.488, 95155 MiB, 97887 MiB, 100 %, 29 %, 349.99 W
2026/04/02 14:30:04.488, 95155 MiB, 97887 MiB, 100 %, 30 %, 349.69 W
2026/04/02 14:30:06.488, 95155 MiB, 97887 MiB, 100 %, 31 %, 350.02 W
2026/04/02 14:30:08.488, 95155 MiB, 97887 MiB, 100 %, 31 %, 350.03 W
2026/04/02 14:30:10.489, 95155 MiB, 97887 MiB, 100 %, 25 %, 350.36 W
2026/04/02 14:30:12.489, 95155 MiB, 97887 MiB, 99 %, 66 %, 350.12 W
2026/04/02 14:30:14.489, 95155 MiB, 97887 MiB, 100 %, 31 %, 349.95 W
2026/04/02 14:30:16.489, 95155 MiB, 97887 MiB, 100 %, 24 %, 350.59 W
2026/04/02 14:30:18.489, 95155 MiB, 97887 MiB, 100 %, 30 %, 349.99 W
2026/04/02 14:30:20.490, 95155 MiB, 97887 MiB, 100 %, 44 %, 349.35 W
2026/04/02 14:30:22.490, 95155 MiB, 97887 MiB, 100 %, 28 %, 349.98 W
2026/04/02 14:30:24.490, 95155 MiB, 97887 MiB, 100 %, 27 %, 349.83 W
2026/04/02 14:30:26.490, 95155 MiB, 97887 MiB, 100 %, 33 %, 349.99 W
2026/04/02 14:30:28.490, 95155 MiB, 97887 MiB, 99 %, 66 %, 349.90 W
2026/04/02 14:30:30.491, 95155 MiB, 97887 MiB, 100 %, 32 %, 300.61 W
2026/04/02 14:30:32.491, 95155 MiB, 97887 MiB, 100 %, 27 %, 350.00 W
2026/04/02 14:30:34.491, 95155 MiB, 97887 MiB, 100 %, 31 %, 350.66 W
2026/04/02 14:30:36.491, 95155 MiB, 97887 MiB, 100 %, 27 %, 350.01 W
2026/04/02 14:30:38.491, 95155 MiB, 97887 MiB, 100 %, 26 %, 349.96 W
2026/04/02 14:30:40.493, 95155 MiB, 97887 MiB, 100 %, 14 %, 350.48 W
2026/04/02 14:30:42.493, 95155 MiB, 97887 MiB, 58 %, 24 %, 342.96 W
2026/04/02 14:30:44.493, 95155 MiB, 97887 MiB, 100 %, 31 %, 296.82 W
2026/04/02 14:30:46.493, 95155 MiB, 97887 MiB, 99 %, 41 %, 298.79 W
2026/04/02 14:30:48.493, 95155 MiB, 97887 MiB, 99 %, 29 %, 283.26 W
2026/04/02 14:30:50.493, 95155 MiB, 97887 MiB, 100 %, 30 %, 348.82 W
2026/04/02 14:30:52.494, 95155 MiB, 97887 MiB, 100 %, 31 %, 349.89 W
2026/04/02 14:30:54.494, 95155 MiB, 97887 MiB, 100 %, 25 %, 353.27 W
2026/04/02 14:30:56.494, 95155 MiB, 97887 MiB, 100 %, 31 %, 350.51 W
2026/04/02 14:30:58.494, 95155 MiB, 97887 MiB, 100 %, 27 %, 349.77 W
2026/04/02 14:31:00.494, 95155 MiB, 97887 MiB, 100 %, 31 %, 349.91 W
2026/04/02 14:31:02.495, 95155 MiB, 97887 MiB, 100 %, 29 %, 349.93 W
2026/04/02 14:31:04.495, 95155 MiB, 97887 MiB, 100 %, 31 %, 350.14 W
2026/04/02 14:31:06.495, 95155 MiB, 97887 MiB, 99 %, 66 %, 350.01 W
2026/04/02 14:31:08.496, 95155 MiB, 97887 MiB, 100 %, 31 %, 350.08 W
2026/04/02 14:31:10.497, 95155 MiB, 97887 MiB, 100 %, 20 %, 350.03 W
2026/04/02 14:31:12.498, 95155 MiB, 97887 MiB, 100 %, 28 %, 349.82 W
2026/04/02 14:31:14.498, 95155 MiB, 97887 MiB, 100 %, 44 %, 349.47 W
2026/04/02 14:31:16.498, 95155 MiB, 97887 MiB, 99 %, 67 %, 349.97 W
2026/04/02 14:31:18.498, 95155 MiB, 97887 MiB, 100 %, 44 %, 349.94 W
2026/04/02 14:31:20.498, 95155 MiB, 97887 MiB, 100 %, 24 %, 349.94 W
2026/04/02 14:31:22.499, 95155 MiB, 97887 MiB, 100 %, 32 %, 349.97 W
2026/04/02 14:31:24.499, 95155 MiB, 97887 MiB, 100 %, 30 %, 350.03 W
2026/04/02 14:31:26.499, 95155 MiB, 97887 MiB, 100 %, 31 %, 349.96 W
2026/04/02 14:31:28.499, 95155 MiB, 97887 MiB, 100 %, 39 %, 349.61 W
2026/04/02 14:31:30.499, 95155 MiB, 97887 MiB, 100 %, 31 %, 349.24 W
2026/04/02 14:31:32.499, 95155 MiB, 97887 MiB, 100 %, 28 %, 350.04 W
2026/04/02 14:31:34.500, 95155 MiB, 97887 MiB, 100 %, 31 %, 347.85 W
2026/04/02 14:31:36.500, 95155 MiB, 97887 MiB, 100 %, 28 %, 350.11 W
2026/04/02 14:31:38.500, 95155 MiB, 97887 MiB, 100 %, 19 %, 350.15 W
2026/04/02 14:31:40.500, 95155 MiB, 97887 MiB, 100 %, 29 %, 349.91 W
2026/04/02 14:31:42.500, 95155 MiB, 97887 MiB, 100 %, 26 %, 364.05 W
2026/04/02 14:31:44.501, 95155 MiB, 97887 MiB, 99 %, 27 %, 346.88 W
2026/04/02 14:31:46.501, 95155 MiB, 97887 MiB, 100 %, 30 %, 349.98 W
2026/04/02 14:31:48.501, 95155 MiB, 97887 MiB, 0 %, 0 %, 310.36 W
2026/04/02 14:31:50.501, 95155 MiB, 97887 MiB, 100 %, 45 %, 349.95 W
2026/04/02 14:31:52.501, 95155 MiB, 97887 MiB, 100 %, 45 %, 349.42 W
2026/04/02 14:31:54.502, 95155 MiB, 97887 MiB, 100 %, 29 %, 350.03 W
2026/04/02 14:31:56.502, 95155 MiB, 97887 MiB, 100 %, 29 %, 349.65 W
2026/04/02 14:31:58.502, 95155 MiB, 97887 MiB, 100 %, 16 %, 362.88 W
2026/04/02 14:32:00.502, 95155 MiB, 97887 MiB, 100 %, 31 %, 349.83 W
2026/04/02 14:32:02.502, 95155 MiB, 97887 MiB, 100 %, 31 %, 360.08 W
2026/04/02 14:32:04.503, 95155 MiB, 97887 MiB, 100 %, 31 %, 350.56 W
2026/04/02 14:32:06.503, 95155 MiB, 97887 MiB, 100 %, 28 %, 349.82 W
2026/04/02 14:32:08.503, 95155 MiB, 97887 MiB, 100 %, 27 %, 350.00 W
2026/04/02 14:32:10.503, 95155 MiB, 97887 MiB, 100 %, 29 %, 305.64 W
2026/04/02 14:32:12.503, 95155 MiB, 97887 MiB, 100 %, 27 %, 350.00 W
2026/04/02 14:32:14.504, 95155 MiB, 97887 MiB, 100 %, 32 %, 349.58 W
2026/04/02 14:32:16.504, 95155 MiB, 97887 MiB, 100 %, 24 %, 349.79 W
2026/04/02 14:32:18.504, 95155 MiB, 97887 MiB, 100 %, 30 %, 349.88 W
2026/04/02 14:32:20.504, 95155 MiB, 97887 MiB, 100 %, 20 %, 350.17 W
2026/04/02 14:32:22.504, 95155 MiB, 97887 MiB, 100 %, 31 %, 350.09 W
2026/04/02 14:32:24.505, 95155 MiB, 97887 MiB, 100 %, 29 %, 349.94 W
2026/04/02 14:32:26.505, 95155 MiB, 97887 MiB, 100 %, 32 %, 300.59 W
2026/04/02 14:32:28.505, 95155 MiB, 97887 MiB, 100 %, 31 %, 350.00 W
2026/04/02 14:32:30.505, 95155 MiB, 97887 MiB, 100 %, 30 %, 347.87 W
2026/04/02 14:32:32.505, 95155 MiB, 97887 MiB, 100 %, 31 %, 350.05 W
2026/04/02 14:32:34.506, 95155 MiB, 97887 MiB, 99 %, 22 %, 346.31 W
2026/04/02 14:32:36.506, 95155 MiB, 97887 MiB, 100 %, 32 %, 349.93 W
2026/04/02 14:32:38.506, 95155 MiB, 97887 MiB, 99 %, 32 %, 349.36 W
2026/04/02 14:32:40.506, 95155 MiB, 97887 MiB, 100 %, 19 %, 349.92 W
2026/04/02 14:32:42.506, 95155 MiB, 97887 MiB, 3 %, 1 %, 330.88 W
2026/04/02 14:32:44.507, 95155 MiB, 97887 MiB, 100 %, 32 %, 349.90 W
2026/04/02 14:32:46.507, 95155 MiB, 97887 MiB, 99 %, 66 %, 349.99 W
2026/04/02 14:32:48.507, 95155 MiB, 97887 MiB, 100 %, 31 %, 350.01 W
2026/04/02 14:32:50.508, 95155 MiB, 97887 MiB, 100 %, 21 %, 350.03 W
2026/04/02 14:32:52.508, 95155 MiB, 97887 MiB, 100 %, 27 %, 349.86 W
2026/04/02 14:32:54.508, 95155 MiB, 97887 MiB, 100 %, 41 %, 349.91 W
2026/04/02 14:32:56.509, 95155 MiB, 97887 MiB, 100 %, 28 %, 350.10 W
2026/04/02 14:32:58.509, 95155 MiB, 97887 MiB, 100 %, 27 %, 349.91 W
2026/04/02 14:33:00.509, 95155 MiB, 97887 MiB, 100 %, 27 %, 301.80 W
2026/04/02 14:33:02.509, 95155 MiB, 97887 MiB, 100 %, 28 %, 349.98 W
2026/04/02 14:33:04.509, 95155 MiB, 97887 MiB, 100 %, 27 %, 350.00 W
2026/04/02 14:33:06.510, 95155 MiB, 97887 MiB, 100 %, 27 %, 349.92 W
2026/04/02 14:33:08.510, 95155 MiB, 97887 MiB, 100 %, 24 %, 348.65 W
2026/04/02 14:33:10.510, 95155 MiB, 97887 MiB, 100 %, 31 %, 349.89 W
2026/04/02 14:33:12.510, 95155 MiB, 97887 MiB, 99 %, 33 %, 350.14 W
2026/04/02 14:33:14.511, 95155 MiB, 97887 MiB, 100 %, 24 %, 349.85 W
2026/04/02 14:33:16.511, 95155 MiB, 97887 MiB, 11 %, 4 %, 332.84 W
2026/04/02 14:33:18.511, 95155 MiB, 97887 MiB, 100 %, 28 %, 350.06 W
2026/04/02 14:33:20.511, 95155 MiB, 97887 MiB, 100 %, 27 %, 366.99 W
2026/04/02 14:33:22.512, 95155 MiB, 97887 MiB, 100 %, 27 %, 349.96 W
2026/04/02 14:33:24.512, 95155 MiB, 97887 MiB, 100 %, 31 %, 350.15 W
2026/04/02 14:33:26.512, 95155 MiB, 97887 MiB, 100 %, 31 %, 349.89 W
2026/04/02 14:33:28.512, 95155 MiB, 97887 MiB, 100 %, 28 %, 349.91 W
2026/04/02 14:33:30.512, 95155 MiB, 97887 MiB, 100 %, 30 %, 349.94 W
2026/04/02 14:33:32.513, 95155 MiB, 97887 MiB, 100 %, 29 %, 350.61 W
2026/04/02 14:33:34.513, 95155 MiB, 97887 MiB, 100 %, 30 %, 350.28 W
2026/04/02 14:33:36.513, 95155 MiB, 97887 MiB, 100 %, 31 %, 350.02 W
2026/04/02 14:33:38.513, 95155 MiB, 97887 MiB, 100 %, 27 %, 350.63 W
2026/04/02 14:33:40.514, 95155 MiB, 97887 MiB, 100 %, 31 %, 349.98 W
2026/04/02 14:33:42.514, 95155 MiB, 97887 MiB, 74 %, 28 %, 304.05 W
2026/04/02 14:33:44.514, 95155 MiB, 97887 MiB, 99 %, 66 %, 349.91 W
2026/04/02 14:33:46.514, 95155 MiB, 97887 MiB, 99 %, 66 %, 349.98 W
2026/04/02 14:33:48.515, 95155 MiB, 97887 MiB, 100 %, 28 %, 350.89 W
2026/04/02 14:33:50.515, 95155 MiB, 97887 MiB, 100 %, 31 %, 350.02 W
2026/04/02 14:33:52.515, 95155 MiB, 97887 MiB, 100 %, 31 %, 350.14 W
2026/04/02 14:33:54.515, 95155 MiB, 97887 MiB, 100 %, 28 %, 349.96 W
2026/04/02 14:33:56.515, 95155 MiB, 97887 MiB, 100 %, 31 %, 349.87 W
2026/04/02 14:33:58.516, 95155 MiB, 97887 MiB, 100 %, 31 %, 350.04 W
2026/04/02 14:34:00.516, 95155 MiB, 97887 MiB, 99 %, 67 %, 356.36 W
2026/04/02 14:34:02.516, 95155 MiB, 97887 MiB, 100 %, 25 %, 349.94 W
2026/04/02 14:34:04.516, 95155 MiB, 97887 MiB, 100 %, 34 %, 349.67 W
2026/04/02 14:34:06.517, 95155 MiB, 97887 MiB, 100 %, 32 %, 305.47 W
2026/04/02 14:34:08.517, 95155 MiB, 97887 MiB, 100 %, 28 %, 349.95 W
2026/04/02 14:34:10.517, 95155 MiB, 97887 MiB, 100 %, 27 %, 349.95 W
2026/04/02 14:34:12.517, 95155 MiB, 97887 MiB, 99 %, 27 %, 349.95 W
2026/04/02 14:34:14.517, 95155 MiB, 97887 MiB, 99 %, 33 %, 352.09 W
2026/04/02 14:34:16.518, 95155 MiB, 97887 MiB, 100 %, 15 %, 350.03 W
2026/04/02 14:34:18.518, 95155 MiB, 97887 MiB, 58 %, 10 %, 348.23 W
2026/04/02 14:34:20.518, 95155 MiB, 97887 MiB, 100 %, 42 %, 349.38 W
2026/04/02 14:34:22.518, 95155 MiB, 97887 MiB, 35 %, 17 %, 339.78 W
2026/04/02 14:34:24.519, 95155 MiB, 97887 MiB, 59 %, 36 %, 342.92 W
2026/04/02 14:34:26.519, 95155 MiB, 97887 MiB, 100 %, 25 %, 349.86 W
2026/04/02 14:34:28.519, 95155 MiB, 97887 MiB, 100 %, 13 %, 350.08 W
2026/04/02 14:34:30.519, 95155 MiB, 97887 MiB, 100 %, 31 %, 349.91 W
2026/04/02 14:34:32.519, 95155 MiB, 97887 MiB, 100 %, 29 %, 349.95 W
2026/04/02 14:34:34.520, 95155 MiB, 97887 MiB, 100 %, 30 %, 362.41 W
2026/04/02 14:34:36.520, 95155 MiB, 97887 MiB, 100 %, 30 %, 350.03 W
2026/04/02 14:34:38.520, 95155 MiB, 97887 MiB, 100 %, 31 %, 349.75 W
2026/04/02 14:34:40.520, 95155 MiB, 97887 MiB, 100 %, 29 %, 350.10 W
2026/04/02 14:34:42.520, 95155 MiB, 97887 MiB, 99 %, 67 %, 349.97 W
2026/04/02 14:34:44.521, 95155 MiB, 97887 MiB, 100 %, 28 %, 350.97 W
2026/04/02 14:34:46.521, 95155 MiB, 97887 MiB, 100 %, 31 %, 349.90 W
2026/04/02 14:34:48.521, 95155 MiB, 97887 MiB, 100 %, 31 %, 351.66 W
2026/04/02 14:34:50.521, 95155 MiB, 97887 MiB, 100 %, 27 %, 350.29 W
2026/04/02 14:34:52.521, 95155 MiB, 97887 MiB, 100 %, 29 %, 349.58 W
2026/04/02 14:34:54.522, 95155 MiB, 97887 MiB, 99 %, 67 %, 350.20 W
2026/04/02 14:34:56.522, 95155 MiB, 97887 MiB, 99 %, 67 %, 350.00 W
2026/04/02 14:34:58.522, 95155 MiB, 97887 MiB, 100 %, 28 %, 349.89 W
2026/04/02 14:35:00.522, 95155 MiB, 97887 MiB, 100 %, 27 %, 350.00 W
2026/04/02 14:35:02.523, 95155 MiB, 97887 MiB, 100 %, 28 %, 304.41 W
2026/04/02 14:35:04.523, 95155 MiB, 97887 MiB, 100 %, 31 %, 349.95 W
2026/04/02 14:35:06.523, 95155 MiB, 97887 MiB, 100 %, 30 %, 349.88 W
2026/04/02 14:35:08.523, 95155 MiB, 97887 MiB, 100 %, 25 %, 349.71 W
2026/04/02 14:35:10.524, 95155 MiB, 97887 MiB, 99 %, 45 %, 349.71 W
2026/04/02 14:35:12.524, 95155 MiB, 97887 MiB, 100 %, 28 %, 349.85 W
2026/04/02 14:35:14.524, 95155 MiB, 97887 MiB, 100 %, 15 %, 350.15 W
2026/04/02 14:35:16.524, 95155 MiB, 97887 MiB, 100 %, 30 %, 349.95 W
2026/04/02 14:35:18.525, 95155 MiB, 97887 MiB, 100 %, 30 %, 350.05 W
2026/04/02 14:35:20.525, 95155 MiB, 97887 MiB, 100 %, 27 %, 349.93 W
2026/04/02 14:35:22.525, 95155 MiB, 97887 MiB, 15 %, 4 %, 351.40 W
2026/04/02 14:35:24.525, 95155 MiB, 97887 MiB, 100 %, 45 %, 350.17 W
2026/04/02 14:35:26.525, 95155 MiB, 97887 MiB, 56 %, 29 %, 325.26 W
2026/04/02 14:35:28.526, 95155 MiB, 97887 MiB, 100 %, 26 %, 349.98 W
2026/04/02 14:35:30.526, 95155 MiB, 97887 MiB, 100 %, 22 %, 349.68 W
2026/04/02 14:35:32.526, 95155 MiB, 97887 MiB, 100 %, 28 %, 349.77 W
2026/04/02 14:35:34.526, 95155 MiB, 97887 MiB, 99 %, 67 %, 350.04 W
2026/04/02 14:35:36.527, 95155 MiB, 97887 MiB, 100 %, 27 %, 350.81 W
2026/04/02 14:35:38.527, 95155 MiB, 97887 MiB, 100 %, 31 %, 350.00 W
2026/04/02 14:35:40.527, 95155 MiB, 97887 MiB, 100 %, 30 %, 349.72 W
2026/04/02 14:35:42.527, 95155 MiB, 97887 MiB, 100 %, 31 %, 349.96 W
2026/04/02 14:35:44.528, 95155 MiB, 97887 MiB, 100 %, 31 %, 349.99 W
2026/04/02 14:35:46.528, 95155 MiB, 97887 MiB, 100 %, 31 %, 349.90 W
2026/04/02 14:35:48.528, 95155 MiB, 97887 MiB, 100 %, 39 %, 350.12 W
2026/04/02 14:35:50.528, 95155 MiB, 97887 MiB, 100 %, 31 %, 349.90 W
2026/04/02 14:35:52.528, 95155 MiB, 97887 MiB, 100 %, 26 %, 350.41 W
2026/04/02 14:35:54.529, 95155 MiB, 97887 MiB, 100 %, 31 %, 305.03 W
2026/04/02 14:35:56.529, 95155 MiB, 97887 MiB, 100 %, 32 %, 349.69 W
2026/04/02 14:35:58.529, 95155 MiB, 97887 MiB, 100 %, 26 %, 349.65 W
2026/04/02 14:36:00.529, 95155 MiB, 97887 MiB, 100 %, 26 %, 350.00 W
2026/04/02 14:36:02.529, 95155 MiB, 97887 MiB, 100 %, 27 %, 350.46 W
2026/04/02 14:36:04.530, 95155 MiB, 97887 MiB, 100 %, 27 %, 350.00 W
2026/04/02 14:36:06.530, 95155 MiB, 97887 MiB, 100 %, 24 %, 349.96 W
2026/04/02 14:36:08.530, 95155 MiB, 97887 MiB, 100 %, 13 %, 350.00 W
2026/04/02 14:36:10.530, 95155 MiB, 97887 MiB, 98 %, 45 %, 333.53 W
2026/04/02 14:36:12.531, 95155 MiB, 97887 MiB, 100 %, 34 %, 350.05 W
2026/04/02 14:36:14.531, 95155 MiB, 97887 MiB, 100 %, 44 %, 350.17 W
2026/04/02 14:36:16.531, 95155 MiB, 97887 MiB, 100 %, 29 %, 349.99 W
2026/04/02 14:36:18.532, 95155 MiB, 97887 MiB, 100 %, 37 %, 350.16 W
2026/04/02 14:36:20.533, 95155 MiB, 97887 MiB, 100 %, 28 %, 349.96 W
2026/04/02 14:36:22.533, 95155 MiB, 97887 MiB, 100 %, 30 %, 349.95 W
2026/04/02 14:36:24.533, 95155 MiB, 97887 MiB, 100 %, 29 %, 349.98 W
2026/04/02 14:36:26.533, 95155 MiB, 97887 MiB, 100 %, 27 %, 349.98 W
2026/04/02 14:36:28.533, 95155 MiB, 97887 MiB, 100 %, 24 %, 363.38 W
2026/04/02 14:36:30.534, 95155 MiB, 97887 MiB, 99 %, 66 %, 349.98 W
2026/04/02 14:36:32.534, 95255 MiB, 97887 MiB, 100 %, 31 %, 350.11 W
2026/04/02 14:36:34.534, 95255 MiB, 97887 MiB, 100 %, 27 %, 349.90 W
2026/04/02 14:36:36.534, 95255 MiB, 97887 MiB, 100 %, 27 %, 349.88 W
2026/04/02 14:36:38.535, 95255 MiB, 97887 MiB, 100 %, 32 %, 349.69 W
2026/04/02 14:36:40.535, 95255 MiB, 97887 MiB, 100 %, 27 %, 350.02 W
2026/04/02 14:36:42.535, 95255 MiB, 97887 MiB, 100 %, 27 %, 349.96 W
2026/04/02 14:36:44.535, 95255 MiB, 97887 MiB, 100 %, 23 %, 349.87 W
2026/04/02 14:36:46.536, 95255 MiB, 97887 MiB, 100 %, 28 %, 350.10 W
2026/04/02 14:36:48.536, 95255 MiB, 97887 MiB, 100 %, 30 %, 350.22 W
2026/04/02 14:36:50.536, 95255 MiB, 97887 MiB, 100 %, 27 %, 350.53 W
2026/04/02 14:36:52.536, 95255 MiB, 97887 MiB, 100 %, 31 %, 300.24 W
2026/04/02 14:36:54.536, 95255 MiB, 97887 MiB, 100 %, 27 %, 349.94 W
2026/04/02 14:36:56.537, 95255 MiB, 97887 MiB, 100 %, 28 %, 349.96 W
2026/04/02 14:36:58.537, 95255 MiB, 97887 MiB, 99 %, 30 %, 349.99 W
2026/04/02 14:37:00.537, 95255 MiB, 97887 MiB, 100 %, 29 %, 348.40 W
2026/04/02 14:37:02.537, 95255 MiB, 97887 MiB, 100 %, 29 %, 349.88 W
2026/04/02 14:37:04.538, 95255 MiB, 97887 MiB, 17 %, 13 %, 334.73 W
2026/04/02 14:37:06.538, 95255 MiB, 97887 MiB, 100 %, 30 %, 350.12 W
2026/04/02 14:37:08.538, 95255 MiB, 97887 MiB, 86 %, 45 %, 348.29 W
2026/04/02 14:37:10.538, 95255 MiB, 97887 MiB, 100 %, 27 %, 349.82 W
2026/04/02 14:37:12.539, 95255 MiB, 97887 MiB, 100 %, 27 %, 349.86 W
2026/04/02 14:37:14.539, 95255 MiB, 97887 MiB, 100 %, 27 %, 349.96 W
2026/04/02 14:37:16.539, 95255 MiB, 97887 MiB, 100 %, 22 %, 350.06 W
2026/04/02 14:37:18.539, 95255 MiB, 97887 MiB, 100 %, 28 %, 349.96 W
2026/04/02 14:37:20.539, 95255 MiB, 97887 MiB, 100 %, 24 %, 350.07 W
2026/04/02 14:37:22.540, 95255 MiB, 97887 MiB, 100 %, 30 %, 354.10 W
2026/04/02 14:37:24.540, 95255 MiB, 97887 MiB, 100 %, 29 %, 349.80 W
2026/04/02 14:37:26.540, 95255 MiB, 97887 MiB, 100 %, 30 %, 350.23 W
2026/04/02 14:37:28.540, 95255 MiB, 97887 MiB, 100 %, 26 %, 349.99 W
2026/04/02 14:37:30.541, 95255 MiB, 97887 MiB, 100 %, 29 %, 349.99 W
2026/04/02 14:37:32.541, 95255 MiB, 97887 MiB, 100 %, 31 %, 350.08 W
2026/04/02 14:37:34.541, 95255 MiB, 97887 MiB, 100 %, 31 %, 350.10 W
2026/04/02 14:37:36.541, 95255 MiB, 97887 MiB, 100 %, 30 %, 349.95 W
2026/04/02 14:37:38.542, 95255 MiB, 97887 MiB, 100 %, 30 %, 349.82 W
2026/04/02 14:37:40.542, 95255 MiB, 97887 MiB, 100 %, 32 %, 349.97 W
2026/04/02 14:37:42.542, 95255 MiB, 97887 MiB, 42 %, 27 %, 339.45 W
2026/04/02 14:37:44.542, 95255 MiB, 97887 MiB, 100 %, 30 %, 349.97 W
2026/04/02 14:37:46.543, 95255 MiB, 97887 MiB, 74 %, 38 %, 346.15 W
2026/04/02 14:37:48.543, 95255 MiB, 97887 MiB, 100 %, 27 %, 349.94 W
2026/04/02 14:37:50.543, 95255 MiB, 97887 MiB, 100 %, 35 %, 350.51 W
2026/04/02 14:37:52.543, 95255 MiB, 97887 MiB, 100 %, 27 %, 349.99 W
2026/04/02 14:37:54.544, 95255 MiB, 97887 MiB, 100 %, 38 %, 349.49 W
2026/04/02 14:37:56.544, 95255 MiB, 97887 MiB, 100 %, 32 %, 350.10 W
2026/04/02 14:37:58.544, 95255 MiB, 97887 MiB, 99 %, 67 %, 350.10 W
2026/04/02 14:38:00.544, 95255 MiB, 97887 MiB, 100 %, 24 %, 352.95 W
2026/04/02 14:38:02.544, 95255 MiB, 97887 MiB, 100 %, 27 %, 349.98 W
2026/04/02 14:38:04.545, 95255 MiB, 97887 MiB, 100 %, 30 %, 351.47 W
2026/04/02 14:38:06.545, 95255 MiB, 97887 MiB, 100 %, 29 %, 349.89 W
2026/04/02 14:38:08.545, 95255 MiB, 97887 MiB, 100 %, 33 %, 350.33 W
2026/04/02 14:38:10.545, 95255 MiB, 97887 MiB, 100 %, 31 %, 350.44 W
2026/04/02 14:38:12.546, 95255 MiB, 97887 MiB, 100 %, 32 %, 350.20 W
2026/04/02 14:38:14.546, 95255 MiB, 97887 MiB, 100 %, 36 %, 349.42 W
2026/04/02 14:38:16.546, 95255 MiB, 97887 MiB, 98 %, 62 %, 350.05 W
2026/04/02 14:38:18.546, 95255 MiB, 97887 MiB, 100 %, 31 %, 349.99 W
2026/04/02 14:38:20.547, 95255 MiB, 97887 MiB, 100 %, 40 %, 349.92 W
2026/04/02 14:38:22.547, 95255 MiB, 97887 MiB, 100 %, 31 %, 349.90 W
2026/04/02 14:38:24.547, 95255 MiB, 97887 MiB, 100 %, 16 %, 350.00 W
2026/04/02 14:38:26.547, 95255 MiB, 97887 MiB, 100 %, 32 %, 349.98 W
2026/04/02 14:38:28.547, 95255 MiB, 97887 MiB, 100 %, 31 %, 350.02 W
2026/04/02 14:38:30.548, 95255 MiB, 97887 MiB, 100 %, 31 %, 349.61 W
2026/04/02 14:38:32.548, 95255 MiB, 97887 MiB, 99 %, 68 %, 350.04 W
2026/04/02 14:38:34.548, 95255 MiB, 97887 MiB, 100 %, 28 %, 350.17 W
2026/04/02 14:38:36.548, 95255 MiB, 97887 MiB, 100 %, 36 %, 349.99 W
2026/04/02 14:38:38.548, 95255 MiB, 97887 MiB, 100 %, 30 %, 349.30 W
2026/04/02 14:38:40.549, 95255 MiB, 97887 MiB, 100 %, 31 %, 349.94 W
2026/04/02 14:38:42.549, 95255 MiB, 97887 MiB, 100 %, 26 %, 349.85 W
2026/04/02 14:38:44.549, 95255 MiB, 97887 MiB, 100 %, 28 %, 349.82 W
2026/04/02 14:38:46.549, 95255 MiB, 97887 MiB, 100 %, 23 %, 349.89 W
2026/04/02 14:38:48.550, 95255 MiB, 97887 MiB, 100 %, 24 %, 349.89 W
2026/04/02 14:38:50.550, 95255 MiB, 97887 MiB, 99 %, 67 %, 350.02 W
2026/04/02 14:38:52.550, 95255 MiB, 97887 MiB, 99 %, 23 %, 346.62 W
2026/04/02 14:38:54.550, 95255 MiB, 97887 MiB, 100 %, 24 %, 350.05 W
2026/04/02 14:38:56.550, 95255 MiB, 97887 MiB, 96 %, 26 %, 352.36 W
2026/04/02 14:38:58.551, 95255 MiB, 97887 MiB, 100 %, 27 %, 349.72 W
2026/04/02 14:39:00.551, 95255 MiB, 97887 MiB, 100 %, 25 %, 349.72 W
2026/04/02 14:39:02.551, 95255 MiB, 97887 MiB, 100 %, 28 %, 349.94 W
2026/04/02 14:39:04.551, 95255 MiB, 97887 MiB, 100 %, 18 %, 350.14 W
2026/04/02 14:39:06.552, 95255 MiB, 97887 MiB, 100 %, 30 %, 349.90 W
2026/04/02 14:39:08.552, 95255 MiB, 97887 MiB, 100 %, 39 %, 349.25 W
2026/04/02 14:39:10.552, 95255 MiB, 97887 MiB, 100 %, 31 %, 349.18 W
2026/04/02 14:39:12.552, 95255 MiB, 97887 MiB, 100 %, 28 %, 349.96 W
2026/04/02 14:39:14.553, 95255 MiB, 97887 MiB, 100 %, 29 %, 349.67 W
2026/04/02 14:39:16.553, 95255 MiB, 97887 MiB, 100 %, 31 %, 349.90 W
2026/04/02 14:39:18.553, 95255 MiB, 97887 MiB, 100 %, 18 %, 350.25 W
2026/04/02 14:39:20.553, 95255 MiB, 97887 MiB, 100 %, 30 %, 350.07 W
2026/04/02 14:39:22.553, 95255 MiB, 97887 MiB, 100 %, 29 %, 350.43 W
2026/04/02 14:39:24.554, 95255 MiB, 97887 MiB, 100 %, 26 %, 349.97 W
2026/04/02 14:39:26.554, 95255 MiB, 97887 MiB, 100 %, 34 %, 349.65 W
2026/04/02 14:39:28.554, 95255 MiB, 97887 MiB, 100 %, 32 %, 349.51 W
2026/04/02 14:39:30.554, 95255 MiB, 97887 MiB, 99 %, 68 %, 350.05 W
2026/04/02 14:39:32.555, 95255 MiB, 97887 MiB, 99 %, 67 %, 349.99 W
2026/04/02 14:39:34.555, 95255 MiB, 97887 MiB, 100 %, 31 %, 349.89 W
2026/04/02 14:39:36.555, 95255 MiB, 97887 MiB, 100 %, 45 %, 349.34 W
2026/04/02 14:39:38.555, 95255 MiB, 97887 MiB, 100 %, 29 %, 350.18 W
2026/04/02 14:39:40.555, 95255 MiB, 97887 MiB, 100 %, 17 %, 350.01 W
2026/04/02 14:39:42.556, 95255 MiB, 97887 MiB, 100 %, 24 %, 349.98 W
2026/04/02 14:39:44.556, 95255 MiB, 97887 MiB, 100 %, 28 %, 349.97 W
2026/04/02 14:39:46.556, 95255 MiB, 97887 MiB, 100 %, 31 %, 350.04 W
2026/04/02 14:39:48.556, 95255 MiB, 97887 MiB, 100 %, 31 %, 350.06 W
2026/04/02 14:39:50.557, 95255 MiB, 97887 MiB, 100 %, 29 %, 360.09 W
2026/04/02 14:39:52.557, 95255 MiB, 97887 MiB, 100 %, 27 %, 349.93 W
2026/04/02 14:39:54.557, 95255 MiB, 97887 MiB, 100 %, 30 %, 350.25 W
2026/04/02 14:39:56.557, 95255 MiB, 97887 MiB, 100 %, 27 %, 350.40 W
2026/04/02 14:39:58.557, 95255 MiB, 97887 MiB, 100 %, 31 %, 350.49 W
2026/04/02 14:40:00.558, 95255 MiB, 97887 MiB, 100 %, 27 %, 349.91 W
2026/04/02 14:40:02.558, 95255 MiB, 97887 MiB, 100 %, 31 %, 350.09 W
2026/04/02 14:40:04.558, 95255 MiB, 97887 MiB, 100 %, 33 %, 349.54 W
2026/04/02 14:40:06.558, 95255 MiB, 97887 MiB, 100 %, 26 %, 349.82 W
2026/04/02 14:40:08.559, 95255 MiB, 97887 MiB, 100 %, 31 %, 350.06 W
2026/04/02 14:40:10.559, 95255 MiB, 97887 MiB, 99 %, 67 %, 349.91 W
2026/04/02 14:40:12.559, 95255 MiB, 97887 MiB, 99 %, 67 %, 350.05 W
2026/04/02 14:40:14.559, 95255 MiB, 97887 MiB, 100 %, 27 %, 366.62 W
2026/04/02 14:40:16.560, 95255 MiB, 97887 MiB, 100 %, 27 %, 349.93 W
2026/04/02 14:40:18.560, 95255 MiB, 97887 MiB, 100 %, 29 %, 362.60 W
2026/04/02 14:40:20.560, 95255 MiB, 97887 MiB, 100 %, 31 %, 350.04 W
2026/04/02 14:40:22.560, 95255 MiB, 97887 MiB, 100 %, 28 %, 350.04 W
2026/04/02 14:40:24.560, 95255 MiB, 97887 MiB, 100 %, 24 %, 350.10 W
2026/04/02 14:40:26.561, 95255 MiB, 97887 MiB, 100 %, 29 %, 349.89 W
2026/04/02 14:40:28.561, 95255 MiB, 97887 MiB, 100 %, 31 %, 349.96 W
2026/04/02 14:40:30.561, 95255 MiB, 97887 MiB, 99 %, 29 %, 349.93 W
2026/04/02 14:40:32.561, 95255 MiB, 97887 MiB, 99 %, 68 %, 349.95 W
2026/04/02 14:40:34.561, 95255 MiB, 97887 MiB, 100 %, 32 %, 349.48 W
2026/04/02 14:40:36.562, 95255 MiB, 97887 MiB, 100 %, 27 %, 349.93 W
2026/04/02 14:40:38.562, 95255 MiB, 97887 MiB, 58 %, 13 %, 295.43 W
2026/04/02 14:40:40.562, 95255 MiB, 97887 MiB, 100 %, 36 %, 349.73 W
2026/04/02 14:40:42.562, 95255 MiB, 97887 MiB, 99 %, 40 %, 349.20 W
2026/04/02 14:40:44.563, 95255 MiB, 97887 MiB, 100 %, 15 %, 350.14 W
2026/04/02 14:40:46.563, 95255 MiB, 97887 MiB, 100 %, 26 %, 349.69 W
2026/04/02 14:40:48.563, 95255 MiB, 97887 MiB, 100 %, 20 %, 350.09 W
2026/04/02 14:40:50.563, 95255 MiB, 97887 MiB, 99 %, 68 %, 349.98 W
2026/04/02 14:40:52.564, 95255 MiB, 97887 MiB, 99 %, 68 %, 349.95 W
2026/04/02 14:40:54.564, 95255 MiB, 97887 MiB, 100 %, 27 %, 350.02 W
2026/04/02 14:40:56.564, 95255 MiB, 97887 MiB, 100 %, 43 %, 350.13 W
2026/04/02 14:40:58.564, 95255 MiB, 97887 MiB, 100 %, 29 %, 349.94 W
2026/04/02 14:41:00.564, 95255 MiB, 97887 MiB, 100 %, 34 %, 349.76 W
2026/04/02 14:41:02.565, 95255 MiB, 97887 MiB, 100 %, 25 %, 349.95 W
2026/04/02 14:41:04.565, 95255 MiB, 97887 MiB, 100 %, 27 %, 349.72 W
2026/04/02 14:41:06.565, 95255 MiB, 97887 MiB, 100 %, 31 %, 350.00 W
2026/04/02 14:41:08.565, 95255 MiB, 97887 MiB, 100 %, 24 %, 349.98 W
2026/04/02 14:41:10.565, 95255 MiB, 97887 MiB, 100 %, 30 %, 333.21 W
2026/04/02 14:41:12.566, 95255 MiB, 97887 MiB, 100 %, 31 %, 350.06 W
2026/04/02 14:41:14.566, 95255 MiB, 97887 MiB, 100 %, 20 %, 350.01 W
2026/04/02 14:41:16.566, 95255 MiB, 97887 MiB, 100 %, 28 %, 349.78 W
2026/04/02 14:41:18.566, 95255 MiB, 97887 MiB, 100 %, 31 %, 349.98 W
2026/04/02 14:41:20.566, 95255 MiB, 97887 MiB, 100 %, 30 %, 349.90 W
2026/04/02 14:41:22.567, 95255 MiB, 97887 MiB, 99 %, 31 %, 350.03 W
2026/04/02 14:41:24.567, 95255 MiB, 97887 MiB, 100 %, 31 %, 349.98 W
2026/04/02 14:41:26.567, 95255 MiB, 97887 MiB, 100 %, 31 %, 350.09 W
2026/04/02 14:41:28.567, 95255 MiB, 97887 MiB, 99 %, 32 %, 350.12 W
2026/04/02 14:41:30.568, 95255 MiB, 97887 MiB, 99 %, 68 %, 349.99 W
2026/04/02 14:41:32.568, 95255 MiB, 97887 MiB, 60 %, 37 %, 343.21 W
2026/04/02 14:41:34.568, 95255 MiB, 97887 MiB, 100 %, 18 %, 350.12 W
2026/04/02 14:41:36.568, 95255 MiB, 97887 MiB, 99 %, 35 %, 349.70 W
2026/04/02 14:41:38.568, 95255 MiB, 97887 MiB, 100 %, 26 %, 349.93 W
2026/04/02 14:41:40.569, 95255 MiB, 97887 MiB, 100 %, 27 %, 349.71 W
2026/04/02 14:41:42.569, 95255 MiB, 97887 MiB, 100 %, 31 %, 350.01 W
2026/04/02 14:41:44.569, 95255 MiB, 97887 MiB, 100 %, 30 %, 349.95 W
2026/04/02 14:41:46.569, 95255 MiB, 97887 MiB, 100 %, 31 %, 350.05 W
2026/04/02 14:41:48.569, 95255 MiB, 97887 MiB, 100 %, 30 %, 350.40 W
2026/04/02 14:41:50.570, 95255 MiB, 97887 MiB, 100 %, 29 %, 358.13 W
2026/04/02 14:41:52.570, 95255 MiB, 97887 MiB, 99 %, 67 %, 349.93 W
2026/04/02 14:41:54.570, 95255 MiB, 97887 MiB, 100 %, 31 %, 349.96 W
2026/04/02 14:41:56.570, 95255 MiB, 97887 MiB, 100 %, 27 %, 349.98 W
2026/04/02 14:41:58.571, 95255 MiB, 97887 MiB, 100 %, 29 %, 350.12 W
2026/04/02 14:42:00.573, 95255 MiB, 97887 MiB, 100 %, 27 %, 349.95 W
2026/04/02 14:42:02.573, 95255 MiB, 97887 MiB, 100 %, 31 %, 350.66 W
2026/04/02 14:42:04.573, 95255 MiB, 97887 MiB, 100 %, 18 %, 350.01 W
2026/04/02 14:42:06.573, 95255 MiB, 97887 MiB, 100 %, 27 %, 349.90 W
2026/04/02 14:42:08.574, 95255 MiB, 97887 MiB, 100 %, 31 %, 349.99 W
2026/04/02 14:42:10.574, 95255 MiB, 97887 MiB, 24 %, 5 %, 284.96 W
2026/04/02 14:42:12.575, 95255 MiB, 97887 MiB, 100 %, 30 %, 349.96 W
2026/04/02 14:42:14.575, 95255 MiB, 97887 MiB, 100 %, 31 %, 350.33 W
2026/04/02 14:42:16.575, 95255 MiB, 97887 MiB, 100 %, 31 %, 349.99 W
2026/04/02 14:42:18.576, 95255 MiB, 97887 MiB, 100 %, 31 %, 349.80 W
2026/04/02 14:42:20.576, 95255 MiB, 97887 MiB, 100 %, 26 %, 349.98 W
2026/04/02 14:42:22.577, 95255 MiB, 97887 MiB, 100 %, 31 %, 349.89 W
2026/04/02 14:42:24.577, 95255 MiB, 97887 MiB, 100 %, 32 %, 349.75 W
2026/04/02 14:42:26.577, 95255 MiB, 97887 MiB, 100 %, 14 %, 349.98 W
2026/04/02 14:42:28.578, 95255 MiB, 97887 MiB, 100 %, 28 %, 350.54 W
2026/04/02 14:42:30.578, 95255 MiB, 97887 MiB, 100 %, 24 %, 349.53 W
2026/04/02 14:42:32.579, 95255 MiB, 97887 MiB, 99 %, 68 %, 349.94 W
2026/04/02 14:42:34.580, 95255 MiB, 97887 MiB, 100 %, 31 %, 349.91 W
2026/04/02 14:42:36.580, 95255 MiB, 97887 MiB, 100 %, 31 %, 350.07 W
2026/04/02 14:42:38.581, 95255 MiB, 97887 MiB, 100 %, 31 %, 301.83 W
2026/04/02 14:42:40.582, 95255 MiB, 97887 MiB, 100 %, 27 %, 349.98 W
2026/04/02 14:42:42.583, 95255 MiB, 97887 MiB, 100 %, 31 %, 350.02 W
2026/04/02 14:42:44.583, 95255 MiB, 97887 MiB, 99 %, 31 %, 349.93 W
2026/04/02 14:42:46.583, 95255 MiB, 97887 MiB, 99 %, 32 %, 350.83 W
2026/04/02 14:42:48.584, 95255 MiB, 97887 MiB, 100 %, 23 %, 349.98 W
2026/04/02 14:42:50.584, 95255 MiB, 97887 MiB, 100 %, 31 %, 349.89 W
2026/04/02 14:42:52.584, 95255 MiB, 97887 MiB, 100 %, 31 %, 349.90 W
2026/04/02 14:42:54.584, 95255 MiB, 97887 MiB, 100 %, 30 %, 349.92 W
2026/04/02 14:42:56.584, 95255 MiB, 97887 MiB, 100 %, 24 %, 349.88 W
2026/04/02 14:42:58.584, 95255 MiB, 97887 MiB, 100 %, 28 %, 349.93 W
2026/04/02 14:43:00.585, 95255 MiB, 97887 MiB, 100 %, 27 %, 349.98 W
2026/04/02 14:43:02.585, 95255 MiB, 97887 MiB, 100 %, 25 %, 350.11 W
2026/04/02 14:43:04.585, 95255 MiB, 97887 MiB, 100 %, 27 %, 349.93 W
2026/04/02 14:43:06.585, 95255 MiB, 97887 MiB, 0 %, 0 %, 310.89 W
2026/04/02 14:43:08.586, 95255 MiB, 97887 MiB, 100 %, 27 %, 350.38 W
2026/04/02 14:43:10.586, 95255 MiB, 97887 MiB, 99 %, 67 %, 350.35 W
2026/04/02 14:43:12.586, 95255 MiB, 97887 MiB, 99 %, 68 %, 349.99 W
2026/04/02 14:43:14.586, 95255 MiB, 97887 MiB, 100 %, 31 %, 351.28 W
2026/04/02 14:43:16.586, 95255 MiB, 97887 MiB, 100 %, 29 %, 350.02 W
2026/04/02 14:43:18.587, 95255 MiB, 97887 MiB, 99 %, 28 %, 348.29 W
2026/04/02 14:43:20.587, 95255 MiB, 97887 MiB, 100 %, 25 %, 350.02 W
2026/04/02 14:43:22.587, 95255 MiB, 97887 MiB, 100 %, 21 %, 350.12 W
2026/04/02 14:43:24.587, 95255 MiB, 97887 MiB, 100 %, 44 %, 349.53 W
2026/04/02 14:43:26.587, 95255 MiB, 97887 MiB, 99 %, 27 %, 349.79 W
2026/04/02 14:43:28.588, 95255 MiB, 97887 MiB, 100 %, 42 %, 349.98 W
2026/04/02 14:43:30.588, 95255 MiB, 97887 MiB, 100 %, 14 %, 350.04 W
2026/04/02 14:43:32.588, 95255 MiB, 97887 MiB, 100 %, 23 %, 350.17 W
2026/04/02 14:43:34.588, 95255 MiB, 97887 MiB, 99 %, 68 %, 349.95 W
2026/04/02 14:43:36.588, 95255 MiB, 97887 MiB, 100 %, 31 %, 305.11 W
2026/04/02 14:43:38.589, 95255 MiB, 97887 MiB, 100 %, 44 %, 349.29 W
2026/04/02 14:43:40.589, 95255 MiB, 97887 MiB, 100 %, 31 %, 350.03 W
2026/04/02 14:43:42.589, 95255 MiB, 97887 MiB, 100 %, 30 %, 350.18 W
2026/04/02 14:43:44.589, 95255 MiB, 97887 MiB, 99 %, 34 %, 302.41 W
2026/04/02 14:43:46.590, 95255 MiB, 97887 MiB, 100 %, 42 %, 349.75 W
2026/04/02 14:43:48.590, 95255 MiB, 97887 MiB, 100 %, 25 %, 350.10 W
2026/04/02 14:43:50.590, 95255 MiB, 97887 MiB, 100 %, 25 %, 349.94 W
2026/04/02 14:43:52.590, 95255 MiB, 97887 MiB, 99 %, 68 %, 349.95 W
2026/04/02 14:43:54.591, 95255 MiB, 97887 MiB, 99 %, 68 %, 349.96 W
2026/04/02 14:43:56.591, 95255 MiB, 97887 MiB, 99 %, 68 %, 350.01 W
2026/04/02 14:43:58.591, 95255 MiB, 97887 MiB, 99 %, 68 %, 350.00 W
2026/04/02 14:44:00.591, 95255 MiB, 97887 MiB, 99 %, 67 %, 350.04 W
2026/04/02 14:44:02.591, 95255 MiB, 97887 MiB, 99 %, 67 %, 350.02 W
2026/04/02 14:44:04.592, 95255 MiB, 97887 MiB, 99 %, 68 %, 350.00 W
2026/04/02 14:44:06.592, 95255 MiB, 97887 MiB, 99 %, 68 %, 350.02 W
2026/04/02 14:44:08.592, 95255 MiB, 97887 MiB, 99 %, 67 %, 350.02 W
2026/04/02 14:44:10.592, 95255 MiB, 97887 MiB, 99 %, 67 %, 349.97 W
2026/04/02 14:44:12.592, 95255 MiB, 97887 MiB, 99 %, 66 %, 350.00 W
2026/04/02 14:44:14.592, 95255 MiB, 97887 MiB, 99 %, 66 %, 349.97 W
2026/04/02 14:44:16.593, 95255 MiB, 97887 MiB, 99 %, 66 %, 349.97 W
2026/04/02 14:44:18.593, 95255 MiB, 97887 MiB, 99 %, 66 %, 349.99 W
2026/04/02 14:44:20.593, 95255 MiB, 97887 MiB, 99 %, 66 %, 350.02 W
2026/04/02 14:44:22.593, 95255 MiB, 97887 MiB, 99 %, 65 %, 349.97 W
2026/04/02 14:44:24.594, 95255 MiB, 97887 MiB, 99 %, 65 %, 349.95 W
2026/04/02 14:44:26.594, 95255 MiB, 97887 MiB, 99 %, 65 %, 349.97 W
2026/04/02 14:44:28.594, 95255 MiB, 97887 MiB, 99 %, 65 %, 349.98 W
2026/04/02 14:44:30.594, 95255 MiB, 97887 MiB, 99 %, 65 %, 350.00 W
2026/04/02 14:44:32.595, 95255 MiB, 97887 MiB, 99 %, 65 %, 349.92 W
2026/04/02 14:44:34.595, 95255 MiB, 97887 MiB, 99 %, 64 %, 350.03 W
2026/04/02 14:44:36.595, 95255 MiB, 97887 MiB, 99 %, 65 %, 350.00 W
2026/04/02 14:44:38.595, 95255 MiB, 97887 MiB, 99 %, 65 %, 350.06 W
2026/04/02 14:44:40.596, 95255 MiB, 97887 MiB, 99 %, 65 %, 349.92 W
2026/04/02 14:44:42.596, 95255 MiB, 97887 MiB, 99 %, 65 %, 349.98 W
2026/04/02 14:44:44.596, 95255 MiB, 97887 MiB, 99 %, 64 %, 350.01 W
2026/04/02 14:44:46.596, 95255 MiB, 97887 MiB, 99 %, 64 %, 349.95 W
2026/04/02 14:44:48.596, 95255 MiB, 97887 MiB, 99 %, 64 %, 349.98 W
2026/04/02 14:44:50.597, 95255 MiB, 97887 MiB, 99 %, 63 %, 349.90 W
2026/04/02 14:44:52.597, 95255 MiB, 97887 MiB, 99 %, 64 %, 349.94 W
2026/04/02 14:44:54.597, 95335 MiB, 97887 MiB, 99 %, 64 %, 349.99 W
2026/04/02 14:44:56.597, 95335 MiB, 97887 MiB, 99 %, 64 %, 349.97 W
2026/04/02 14:44:58.598, 95335 MiB, 97887 MiB, 99 %, 63 %, 350.02 W
2026/04/02 14:45:00.598, 95335 MiB, 97887 MiB, 99 %, 63 %, 349.99 W
2026/04/02 14:45:02.598, 95335 MiB, 97887 MiB, 99 %, 64 %, 350.01 W
2026/04/02 14:45:04.598, 95335 MiB, 97887 MiB, 99 %, 64 %, 350.00 W
2026/04/02 14:45:06.599, 95335 MiB, 97887 MiB, 99 %, 63 %, 350.01 W
2026/04/02 14:45:08.599, 95335 MiB, 97887 MiB, 99 %, 63 %, 349.97 W
2026/04/02 14:45:10.599, 95335 MiB, 97887 MiB, 99 %, 64 %, 350.03 W
2026/04/02 14:45:12.599, 95335 MiB, 97887 MiB, 99 %, 63 %, 350.08 W
2026/04/02 14:45:14.600, 95335 MiB, 97887 MiB, 99 %, 64 %, 349.98 W
2026/04/02 14:45:16.600, 95335 MiB, 97887 MiB, 99 %, 63 %, 349.98 W
2026/04/02 14:45:18.600, 95335 MiB, 97887 MiB, 99 %, 64 %, 350.00 W
2026/04/02 14:45:20.600, 95335 MiB, 97887 MiB, 99 %, 63 %, 350.01 W
2026/04/02 14:45:22.601, 95335 MiB, 97887 MiB, 99 %, 64 %, 349.98 W
2026/04/02 14:45:24.601, 95335 MiB, 97887 MiB, 99 %, 64 %, 350.03 W
2026/04/02 14:45:26.601, 95335 MiB, 97887 MiB, 99 %, 64 %, 349.98 W
2026/04/02 14:45:28.601, 95335 MiB, 97887 MiB, 99 %, 64 %, 350.02 W
2026/04/02 14:45:30.602, 95335 MiB, 97887 MiB, 99 %, 64 %, 349.99 W
2026/04/02 14:45:32.602, 95435 MiB, 97887 MiB, 99 %, 63 %, 349.98 W
2026/04/02 14:45:34.602, 95435 MiB, 97887 MiB, 99 %, 63 %, 349.96 W
2026/04/02 14:45:36.603, 95435 MiB, 97887 MiB, 99 %, 63 %, 350.11 W
2026/04/02 14:45:38.603, 95435 MiB, 97887 MiB, 99 %, 63 %, 350.05 W
2026/04/02 14:45:40.603, 95435 MiB, 97887 MiB, 99 %, 63 %, 349.91 W
2026/04/02 14:45:42.603, 95435 MiB, 97887 MiB, 99 %, 63 %, 349.98 W
2026/04/02 14:45:44.604, 95435 MiB, 97887 MiB, 99 %, 63 %, 349.93 W
2026/04/02 14:45:46.604, 95435 MiB, 97887 MiB, 99 %, 63 %, 349.99 W
2026/04/02 14:45:48.604, 95435 MiB, 97887 MiB, 99 %, 63 %, 349.92 W
2026/04/02 14:45:50.604, 95435 MiB, 97887 MiB, 99 %, 63 %, 350.02 W
2026/04/02 14:45:52.605, 95435 MiB, 97887 MiB, 99 %, 63 %, 350.10 W
2026/04/02 14:45:54.605, 95435 MiB, 97887 MiB, 99 %, 60 %, 349.97 W
2026/04/02 14:45:56.605, 95435 MiB, 97887 MiB, 99 %, 62 %, 350.06 W
2026/04/02 14:45:58.605, 95435 MiB, 97887 MiB, 99 %, 61 %, 349.98 W
2026/04/02 14:46:00.606, 95435 MiB, 97887 MiB, 99 %, 61 %, 349.95 W
2026/04/02 14:46:02.606, 95435 MiB, 97887 MiB, 99 %, 61 %, 350.03 W
2026/04/02 14:46:04.606, 95435 MiB, 97887 MiB, 99 %, 61 %, 350.08 W
2026/04/02 14:46:06.607, 95435 MiB, 97887 MiB, 99 %, 61 %, 349.99 W
2026/04/02 14:46:08.607, 95435 MiB, 97887 MiB, 99 %, 61 %, 350.01 W
2026/04/02 14:46:10.607, 95435 MiB, 97887 MiB, 99 %, 61 %, 349.99 W
2026/04/02 14:46:12.607, 95435 MiB, 97887 MiB, 99 %, 61 %, 350.03 W
2026/04/02 14:46:14.608, 95435 MiB, 97887 MiB, 99 %, 61 %, 350.02 W
2026/04/02 14:46:16.608, 95435 MiB, 97887 MiB, 99 %, 61 %, 349.88 W
2026/04/02 14:46:18.608, 95435 MiB, 97887 MiB, 99 %, 61 %, 350.02 W
2026/04/02 14:46:20.609, 95435 MiB, 97887 MiB, 99 %, 61 %, 350.02 W
2026/04/02 14:46:22.609, 95435 MiB, 97887 MiB, 99 %, 61 %, 350.04 W
2026/04/02 14:46:24.609, 95435 MiB, 97887 MiB, 99 %, 60 %, 350.02 W
2026/04/02 14:46:26.610, 95435 MiB, 97887 MiB, 99 %, 60 %, 349.98 W
2026/04/02 14:46:28.610, 95435 MiB, 97887 MiB, 99 %, 60 %, 350.01 W
2026/04/02 14:46:30.611, 95435 MiB, 97887 MiB, 99 %, 60 %, 349.91 W
2026/04/02 14:46:32.611, 95435 MiB, 97887 MiB, 99 %, 61 %, 349.97 W
2026/04/02 14:46:34.611, 95435 MiB, 97887 MiB, 99 %, 61 %, 350.06 W
2026/04/02 14:46:36.612, 95435 MiB, 97887 MiB, 99 %, 60 %, 349.96 W
2026/04/02 14:46:38.612, 95435 MiB, 97887 MiB, 99 %, 60 %, 350.00 W
2026/04/02 14:46:40.612, 95435 MiB, 97887 MiB, 98 %, 60 %, 350.00 W
2026/04/02 14:46:42.612, 95435 MiB, 97887 MiB, 99 %, 61 %, 349.93 W
2026/04/02 14:46:44.613, 95435 MiB, 97887 MiB, 99 %, 61 %, 349.95 W
2026/04/02 14:46:46.613, 95435 MiB, 97887 MiB, 99 %, 60 %, 350.02 W
2026/04/02 14:46:48.613, 95435 MiB, 97887 MiB, 99 %, 61 %, 349.91 W
2026/04/02 14:46:50.613, 95435 MiB, 97887 MiB, 99 %, 60 %, 350.04 W
2026/04/02 14:46:52.614, 95435 MiB, 97887 MiB, 99 %, 60 %, 349.91 W
2026/04/02 14:46:54.614, 95435 MiB, 97887 MiB, 98 %, 60 %, 349.95 W
2026/04/02 14:46:56.614, 95435 MiB, 97887 MiB, 99 %, 60 %, 349.98 W
2026/04/02 14:46:58.615, 95435 MiB, 97887 MiB, 98 %, 60 %, 350.06 W
2026/04/02 14:47:00.615, 95435 MiB, 97887 MiB, 99 %, 59 %, 350.01 W
2026/04/02 14:47:02.615, 95435 MiB, 97887 MiB, 99 %, 60 %, 349.97 W
2026/04/02 14:47:04.615, 95435 MiB, 97887 MiB, 99 %, 60 %, 350.00 W
2026/04/02 14:47:06.616, 95435 MiB, 97887 MiB, 99 %, 59 %, 349.97 W
2026/04/02 14:47:08.616, 95435 MiB, 97887 MiB, 99 %, 59 %, 349.98 W
2026/04/02 14:47:10.616, 95435 MiB, 97887 MiB, 99 %, 59 %, 349.90 W
2026/04/02 14:47:12.617, 95435 MiB, 97887 MiB, 99 %, 60 %, 350.11 W
2026/04/02 14:47:14.617, 95435 MiB, 97887 MiB, 99 %, 59 %, 350.02 W
2026/04/02 14:47:16.617, 95435 MiB, 97887 MiB, 99 %, 59 %, 349.90 W
2026/04/02 14:47:18.617, 95435 MiB, 97887 MiB, 98 %, 59 %, 349.90 W
2026/04/02 14:47:20.618, 95435 MiB, 97887 MiB, 98 %, 59 %, 349.90 W
2026/04/02 14:47:22.618, 95435 MiB, 97887 MiB, 99 %, 59 %, 349.99 W
2026/04/02 14:47:24.618, 95435 MiB, 97887 MiB, 99 %, 58 %, 350.12 W
2026/04/02 14:47:26.619, 95435 MiB, 97887 MiB, 98 %, 59 %, 350.01 W
2026/04/02 14:47:28.619, 95435 MiB, 97887 MiB, 99 %, 59 %, 350.00 W
2026/04/02 14:47:30.619, 95435 MiB, 97887 MiB, 99 %, 59 %, 349.94 W
2026/04/02 14:47:32.619, 95435 MiB, 97887 MiB, 98 %, 58 %, 350.04 W
2026/04/02 14:47:34.620, 95435 MiB, 97887 MiB, 98 %, 58 %, 350.02 W
2026/04/02 14:47:36.620, 95435 MiB, 97887 MiB, 98 %, 58 %, 349.99 W
2026/04/02 14:47:38.620, 95455 MiB, 97887 MiB, 98 %, 58 %, 349.97 W
2026/04/02 14:47:40.620, 95455 MiB, 97887 MiB, 98 %, 57 %, 349.95 W
2026/04/02 14:47:42.621, 95455 MiB, 97887 MiB, 98 %, 58 %, 350.03 W
2026/04/02 14:47:44.621, 95455 MiB, 97887 MiB, 98 %, 57 %, 350.05 W
2026/04/02 14:47:46.621, 95455 MiB, 97887 MiB, 98 %, 58 %, 350.04 W
2026/04/02 14:47:48.622, 95455 MiB, 97887 MiB, 98 %, 58 %, 349.95 W
2026/04/02 14:47:50.622, 95455 MiB, 97887 MiB, 98 %, 57 %, 350.02 W
2026/04/02 14:47:52.622, 95455 MiB, 97887 MiB, 98 %, 58 %, 350.13 W
2026/04/02 14:47:54.622, 95455 MiB, 97887 MiB, 98 %, 58 %, 349.95 W
2026/04/02 14:47:56.623, 95455 MiB, 97887 MiB, 98 %, 58 %, 349.98 W
2026/04/02 14:47:58.623, 95455 MiB, 97887 MiB, 98 %, 57 %, 349.95 W
2026/04/02 14:48:00.623, 95455 MiB, 97887 MiB, 98 %, 57 %, 350.13 W
2026/04/02 14:48:02.624, 95455 MiB, 97887 MiB, 99 %, 57 %, 349.97 W
2026/04/02 14:48:04.624, 95455 MiB, 97887 MiB, 98 %, 58 %, 349.97 W
2026/04/02 14:48:06.624, 95455 MiB, 97887 MiB, 98 %, 57 %, 350.02 W
2026/04/02 14:48:08.624, 95455 MiB, 97887 MiB, 98 %, 57 %, 349.97 W
2026/04/02 14:48:10.625, 95455 MiB, 97887 MiB, 98 %, 57 %, 314.33 W
2026/04/02 14:48:12.625, 95455 MiB, 97887 MiB, 98 %, 57 %, 349.91 W
2026/04/02 14:48:14.625, 95455 MiB, 97887 MiB, 98 %, 57 %, 350.04 W
2026/04/02 14:48:16.625, 95455 MiB, 97887 MiB, 98 %, 57 %, 349.99 W
2026/04/02 14:48:18.626, 95455 MiB, 97887 MiB, 98 %, 56 %, 349.96 W
2026/04/02 14:48:20.626, 95455 MiB, 97887 MiB, 98 %, 57 %, 349.97 W
2026/04/02 14:48:22.626, 95455 MiB, 97887 MiB, 98 %, 57 %, 350.01 W
2026/04/02 14:48:24.626, 95455 MiB, 97887 MiB, 98 %, 57 %, 350.01 W
2026/04/02 14:48:26.627, 95455 MiB, 97887 MiB, 98 %, 57 %, 349.99 W
2026/04/02 14:48:28.627, 95455 MiB, 97887 MiB, 98 %, 57 %, 349.94 W
2026/04/02 14:48:30.627, 95455 MiB, 97887 MiB, 98 %, 57 %, 349.93 W
2026/04/02 14:48:32.628, 95455 MiB, 97887 MiB, 98 %, 57 %, 349.91 W
2026/04/02 14:48:34.628, 95455 MiB, 97887 MiB, 98 %, 58 %, 349.97 W
2026/04/02 14:48:36.628, 95455 MiB, 97887 MiB, 98 %, 57 %, 349.94 W
2026/04/02 14:48:38.628, 95455 MiB, 97887 MiB, 98 %, 57 %, 350.05 W
2026/04/02 14:48:40.629, 95455 MiB, 97887 MiB, 98 %, 57 %, 350.02 W
2026/04/02 14:48:42.629, 95455 MiB, 97887 MiB, 98 %, 57 %, 349.98 W
2026/04/02 14:48:44.629, 95455 MiB, 97887 MiB, 98 %, 57 %, 350.05 W
2026/04/02 14:48:46.629, 95455 MiB, 97887 MiB, 98 %, 57 %, 349.97 W
2026/04/02 14:48:48.630, 95455 MiB, 97887 MiB, 98 %, 55 %, 349.94 W
2026/04/02 14:48:50.630, 95455 MiB, 97887 MiB, 98 %, 54 %, 350.09 W
2026/04/02 14:48:52.630, 95455 MiB, 97887 MiB, 98 %, 54 %, 350.10 W
2026/04/02 14:48:54.630, 95455 MiB, 97887 MiB, 98 %, 54 %, 349.93 W
2026/04/02 14:48:56.630, 95455 MiB, 97887 MiB, 97 %, 54 %, 350.00 W
2026/04/02 14:48:58.631, 95455 MiB, 97887 MiB, 98 %, 54 %, 350.03 W
2026/04/02 14:49:00.631, 95455 MiB, 97887 MiB, 98 %, 53 %, 349.99 W
2026/04/02 14:49:02.631, 95455 MiB, 97887 MiB, 98 %, 54 %, 350.01 W
2026/04/02 14:49:04.631, 95455 MiB, 97887 MiB, 98 %, 53 %, 349.93 W
2026/04/02 14:49:06.632, 95455 MiB, 97887 MiB, 98 %, 53 %, 350.08 W
2026/04/02 14:49:08.632, 95455 MiB, 97887 MiB, 98 %, 53 %, 350.05 W
2026/04/02 14:49:10.632, 95455 MiB, 97887 MiB, 97 %, 52 %, 349.85 W
2026/04/02 14:49:12.632, 95455 MiB, 97887 MiB, 98 %, 53 %, 350.07 W
2026/04/02 14:49:14.633, 95455 MiB, 97887 MiB, 97 %, 52 %, 349.95 W
2026/04/02 14:49:16.633, 95455 MiB, 97887 MiB, 98 %, 60 %, 350.03 W
2026/04/02 14:49:18.633, 95455 MiB, 97887 MiB, 98 %, 60 %, 350.07 W
2026/04/02 14:49:20.633, 95455 MiB, 97887 MiB, 98 %, 59 %, 349.91 W
2026/04/02 14:49:22.633, 95455 MiB, 97887 MiB, 98 %, 60 %, 349.98 W
2026/04/02 14:49:24.634, 95455 MiB, 97887 MiB, 98 %, 60 %, 349.91 W
2026/04/02 14:49:26.634, 95455 MiB, 97887 MiB, 98 %, 59 %, 349.83 W
2026/04/02 14:49:28.634, 95455 MiB, 97887 MiB, 98 %, 60 %, 350.00 W
2026/04/02 14:49:30.634, 95455 MiB, 97887 MiB, 98 %, 60 %, 350.10 W
2026/04/02 14:49:32.635, 95455 MiB, 97887 MiB, 98 %, 59 %, 349.90 W
2026/04/02 14:49:34.635, 95455 MiB, 97887 MiB, 98 %, 59 %, 349.98 W
2026/04/02 14:49:36.635, 95455 MiB, 97887 MiB, 98 %, 60 %, 349.95 W
2026/04/02 14:49:38.635, 95455 MiB, 97887 MiB, 98 %, 60 %, 350.00 W
2026/04/02 14:49:40.635, 95455 MiB, 97887 MiB, 98 %, 60 %, 350.09 W
2026/04/02 14:49:42.635, 95455 MiB, 97887 MiB, 98 %, 59 %, 349.75 W
2026/04/02 14:49:44.636, 95455 MiB, 97887 MiB, 98 %, 60 %, 349.97 W
2026/04/02 14:49:46.636, 95455 MiB, 97887 MiB, 98 %, 60 %, 350.09 W
2026/04/02 14:49:48.636, 95455 MiB, 97887 MiB, 98 %, 60 %, 349.99 W
2026/04/02 14:49:50.636, 95455 MiB, 97887 MiB, 98 %, 59 %, 349.86 W
2026/04/02 14:49:52.636, 95455 MiB, 97887 MiB, 98 %, 60 %, 350.18 W
2026/04/02 14:49:54.637, 95455 MiB, 97887 MiB, 97 %, 59 %, 349.94 W
2026/04/02 14:49:56.637, 95455 MiB, 97887 MiB, 98 %, 59 %, 350.13 W
2026/04/02 14:49:58.637, 95455 MiB, 97887 MiB, 98 %, 60 %, 350.20 W
2026/04/02 14:50:00.637, 95455 MiB, 97887 MiB, 98 %, 59 %, 349.77 W
2026/04/02 14:50:02.638, 95455 MiB, 97887 MiB, 98 %, 59 %, 349.85 W
2026/04/02 14:50:04.638, 95455 MiB, 97887 MiB, 97 %, 60 %, 350.08 W
2026/04/02 14:50:06.638, 95455 MiB, 97887 MiB, 98 %, 60 %, 349.96 W
2026/04/02 14:50:08.638, 95455 MiB, 97887 MiB, 98 %, 60 %, 350.13 W
2026/04/02 14:50:10.639, 95455 MiB, 97887 MiB, 98 %, 60 %, 349.94 W
2026/04/02 14:50:12.639, 95455 MiB, 97887 MiB, 98 %, 60 %, 349.95 W
2026/04/02 14:50:14.639, 95455 MiB, 97887 MiB, 97 %, 60 %, 349.90 W
2026/04/02 14:50:16.639, 95455 MiB, 97887 MiB, 97 %, 59 %, 350.08 W
2026/04/02 14:50:18.640, 95455 MiB, 97887 MiB, 97 %, 58 %, 349.97 W
2026/04/02 14:50:20.640, 95455 MiB, 97887 MiB, 97 %, 59 %, 350.01 W
2026/04/02 14:50:22.640, 95455 MiB, 97887 MiB, 97 %, 58 %, 349.80 W
2026/04/02 14:50:24.640, 95455 MiB, 97887 MiB, 98 %, 57 %, 349.71 W
2026/04/02 14:50:26.641, 95475 MiB, 97887 MiB, 98 %, 57 %, 349.91 W
2026/04/02 14:50:28.641, 95475 MiB, 97887 MiB, 97 %, 56 %, 349.99 W
2026/04/02 14:50:30.641, 95475 MiB, 97887 MiB, 97 %, 57 %, 350.14 W
2026/04/02 14:50:32.641, 95475 MiB, 97887 MiB, 97 %, 56 %, 350.02 W
2026/04/02 14:50:34.642, 95475 MiB, 97887 MiB, 97 %, 56 %, 349.99 W
2026/04/02 14:50:36.642, 95475 MiB, 97887 MiB, 97 %, 56 %, 349.96 W
2026/04/02 14:50:38.642, 95475 MiB, 97887 MiB, 97 %, 56 %, 349.88 W
2026/04/02 14:50:40.642, 95475 MiB, 97887 MiB, 97 %, 56 %, 350.19 W
2026/04/02 14:50:42.643, 95475 MiB, 97887 MiB, 97 %, 56 %, 350.02 W
2026/04/02 14:50:44.643, 95475 MiB, 97887 MiB, 97 %, 56 %, 350.15 W
2026/04/02 14:50:46.643, 95475 MiB, 97887 MiB, 97 %, 57 %, 350.04 W
2026/04/02 14:50:48.643, 95475 MiB, 97887 MiB, 97 %, 57 %, 350.10 W
2026/04/02 14:50:50.644, 95475 MiB, 97887 MiB, 97 %, 56 %, 350.19 W
2026/04/02 14:50:52.644, 95475 MiB, 97887 MiB, 97 %, 56 %, 349.93 W
2026/04/02 14:50:54.644, 95475 MiB, 97887 MiB, 96 %, 56 %, 349.97 W
2026/04/02 14:50:56.645, 95475 MiB, 97887 MiB, 97 %, 57 %, 350.11 W
2026/04/02 14:50:58.645, 95475 MiB, 97887 MiB, 97 %, 56 %, 350.03 W
2026/04/02 14:51:00.645, 95475 MiB, 97887 MiB, 97 %, 56 %, 350.03 W
2026/04/02 14:51:02.645, 95475 MiB, 97887 MiB, 98 %, 56 %, 350.23 W
2026/04/02 14:51:04.646, 95475 MiB, 97887 MiB, 98 %, 55 %, 350.08 W
2026/04/02 14:51:06.646, 95475 MiB, 97887 MiB, 97 %, 55 %, 349.80 W
2026/04/02 14:51:08.646, 95475 MiB, 97887 MiB, 97 %, 55 %, 350.19 W
2026/04/02 14:51:10.646, 95475 MiB, 97887 MiB, 96 %, 54 %, 349.73 W
2026/04/02 14:51:12.647, 95475 MiB, 97887 MiB, 97 %, 54 %, 349.87 W
2026/04/02 14:51:14.648, 95475 MiB, 97887 MiB, 97 %, 54 %, 350.19 W
2026/04/02 14:51:16.648, 95475 MiB, 97887 MiB, 97 %, 53 %, 349.94 W
2026/04/02 14:51:18.648, 95475 MiB, 97887 MiB, 97 %, 54 %, 349.93 W
2026/04/02 14:51:20.649, 95475 MiB, 97887 MiB, 97 %, 52 %, 349.98 W
2026/04/02 14:51:22.649, 95475 MiB, 97887 MiB, 98 %, 52 %, 349.91 W
2026/04/02 14:51:24.649, 95475 MiB, 97887 MiB, 98 %, 52 %, 350.06 W
2026/04/02 14:51:26.649, 95475 MiB, 97887 MiB, 97 %, 52 %, 350.02 W
2026/04/02 14:51:28.650, 95495 MiB, 97887 MiB, 97 %, 52 %, 349.96 W
2026/04/02 14:51:30.650, 95495 MiB, 97887 MiB, 97 %, 51 %, 350.17 W
2026/04/02 14:51:32.650, 95495 MiB, 97887 MiB, 97 %, 51 %, 350.04 W
2026/04/02 14:51:34.651, 3 MiB, 97887 MiB, 0 %, 0 %, 239.19 W
2026/04/02 14:51:36.651, 3 MiB, 97887 MiB, 0 %, 0 %, 117.28 W
2026/04/02 14:51:38.651, 3 MiB, 97887 MiB, 0 %, 0 %, 76.03 W
2026/04/02 14:51:40.652, 3 MiB, 97887 MiB, 0 %, 0 %, 70.49 W
2026/04/02 14:51:42.652, 3 MiB, 97887 MiB, 0 %, 0 %, 63.31 W
2026/04/02 14:51:44.653, 3 MiB, 97887 MiB, 0 %, 0 %, 33.58 W
2026/04/02 14:51:46.653, 3 MiB, 97887 MiB, 0 %, 0 %, 33.38 W
2026/04/02 14:51:48.654, 3 MiB, 97887 MiB, 0 %, 0 %, 31.66 W
2026/04/02 14:51:50.655, 3 MiB, 97887 MiB, 0 %, 0 %, 30.60 W
2026/04/02 14:51:52.656, 3 MiB, 97887 MiB, 0 %, 0 %, 30.66 W
2026/04/02 14:51:54.657, 3 MiB, 97887 MiB, 0 %, 0 %, 29.97 W
2026/04/02 14:51:56.657, 3 MiB, 97887 MiB, 0 %, 0 %, 29.62 W
2026/04/02 14:51:58.658, 3 MiB, 97887 MiB, 0 %, 0 %, 29.29 W
2026/04/02 14:52:00.659, 3 MiB, 97887 MiB, 0 %, 0 %, 29.24 W
2026/04/02 14:52:02.660, 3 MiB, 97887 MiB, 0 %, 0 %, 28.78 W
2026/04/02 14:52:04.660, 3 MiB, 97887 MiB, 0 %, 0 %, 29.15 W
2026/04/02 14:52:06.661, 3 MiB, 97887 MiB, 0 %, 0 %, 28.73 W
2026/04/02 14:52:08.662, 3 MiB, 97887 MiB, 0 %, 0 %, 28.54 W
2026/04/02 14:52:10.663, 3 MiB, 97887 MiB, 0 %, 0 %, 28.38 W
2026/04/02 14:52:12.664, 3 MiB, 97887 MiB, 0 %, 0 %, 27.95 W
2026/04/02 14:52:14.665, 3 MiB, 97887 MiB, 0 %, 0 %, 27.71 W
2026/04/02 14:52:16.666, 3 MiB, 97887 MiB, 0 %, 0 %, 27.81 W
2026/04/02 14:52:18.666, 3 MiB, 97887 MiB, 0 %, 0 %, 27.48 W
2026/04/02 14:52:20.667, 3 MiB, 97887 MiB, 0 %, 0 %, 27.36 W
2026/04/02 14:52:22.668, 3 MiB, 97887 MiB, 0 %, 0 %, 27.73 W
2026/04/02 14:52:24.669, 3 MiB, 97887 MiB, 0 %, 0 %, 27.73 W
2026/04/02 14:52:26.669, 3 MiB, 97887 MiB, 0 %, 0 %, 26.87 W
2026/04/02 14:52:28.670, 3 MiB, 97887 MiB, 0 %, 0 %, 26.87 W
2026/04/02 14:52:30.671, 3 MiB, 97887 MiB, 0 %, 0 %, 26.42 W
2026/04/02 14:52:32.671, 3 MiB, 97887 MiB, 0 %, 0 %, 26.54 W
2026/04/02 14:52:34.672, 3 MiB, 97887 MiB, 0 %, 0 %, 26.25 W
2026/04/02 14:52:36.673, 3 MiB, 97887 MiB, 0 %, 0 %, 26.36 W
2026/04/02 14:52:38.674, 3 MiB, 97887 MiB, 0 %, 0 %, 26.55 W
2026/04/02 14:52:40.675, 3 MiB, 97887 MiB, 0 %, 0 %, 26.20 W
2026/04/02 14:52:42.676, 3 MiB, 97887 MiB, 0 %, 0 %, 26.21 W
2026/04/02 14:52:44.676, 3 MiB, 97887 MiB, 0 %, 0 %, 26.34 W
2026/04/02 14:52:46.677, 3 MiB, 97887 MiB, 0 %, 0 %, 26.40 W
2026/04/02 14:52:48.678, 3 MiB, 97887 MiB, 0 %, 0 %, 26.12 W
2026/04/02 14:52:50.679, 3 MiB, 97887 MiB, 0 %, 0 %, 26.12 W
2026/04/02 14:52:52.679, 3 MiB, 97887 MiB, 0 %, 0 %, 26.27 W
2026/04/02 14:52:54.680, 3 MiB, 97887 MiB, 0 %, 0 %, 25.49 W
2026/04/02 14:52:56.681, 3 MiB, 97887 MiB, 0 %, 0 %, 25.69 W
2026/04/02 14:52:58.682, 3 MiB, 97887 MiB, 0 %, 0 %, 25.55 W
2026/04/02 14:53:00.683, 3 MiB, 97887 MiB, 0 %, 0 %, 25.54 W
2026/04/02 14:53:02.683, 3 MiB, 97887 MiB, 0 %, 0 %, 25.25 W
2026/04/02 14:53:04.684, 3 MiB, 97887 MiB, 0 %, 0 %, 25.23 W
2026/04/02 14:53:06.685, 3 MiB, 97887 MiB, 0 %, 0 %, 24.98 W
2026/04/02 14:53:08.686, 3 MiB, 97887 MiB, 0 %, 0 %, 25.24 W
2026/04/02 14:53:10.686, 3 MiB, 97887 MiB, 0 %, 0 %, 25.03 W
2026/04/02 14:53:12.687, 3 MiB, 97887 MiB, 0 %, 0 %, 25.23 W
2026/04/02 14:53:14.688, 3 MiB, 97887 MiB, 0 %, 0 %, 25.29 W
2026/04/02 14:53:16.689, 3 MiB, 97887 MiB, 0 %, 0 %, 24.80 W
2026/04/02 14:53:18.690, 3 MiB, 97887 MiB, 0 %, 0 %, 24.81 W
2026/04/02 14:53:20.690, 3 MiB, 97887 MiB, 0 %, 0 %, 24.65 W
2026/04/02 14:53:22.691, 3 MiB, 97887 MiB, 0 %, 0 %, 24.57 W
2026/04/02 14:53:24.692, 3 MiB, 97887 MiB, 0 %, 0 %, 24.52 W
2026/04/02 14:53:26.693, 3 MiB, 97887 MiB, 0 %, 0 %, 24.51 W
2026/04/02 14:53:28.694, 3 MiB, 97887 MiB, 0 %, 0 %, 24.68 W
2026/04/02 14:53:30.694, 3 MiB, 97887 MiB, 0 %, 0 %, 24.68 W
2026/04/02 14:53:32.695, 3 MiB, 97887 MiB, 0 %, 0 %, 24.59 W
2026/04/02 14:53:34.696, 3 MiB, 97887 MiB, 0 %, 0 %, 24.43 W
2026/04/02 14:53:36.697, 3 MiB, 97887 MiB, 0 %, 0 %, 24.33 W
2026/04/02 14:53:38.697, 3 MiB, 97887 MiB, 0 %, 0 %, 24.82 W
2026/04/02 14:53:40.698, 3 MiB, 97887 MiB, 0 %, 0 %, 24.63 W
2026/04/02 14:53:42.699, 3 MiB, 97887 MiB, 0 %, 0 %, 24.27 W
2026/04/02 14:53:44.700, 3 MiB, 97887 MiB, 0 %, 0 %, 24.30 W
2026/04/02 14:53:46.700, 3 MiB, 97887 MiB, 0 %, 0 %, 24.51 W
2026/04/02 14:53:48.701, 3 MiB, 97887 MiB, 0 %, 0 %, 24.53 W
2026/04/02 14:53:50.702, 3 MiB, 97887 MiB, 0 %, 0 %, 24.11 W
2026/04/02 14:53:52.703, 3 MiB, 97887 MiB, 0 %, 0 %, 24.25 W
2026/04/02 14:53:54.703, 3 MiB, 97887 MiB, 0 %, 0 %, 24.26 W
2026/04/02 14:53:56.704, 3 MiB, 97887 MiB, 0 %, 0 %, 24.11 W
2026/04/02 14:53:58.705, 3 MiB, 97887 MiB, 0 %, 0 %, 24.11 W
2026/04/02 14:54:00.706, 3 MiB, 97887 MiB, 0 %, 0 %, 24.29 W
2026/04/02 14:54:02.707, 3 MiB, 97887 MiB, 0 %, 0 %, 23.79 W
2026/04/02 14:54:04.708, 3 MiB, 97887 MiB, 0 %, 0 %, 23.79 W
2026/04/02 14:54:06.709, 3 MiB, 97887 MiB, 0 %, 0 %, 23.77 W
2026/04/02 14:54:08.710, 3 MiB, 97887 MiB, 0 %, 0 %, 23.65 W
2026/04/02 14:54:10.711, 3 MiB, 97887 MiB, 0 %, 0 %, 23.76 W
2026/04/02 14:54:12.712, 3 MiB, 97887 MiB, 0 %, 0 %, 23.72 W
2026/04/02 14:54:14.712, 3 MiB, 97887 MiB, 0 %, 0 %, 23.89 W
2026/04/02 14:54:16.713, 3 MiB, 97887 MiB, 0 %, 0 %, 23.72 W
2026/04/02 14:54:18.714, 3 MiB, 97887 MiB, 0 %, 0 %, 23.47 W
2026/04/02 14:54:20.715, 3 MiB, 97887 MiB, 0 %, 0 %, 23.36 W
2026/04/02 14:54:22.716, 3 MiB, 97887 MiB, 0 %, 0 %, 23.69 W
2026/04/02 14:54:24.717, 3 MiB, 97887 MiB, 0 %, 0 %, 23.50 W
2026/04/02 14:54:26.718, 3 MiB, 97887 MiB, 0 %, 0 %, 23.25 W
2026/04/02 14:54:28.719, 3 MiB, 97887 MiB, 0 %, 0 %, 23.37 W
2026/04/02 14:54:30.720, 3 MiB, 97887 MiB, 0 %, 0 %, 23.06 W
2026/04/02 14:54:32.721, 3 MiB, 97887 MiB, 0 %, 0 %, 23.45 W
2026/04/02 14:54:34.721, 3 MiB, 97887 MiB, 0 %, 0 %, 23.35 W
2026/04/02 14:54:36.722, 3 MiB, 97887 MiB, 0 %, 0 %, 23.32 W
2026/04/02 14:54:38.723, 3 MiB, 97887 MiB, 0 %, 0 %, 22.89 W
2026/04/02 14:54:40.724, 3 MiB, 97887 MiB, 0 %, 0 %, 23.09 W
2026/04/02 14:54:42.725, 3 MiB, 97887 MiB, 0 %, 0 %, 22.98 W
2026/04/02 14:54:44.726, 3 MiB, 97887 MiB, 0 %, 0 %, 23.01 W
2026/04/02 14:54:46.727, 3 MiB, 97887 MiB, 0 %, 0 %, 23.71 W
2026/04/02 14:54:48.728, 3 MiB, 97887 MiB, 0 %, 0 %, 22.83 W
2026/04/02 14:54:50.729, 3 MiB, 97887 MiB, 0 %, 0 %, 22.23 W
2026/04/02 14:54:52.730, 3 MiB, 97887 MiB, 0 %, 0 %, 23.31 W
2026/04/02 14:54:54.730, 3 MiB, 97887 MiB, 0 %, 0 %, 23.27 W
2026/04/02 14:54:56.731, 3 MiB, 97887 MiB, 0 %, 0 %, 22.97 W
2026/04/02 14:54:58.732, 3 MiB, 97887 MiB, 0 %, 0 %, 23.28 W
2026/04/02 14:55:00.733, 3 MiB, 97887 MiB, 0 %, 0 %, 23.27 W
2026/04/02 14:55:02.733, 3 MiB, 97887 MiB, 0 %, 0 %, 23.36 W
2026/04/02 14:55:04.734, 3 MiB, 97887 MiB, 0 %, 0 %, 23.39 W
2026/04/02 14:55:06.734, 3 MiB, 97887 MiB, 0 %, 0 %, 23.53 W
2026/04/02 14:55:08.735, 3 MiB, 97887 MiB, 0 %, 0 %, 23.43 W
2026/04/02 14:55:10.736, 3 MiB, 97887 MiB, 0 %, 0 %, 23.40 W
2026/04/02 14:55:12.737, 3 MiB, 97887 MiB, 0 %, 0 %, 23.33 W
2026/04/02 14:55:14.738, 3 MiB, 97887 MiB, 0 %, 0 %, 23.48 W
2026/04/02 14:55:16.738, 3 MiB, 97887 MiB, 0 %, 0 %, 23.76 W
2026/04/02 14:55:18.739, 3 MiB, 97887 MiB, 0 %, 0 %, 23.60 W
2026/04/02 14:55:20.740, 3 MiB, 97887 MiB, 0 %, 0 %, 23.38 W
2026/04/02 14:55:22.741, 3 MiB, 97887 MiB, 0 %, 0 %, 23.43 W
2026/04/02 14:55:24.742, 3 MiB, 97887 MiB, 0 %, 0 %, 23.56 W
2026/04/02 14:55:26.742, 3 MiB, 97887 MiB, 0 %, 0 %, 23.13 W
2026/04/02 14:55:28.743, 3 MiB, 97887 MiB, 0 %, 0 %, 23.10 W
2026/04/02 14:55:30.744, 3 MiB, 97887 MiB, 0 %, 0 %, 22.79 W
2026/04/02 14:55:32.745, 3 MiB, 97887 MiB, 0 %, 0 %, 22.95 W
2026/04/02 14:55:34.746, 3 MiB, 97887 MiB, 0 %, 0 %, 23.07 W
2026/04/02 14:55:36.747, 3 MiB, 97887 MiB, 0 %, 0 %, 22.87 W
2026/04/02 14:55:38.748, 3 MiB, 97887 MiB, 0 %, 0 %, 23.24 W
2026/04/02 14:55:40.748, 3 MiB, 97887 MiB, 0 %, 0 %, 23.14 W
2026/04/02 14:55:42.749, 3 MiB, 97887 MiB, 0 %, 0 %, 23.42 W
2026/04/02 14:55:44.750, 3 MiB, 97887 MiB, 0 %, 0 %, 23.65 W
2026/04/02 14:55:46.751, 3 MiB, 97887 MiB, 0 %, 0 %, 23.27 W
2026/04/02 14:55:48.752, 3 MiB, 97887 MiB, 0 %, 0 %, 23.46 W
2026/04/02 14:55:50.753, 3 MiB, 97887 MiB, 0 %, 0 %, 23.54 W
2026/04/02 14:55:52.753, 3 MiB, 97887 MiB, 0 %, 0 %, 23.09 W
2026/04/02 14:55:54.754, 3 MiB, 97887 MiB, 0 %, 0 %, 22.97 W
2026/04/02 14:55:56.755, 3 MiB, 97887 MiB, 0 %, 0 %, 23.17 W
2026/04/02 14:55:58.756, 3 MiB, 97887 MiB, 0 %, 0 %, 23.42 W
2026/04/02 14:56:00.757, 3 MiB, 97887 MiB, 0 %, 0 %, 23.34 W
2026/04/02 14:56:02.757, 3 MiB, 97887 MiB, 0 %, 0 %, 22.88 W
2026/04/02 14:56:04.758, 3 MiB, 97887 MiB, 0 %, 0 %, 22.79 W
2026/04/02 14:56:06.759, 3 MiB, 97887 MiB, 0 %, 0 %, 22.93 W
2026/04/02 14:56:08.760, 3 MiB, 97887 MiB, 0 %, 0 %, 22.71 W
2026/04/02 14:56:10.761, 3 MiB, 97887 MiB, 0 %, 0 %, 22.65 W
2026/04/02 14:56:12.761, 3 MiB, 97887 MiB, 0 %, 0 %, 22.59 W
2026/04/02 14:56:14.762, 3 MiB, 97887 MiB, 0 %, 0 %, 22.79 W
2026/04/02 14:56:16.763, 3 MiB, 97887 MiB, 0 %, 0 %, 22.76 W
2026/04/02 14:56:18.763, 3 MiB, 97887 MiB, 0 %, 0 %, 23.04 W
2026/04/02 14:56:20.764, 3 MiB, 97887 MiB, 0 %, 0 %, 22.72 W
2026/04/02 14:56:22.765, 3 MiB, 97887 MiB, 0 %, 0 %, 22.84 W
2026/04/02 14:56:24.766, 3 MiB, 97887 MiB, 0 %, 0 %, 22.72 W
2026/04/02 14:56:26.767, 3 MiB, 97887 MiB, 0 %, 0 %, 22.50 W
2026/04/02 14:56:28.768, 3 MiB, 97887 MiB, 0 %, 0 %, 22.82 W
2026/04/02 14:56:30.769, 3 MiB, 97887 MiB, 0 %, 0 %, 22.90 W
2026/04/02 14:56:32.770, 3 MiB, 97887 MiB, 0 %, 0 %, 22.99 W
2026/04/02 14:56:34.770, 3 MiB, 97887 MiB, 0 %, 0 %, 22.78 W
2026/04/02 14:56:36.771, 3 MiB, 97887 MiB, 0 %, 0 %, 23.07 W
2026/04/02 14:56:38.772, 3 MiB, 97887 MiB, 0 %, 0 %, 22.81 W
2026/04/02 14:56:40.773, 3 MiB, 97887 MiB, 0 %, 0 %, 22.85 W
2026/04/02 14:56:42.774, 3 MiB, 97887 MiB, 0 %, 0 %, 22.80 W
2026/04/02 14:56:44.775, 3 MiB, 97887 MiB, 0 %, 0 %, 23.07 W
2026/04/02 14:56:46.776, 3 MiB, 97887 MiB, 0 %, 0 %, 22.50 W
2026/04/02 14:56:48.777, 3 MiB, 97887 MiB, 0 %, 0 %, 22.60 W
2026/04/02 14:56:50.777, 3 MiB, 97887 MiB, 0 %, 0 %, 22.51 W
2026/04/02 14:56:52.778, 3 MiB, 97887 MiB, 0 %, 0 %, 22.69 W
2026/04/02 14:56:54.779, 3 MiB, 97887 MiB, 0 %, 0 %, 22.95 W
2026/04/02 14:56:56.780, 3 MiB, 97887 MiB, 0 %, 0 %, 22.76 W
2026/04/02 14:56:58.781, 3 MiB, 97887 MiB, 0 %, 0 %, 22.78 W
2026/04/02 14:57:00.782, 3 MiB, 97887 MiB, 0 %, 0 %, 22.95 W
2026/04/02 14:57:02.782, 3 MiB, 97887 MiB, 0 %, 0 %, 22.77 W
2026/04/02 14:57:04.783, 3 MiB, 97887 MiB, 0 %, 0 %, 22.89 W
