===== START ENV PREP Tue Mar 31 02:35:28 UTC 2026 =====
===== INSTALL TORCH =====
Using Python 3.10.19 environment at: nvfp4_venv
Resolved 25 packages in 728ms
Downloading sympy (6.0MiB)
Downloading nvidia-cufft-cu12 (184.2MiB)
Downloading networkx (1.6MiB)
Downloading nvidia-cublas-cu12 (566.8MiB)
Downloading nvidia-cusparselt-cu12 (273.9MiB)
Downloading triton (148.2MiB)
Downloading nvidia-cuda-nvrtc-cu12 (84.0MiB)
Downloading nvidia-cuda-cupti-cu12 (9.8MiB)
Downloading nvidia-nccl-cu12 (307.4MiB)
Downloading nvidia-cufile-cu12 (1.1MiB)
Downloading nvidia-nvjitlink-cu12 (37.4MiB)
Downloading nvidia-curand-cu12 (60.7MiB)
Downloading nvidia-cusparse-cu12 (274.9MiB)
Downloading nvidia-cudnn-cu12 (674.0MiB)
Downloading nvidia-cusolver-cu12 (255.1MiB)
Downloading torch (848.0MiB)
 Downloaded nvidia-cufile-cu12
 Downloaded networkx
 Downloaded sympy
 Downloaded nvidia-cuda-cupti-cu12
 Downloaded torch
 Downloaded nvidia-nvjitlink-cu12
 Downloaded nvidia-curand-cu12
 Downloaded nvidia-cuda-nvrtc-cu12
 Downloaded triton
 Downloaded nvidia-cufft-cu12
 Downloaded nvidia-cusolver-cu12
 Downloaded nvidia-cusparselt-cu12
 Downloaded nvidia-cusparse-cu12
 Downloaded nvidia-nccl-cu12
 Downloaded nvidia-cublas-cu12
 Downloaded nvidia-cudnn-cu12
Prepared 24 packages in 1m 23s
Installed 24 packages in 1.47s
 + filelock==3.25.2
 + fsspec==2026.3.0
 + jinja2==3.1.6
 + markupsafe==3.0.3
 + mpmath==1.3.0
 + networkx==3.4.2
 + nvidia-cublas-cu12==12.8.4.1
 + nvidia-cuda-cupti-cu12==12.8.90
 + nvidia-cuda-nvrtc-cu12==12.8.93
 + nvidia-cuda-runtime-cu12==12.8.90
 + nvidia-cudnn-cu12==9.10.2.21
 + nvidia-cufft-cu12==11.3.3.83
 + nvidia-cufile-cu12==1.13.1.3
 + nvidia-curand-cu12==10.3.9.90
 + nvidia-cusolver-cu12==11.7.3.90
 + nvidia-cusparse-cu12==12.5.8.93
 + nvidia-cusparselt-cu12==0.7.1
 + nvidia-nccl-cu12==2.27.3
 + nvidia-nvjitlink-cu12==12.8.93
 + nvidia-nvtx-cu12==12.8.90
 + sympy==1.14.0
 + torch==2.8.0+cu128 (from https://download.pytorch.org/whl/cu128/torch-2.8.0%2Bcu128-cp310-cp310-manylinux_2_28_x86_64.whl)
 + triton==3.4.0
 + typing-extensions==4.15.0
===== VERIFY TORCH =====
/opt/oldMoney-Project/quantization/nvfp4_venv/lib/python3.10/site-packages/torch/_subclasses/functional_tensor.py:279: UserWarning: Failed to initialize NumPy: No module named 'numpy' (Triggered internally at /pytorch/torch/csrc/utils/tensor_numpy.cpp:81.)
  cpu = _conversion_method_template(device=torch.device("cpu"))
2.8.0+cu128 12.8
['sm_70', 'sm_75', 'sm_80', 'sm_86', 'sm_90', 'sm_100', 'sm_120']
True
===== INSTALL FLASH ATTN =====
--2026-03-31 02:37:01--  https://github.com/Dao-AILab/flash-attention/releases/download/v2.8.3/flash_attn-2.8.3+cu12torch2.8cxx11abiTRUE-cp310-cp310-linux_x86_64.whl
Resolving github.com (github.com)... 140.82.121.4
Connecting to github.com (github.com)|140.82.121.4|:443... connected.
HTTP request sent, awaiting response... 302 Found
Location: https://release-assets.githubusercontent.com/github-production-release-asset/494232964/52339f4f-ffa2-43d9-aaf0-4066e6bd009d?sp=r&sv=2018-11-09&sr=b&spr=https&se=2026-03-31T03%3A26%3A00Z&rscd=attachment%3B+filename%3Dflash_attn-2.8.3%2Bcu12torch2.8cxx11abiTRUE-cp310-cp310-linux_x86_64.whl&rsct=application%2Foctet-stream&skoid=96c2d410-5711-43a1-aedd-ab1947aa7ab0&sktid=398a6654-997b-47e9-b12b-9515b896b4de&skt=2026-03-31T02%3A25%3A46Z&ske=2026-03-31T03%3A26%3A00Z&sks=b&skv=2018-11-09&sig=Ciw%2BNX7SRjCngJNI4H%2FN1TJVuCnP%2B5zoPnjQavSvLzg%3D&jwt=eyJ0eXAiOiJKV1QiLCJhbGciOiJIUzI1NiJ9.eyJpc3MiOiJnaXRodWIuY29tIiwiYXVkIjoicmVsZWFzZS1hc3NldHMuZ2l0aHVidXNlcmNvbnRlbnQuY29tIiwia2V5Ijoia2V5MSIsImV4cCI6MTc3NDkyODIyMSwibmJmIjoxNzc0OTI0NjIxLCJwYXRoIjoicmVsZWFzZWFzc2V0cHJvZHVjdGlvbi5ibG9iLmNvcmUud2luZG93cy5uZXQifQ.uCO0EhG-aF1z7iqOh-ukU5yvw-him0ZvCf-8k4mkjB8&response-content-disposition=attachment%3B%20filename%3Dflash_attn-2.8.3%2Bcu12torch2.8cxx11abiTRUE-cp310-cp310-linux_x86_64.whl&response-content-type=application%2Foctet-stream [following]
--2026-03-31 02:37:01--  https://release-assets.githubusercontent.com/github-production-release-asset/494232964/52339f4f-ffa2-43d9-aaf0-4066e6bd009d?sp=r&sv=2018-11-09&sr=b&spr=https&se=2026-03-31T03%3A26%3A00Z&rscd=attachment%3B+filename%3Dflash_attn-2.8.3%2Bcu12torch2.8cxx11abiTRUE-cp310-cp310-linux_x86_64.whl&rsct=application%2Foctet-stream&skoid=96c2d410-5711-43a1-aedd-ab1947aa7ab0&sktid=398a6654-997b-47e9-b12b-9515b896b4de&skt=2026-03-31T02%3A25%3A46Z&ske=2026-03-31T03%3A26%3A00Z&sks=b&skv=2018-11-09&sig=Ciw%2BNX7SRjCngJNI4H%2FN1TJVuCnP%2B5zoPnjQavSvLzg%3D&jwt=eyJ0eXAiOiJKV1QiLCJhbGciOiJIUzI1NiJ9.eyJpc3MiOiJnaXRodWIuY29tIiwiYXVkIjoicmVsZWFzZS1hc3NldHMuZ2l0aHVidXNlcmNvbnRlbnQuY29tIiwia2V5Ijoia2V5MSIsImV4cCI6MTc3NDkyODIyMSwibmJmIjoxNzc0OTI0NjIxLCJwYXRoIjoicmVsZWFzZWFzc2V0cHJvZHVjdGlvbi5ibG9iLmNvcmUud2luZG93cy5uZXQifQ.uCO0EhG-aF1z7iqOh-ukU5yvw-him0ZvCf-8k4mkjB8&response-content-disposition=attachment%3B%20filename%3Dflash_attn-2.8.3%2Bcu12torch2.8cxx11abiTRUE-cp310-cp310-linux_x86_64.whl&response-content-type=application%2Foctet-stream
Resolving release-assets.githubusercontent.com (release-assets.githubusercontent.com)... 185.199.111.133, 185.199.109.133, 185.199.108.133, ...
Connecting to release-assets.githubusercontent.com (release-assets.githubusercontent.com)|185.199.111.133|:443... connected.
HTTP request sent, awaiting response... 200 OK
Length: 256026321 (244M) [application/octet-stream]
Saving to: ‘flash_attn-2.8.3+cu12torch2.8cxx11abiTRUE-cp310-cp310-linux_x86_64.whl’

     0K .......... .......... .......... .......... ..........  0% 6.52M 37s
    50K .......... .......... .......... .......... ..........  0% 5.73M 40s
   100K .......... .......... .......... .......... ..........  0% 75.3M 28s
   150K .......... .......... .......... .......... ..........  0% 27.5M 23s
   200K .......... .......... .......... .......... ..........  0% 10.6M 23s
   250K .......... .......... .......... .......... ..........  0% 33.7M 20s
   300K .......... .......... .......... .......... ..........  0% 32.4M 19s
   350K .......... .......... .......... .......... ..........  0% 61.5M 17s
   400K .......... .......... .......... .......... ..........  0% 95.5M 15s
   450K .......... .......... .......... .......... ..........  0% 86.4M 14s
   500K .......... .......... .......... .......... ..........  0% 14.4M 14s
   550K .......... .......... .......... .......... ..........  0% 41.3M 13s
   600K .......... .......... .......... .......... ..........  0% 94.5M 13s
   650K .......... .......... .......... .......... ..........  0% 47.8M 12s
   700K .......... .......... .......... .......... ..........  0% 82.6M 11s
   750K .......... .......... .......... .......... ..........  0% 66.9M 11s
   800K .......... .......... .......... .......... ..........  0% 82.6M 11s
   850K .......... .......... .......... .......... ..........  0% 80.0M 10s
   900K .......... .......... .......... .......... ..........  0% 92.3M 10s
   950K .......... .......... .......... .......... ..........  0% 93.9M 9s
  1000K .......... .......... .......... .......... ..........  0% 94.5M 9s
  1050K .......... .......... .......... .......... ..........  0% 41.0M 9s
  1100K .......... .......... .......... .......... ..........  0% 88.7M 9s
  1150K .......... .......... .......... .......... ..........  0% 67.2M 8s
  1200K .......... .......... .......... .......... ..........  0% 90.5M 8s
  1250K .......... .......... .......... .......... ..........  0% 92.7M 8s
  1300K .......... .......... .......... .......... ..........  0% 97.8M 8s
  1350K .......... .......... .......... .......... ..........  0% 93.9M 8s
  1400K .......... .......... .......... .......... ..........  0% 89.0M 7s
  1450K .......... .......... .......... .......... ..........  0% 82.3M 7s
  1500K .......... .......... .......... .......... ..........  0% 87.3M 7s
  1550K .......... .......... .......... .......... ..........  0% 63.1M 7s
  1600K .......... .......... .......... .......... ..........  0% 83.6M 7s
  1650K .......... .......... .......... .......... ..........  0% 98.2M 7s
  1700K .......... .......... .......... .......... ..........  0% 94.0M 7s
  1750K .......... .......... .......... .......... ..........  0% 84.9M 7s
  1800K .......... .......... .......... .......... ..........  0% 75.2M 6s
  1850K .......... .......... .......... .......... ..........  0% 77.4M 6s
  1900K .......... .......... .......... .......... ..........  0% 83.0M 6s
  1950K .......... .......... .......... .......... ..........  0% 69.8M 6s
  2000K .......... .......... .......... .......... ..........  0% 91.8M 6s
  2050K .......... .......... .......... .......... ..........  0% 83.0M 6s
  2100K .......... .......... .......... .......... ..........  0% 84.6M 6s
  2150K .......... .......... .......... .......... ..........  0% 80.3M 6s
  2200K .......... .......... .......... .......... ..........  0% 82.8M 6s
  2250K .......... .......... .......... .......... ..........  0% 75.3M 6s
  2300K .......... .......... .......... .......... ..........  0% 88.5M 6s
  2350K .......... .......... .......... .......... ..........  0% 63.7M 6s
  2400K .......... .......... .......... .......... ..........  0% 96.4M 6s
  2450K .......... .......... .......... .......... ..........  0% 79.8M 6s
  2500K .......... .......... .......... .......... ..........  1% 90.4M 5s
  2550K .......... .......... .......... .......... ..........  1% 79.5M 5s
  2600K .......... .......... .......... .......... ..........  1% 66.4M 5s
  2650K .......... .......... .......... .......... ..........  1% 96.1M 5s
  2700K .......... .......... .......... .......... ..........  1% 89.3M 5s
  2750K .......... .......... .......... .......... ..........  1% 70.1M 5s
  2800K .......... .......... .......... .......... ..........  1% 95.6M 5s
  2850K .......... .......... .......... .......... ..........  1% 93.6M 5s
  2900K .......... .......... .......... .......... ..........  1% 94.9M 5s
  2950K .......... .......... .......... .......... ..........  1% 94.0M 5s
  3000K .......... .......... .......... .......... ..........  1% 96.7M 5s
  3050K .......... .......... .......... .......... ..........  1% 94.2M 5s
  3100K .......... .......... .......... .......... ..........  1% 96.4M 5s
  3150K .......... .......... .......... .......... ..........  1% 68.6M 5s
  3200K .......... .......... .......... .......... ..........  1% 97.5M 5s
  3250K .......... .......... .......... .......... ..........  1% 92.8M 5s
  3300K .......... .......... .......... .......... ..........  1% 93.1M 5s
  3350K .......... .......... .......... .......... ..........  1% 93.1M 5s
  3400K .......... .......... .......... .......... ..........  1% 92.5M 5s
  3450K .......... .......... .......... .......... ..........  1% 93.1M 5s
  3500K .......... .......... .......... .......... ..........  1% 90.5M 5s
  3550K .......... .......... .......... .......... ..........  1% 70.6M 5s
  3600K .......... .......... .......... .......... ..........  1% 92.1M 5s
  3650K .......... .......... .......... .......... ..........  1% 96.1M 5s
  3700K .......... .......... .......... .......... ..........  1% 91.1M 5s
  3750K .......... .......... .......... .......... ..........  1% 95.9M 5s
  3800K .......... .......... .......... .......... ..........  1% 90.7M 5s
  3850K .......... .......... .......... .......... ..........  1% 94.3M 4s
  3900K .......... .......... .......... .......... ..........  1% 91.1M 4s
  3950K .......... .......... .......... .......... ..........  1% 70.0M 4s
  4000K .......... .......... .......... .......... ..........  1% 97.7M 4s
  4050K .......... .......... .......... .......... ..........  1% 93.4M 4s
  4100K .......... .......... .......... .......... ..........  1% 96.5M 4s
  4150K .......... .......... .......... .......... ..........  1% 94.5M 4s
  4200K .......... .......... .......... .......... ..........  1% 97.1M 4s
  4250K .......... .......... .......... .......... ..........  1% 94.6M 4s
  4300K .......... .......... .......... .......... ..........  1% 97.5M 4s
  4350K .......... .......... .......... .......... ..........  1% 71.9M 4s
  4400K .......... .......... .......... .......... ..........  1% 98.0M 4s
  4450K .......... .......... .......... .......... ..........  1% 88.2M 4s
  4500K .......... .......... .......... .......... ..........  1% 85.7M 4s
  4550K .......... .......... .......... .......... ..........  1% 89.3M 4s
  4600K .......... .......... .......... .......... ..........  1% 86.8M 4s
  4650K .......... .......... .......... .......... ..........  1% 67.5M 4s
  4700K .......... .......... .......... .......... ..........  1% 90.4M 4s
  4750K .......... .......... .......... .......... ..........  1% 70.6M 4s
  4800K .......... .......... .......... .......... ..........  1%  123M 4s
  4850K .......... .......... .......... .......... ..........  1%  126M 4s
  4900K .......... .......... .......... .......... ..........  1%  124M 4s
  4950K .......... .......... .......... .......... ..........  1%  129M 4s
  5000K .......... .......... .......... .......... ..........  2%  125M 4s
  5050K .......... .......... .......... .......... ..........  2%  127M 4s
  5100K .......... .......... .......... .......... ..........  2%  129M 4s
  5150K .......... .......... .......... .......... ..........  2% 96.4M 4s
  5200K .......... .......... .......... .......... ..........  2%  132M 4s
  5250K .......... .......... .......... .......... ..........  2% 96.8M 4s
  5300K .......... .......... .......... .......... ..........  2%  114M 4s
  5350K .......... .......... .......... .......... ..........  2%  110M 4s
  5400K .......... .......... .......... .......... ..........  2%  113M 4s
  5450K .......... .......... .......... .......... ..........  2%  121M 4s
  5500K .......... .......... .......... .......... ..........  2%  118M 4s
  5550K .......... .......... .......... .......... ..........  2% 91.7M 4s
  5600K .......... .......... .......... .......... ..........  2%  125M 4s
  5650K .......... .......... .......... .......... ..........  2%  131M 4s
  5700K .......... .......... .......... .......... ..........  2%  132M 4s
  5750K .......... .......... .......... .......... ..........  2%  130M 4s
  5800K .......... .......... .......... .......... ..........  2%  133M 4s
  5850K .......... .......... .......... .......... ..........  2%  129M 4s
  5900K .......... .......... .......... .......... ..........  2%  130M 4s
  5950K .......... .......... .......... .......... ..........  2%  101M 4s
  6000K .......... .......... .......... .......... ..........  2%  125M 4s
  6050K .......... .......... .......... .......... ..........  2%  131M 4s
  6100K .......... .......... .......... .......... ..........  2%  127M 4s
  6150K .......... .......... .......... .......... ..........  2%  133M 4s
  6200K .......... .......... .......... .......... ..........  2%  132M 4s
  6250K .......... .......... .......... .......... ..........  2%  114M 4s
  6300K .......... .......... .......... .......... ..........  2%  131M 4s
  6350K .......... .......... .......... .......... ..........  2% 94.1M 4s
  6400K .......... .......... .......... .......... ..........  2%  132M 4s
  6450K .......... .......... .......... .......... ..........  2%  130M 4s
  6500K .......... .......... .......... .......... ..........  2%  116M 4s
  6550K .......... .......... .......... .......... ..........  2%  128M 4s
  6600K .......... .......... .......... .......... ..........  2%  125M 4s
  6650K .......... .......... .......... .......... ..........  2%  128M 4s
  6700K .......... .......... .......... .......... ..........  2%  128M 4s
  6750K .......... .......... .......... .......... ..........  2% 93.2M 3s
  6800K .......... .......... .......... .......... ..........  2%  128M 3s
  6850K .......... .......... .......... .......... ..........  2%  123M 3s
  6900K .......... .......... .......... .......... ..........  2%  127M 3s
  6950K .......... .......... .......... .......... ..........  2%  132M 3s
  7000K .......... .......... .......... .......... ..........  2%  124M 3s
  7050K .......... .......... .......... .......... ..........  2%  129M 3s
  7100K .......... .......... .......... .......... ..........  2%  125M 3s
  7150K .......... .......... .......... .......... ..........  2% 97.2M 3s
  7200K .......... .......... .......... .......... ..........  2%  129M 3s
  7250K .......... .......... .......... .......... ..........  2%  126M 3s
  7300K .......... .......... .......... .......... ..........  2%  133M 3s
  7350K .......... .......... .......... .......... ..........  2%  120M 3s
  7400K .......... .......... .......... .......... ..........  2%  129M 3s
  7450K .......... .......... .......... .......... ..........  2%  131M 3s
  7500K .......... .......... .......... .......... ..........  3%  127M 3s
  7550K .......... .......... .......... .......... ..........  3%  101M 3s
  7600K .......... .......... .......... .......... ..........  3%  128M 3s
  7650K .......... .......... .......... .......... ..........  3%  130M 3s
  7700K .......... .......... .......... .......... ..........  3%  131M 3s
  7750K .......... .......... .......... .......... ..........  3%  127M 3s
  7800K .......... .......... .......... .......... ..........  3%  131M 3s
  7850K .......... .......... .......... .......... ..........  3%  133M 3s
  7900K .......... .......... .......... .......... ..........  3%  159M 3s
  7950K .......... .......... .......... .......... ..........  3%  149M 3s
  8000K .......... .......... .......... .......... ..........  3%  196M 3s
  8050K .......... .......... .......... .......... ..........  3%  157M 3s
  8100K .......... .......... .......... .......... ..........  3% 31.4M 3s
  8150K .......... .......... .......... .......... ..........  3%  193M 3s
  8200K .......... .......... .......... .......... ..........  3%  187M 3s
  8250K .......... .......... .......... .......... ..........  3%  198M 3s
  8300K .......... .......... .......... .......... ..........  3%  196M 3s
  8350K .......... .......... .......... .......... ..........  3%  138M 3s
  8400K .......... .......... .......... .......... ..........  3%  192M 3s
  8450K .......... .......... .......... .......... ..........  3%  193M 3s
  8500K .......... .......... .......... .......... ..........  3%  196M 3s
  8550K .......... .......... .......... .......... ..........  3%  190M 3s
  8600K .......... .......... .......... .......... ..........  3%  199M 3s
  8650K .......... .......... .......... .......... ..........  3% 83.8M 3s
  8700K .......... .......... .......... .......... ..........  3%  183M 3s
  8750K .......... .......... .......... .......... ..........  3%  149M 3s
  8800K .......... .......... .......... .......... ..........  3%  195M 3s
  8850K .......... .......... .......... .......... ..........  3%  189M 3s
  8900K .......... .......... .......... .......... ..........  3%  188M 3s
  8950K .......... .......... .......... .......... ..........  3%  196M 3s
  9000K .......... .......... .......... .......... ..........  3%  196M 3s
  9050K .......... .......... .......... .......... ..........  3%  194M 3s
  9100K .......... .......... .......... .......... ..........  3%  196M 3s
  9150K .......... .......... .......... .......... ..........  3%  150M 3s
  9200K .......... .......... .......... .......... ..........  3%  196M 3s
  9250K .......... .......... .......... .......... ..........  3%  188M 3s
  9300K .......... .......... .......... .......... ..........  3%  198M 3s
  9350K .......... .......... .......... .......... ..........  3%  199M 3s
  9400K .......... .......... .......... .......... ..........  3%  198M 3s
  9450K .......... .......... .......... .......... ..........  3%  186M 3s
  9500K .......... .......... .......... .......... ..........  3%  194M 3s
  9550K .......... .......... .......... .......... ..........  3%  151M 3s
  9600K .......... .......... .......... .......... ..........  3%  171M 3s
  9650K .......... .......... .......... .......... ..........  3%  171M 3s
  9700K .......... .......... .......... .......... ..........  3%  161M 3s
  9750K .......... .......... .......... .......... ..........  3%  170M 3s
  9800K .......... .......... .......... .......... ..........  3%  172M 3s
  9850K .......... .......... .......... .......... ..........  3%  182M 3s
  9900K .......... .......... .......... .......... ..........  3%  191M 3s
  9950K .......... .......... .......... .......... ..........  3%  141M 3s
 10000K .......... .......... .......... .......... ..........  4%  193M 3s
 10050K .......... .......... .......... .......... ..........  4%  199M 3s
 10100K .......... .......... .......... .......... ..........  4%  194M 3s
 10150K .......... .......... .......... .......... ..........  4%  191M 3s
 10200K .......... .......... .......... .......... ..........  4% 2.68M 3s
 10250K .......... .......... .......... .......... ..........  4%  190M 3s
 10300K .......... .......... .......... .......... ..........  4%  136M 3s
 10350K .......... .......... .......... .......... ..........  4%  133M 3s
 10400K .......... .......... .......... .......... ..........  4%  115M 3s
 10450K .......... .......... .......... .......... ..........  4%  103M 3s
 10500K .......... .......... .......... .......... ..........  4%  116M 3s
 10550K .......... .......... .......... .......... ..........  4%  114M 3s
 10600K .......... .......... .......... .......... ..........  4%  114M 3s
 10650K .......... .......... .......... .......... ..........  4%  111M 3s
 10700K .......... .......... .......... .......... ..........  4% 88.0M 3s
 10750K .......... .......... .......... .......... ..........  4%  115M 3s
 10800K .......... .......... .......... .......... ..........  4%  110M 3s
 10850K .......... .......... .......... .......... ..........  4%  115M 3s
 10900K .......... .......... .......... .......... ..........  4%  119M 3s
 10950K .......... .......... .......... .......... ..........  4%  119M 3s
 11000K .......... .......... .......... .......... ..........  4%  110M 3s
 11050K .......... .......... .......... .......... ..........  4%  111M 3s
 11100K .......... .......... .......... .......... ..........  4% 91.3M 3s
 11150K .......... .......... .......... .......... ..........  4%  112M 3s
 11200K .......... .......... .......... .......... ..........  4%  125M 3s
 11250K .......... .......... .......... .......... ..........  4%  105M 3s
 11300K .......... .......... .......... .......... ..........  4%  127M 3s
 11350K .......... .......... .......... .......... ..........  4%  109M 3s
 11400K .......... .......... .......... .......... ..........  4%  118M 3s
 11450K .......... .......... .......... .......... ..........  4%  111M 3s
 11500K .......... .......... .......... .......... ..........  4% 90.0M 3s
 11550K .......... .......... .......... .......... ..........  4%  127M 3s
 11600K .......... .......... .......... .......... ..........  4%  116M 3s
 11650K .......... .......... .......... .......... ..........  4%  121M 3s
 11700K .......... .......... .......... .......... ..........  4%  105M 3s
 11750K .......... .......... .......... .......... ..........  4%  119M 3s
 11800K .......... .......... .......... .......... ..........  4%  123M 3s
 11850K .......... .......... .......... .......... ..........  4%  113M 3s
 11900K .......... .......... .......... .......... ..........  4% 94.5M 3s
 11950K .......... .......... .......... .......... ..........  4%  109M 3s
 12000K .......... .......... .......... .......... ..........  4%  113M 3s
 12050K .......... .......... .......... .......... ..........  4%  109M 3s
 12100K .......... .......... .......... .......... ..........  4%  126M 3s
 12150K .......... .......... .......... .......... ..........  4%  128M 3s
 12200K .......... .......... .......... .......... ..........  4%  118M 3s
 12250K .......... .......... .......... .......... ..........  4%  127M 3s
 12300K .......... .......... .......... .......... ..........  4% 89.0M 3s
 12350K .......... .......... .......... .......... ..........  4%  121M 3s
 12400K .......... .......... .......... .......... ..........  4%  116M 3s
 12450K .......... .......... .......... .......... ..........  4% 84.3M 3s
 12500K .......... .......... .......... .......... ..........  5%  124M 3s
 12550K .......... .......... .......... .......... ..........  5%  131M 3s
 12600K .......... .......... .......... .......... ..........  5%  128M 3s
 12650K .......... .......... .......... .......... ..........  5%  112M 3s
 12700K .......... .......... .......... .......... ..........  5% 90.5M 3s
 12750K .......... .......... .......... .......... ..........  5%  121M 3s
 12800K .......... .......... .......... .......... ..........  5%  131M 3s
 12850K .......... .......... .......... .......... ..........  5%  112M 3s
 12900K .......... .......... .......... .......... ..........  5%  123M 3s
 12950K .......... .......... .......... .......... ..........  5%  121M 3s
 13000K .......... .......... .......... .......... ..........  5%  121M 3s
 13050K .......... .......... .......... .......... ..........  5%  115M 3s
 13100K .......... .......... .......... .......... ..........  5% 97.1M 3s
 13150K .......... .......... .......... .......... ..........  5%  132M 3s
 13200K .......... .......... .......... .......... ..........  5%  116M 3s
 13250K .......... .......... .......... .......... ..........  5%  116M 3s
 13300K .......... .......... .......... .......... ..........  5%  117M 3s
 13350K .......... .......... .......... .......... ..........  5%  118M 3s
 13400K .......... .......... .......... .......... ..........  5%  133M 3s
 13450K .......... .......... .......... .......... ..........  5%  120M 3s
 13500K .......... .......... .......... .......... ..........  5% 96.3M 3s
 13550K .......... .......... .......... .......... ..........  5%  123M 3s
 13600K .......... .......... .......... .......... ..........  5%  120M 3s
 13650K .......... .......... .......... .......... ..........  5%  134M 3s
 13700K .......... .......... .......... .......... ..........  5%  119M 3s
 13750K .......... .......... .......... .......... ..........  5%  125M 3s
 13800K .......... .......... .......... .......... ..........  5%  126M 3s
 13850K .......... .......... .......... .......... ..........  5%  127M 3s
 13900K .......... .......... .......... .......... ..........  5%  101M 3s
 13950K .......... .......... .......... .......... ..........  5%  118M 3s
 14000K .......... .......... .......... .......... ..........  5%  135M 3s
 14050K .......... .......... .......... .......... ..........  5%  127M 3s
 14100K .......... .......... .......... .......... ..........  5%  131M 3s
 14150K .......... .......... .......... .......... ..........  5%  135M 3s
 14200K .......... .......... .......... .......... ..........  5%  115M 3s
 14250K .......... .......... .......... .......... ..........  5%  133M 3s
 14300K .......... .......... .......... .......... ..........  5% 93.1M 3s
 14350K .......... .......... .......... .......... ..........  5%  118M 3s
 14400K .......... .......... .......... .......... ..........  5%  135M 3s
 14450K .......... .......... .......... .......... ..........  5%  129M 3s
 14500K .......... .......... .......... .......... ..........  5%  136M 3s
 14550K .......... .......... .......... .......... ..........  5%  120M 3s
 14600K .......... .......... .......... .......... ..........  5%  126M 3s
 14650K .......... .......... .......... .......... ..........  5%  203M 3s
 14700K .......... .......... .......... .......... ..........  5%  140M 3s
 14750K .......... .......... .......... .......... ..........  5%  170M 3s
 14800K .......... .......... .......... .......... ..........  5%  205M 3s
 14850K .......... .......... .......... .......... ..........  5%  202M 3s
 14900K .......... .......... .......... .......... ..........  5%  202M 3s
 14950K .......... .......... .......... .......... ..........  5%  197M 3s
 15000K .......... .......... .......... .......... ..........  6%  207M 3s
 15050K .......... .......... .......... .......... ..........  6%  207M 3s
 15100K .......... .......... .......... .......... ..........  6%  154M 3s
 15150K .......... .......... .......... .......... ..........  6%  185M 3s
 15200K .......... .......... .......... .......... ..........  6%  192M 3s
 15250K .......... .......... .......... .......... ..........  6%  200M 3s
 15300K .......... .......... .......... .......... ..........  6%  188M 3s
 15350K .......... .......... .......... .......... ..........  6%  191M 3s
 15400K .......... .......... .......... .......... ..........  6%  206M 3s
 15450K .......... .......... .......... .......... ..........  6%  175M 3s
 15500K .......... .......... .......... .......... ..........  6%  127M 3s
 15550K .......... .......... .......... .......... ..........  6%  198M 3s
 15600K .......... .......... .......... .......... ..........  6%  200M 3s
 15650K .......... .......... .......... .......... ..........  6%  175M 3s
 15700K .......... .......... .......... .......... ..........  6%  181M 3s
 15750K .......... .......... .......... .......... ..........  6%  189M 3s
 15800K .......... .......... .......... .......... ..........  6%  201M 3s
 15850K .......... .......... .......... .......... ..........  6%  197M 3s
 15900K .......... .......... .......... .......... ..........  6%  146M 3s
 15950K .......... .......... .......... .......... ..........  6%  197M 3s
 16000K .......... .......... .......... .......... ..........  6%  198M 3s
 16050K .......... .......... .......... .......... ..........  6%  181M 3s
 16100K .......... .......... .......... .......... ..........  6%  180M 3s
 16150K .......... .......... .......... .......... ..........  6%  180M 3s
 16200K .......... .......... .......... .......... ..........  6%  199M 3s
 16250K .......... .......... .......... .......... ..........  6%  176M 3s
 16300K .......... .......... .......... .......... ..........  6%  139M 3s
 16350K .......... .......... .......... .......... ..........  6%  185M 3s
 16400K .......... .......... .......... .......... ..........  6%  180M 3s
 16450K .......... .......... .......... .......... ..........  6%  180M 3s
 16500K .......... .......... .......... .......... ..........  6%  199M 3s
 16550K .......... .......... .......... .......... ..........  6%  186M 3s
 16600K .......... .......... .......... .......... ..........  6%  188M 3s
 16650K .......... .......... .......... .......... ..........  6%  159M 3s
 16700K .......... .......... .......... .......... ..........  6% 69.3M 3s
 16750K .......... .......... .......... .......... ..........  6%  167M 3s
 16800K .......... .......... .......... .......... ..........  6%  195M 3s
 16850K .......... .......... .......... .......... ..........  6%  160M 3s
 16900K .......... .......... .......... .......... ..........  6%  171M 3s
 16950K .......... .......... .......... .......... ..........  6%  184M 3s
 17000K .......... .......... .......... .......... ..........  6%  199M 3s
 17050K .......... .......... .......... .......... ..........  6%  190M 3s
 17100K .......... .......... .......... .......... ..........  6%  148M 3s
 17150K .......... .......... .......... .......... ..........  6%  189M 3s
 17200K .......... .......... .......... .......... ..........  6%  201M 3s
 17250K .......... .......... .......... .......... ..........  6%  205M 3s
 17300K .......... .......... .......... .......... ..........  6%  195M 3s
 17350K .......... .......... .......... .......... ..........  6%  202M 3s
 17400K .......... .......... .......... .......... ..........  6%  196M 3s
 17450K .......... .......... .......... .......... ..........  6%  185M 3s
 17500K .......... .......... .......... .......... ..........  7%  133M 3s
 17550K .......... .......... .......... .......... ..........  7%  187M 3s
 17600K .......... .......... .......... .......... ..........  7%  182M 3s
 17650K .......... .......... .......... .......... ..........  7%  185M 3s
 17700K .......... .......... .......... .......... ..........  7%  197M 3s
 17750K .......... .......... .......... .......... ..........  7%  168M 3s
 17800K .......... .......... .......... .......... ..........  7%  183M 3s
 17850K .......... .......... .......... .......... ..........  7%  195M 3s
 17900K .......... .......... .......... .......... ..........  7%  152M 3s
 17950K .......... .......... .......... .......... ..........  7%  188M 3s
 18000K .......... .......... .......... .......... ..........  7%  204M 2s
 18050K .......... .......... .......... .......... ..........  7%  190M 2s
 18100K .......... .......... .......... .......... ..........  7%  206M 2s
 18150K .......... .......... .......... .......... ..........  7%  200M 2s
 18200K .......... .......... .......... .......... ..........  7%  201M 2s
 18250K .......... .......... .......... .......... ..........  7%  190M 2s
 18300K .......... .......... .......... .......... ..........  7%  152M 2s
 18350K .......... .......... .......... .......... ..........  7%  200M 2s
 18400K .......... .......... .......... .......... ..........  7%  195M 2s
 18450K .......... .......... .......... .......... ..........  7%  198M 2s
 18500K .......... .......... .......... .......... ..........  7%  209M 2s
 18550K .......... .......... .......... .......... ..........  7%  203M 2s
 18600K .......... .......... .......... .......... ..........  7%  205M 2s
 18650K .......... .......... .......... .......... ..........  7%  193M 2s
 18700K .......... .......... .......... .......... ..........  7%  156M 2s
 18750K .......... .......... .......... .......... ..........  7%  203M 2s
 18800K .......... .......... .......... .......... ..........  7%  201M 2s
 18850K .......... .......... .......... .......... ..........  7%  200M 2s
 18900K .......... .......... .......... .......... ..........  7%  203M 2s
 18950K .......... .......... .......... .......... ..........  7%  203M 2s
 19000K .......... .......... .......... .......... ..........  7%  203M 2s
 19050K .......... .......... .......... .......... ..........  7%  195M 2s
 19100K .......... .......... .......... .......... ..........  7%  155M 2s
 19150K .......... .......... .......... .......... ..........  7%  202M 2s
 19200K .......... .......... .......... .......... ..........  7%  196M 2s
 19250K .......... .......... .......... .......... ..........  7%  200M 2s
 19300K .......... .......... .......... .......... ..........  7%  205M 2s
 19350K .......... .......... .......... .......... ..........  7%  203M 2s
 19400K .......... .......... .......... .......... ..........  7%  197M 2s
 19450K .......... .......... .......... .......... ..........  7%  198M 2s
 19500K .......... .......... .......... .......... ..........  7%  154M 2s
 19550K .......... .......... .......... .......... ..........  7%  192M 2s
 19600K .......... .......... .......... .......... ..........  7%  196M 2s
 19650K .......... .......... .......... .......... ..........  7%  203M 2s
 19700K .......... .......... .......... .......... ..........  7%  201M 2s
 19750K .......... .......... .......... .......... ..........  7%  198M 2s
 19800K .......... .......... .......... .......... ..........  7%  194M 2s
 19850K .......... .......... .......... .......... ..........  7%  199M 2s
 19900K .......... .......... .......... .......... ..........  7%  155M 2s
 19950K .......... .......... .......... .......... ..........  7%  197M 2s
 20000K .......... .......... .......... .......... ..........  8%  193M 2s
 20050K .......... .......... .......... .......... ..........  8%  200M 2s
 20100K .......... .......... .......... .......... ..........  8%  203M 2s
 20150K .......... .......... .......... .......... ..........  8%  205M 2s
 20200K .......... .......... .......... .......... ..........  8%  193M 2s
 20250K .......... .......... .......... .......... ..........  8%  207M 2s
 20300K .......... .......... .......... .......... ..........  8%  154M 2s
 20350K .......... .......... .......... .......... ..........  8%  203M 2s
 20400K .......... .......... .......... .......... ..........  8%  195M 2s
 20450K .......... .......... .......... .......... ..........  8% 1.32M 3s
 20500K .......... .......... .......... .......... ..........  8%  196M 3s
 20550K .......... .......... .......... .......... ..........  8%  177M 3s
 20600K .......... .......... .......... .......... ..........  8%  178M 3s
 20650K .......... .......... .......... .......... ..........  8%  161M 3s
 20700K .......... .......... .......... .......... ..........  8%  129M 3s
 20750K .......... .......... .......... .......... ..........  8%  169M 3s
 20800K .......... .......... .......... .......... ..........  8%  161M 3s
 20850K .......... .......... .......... .......... ..........  8%  158M 3s
 20900K .......... .......... .......... .......... ..........  8%  169M 3s
 20950K .......... .......... .......... .......... ..........  8%  172M 3s
 21000K .......... .......... .......... .......... ..........  8%  174M 3s
 21050K .......... .......... .......... .......... ..........  8%  166M 3s
 21100K .......... .......... .......... .......... ..........  8%  141M 3s
 21150K .......... .......... .......... .......... ..........  8%  174M 3s
 21200K .......... .......... .......... .......... ..........  8%  197M 3s
 21250K .......... .......... .......... .......... ..........  8%  200M 3s
 21300K .......... .......... .......... .......... ..........  8%  191M 3s
 21350K .......... .......... .......... .......... ..........  8%  204M 3s
 21400K .......... .......... .......... .......... ..........  8%  203M 3s
 21450K .......... .......... .......... .......... ..........  8%  207M 3s
 21500K .......... .......... .......... .......... ..........  8%  148M 3s
 21550K .......... .......... .......... .......... ..........  8%  206M 3s
 21600K .......... .......... .......... .......... ..........  8%  204M 3s
 21650K .......... .......... .......... .......... ..........  8%  204M 3s
 21700K .......... .......... .......... .......... ..........  8%  196M 3s
 21750K .......... .......... .......... .......... ..........  8%  201M 3s
 21800K .......... .......... .......... .......... ..........  8%  202M 3s
 21850K .......... .......... .......... .......... ..........  8%  203M 3s
 21900K .......... .......... .......... .......... ..........  8%  141M 3s
 21950K .......... .......... .......... .......... ..........  8%  202M 3s
 22000K .......... .......... .......... .......... ..........  8% 5.95M 3s
 22050K .......... .......... .......... .......... ..........  8%  196M 3s
 22100K .......... .......... .......... .......... ..........  8%  189M 3s
 22150K .......... .......... .......... .......... ..........  8%  194M 3s
 22200K .......... .......... .......... .......... ..........  8%  195M 3s
 22250K .......... .......... .......... .......... ..........  8%  196M 3s
 22300K .......... .......... .......... .......... ..........  8%  144M 3s
 22350K .......... .......... .......... .......... ..........  8%  197M 3s
 22400K .......... .......... .......... .......... ..........  8%  199M 3s
 22450K .......... .......... .......... .......... ..........  8%  198M 3s
 22500K .......... .......... .......... .......... ..........  9%  189M 3s
 22550K .......... .......... .......... .......... ..........  9%  201M 3s
 22600K .......... .......... .......... .......... ..........  9%  199M 3s
 22650K .......... .......... .......... .......... ..........  9%  191M 3s
 22700K .......... .......... .......... .......... ..........  9%  143M 3s
 22750K .......... .......... .......... .......... ..........  9%  196M 3s
 22800K .......... .......... .......... .......... ..........  9%  198M 3s
 22850K .......... .......... .......... .......... ..........  9%  189M 3s
 22900K .......... .......... .......... .......... ..........  9%  193M 3s
 22950K .......... .......... .......... .......... ..........  9%  199M 3s
 23000K .......... .......... .......... .......... ..........  9%  200M 3s
 23050K .......... .......... .......... .......... ..........  9%  191M 3s
 23100K .......... .......... .......... .......... ..........  9%  147M 3s
 23150K .......... .......... .......... .......... ..........  9%  200M 3s
 23200K .......... .......... .......... .......... ..........  9%  202M 3s
 23250K .......... .......... .......... .......... ..........  9%  184M 3s
 23300K .......... .......... .......... .......... ..........  9%  198M 3s
 23350K .......... .......... .......... .......... ..........  9%  199M 3s
 23400K .......... .......... .......... .......... ..........  9%  190M 3s
 23450K .......... .......... .......... .......... ..........  9%  171M 3s
 23500K .......... .......... .......... .......... ..........  9%  146M 3s
 23550K .......... .......... .......... .......... ..........  9%  191M 3s
 23600K .......... .......... .......... .......... ..........  9%  190M 3s
 23650K .......... .......... .......... .......... ..........  9%  182M 3s
 23700K .......... .......... .......... .......... ..........  9%  191M 3s
 23750K .......... .......... .......... .......... ..........  9%  167M 3s
 23800K .......... .......... .......... .......... ..........  9%  191M 3s
 23850K .......... .......... .......... .......... ..........  9%  200M 3s
 23900K .......... .......... .......... .......... ..........  9%  135M 3s
 23950K .......... .......... .......... .......... ..........  9%  191M 3s
 24000K .......... .......... .......... .......... ..........  9%  171M 3s
 24050K .......... .......... .......... .......... ..........  9%  168M 3s
 24100K .......... .......... .......... .......... ..........  9%  197M 3s
 24150K .......... .......... .......... .......... ..........  9%  201M 3s
 24200K .......... .......... .......... .......... ..........  9%  189M 3s
 24250K .......... .......... .......... .......... ..........  9%  196M 3s
 24300K .......... .......... .......... .......... ..........  9%  148M 3s
 24350K .......... .......... .......... .......... ..........  9%  188M 3s
 24400K .......... .......... .......... .......... ..........  9%  193M 3s
 24450K .......... .......... .......... .......... ..........  9%  199M 3s
 24500K .......... .......... .......... .......... ..........  9%  199M 3s
 24550K .......... .......... .......... .......... ..........  9%  193M 3s
 24600K .......... .......... .......... .......... ..........  9%  114M 3s
 24650K .......... .......... .......... .......... ..........  9%  202M 3s
 24700K .......... .......... .......... .......... ..........  9%  142M 2s
 24750K .......... .......... .......... .......... ..........  9% 83.2M 2s
 24800K .......... .......... .......... .......... ..........  9%  191M 2s
 24850K .......... .......... .......... .......... ..........  9%  191M 2s
 24900K .......... .......... .......... .......... ..........  9%  192M 2s
 24950K .......... .......... .......... .......... ..........  9%  193M 2s
 25000K .......... .......... .......... .......... .......... 10%  193M 2s
 25050K .......... .......... .......... .......... .......... 10%  187M 2s
 25100K .......... .......... .......... .......... .......... 10%  135M 2s
 25150K .......... .......... .......... .......... .......... 10%  189M 2s
 25200K .......... .......... .......... .......... .......... 10%  180M 2s
 25250K .......... .......... .......... .......... .......... 10%  173M 2s
 25300K .......... .......... .......... .......... .......... 10%  176M 2s
 25350K .......... .......... .......... .......... .......... 10%  193M 2s
 25400K .......... .......... .......... .......... .......... 10%  178M 2s
 25450K .......... .......... .......... .......... .......... 10%  203M 2s
 25500K .......... .......... .......... .......... .......... 10%  139M 2s
 25550K .......... .......... .......... .......... .......... 10%  159M 2s
 25600K .......... .......... .......... .......... .......... 10%  178M 2s
 25650K .......... .......... .......... .......... .......... 10%  179M 2s
 25700K .......... .......... .......... .......... .......... 10%  199M 2s
 25750K .......... .......... .......... .......... .......... 10%  189M 2s
 25800K .......... .......... .......... .......... .......... 10%  191M 2s
 25850K .......... .......... .......... .......... .......... 10%  191M 2s
 25900K .......... .......... .......... .......... .......... 10%  148M 2s
 25950K .......... .......... .......... .......... .......... 10%  183M 2s
 26000K .......... .......... .......... .......... .......... 10%  196M 2s
 26050K .......... .......... .......... .......... .......... 10%  183M 2s
 26100K .......... .......... .......... .......... .......... 10%  182M 2s
 26150K .......... .......... .......... .......... .......... 10%  196M 2s
 26200K .......... .......... .......... .......... .......... 10%  204M 2s
 26250K .......... .......... .......... .......... .......... 10%  189M 2s
 26300K .......... .......... .......... .......... .......... 10%  140M 2s
 26350K .......... .......... .......... .......... .......... 10%  188M 2s
 26400K .......... .......... .......... .......... .......... 10%  185M 2s
 26450K .......... .......... .......... .......... .......... 10%  182M 2s
 26500K .......... .......... .......... .......... .......... 10%  183M 2s
 26550K .......... .......... .......... .......... .......... 10%  176M 2s
 26600K .......... .......... .......... .......... .......... 10%  188M 2s
 26650K .......... .......... .......... .......... .......... 10%  201M 2s
 26700K .......... .......... .......... .......... .......... 10%  142M 2s
 26750K .......... .......... .......... .......... .......... 10%  192M 2s
 26800K .......... .......... .......... .......... .......... 10%  193M 2s
 26850K .......... .......... .......... .......... .......... 10%  174M 2s
 26900K .......... .......... .......... .......... .......... 10%  184M 2s
 26950K .......... .......... .......... .......... .......... 10%  189M 2s
 27000K .......... .......... .......... .......... .......... 10%  183M 2s
 27050K .......... .......... .......... .......... .......... 10%  168M 2s
 27100K .......... .......... .......... .......... .......... 10%  143M 2s
 27150K .......... .......... .......... .......... .......... 10%  193M 2s
 27200K .......... .......... .......... .......... .......... 10%  197M 2s
 27250K .......... .......... .......... .......... .......... 10%  197M 2s
 27300K .......... .......... .......... .......... .......... 10%  204M 2s
 27350K .......... .......... .......... .......... .......... 10%  206M 2s
 27400K .......... .......... .......... .......... .......... 10%  203M 2s
 27450K .......... .......... .......... .......... .......... 10%  196M 2s
 27500K .......... .......... .......... .......... .......... 11%  138M 2s
 27550K .......... .......... .......... .......... .......... 11%  193M 2s
 27600K .......... .......... .......... .......... .......... 11%  190M 2s
 27650K .......... .......... .......... .......... .......... 11%  203M 2s
 27700K .......... .......... .......... .......... .......... 11%  190M 2s
 27750K .......... .......... .......... .......... .......... 11%  175M 2s
 27800K .......... .......... .......... .......... .......... 11%  190M 2s
 27850K .......... .......... .......... .......... .......... 11%  186M 2s
 27900K .......... .......... .......... .......... .......... 11%  145M 2s
 27950K .......... .......... .......... .......... .......... 11%  189M 2s
 28000K .......... .......... .......... .......... .......... 11%  193M 2s
 28050K .......... .......... .......... .......... .......... 11%  190M 2s
 28100K .......... .......... .......... .......... .......... 11%  184M 2s
 28150K .......... .......... .......... .......... .......... 11%  178M 2s
 28200K .......... .......... .......... .......... .......... 11%  189M 2s
 28250K .......... .......... .......... .......... .......... 11%  192M 2s
 28300K .......... .......... .......... .......... .......... 11%  144M 2s
 28350K .......... .......... .......... .......... .......... 11%  191M 2s
 28400K .......... .......... .......... .......... .......... 11%  202M 2s
 28450K .......... .......... .......... .......... .......... 11%  205M 2s
 28500K .......... .......... .......... .......... .......... 11%  205M 2s
 28550K .......... .......... .......... .......... .......... 11%  194M 2s
 28600K .......... .......... .......... .......... .......... 11%  204M 2s
 28650K .......... .......... .......... .......... .......... 11%  203M 2s
 28700K .......... .......... .......... .......... .......... 11%  156M 2s
 28750K .......... .......... .......... .......... .......... 11%  189M 2s
 28800K .......... .......... .......... .......... .......... 11%  200M 2s
 28850K .......... .......... .......... .......... .......... 11%  197M 2s
 28900K .......... .......... .......... .......... .......... 11%  198M 2s
 28950K .......... .......... .......... .......... .......... 11%  188M 2s
 29000K .......... .......... .......... .......... .......... 11%  197M 2s
 29050K .......... .......... .......... .......... .......... 11%  201M 2s
 29100K .......... .......... .......... .......... .......... 11%  150M 2s
 29150K .......... .......... .......... .......... .......... 11%  192M 2s
 29200K .......... .......... .......... .......... .......... 11%  201M 2s
 29250K .......... .......... .......... .......... .......... 11%  202M 2s
 29300K .......... .......... .......... .......... .......... 11%  202M 2s
 29350K .......... .......... .......... .......... .......... 11%  196M 2s
 29400K .......... .......... .......... .......... .......... 11%  201M 2s
 29450K .......... .......... .......... .......... .......... 11%  202M 2s
 29500K .......... .......... .......... .......... .......... 11%  152M 2s
 29550K .......... .......... .......... .......... .......... 11%  199M 2s
 29600K .......... .......... .......... .......... .......... 11%  207M 2s
 29650K .......... .......... .......... .......... .......... 11%  208M 2s
 29700K .......... .......... .......... .......... .......... 11%  202M 2s
 29750K .......... .......... .......... .......... .......... 11%  195M 2s
 29800K .......... .......... .......... .......... .......... 11%  205M 2s
 29850K .......... .......... .......... .......... .......... 11%  204M 2s
 29900K .......... .......... .......... .......... .......... 11%  152M 2s
 29950K .......... .......... .......... .......... .......... 11%  193M 2s
 30000K .......... .......... .......... .......... .......... 12%  199M 2s
 30050K .......... .......... .......... .......... .......... 12%  195M 2s
 30100K .......... .......... .......... .......... .......... 12%  198M 2s
 30150K .......... .......... .......... .......... .......... 12%  200M 2s
 30200K .......... .......... .......... .......... .......... 12%  201M 2s
 30250K .......... .......... .......... .......... .......... 12%  186M 2s
 30300K .......... .......... .......... .......... .......... 12%  144M 2s
 30350K .......... .......... .......... .......... .......... 12%  198M 2s
 30400K .......... .......... .......... .......... .......... 12%  204M 2s
 30450K .......... .......... .......... .......... .......... 12%  202M 2s
 30500K .......... .......... .......... .......... .......... 12%  195M 2s
 30550K .......... .......... .......... .......... .......... 12%  206M 2s
 30600K .......... .......... .......... .......... .......... 12%  202M 2s
 30650K .......... .......... .......... .......... .......... 12%  203M 2s
 30700K .......... .......... .......... .......... .......... 12% 1.01M 3s
 30750K .......... .......... .......... .......... .......... 12%  118M 3s
 30800K .......... .......... .......... .......... .......... 12%  155M 3s
 30850K .......... .......... .......... .......... .......... 12%  170M 3s
 30900K .......... .......... .......... .......... .......... 12%  178M 3s
 30950K .......... .......... .......... .......... .......... 12%  170M 3s
 31000K .......... .......... .......... .......... .......... 12%  153M 3s
 31050K .......... .......... .......... .......... .......... 12%  176M 3s
 31100K .......... .......... .......... .......... .......... 12%  137M 3s
 31150K .......... .......... .......... .......... .......... 12%  178M 3s
 31200K .......... .......... .......... .......... .......... 12%  171M 3s
 31250K .......... .......... .......... .......... .......... 12%  182M 3s
 31300K .......... .......... .......... .......... .......... 12%  182M 2s
 31350K .......... .......... .......... .......... .......... 12%  164M 2s
 31400K .......... .......... .......... .......... .......... 12%  180M 2s
 31450K .......... .......... .......... .......... .......... 12%  178M 2s
 31500K .......... .......... .......... .......... .......... 12%  128M 2s
 31550K .......... .......... .......... .......... .......... 12%  172M 2s
 31600K .......... .......... .......... .......... .......... 12%  193M 2s
 31650K .......... .......... .......... .......... .......... 12%  198M 2s
 31700K .......... .......... .......... .......... .......... 12%  185M 2s
 31750K .......... .......... .......... .......... .......... 12%  200M 2s
 31800K .......... .......... .......... .......... .......... 12%  199M 2s
 31850K .......... .......... .......... .......... .......... 12%  191M 2s
 31900K .......... .......... .......... .......... .......... 12%  146M 2s
 31950K .......... .......... .......... .......... .......... 12%  185M 2s
 32000K .......... .......... .......... .......... .......... 12%  197M 2s
 32050K .......... .......... .......... .......... .......... 12%  176M 2s
 32100K .......... .......... .......... .......... .......... 12%  204M 2s
 32150K .......... .......... .......... .......... .......... 12%  198M 2s
 32200K .......... .......... .......... .......... .......... 12%  184M 2s
 32250K .......... .......... .......... .......... .......... 12%  183M 2s
 32300K .......... .......... .......... .......... .......... 12%  145M 2s
 32350K .......... .......... .......... .......... .......... 12%  195M 2s
 32400K .......... .......... .......... .......... .......... 12%  185M 2s
 32450K .......... .......... .......... .......... .......... 12%  164M 2s
 32500K .......... .......... .......... .......... .......... 13%  197M 2s
 32550K .......... .......... .......... .......... .......... 13%  186M 2s
 32600K .......... .......... .......... .......... .......... 13%  196M 2s
 32650K .......... .......... .......... .......... .......... 13%  192M 2s
 32700K .......... .......... .......... .......... .......... 13%  156M 2s
 32750K .......... .......... .......... .......... .......... 13%  203M 2s
 32800K .......... .......... .......... .......... .......... 13%  176M 2s
 32850K .......... .......... .......... .......... .......... 13%  192M 2s
 32900K .......... .......... .......... .......... .......... 13%  200M 2s
 32950K .......... .......... .......... .......... .......... 13%  197M 2s
 33000K .......... .......... .......... .......... .......... 13%  195M 2s
 33050K .......... .......... .......... .......... .......... 13%  182M 2s
 33100K .......... .......... .......... .......... .......... 13%  154M 2s
 33150K .......... .......... .......... .......... .......... 13%  204M 2s
 33200K .......... .......... .......... .......... .......... 13%  192M 2s
 33250K .......... .......... .......... .......... .......... 13%  203M 2s
 33300K .......... .......... .......... .......... .......... 13%  209M 2s
 33350K .......... .......... .......... .......... .......... 13%  201M 2s
 33400K .......... .......... .......... .......... .......... 13%  194M 2s
 33450K .......... .......... .......... .......... .......... 13%  205M 2s
 33500K .......... .......... .......... .......... .......... 13%  150M 2s
 33550K .......... .......... .......... .......... .......... 13%  192M 2s
 33600K .......... .......... .......... .......... .......... 13%  198M 2s
 33650K .......... .......... .......... .......... .......... 13%  206M 2s
 33700K .......... .......... .......... .......... .......... 13%  195M 2s
 33750K .......... .......... .......... .......... .......... 13%  185M 2s
 33800K .......... .......... .......... .......... .......... 13%  181M 2s
 33850K .......... .......... .......... .......... .......... 13%  192M 2s
 33900K .......... .......... .......... .......... .......... 13%  143M 2s
 33950K .......... .......... .......... .......... .......... 13%  174M 2s
 34000K .......... .......... .......... .......... .......... 13%  192M 2s
 34050K .......... .......... .......... .......... .......... 13%  187M 2s
 34100K .......... .......... .......... .......... .......... 13%  201M 2s
 34150K .......... .......... .......... .......... .......... 13%  195M 2s
 34200K .......... .......... .......... .......... .......... 13%  121M 2s
 34250K .......... .......... .......... .......... .......... 13%  195M 2s
 34300K .......... .......... .......... .......... .......... 13%  143M 2s
 34350K .......... .......... .......... .......... .......... 13%  207M 2s
 34400K .......... .......... .......... .......... .......... 13%  188M 2s
 34450K .......... .......... .......... .......... .......... 13%  192M 2s
 34500K .......... .......... .......... .......... .......... 13%  190M 2s
 34550K .......... .......... .......... .......... .......... 13%  195M 2s
 34600K .......... .......... .......... .......... .......... 13%  209M 2s
 34650K .......... .......... .......... .......... .......... 13%  206M 2s
 34700K .......... .......... .......... .......... .......... 13%  145M 2s
 34750K .......... .......... .......... .......... .......... 13%  182M 2s
 34800K .......... .......... .......... .......... .......... 13%  185M 2s
 34850K .......... .......... .......... .......... .......... 13%  204M 2s
 34900K .......... .......... .......... .......... .......... 13%  184M 2s
 34950K .......... .......... .......... .......... .......... 13%  201M 2s
 35000K .......... .......... .......... .......... .......... 14%  190M 2s
 35050K .......... .......... .......... .......... .......... 14%  205M 2s
 35100K .......... .......... .......... .......... .......... 14%  146M 2s
 35150K .......... .......... .......... .......... .......... 14%  183M 2s
 35200K .......... .......... .......... .......... .......... 14%  202M 2s
 35250K .......... .......... .......... .......... .......... 14%  178M 2s
 35300K .......... .......... .......... .......... .......... 14%  202M 2s
 35350K .......... .......... .......... .......... .......... 14%  204M 2s
 35400K .......... .......... .......... .......... .......... 14%  206M 2s
 35450K .......... .......... .......... .......... .......... 14%  189M 2s
 35500K .......... .......... .......... .......... .......... 14%  143M 2s
 35550K .......... .......... .......... .......... .......... 14%  197M 2s
 35600K .......... .......... .......... .......... .......... 14%  200M 2s
 35650K .......... .......... .......... .......... .......... 14%  127M 2s
 35700K .......... .......... .......... .......... .......... 14%  193M 2s
 35750K .......... .......... .......... .......... .......... 14%  197M 2s
 35800K .......... .......... .......... .......... .......... 14%  175M 2s
 35850K .......... .......... .......... .......... .......... 14%  166M 2s
 35900K .......... .......... .......... .......... .......... 14%  139M 2s
 35950K .......... .......... .......... .......... .......... 14%  196M 2s
 36000K .......... .......... .......... .......... .......... 14%  171M 2s
 36050K .......... .......... .......... .......... .......... 14%  185M 2s
 36100K .......... .......... .......... .......... .......... 14%  179M 2s
 36150K .......... .......... .......... .......... .......... 14%  186M 2s
 36200K .......... .......... .......... .......... .......... 14%  203M 2s
 36250K .......... .......... .......... .......... .......... 14%  190M 2s
 36300K .......... .......... .......... .......... .......... 14%  157M 2s
 36350K .......... .......... .......... .......... .......... 14%  195M 2s
 36400K .......... .......... .......... .......... .......... 14%  191M 2s
 36450K .......... .......... .......... .......... .......... 14%  195M 2s
 36500K .......... .......... .......... .......... .......... 14%  208M 2s
 36550K .......... .......... .......... .......... .......... 14%  194M 2s
 36600K .......... .......... .......... .......... .......... 14%  190M 2s
 36650K .......... .......... .......... .......... .......... 14%  204M 2s
 36700K .......... .......... .......... .......... .......... 14%  155M 2s
 36750K .......... .......... .......... .......... .......... 14%  191M 2s
 36800K .......... .......... .......... .......... .......... 14%  196M 2s
 36850K .......... .......... .......... .......... .......... 14%  179M 2s
 36900K .......... .......... .......... .......... .......... 14%  210M 2s
 36950K .......... .......... .......... .......... .......... 14%  178M 2s
 37000K .......... .......... .......... .......... .......... 14%  204M 2s
 37050K .......... .......... .......... .......... .......... 14%  200M 2s
 37100K .......... .......... .......... .......... .......... 14%  138M 2s
 37150K .......... .......... .......... .......... .......... 14%  195M 2s
 37200K .......... .......... .......... .......... .......... 14%  191M 2s
 37250K .......... .......... .......... .......... .......... 14%  192M 2s
 37300K .......... .......... .......... .......... .......... 14%  191M 2s
 37350K .......... .......... .......... .......... .......... 14%  150M 2s
 37400K .......... .......... .......... .......... .......... 14%  193M 2s
 37450K .......... .......... .......... .......... .......... 14% 9.79M 2s
 37500K .......... .......... .......... .......... .......... 15% 74.0M 2s
 37550K .......... .......... .......... .......... .......... 15%  132M 2s
 37600K .......... .......... .......... .......... .......... 15%  202M 2s
 37650K .......... .......... .......... .......... .......... 15%  195M 2s
 37700K .......... .......... .......... .......... .......... 15%  201M 2s
 37750K .......... .......... .......... .......... .......... 15%  204M 2s
 37800K .......... .......... .......... .......... .......... 15%  192M 2s
 37850K .......... .......... .......... .......... .......... 15%  194M 2s
 37900K .......... .......... .......... .......... .......... 15%  139M 2s
 37950K .......... .......... .......... .......... .......... 15%  200M 2s
 38000K .......... .......... .......... .......... .......... 15%  198M 2s
 38050K .......... .......... .......... .......... .......... 15%  179M 2s
 38100K .......... .......... .......... .......... .......... 15%  205M 2s
 38150K .......... .......... .......... .......... .......... 15%  197M 2s
 38200K .......... .......... .......... .......... .......... 15%  203M 2s
 38250K .......... .......... .......... .......... .......... 15%  196M 2s
 38300K .......... .......... .......... .......... .......... 15%  157M 2s
 38350K .......... .......... .......... .......... .......... 15%  143M 2s
 38400K .......... .......... .......... .......... .......... 15%  194M 2s
 38450K .......... .......... .......... .......... .......... 15%  201M 2s
 38500K .......... .......... .......... .......... .......... 15%  207M 2s
 38550K .......... .......... .......... .......... .......... 15%  205M 2s
 38600K .......... .......... .......... .......... .......... 15%  196M 2s
 38650K .......... .......... .......... .......... .......... 15%  205M 2s
 38700K .......... .......... .......... .......... .......... 15%  153M 2s
 38750K .......... .......... .......... .......... .......... 15%  206M 2s
 38800K .......... .......... .......... .......... .......... 15%  193M 2s
 38850K .......... .......... .......... .......... .......... 15%  202M 2s
 38900K .......... .......... .......... .......... .......... 15%  210M 2s
 38950K .......... .......... .......... .......... .......... 15%  202M 2s
 39000K .......... .......... .......... .......... .......... 15%  195M 2s
 39050K .......... .......... .......... .......... .......... 15%  202M 2s
 39100K .......... .......... .......... .......... .......... 15%  157M 2s
 39150K .......... .......... .......... .......... .......... 15%  199M 2s
 39200K .......... .......... .......... .......... .......... 15%  193M 2s
 39250K .......... .......... .......... .......... .......... 15%  200M 2s
 39300K .......... .......... .......... .......... .......... 15%  210M 2s
 39350K .......... .......... .......... .......... .......... 15%  201M 2s
 39400K .......... .......... .......... .......... .......... 15%  198M 2s
 39450K .......... .......... .......... .......... .......... 15%  192M 2s
 39500K .......... .......... .......... .......... .......... 15%  152M 2s
 39550K .......... .......... .......... .......... .......... 15%  203M 2s
 39600K .......... .......... .......... .......... .......... 15%  190M 2s
 39650K .......... .......... .......... .......... .......... 15%  110M 2s
 39700K .......... .......... .......... .......... .......... 15%  205M 2s
 39750K .......... .......... .......... .......... .......... 15%  193M 2s
 39800K .......... .......... .......... .......... .......... 15%  205M 2s
 39850K .......... .......... .......... .......... .......... 15%  202M 2s
 39900K .......... .......... .......... .......... .......... 15%  155M 2s
 39950K .......... .......... .......... .......... .......... 15%  199M 2s
 40000K .......... .......... .......... .......... .......... 16%  204M 2s
 40050K .......... .......... .......... .......... .......... 16%  203M 2s
 40100K .......... .......... .......... .......... .......... 16%  205M 2s
 40150K .......... .......... .......... .......... .......... 16%  193M 2s
 40200K .......... .......... .......... .......... .......... 16%  204M 2s
 40250K .......... .......... .......... .......... .......... 16%  201M 2s
 40300K .......... .......... .......... .......... .......... 16%  156M 2s
 40350K .......... .......... .......... .......... .......... 16%  122M 2s
 40400K .......... .......... .......... .......... .......... 16%  206M 2s
 40450K .......... .......... .......... .......... .......... 16%  202M 2s
 40500K .......... .......... .......... .......... .......... 16%  197M 2s
 40550K .......... .......... .......... .......... .......... 16%  204M 2s
 40600K .......... .......... .......... .......... .......... 16%  203M 2s
 40650K .......... .......... .......... .......... .......... 16%  197M 2s
 40700K .......... .......... .......... .......... .......... 16%  143M 2s
 40750K .......... .......... .......... .......... .......... 16%  194M 2s
 40800K .......... .......... .......... .......... .......... 16%  201M 2s
 40850K .......... .......... .......... .......... .......... 16%  202M 2s
 40900K .......... .......... .......... .......... .......... 16%  190M 2s
 40950K .......... .......... .......... .......... .......... 16% 1.79M 2s
 41000K .......... .......... .......... .......... .......... 16%  141M 2s
 41050K .......... .......... .......... .......... .......... 16%  121M 2s
 41100K .......... .......... .......... .......... .......... 16% 70.4M 2s
 41150K .......... .......... .......... .......... .......... 16% 69.2M 2s
 41200K .......... .......... .......... .......... .......... 16%  126M 2s
 41250K .......... .......... .......... .......... .......... 16%  111M 2s
 41300K .......... .......... .......... .......... .......... 16%  120M 2s
 41350K .......... .......... .......... .......... .......... 16%  114M 2s
 41400K .......... .......... .......... .......... .......... 16%  123M 2s
 41450K .......... .......... .......... .......... .......... 16%  125M 2s
 41500K .......... .......... .......... .......... .......... 16%  113M 2s
 41550K .......... .......... .......... .......... .......... 16% 97.3M 2s
 41600K .......... .......... .......... .......... .......... 16%  118M 2s
 41650K .......... .......... .......... .......... .......... 16%  130M 2s
 41700K .......... .......... .......... .......... .......... 16%  123M 2s
 41750K .......... .......... .......... .......... .......... 16% 68.8M 2s
 41800K .......... .......... .......... .......... .......... 16% 75.3M 2s
 41850K .......... .......... .......... .......... .......... 16%  116M 2s
 41900K .......... .......... .......... .......... .......... 16%  123M 2s
 41950K .......... .......... .......... .......... .......... 16% 92.8M 2s
 42000K .......... .......... .......... .......... .......... 16%  104M 2s
 42050K .......... .......... .......... .......... .......... 16%  129M 2s
 42100K .......... .......... .......... .......... .......... 16% 99.9M 2s
 42150K .......... .......... .......... .......... .......... 16%  130M 2s
 42200K .......... .......... .......... .......... .......... 16%  124M 2s
 42250K .......... .......... .......... .......... .......... 16%  123M 2s
 42300K .......... .......... .......... .......... .......... 16%  118M 2s
 42350K .......... .......... .......... .......... .......... 16% 70.2M 2s
 42400K .......... .......... .......... .......... .......... 16%  123M 2s
 42450K .......... .......... .......... .......... .......... 16% 86.9M 2s
 42500K .......... .......... .......... .......... .......... 17% 93.7M 2s
 42550K .......... .......... .......... .......... .......... 17% 63.6M 2s
 42600K .......... .......... .......... .......... .......... 17% 82.7M 2s
 42650K .......... .......... .......... .......... .......... 17% 79.4M 2s
 42700K .......... .......... .......... .......... .......... 17% 94.8M 2s
 42750K .......... .......... .......... .......... .......... 17% 74.7M 2s
 42800K .......... .......... .......... .......... .......... 17% 91.1M 2s
 42850K .......... .......... .......... .......... .......... 17%  119M 2s
 42900K .......... .......... .......... .......... .......... 17%  101M 2s
 42950K .......... .......... .......... .......... .......... 17%  121M 2s
 43000K .......... .......... .......... .......... .......... 17%  124M 2s
 43050K .......... .......... .......... .......... .......... 17%  123M 2s
 43100K .......... .......... .......... .......... .......... 17%  116M 2s
 43150K .......... .......... .......... .......... .......... 17% 90.0M 2s
 43200K .......... .......... .......... .......... .......... 17%  121M 2s
 43250K .......... .......... .......... .......... .......... 17%  122M 2s
 43300K .......... .......... .......... .......... .......... 17%  128M 2s
 43350K .......... .......... .......... .......... .......... 17% 81.5M 2s
 43400K .......... .......... .......... .......... .......... 17%  117M 2s
 43450K .......... .......... .......... .......... .......... 17%  123M 2s
 43500K .......... .......... .......... .......... .......... 17%  126M 2s
 43550K .......... .......... .......... .......... .......... 17% 89.3M 2s
 43600K .......... .......... .......... .......... .......... 17%  107M 2s
 43650K .......... .......... .......... .......... .......... 17%  124M 2s
 43700K .......... .......... .......... .......... .......... 17%  121M 2s
 43750K .......... .......... .......... .......... .......... 17%  121M 2s
 43800K .......... .......... .......... .......... .......... 17%  125M 2s
 43850K .......... .......... .......... .......... .......... 17%  122M 2s
 43900K .......... .......... .......... .......... .......... 17%  127M 2s
 43950K .......... .......... .......... .......... .......... 17% 54.2M 2s
 44000K .......... .......... .......... .......... .......... 17%  115M 2s
 44050K .......... .......... .......... .......... .......... 17%  137M 2s
 44100K .......... .......... .......... .......... .......... 17%  123M 2s
 44150K .......... .......... .......... .......... .......... 17%  137M 2s
 44200K .......... .......... .......... .......... .......... 17% 36.6M 2s
 44250K .......... .......... .......... .......... .......... 17%  130M 2s
 44300K .......... .......... .......... .......... .......... 17%  131M 2s
 44350K .......... .......... .......... .......... .......... 17%  101M 2s
 44400K .......... .......... .......... .......... .......... 17%  129M 2s
 44450K .......... .......... .......... .......... .......... 17%  126M 2s
 44500K .......... .......... .......... .......... .......... 17%  126M 2s
 44550K .......... .......... .......... .......... .......... 17%  123M 2s
 44600K .......... .......... .......... .......... .......... 17%  126M 2s
 44650K .......... .......... .......... .......... .......... 17%  128M 2s
 44700K .......... .......... .......... .......... .......... 17%  128M 2s
 44750K .......... .......... .......... .......... .......... 17% 52.7M 2s
 44800K .......... .......... .......... .......... .......... 17%  129M 2s
 44850K .......... .......... .......... .......... .......... 17%  118M 2s
 44900K .......... .......... .......... .......... .......... 17%  124M 2s
 44950K .......... .......... .......... .......... .......... 17%  127M 2s
 45000K .......... .......... .......... .......... .......... 18% 83.8M 2s
 45050K .......... .......... .......... .......... .......... 18% 68.7M 2s
 45100K .......... .......... .......... .......... .......... 18%  116M 2s
 45150K .......... .......... .......... .......... .......... 18% 98.7M 2s
 45200K .......... .......... .......... .......... .......... 18%  122M 2s
 45250K .......... .......... .......... .......... .......... 18%  128M 2s
 45300K .......... .......... .......... .......... .......... 18%  129M 2s
 45350K .......... .......... .......... .......... .......... 18%  125M 2s
 45400K .......... .......... .......... .......... .......... 18%  132M 2s
 45450K .......... .......... .......... .......... .......... 18%  125M 2s
 45500K .......... .......... .......... .......... .......... 18% 52.4M 2s
 45550K .......... .......... .......... .......... .......... 18% 96.5M 2s
 45600K .......... .......... .......... .......... .......... 18%  120M 2s
 45650K .......... .......... .......... .......... .......... 18%  123M 2s
 45700K .......... .......... .......... .......... .......... 18%  112M 2s
 45750K .......... .......... .......... .......... .......... 18%  128M 2s
 45800K .......... .......... .......... .......... .......... 18% 73.0M 2s
 45850K .......... .......... .......... .......... .......... 18%  128M 2s
 45900K .......... .......... .......... .......... .......... 18% 49.1M 2s
 45950K .......... .......... .......... .......... .......... 18% 93.7M 2s
 46000K .......... .......... .......... .......... .......... 18%  138M 2s
 46050K .......... .......... .......... .......... .......... 18%  125M 2s
 46100K .......... .......... .......... .......... .......... 18%  127M 2s
 46150K .......... .......... .......... .......... .......... 18%  118M 2s
 46200K .......... .......... .......... .......... .......... 18%  132M 2s
 46250K .......... .......... .......... .......... .......... 18%  126M 2s
 46300K .......... .......... .......... .......... .......... 18% 67.2M 2s
 46350K .......... .......... .......... .......... .......... 18% 88.1M 2s
 46400K .......... .......... .......... .......... .......... 18%  129M 2s
 46450K .......... .......... .......... .......... .......... 18%  114M 2s
 46500K .......... .......... .......... .......... .......... 18%  126M 2s
 46550K .......... .......... .......... .......... .......... 18% 68.5M 2s
 46600K .......... .......... .......... .......... .......... 18% 81.1M 2s
 46650K .......... .......... .......... .......... .......... 18%  129M 2s
 46700K .......... .......... .......... .......... .......... 18% 57.8M 2s
 46750K .......... .......... .......... .......... .......... 18% 87.6M 2s
 46800K .......... .......... .......... .......... .......... 18%  136M 2s
 46850K .......... .......... .......... .......... .......... 18%  129M 2s
 46900K .......... .......... .......... .......... .......... 18%  130M 2s
 46950K .......... .......... .......... .......... .......... 18%  127M 2s
 47000K .......... .......... .......... .......... .......... 18%  127M 2s
 47050K .......... .......... .......... .......... .......... 18%  127M 2s
 47100K .......... .......... .......... .......... .......... 18%  128M 2s
 47150K .......... .......... .......... .......... .......... 18% 99.5M 2s
 47200K .......... .......... .......... .......... .......... 18%  126M 2s
 47250K .......... .......... .......... .......... .......... 18% 58.6M 2s
 47300K .......... .......... .......... .......... .......... 18%  126M 2s
 47350K .......... .......... .......... .......... .......... 18% 97.6M 2s
 47400K .......... .......... .......... .......... .......... 18%  169M 2s
 47450K .......... .......... .......... .......... .......... 18% 53.7M 2s
 47500K .......... .......... .......... .......... .......... 19%  126M 2s
 47550K .......... .......... .......... .......... .......... 19% 86.4M 2s
 47600K .......... .......... .......... .......... .......... 19%  127M 2s
 47650K .......... .......... .......... .......... .......... 19%  127M 2s
 47700K .......... .......... .......... .......... .......... 19%  137M 2s
 47750K .......... .......... .......... .......... .......... 19% 53.7M 2s
 47800K .......... .......... .......... .......... .......... 19%  132M 2s
 47850K .......... .......... .......... .......... .......... 19%  124M 2s
 47900K .......... .......... .......... .......... .......... 19%  136M 2s
 47950K .......... .......... .......... .......... .......... 19% 99.0M 2s
 48000K .......... .......... .......... .......... .......... 19%  136M 2s
 48050K .......... .......... .......... .......... .......... 19% 50.0M 2s
 48100K .......... .......... .......... .......... .......... 19%  129M 2s
 48150K .......... .......... .......... .......... .......... 19%  129M 2s
 48200K .......... .......... .......... .......... .......... 19%  137M 2s
 48250K .......... .......... .......... .......... .......... 19% 4.06M 2s
 48300K .......... .......... .......... .......... .......... 19%  125M 2s
 48350K .......... .......... .......... .......... .......... 19% 94.4M 2s
 48400K .......... .......... .......... .......... .......... 19%  138M 2s
 48450K .......... .......... .......... .......... .......... 19%  130M 2s
 48500K .......... .......... .......... .......... .......... 19%  130M 2s
 48550K .......... .......... .......... .......... .......... 19%  132M 2s
 48600K .......... .......... .......... .......... .......... 19%  136M 2s
 48650K .......... .......... .......... .......... .......... 19%  130M 2s
 48700K .......... .......... .......... .......... .......... 19%  124M 2s
 48750K .......... .......... .......... .......... .......... 19% 96.6M 2s
 48800K .......... .......... .......... .......... .......... 19%  130M 2s
 48850K .......... .......... .......... .......... .......... 19%  135M 2s
 48900K .......... .......... .......... .......... .......... 19%  132M 2s
 48950K .......... .......... .......... .......... .......... 19%  126M 2s
 49000K .......... .......... .......... .......... .......... 19%  131M 2s
 49050K .......... .......... .......... .......... .......... 19%  134M 2s
 49100K .......... .......... .......... .......... .......... 19%  127M 2s
 49150K .......... .......... .......... .......... .......... 19%  101M 2s
 49200K .......... .......... .......... .......... .......... 19%  125M 2s
 49250K .......... .......... .......... .......... .......... 19%  125M 2s
 49300K .......... .......... .......... .......... .......... 19%  116M 2s
 49350K .......... .......... .......... .......... .......... 19%  133M 2s
 49400K .......... .......... .......... .......... .......... 19%  129M 2s
 49450K .......... .......... .......... .......... .......... 19%  130M 2s
 49500K .......... .......... .......... .......... .......... 19%  136M 2s
 49550K .......... .......... .......... .......... .......... 19% 95.4M 2s
 49600K .......... .......... .......... .......... .......... 19%  137M 2s
 49650K .......... .......... .......... .......... .......... 19%  123M 2s
 49700K .......... .......... .......... .......... .......... 19%  134M 2s
 49750K .......... .......... .......... .......... .......... 19%  139M 2s
 49800K .......... .......... .......... .......... .......... 19%  133M 2s
 49850K .......... .......... .......... .......... .......... 19%  134M 2s
 49900K .......... .......... .......... .......... .......... 19%  138M 2s
 49950K .......... .......... .......... .......... .......... 19%  104M 2s
 50000K .......... .......... .......... .......... .......... 20%  124M 2s
 50050K .......... .......... .......... .......... .......... 20%  132M 2s
 50100K .......... .......... .......... .......... .......... 20%  128M 2s
 50150K .......... .......... .......... .......... .......... 20%  135M 2s
 50200K .......... .......... .......... .......... .......... 20%  138M 2s
 50250K .......... .......... .......... .......... .......... 20%  129M 2s
 50300K .......... .......... .......... .......... .......... 20%  128M 2s
 50350K .......... .......... .......... .......... .......... 20%  102M 2s
 50400K .......... .......... .......... .......... .......... 20%  133M 2s
 50450K .......... .......... .......... .......... .......... 20%  136M 2s
 50500K .......... .......... .......... .......... .......... 20%  132M 2s
 50550K .......... .......... .......... .......... .......... 20% 5.13M 2s
 50600K .......... .......... .......... .......... .......... 20%  121M 2s
 50650K .......... .......... .......... .......... .......... 20%  121M 2s
 50700K .......... .......... .......... .......... .......... 20%  125M 2s
 50750K .......... .......... .......... .......... .......... 20% 90.6M 2s
 50800K .......... .......... .......... .......... .......... 20%  129M 2s
 50850K .......... .......... .......... .......... .......... 20%  124M 2s
 50900K .......... .......... .......... .......... .......... 20%  124M 2s
 50950K .......... .......... .......... .......... .......... 20%  122M 2s
 51000K .......... .......... .......... .......... .......... 20%  130M 2s
 51050K .......... .......... .......... .......... .......... 20%  121M 2s
 51100K .......... .......... .......... .......... .......... 20% 92.0M 2s
 51150K .......... .......... .......... .......... .......... 20% 95.2M 2s
 51200K .......... .......... .......... .......... .......... 20% 68.8M 2s
 51250K .......... .......... .......... .......... .......... 20%  132M 2s
 51300K .......... .......... .......... .......... .......... 20%  125M 2s
 51350K .......... .......... .......... .......... .......... 20%  127M 2s
 51400K .......... .......... .......... .......... .......... 20%  127M 2s
 51450K .......... .......... .......... .......... .......... 20%  133M 2s
 51500K .......... .......... .......... .......... .......... 20%  133M 2s
 51550K .......... .......... .......... .......... .......... 20% 97.2M 2s
 51600K .......... .......... .......... .......... .......... 20%  133M 2s
 51650K .......... .......... .......... .......... .......... 20%  126M 2s
 51700K .......... .......... .......... .......... .......... 20%  128M 2s
 51750K .......... .......... .......... .......... .......... 20% 33.1M 2s
 51800K .......... .......... .......... .......... .......... 20% 25.3M 2s
 51850K .......... .......... .......... .......... .......... 20% 27.5M 2s
 51900K .......... .......... .......... .......... .......... 20% 26.3M 2s
 51950K .......... .......... .......... .......... .......... 20% 17.6M 2s
 52000K .......... .......... .......... .......... .......... 20% 25.4M 2s
 52050K .......... .......... .......... .......... .......... 20% 28.9M 2s
 52100K .......... .......... .......... .......... .......... 20% 24.2M 2s
 52150K .......... .......... .......... .......... .......... 20% 25.9M 2s
 52200K .......... .......... .......... .......... .......... 20% 18.6M 2s
 52250K .......... .......... .......... .......... .......... 20% 26.8M 2s
 52300K .......... .......... .......... .......... .......... 20% 26.5M 2s
 52350K .......... .......... .......... .......... .......... 20% 17.4M 2s
 52400K .......... .......... .......... .......... .......... 20% 25.2M 2s
 52450K .......... .......... .......... .......... .......... 20% 27.4M 2s
 52500K .......... .......... .......... .......... .......... 21% 22.7M 2s
 52550K .......... .......... .......... .......... .......... 21% 31.9M 2s
 52600K .......... .......... .......... .......... .......... 21% 25.1M 2s
 52650K .......... .......... .......... .......... .......... 21% 26.0M 2s
 52700K .......... .......... .......... .......... .......... 21% 18.9M 2s
 52750K .......... .......... .......... .......... .......... 21% 24.2M 2s
 52800K .......... .......... .......... .......... .......... 21% 18.6M 2s
 52850K .......... .......... .......... .......... .......... 21% 2.95M 2s
 52900K .......... .......... .......... .......... .......... 21% 21.4M 2s
 52950K .......... .......... .......... .......... .......... 21% 24.2M 2s
 53000K .......... .......... .......... .......... .......... 21% 26.6M 2s
 53050K .......... .......... .......... .......... .......... 21% 26.8M 2s
 53100K .......... .......... .......... .......... .......... 21% 26.9M 2s
 53150K .......... .......... .......... .......... .......... 21% 16.1M 2s
 53200K .......... .......... .......... .......... .......... 21% 24.5M 2s
 53250K .......... .......... .......... .......... .......... 21% 26.0M 2s
 53300K .......... .......... .......... .......... .......... 21% 26.0M 2s
 53350K .......... .......... .......... .......... .......... 21% 24.9M 2s
 53400K .......... .......... .......... .......... .......... 21% 24.0M 2s
 53450K .......... .......... .......... .......... .......... 21% 25.2M 2s
 53500K .......... .......... .......... .......... .......... 21% 26.4M 2s
 53550K .......... .......... .......... .......... .......... 21% 22.0M 2s
 53600K .......... .......... .......... .......... .......... 21% 26.2M 2s
 53650K .......... .......... .......... .......... .......... 21% 24.9M 2s
 53700K .......... .......... .......... .......... .......... 21% 26.3M 2s
 53750K .......... .......... .......... .......... .......... 21% 25.4M 2s
 53800K .......... .......... .......... .......... .......... 21% 19.5M 2s
 53850K .......... .......... .......... .......... .......... 21% 25.4M 2s
 53900K .......... .......... .......... .......... .......... 21% 26.6M 2s
 53950K .......... .......... .......... .......... .......... 21% 23.2M 2s
 54000K .......... .......... .......... .......... .......... 21% 27.2M 2s
 54050K .......... .......... .......... .......... .......... 21% 24.8M 2s
 54100K .......... .......... .......... .......... .......... 21% 24.8M 2s
 54150K .......... .......... .......... .......... .......... 21% 27.2M 2s
 54200K .......... .......... .......... .......... .......... 21% 25.8M 2s
 54250K .......... .......... .......... .......... .......... 21% 26.3M 2s
 54300K .......... .......... .......... .......... .......... 21% 26.3M 2s
 54350K .......... .......... .......... .......... .......... 21% 18.1M 2s
 54400K .......... .......... .......... .......... .......... 21% 24.7M 2s
 54450K .......... .......... .......... .......... .......... 21% 25.8M 2s
 54500K .......... .......... .......... .......... .......... 21% 26.4M 2s
 54550K .......... .......... .......... .......... .......... 21% 26.5M 2s
 54600K .......... .......... .......... .......... .......... 21% 26.7M 2s
 54650K .......... .......... .......... .......... .......... 21% 25.9M 2s
 54700K .......... .......... .......... .......... .......... 21% 3.40M 3s
 54750K .......... .......... .......... .......... .......... 21% 18.4M 3s
 54800K .......... .......... .......... .......... .......... 21% 25.9M 3s
 54850K .......... .......... .......... .......... .......... 21% 26.1M 3s
 54900K .......... .......... .......... .......... .......... 21% 26.5M 3s
 54950K .......... .......... .......... .......... .......... 21% 25.4M 3s
 55000K .......... .......... .......... .......... .......... 22% 23.6M 3s
 55050K .......... .......... .......... .......... .......... 22% 26.7M 3s
 55100K .......... .......... .......... .......... .......... 22% 23.9M 3s
 55150K .......... .......... .......... .......... .......... 22% 26.8M 3s
 55200K .......... .......... .......... .......... .......... 22% 20.7M 3s
 55250K .......... .......... .......... .......... .......... 22% 30.2M 3s
 55300K .......... .......... .......... .......... .......... 22% 24.4M 3s
 55350K .......... .......... .......... .......... .......... 22% 27.6M 3s
 55400K .......... .......... .......... .......... .......... 22% 24.3M 3s
 55450K .......... .......... .......... .......... .......... 22% 24.7M 3s
 55500K .......... .......... .......... .......... .......... 22% 43.6M 3s
 55550K .......... .......... .......... .......... .......... 22% 19.2M 3s
 55600K .......... .......... .......... .......... .......... 22% 25.2M 3s
 55650K .......... .......... .......... .......... .......... 22% 17.4M 3s
 55700K .......... .......... .......... .......... .......... 22% 26.5M 3s
 55750K .......... .......... .......... .......... .......... 22% 32.8M 3s
 55800K .......... .......... .......... .......... .......... 22% 25.0M 3s
 55850K .......... .......... .......... .......... .......... 22% 22.6M 3s
 55900K .......... .......... .......... .......... .......... 22% 33.3M 3s
 55950K .......... .......... .......... .......... .......... 22% 19.8M 3s
 56000K .......... .......... .......... .......... .......... 22% 34.2M 3s
 56050K .......... .......... .......... .......... .......... 22% 21.8M 3s
 56100K .......... .......... .......... .......... .......... 22% 18.0M 3s
 56150K .......... .......... .......... .......... .......... 22% 82.7M 3s
 56200K .......... .......... .......... .......... .......... 22% 25.0M 3s
 56250K .......... .......... .......... .......... .......... 22% 24.4M 3s
 56300K .......... .......... .......... .......... .......... 22% 24.0M 3s
 56350K .......... .......... .......... .......... .......... 22% 28.4M 3s
 56400K .......... .......... .......... .......... .......... 22% 28.6M 3s
 56450K .......... .......... .......... .......... .......... 22% 26.9M 3s
 56500K .......... .......... .......... .......... .......... 22% 27.0M 3s
 56550K .......... .......... .......... .......... .......... 22% 3.40M 3s
 56600K .......... .......... .......... .......... .......... 22% 20.9M 3s
 56650K .......... .......... .......... .......... .......... 22% 36.9M 3s
 56700K .......... .......... .......... .......... .......... 22% 25.7M 3s
 56750K .......... .......... .......... .......... .......... 22% 27.1M 3s
 56800K .......... .......... .......... .......... .......... 22% 20.0M 3s
 56850K .......... .......... .......... .......... .......... 22% 39.8M 3s
 56900K .......... .......... .......... .......... .......... 22% 25.2M 3s
 56950K .......... .......... .......... .......... .......... 22% 25.8M 3s
 57000K .......... .......... .......... .......... .......... 22% 26.6M 3s
 57050K .......... .......... .......... .......... .......... 22% 44.1M 3s
 57100K .......... .......... .......... .......... .......... 22% 26.8M 3s
 57150K .......... .......... .......... .......... .......... 22% 18.3M 3s
 57200K .......... .......... .......... .......... .......... 22% 27.7M 3s
 57250K .......... .......... .......... .......... .......... 22% 28.9M 3s
 57300K .......... .......... .......... .......... .......... 22% 26.3M 3s
 57350K .......... .......... .......... .......... .......... 22% 25.6M 3s
 57400K .......... .......... .......... .......... .......... 22% 44.5M 3s
 57450K .......... .......... .......... .......... .......... 22% 18.1M 3s
 57500K .......... .......... .......... .......... .......... 23% 31.7M 3s
 57550K .......... .......... .......... .......... .......... 23% 13.5M 3s
 57600K .......... .......... .......... .......... .......... 23% 83.5M 3s
 57650K .......... .......... .......... .......... .......... 23% 24.9M 3s
 57700K .......... .......... .......... .......... .......... 23% 26.4M 3s
 57750K .......... .......... .......... .......... .......... 23% 21.5M 3s
 57800K .......... .......... .......... .......... .......... 23% 35.6M 3s
 57850K .......... .......... .......... .......... .......... 23% 25.5M 3s
 57900K .......... .......... .......... .......... .......... 23% 43.1M 3s
 57950K .......... .......... .......... .......... .......... 23% 17.6M 3s
 58000K .......... .......... .......... .......... .......... 23% 27.4M 3s
 58050K .......... .......... .......... .......... .......... 23% 26.6M 3s
 58100K .......... .......... .......... .......... .......... 23% 44.0M 3s
 58150K .......... .......... .......... .......... .......... 23% 27.4M 3s
 58200K .......... .......... .......... .......... .......... 23% 28.2M 3s
 58250K .......... .......... .......... .......... .......... 23% 27.0M 3s
 58300K .......... .......... .......... .......... .......... 23% 23.1M 3s
 58350K .......... .......... .......... .......... .......... 23% 25.4M 3s
 58400K .......... .......... .......... .......... .......... 23% 29.5M 3s
 58450K .......... .......... .......... .......... .......... 23% 25.3M 3s
 58500K .......... .......... .......... .......... .......... 23% 29.0M 3s
 58550K .......... .......... .......... .......... .......... 23% 3.81M 3s
 58600K .......... .......... .......... .......... .......... 23% 21.3M 3s
 58650K .......... .......... .......... .......... .......... 23% 23.3M 3s
 58700K .......... .......... .......... .......... .......... 23% 34.3M 3s
 58750K .......... .......... .......... .......... .......... 23% 24.1M 3s
 58800K .......... .......... .......... .......... .......... 23% 27.1M 3s
 58850K .......... .......... .......... .......... .......... 23% 27.7M 3s
 58900K .......... .......... .......... .......... .......... 23% 26.5M 3s
 58950K .......... .......... .......... .......... .......... 23% 26.5M 3s
 59000K .......... .......... .......... .......... .......... 23% 47.0M 3s
 59050K .......... .......... .......... .......... .......... 23% 25.3M 3s
 59100K .......... .......... .......... .......... .......... 23% 26.5M 3s
 59150K .......... .......... .......... .......... .......... 23% 24.8M 3s
 59200K .......... .......... .......... .......... .......... 23% 26.4M 3s
 59250K .......... .......... .......... .......... .......... 23% 25.8M 3s
 59300K .......... .......... .......... .......... .......... 23% 30.5M 3s
 59350K .......... .......... .......... .......... .......... 23% 28.2M 3s
 59400K .......... .......... .......... .......... .......... 23% 28.3M 3s
 59450K .......... .......... .......... .......... .......... 23% 18.6M 3s
 59500K .......... .......... .......... .......... .......... 23% 44.2M 3s
 59550K .......... .......... .......... .......... .......... 23% 23.3M 3s
 59600K .......... .......... .......... .......... .......... 23% 25.9M 3s
 59650K .......... .......... .......... .......... .......... 23% 24.5M 3s
 59700K .......... .......... .......... .......... .......... 23% 32.1M 3s
 59750K .......... .......... .......... .......... .......... 23% 40.9M 3s
 59800K .......... .......... .......... .......... .......... 23% 20.9M 3s
 59850K .......... .......... .......... .......... .......... 23% 24.5M 3s
 59900K .......... .......... .......... .......... .......... 23% 29.2M 3s
 59950K .......... .......... .......... .......... .......... 23% 24.9M 3s
 60000K .......... .......... .......... .......... .......... 24% 24.2M 3s
 60050K .......... .......... .......... .......... .......... 24% 47.7M 3s
 60100K .......... .......... .......... .......... .......... 24% 28.6M 3s
 60150K .......... .......... .......... .......... .......... 24% 26.0M 3s
 60200K .......... .......... .......... .......... .......... 24% 28.5M 3s
 60250K .......... .......... .......... .......... .......... 24% 32.5M 3s
 60300K .......... .......... .......... .......... .......... 24% 29.1M 3s
 60350K .......... .......... .......... .......... .......... 24% 27.7M 3s
 60400K .......... .......... .......... .......... .......... 24% 26.2M 3s
 60450K .......... .......... .......... .......... .......... 24% 29.7M 3s
 60500K .......... .......... .......... .......... .......... 24% 25.1M 3s
 60550K .......... .......... .......... .......... .......... 24% 45.8M 3s
 60600K .......... .......... .......... .......... .......... 24% 29.4M 3s
 60650K .......... .......... .......... .......... .......... 24% 4.04M 3s
 60700K .......... .......... .......... .......... .......... 24% 15.0M 3s
 60750K .......... .......... .......... .......... .......... 24% 32.9M 3s
 60800K .......... .......... .......... .......... .......... 24% 27.8M 3s
 60850K .......... .......... .......... .......... .......... 24% 43.1M 3s
 60900K .......... .......... .......... .......... .......... 24% 27.3M 3s
 60950K .......... .......... .......... .......... .......... 24% 27.5M 3s
 61000K .......... .......... .......... .......... .......... 24% 26.1M 3s
 61050K .......... .......... .......... .......... .......... 24% 24.1M 3s
 61100K .......... .......... .......... .......... .......... 24% 44.4M 3s
 61150K .......... .......... .......... .......... .......... 24% 23.0M 3s
 61200K .......... .......... .......... .......... .......... 24% 28.6M 3s
 61250K .......... .......... .......... .......... .......... 24% 26.6M 3s
 61300K .......... .......... .......... .......... .......... 24% 27.7M 3s
 61350K .......... .......... .......... .......... .......... 24% 40.3M 3s
 61400K .......... .......... .......... .......... .......... 24%  419K 3s
 61450K .......... .......... .......... .......... .......... 24% 83.5M 3s
 61500K .......... .......... .......... .......... .......... 24% 77.2M 3s
 61550K .......... .......... .......... .......... .......... 24% 38.2M 3s
 61600K .......... .......... .......... .......... .......... 24%  129M 3s
 61650K .......... .......... .......... .......... .......... 24% 64.5M 3s
 61700K .......... .......... .......... .......... .......... 24% 53.7M 3s
 61750K .......... .......... .......... .......... .......... 24% 60.5M 3s
 61800K .......... .......... .......... .......... .......... 24% 22.9M 3s
 61850K .......... .......... .......... .......... .......... 24% 51.2M 3s
 61900K .......... .......... .......... .......... .......... 24% 41.3M 3s
 61950K .......... .......... .......... .......... .......... 24% 87.1M 3s
 62000K .......... .......... .......... .......... .......... 24% 74.7M 3s
 62050K .......... .......... .......... .......... .......... 24%  120M 3s
 62100K .......... .......... .......... .......... .......... 24% 56.1M 3s
 62150K .......... .......... .......... .......... .......... 24% 62.4M 3s
 62200K .......... .......... .......... .......... .......... 24% 18.4M 3s
 62250K .......... .......... .......... .......... .......... 24% 47.5M 3s
 62300K .......... .......... .......... .......... .......... 24%  125M 3s
 62350K .......... .......... .......... .......... .......... 24% 54.7M 3s
 62400K .......... .......... .......... .......... .......... 24% 59.4M 3s
 62450K .......... .......... .......... .......... .......... 24% 53.9M 3s
 62500K .......... .......... .......... .......... .......... 25% 54.9M 3s
 62550K .......... .......... .......... .......... .......... 25%  125M 3s
 62600K .......... .......... .......... .......... .......... 25% 24.7M 3s
 62650K .......... .......... .......... .......... .......... 25%  117M 3s
 62700K .......... .......... .......... .......... .......... 25% 32.5M 3s
 62750K .......... .......... .......... .......... .......... 25% 53.5M 3s
 62800K .......... .......... .......... .......... .......... 25%  128M 3s
 62850K .......... .......... .......... .......... .......... 25% 52.5M 3s
 62900K .......... .......... .......... .......... .......... 25% 61.7M 3s
 62950K .......... .......... .......... .......... .......... 25% 24.3M 3s
 63000K .......... .......... .......... .......... .......... 25% 68.5M 3s
 63050K .......... .......... .......... .......... .......... 25%  118M 3s
 63100K .......... .......... .......... .......... .......... 25% 30.6M 3s
 63150K .......... .......... .......... .......... .......... 25% 49.6M 3s
 63200K .......... .......... .......... .......... .......... 25% 40.6M 3s
 63250K .......... .......... .......... .......... .......... 25%  125M 3s
 63300K .......... .......... .......... .......... .......... 25%  133M 3s
 63350K .......... .......... .......... .......... .......... 25% 21.2M 3s
 63400K .......... .......... .......... .......... .......... 25% 73.5M 3s
 63450K .......... .......... .......... .......... .......... 25% 84.7M 3s
 63500K .......... .......... .......... .......... .......... 25% 33.3M 3s
 63550K .......... .......... .......... .......... .......... 25% 39.0M 3s
 63600K .......... .......... .......... .......... .......... 25% 78.1M 3s
 63650K .......... .......... .......... .......... .......... 25% 78.1M 3s
 63700K .......... .......... .......... .......... .......... 25% 24.5M 3s
 63750K .......... .......... .......... .......... .......... 25% 82.9M 3s
 63800K .......... .......... .......... .......... .......... 25% 81.7M 3s
 63850K .......... .......... .......... .......... .......... 25% 64.2M 3s
 63900K .......... .......... .......... .......... .......... 25% 51.0M 3s
 63950K .......... .......... .......... .......... .......... 25% 25.2M 3s
 64000K .......... .......... .......... .......... .......... 25% 77.1M 3s
 64050K .......... .......... .......... .......... .......... 25% 88.3M 3s
 64100K .......... .......... .......... .......... .......... 25% 25.9M 3s
 64150K .......... .......... .......... .......... .......... 25% 82.5M 3s
 64200K .......... .......... .......... .......... .......... 25% 85.5M 3s
 64250K .......... .......... .......... .......... .......... 25% 34.6M 3s
 64300K .......... .......... .......... .......... .......... 25% 83.5M 3s
 64350K .......... .......... .......... .......... .......... 25% 23.5M 3s
 64400K .......... .......... .......... .......... .......... 25% 88.4M 3s
 64450K .......... .......... .......... .......... .......... 25% 40.9M 3s
 64500K .......... .......... .......... .......... .......... 25% 78.7M 3s
 64550K .......... .......... .......... .......... .......... 25% 82.0M 3s
 64600K .......... .......... .......... .......... .......... 25% 62.3M 3s
 64650K .......... .......... .......... .......... .......... 25% 25.6M 3s
 64700K .......... .......... .......... .......... .......... 25% 56.5M 3s
 64750K .......... .......... .......... .......... .......... 25% 49.2M 3s
 64800K .......... .......... .......... .......... .......... 25% 85.5M 3s
 64850K .......... .......... .......... .......... .......... 25% 27.4M 3s
 64900K .......... .......... .......... .......... .......... 25% 86.8M 3s
 64950K .......... .......... .......... .......... .......... 25% 88.3M 3s
 65000K .......... .......... .......... .......... .......... 26% 30.0M 3s
 65050K .......... .......... .......... .......... .......... 26% 89.0M 3s
 65100K .......... .......... .......... .......... .......... 26% 31.1M 3s
 65150K .......... .......... .......... .......... .......... 26% 69.3M 3s
 65200K .......... .......... .......... .......... .......... 26% 37.7M 3s
 65250K .......... .......... .......... .......... .......... 26% 73.3M 3s
 65300K .......... .......... .......... .......... .......... 26% 94.9M 3s
 65350K .......... .......... .......... .......... .......... 26% 57.5M 3s
 65400K .......... .......... .......... .......... .......... 26% 25.6M 3s
 65450K .......... .......... .......... .......... .......... 26% 56.5M 3s
 65500K .......... .......... .......... .......... .......... 26% 54.7M 3s
 65550K .......... .......... .......... .......... .......... 26% 25.5M 3s
 65600K .......... .......... .......... .......... .......... 26%  122M 3s
 65650K .......... .......... .......... .......... .......... 26%  112M 3s
 65700K .......... .......... .......... .......... .......... 26% 71.6M 3s
 65750K .......... .......... .......... .......... .......... 26% 27.1M 3s
 65800K .......... .......... .......... .......... .......... 26%  112M 3s
 65850K .......... .......... .......... .......... .......... 26% 31.6M 3s
 65900K .......... .......... .......... .......... .......... 26%  125M 3s
 65950K .......... .......... .......... .......... .......... 26% 18.9M 3s
 66000K .......... .......... .......... .......... .......... 26%  122M 3s
 66050K .......... .......... .......... .......... .......... 26%  136M 3s
 66100K .......... .......... .......... .......... .......... 26% 59.7M 3s
 66150K .......... .......... .......... .......... .......... 26% 37.1M 3s
 66200K .......... .......... .......... .......... .......... 26% 45.4M 3s
 66250K .......... .......... .......... .......... .......... 26% 62.3M 3s
 66300K .......... .......... .......... .......... .......... 26%  130M 3s
 66350K .......... .......... .......... .......... .......... 26% 23.7M 3s
 66400K .......... .......... .......... .......... .......... 26% 61.2M 3s
 66450K .......... .......... .......... .......... .......... 26% 55.4M 3s
 66500K .......... .......... .......... .......... .......... 26% 47.7M 3s
 66550K .......... .......... .......... .......... .......... 26%  121M 3s
 66600K .......... .......... .......... .......... .......... 26% 28.3M 3s
 66650K .......... .......... .......... .......... .......... 26%  118M 3s
 66700K .......... .......... .......... .......... .......... 26% 31.1M 3s
 66750K .......... .......... .......... .......... .......... 26% 58.3M 3s
 66800K .......... .......... .......... .......... .......... 26%  123M 3s
 66850K .......... .......... .......... .......... .......... 26% 55.5M 3s
 66900K .......... .......... .......... .......... .......... 26% 25.5M 3s
 66950K .......... .......... .......... .......... .......... 26% 48.6M 3s
 67000K .......... .......... .......... .......... .......... 26% 59.3M 3s
 67050K .......... .......... .......... .......... .......... 26%  123M 3s
 67100K .......... .......... .......... .......... .......... 26% 27.2M 3s
 67150K .......... .......... .......... .......... .......... 26% 90.9M 3s
 67200K .......... .......... .......... .......... .......... 26% 55.0M 3s
 67250K .......... .......... .......... .......... .......... 26% 35.9M 3s
 67300K .......... .......... .......... .......... .......... 26%  122M 3s
 67350K .......... .......... .......... .......... .......... 26% 26.7M 3s
 67400K .......... .......... .......... .......... .......... 26%  111M 3s
 67450K .......... .......... .......... .......... .......... 26% 32.2M 3s
 67500K .......... .......... .......... .......... .......... 27% 69.6M 3s
 67550K .......... .......... .......... .......... .......... 27% 43.9M 3s
 67600K .......... .......... .......... .......... .......... 27%  126M 3s
 67650K .......... .......... .......... .......... .......... 27% 51.6M 3s
 67700K .......... .......... .......... .......... .......... 27% 27.0M 3s
 67750K .......... .......... .......... .......... .......... 27% 66.4M 3s
 67800K .......... .......... .......... .......... .......... 27%  124M 3s
 67850K .......... .......... .......... .......... .......... 27% 25.7M 3s
 67900K .......... .......... .......... .......... .......... 27%  126M 3s
 67950K .......... .......... .......... .......... .......... 27% 51.1M 3s
 68000K .......... .......... .......... .......... .......... 27% 33.9M 3s
 68050K .......... .......... .......... .......... .......... 27%  125M 3s
 68100K .......... .......... .......... .......... .......... 27% 46.7M 3s
 68150K .......... .......... .......... .......... .......... 27% 66.4M 3s
 68200K .......... .......... .......... .......... .......... 27% 25.8M 3s
 68250K .......... .......... .......... .......... .......... 27%  124M 3s
 68300K .......... .......... .......... .......... .......... 27% 59.8M 3s
 68350K .......... .......... .......... .......... .......... 27% 46.6M 3s
 68400K .......... .......... .......... .......... .......... 27% 53.5M 3s
 68450K .......... .......... .......... .......... .......... 27% 24.6M 3s
 68500K .......... .......... .......... .......... .......... 27% 77.2M 3s
 68550K .......... .......... .......... .......... .......... 27% 89.0M 3s
 68600K .......... .......... .......... .......... .......... 27% 40.2M 3s
 68650K .......... .......... .......... .......... .......... 27% 65.9M 3s
 68700K .......... .......... .......... .......... .......... 27% 66.0M 3s
 68750K .......... .......... .......... .......... .......... 27% 48.7M 3s
 68800K .......... .......... .......... .......... .......... 27% 25.2M 3s
 68850K .......... .......... .......... .......... .......... 27% 78.9M 3s
 68900K .......... .......... .......... .......... .......... 27% 71.1M 3s
 68950K .......... .......... .......... .......... .......... 27% 26.3M 3s
 69000K .......... .......... .......... .......... .......... 27% 60.6M 3s
 69050K .......... .......... .......... .......... .......... 27% 77.1M 3s
 69100K .......... .......... .......... .......... .......... 27% 78.7M 3s
 69150K .......... .......... .......... .......... .......... 27% 62.7M 3s
 69200K .......... .......... .......... .......... .......... 27% 35.2M 3s
 69250K .......... .......... .......... .......... .......... 27% 71.8M 3s
 69300K .......... .......... .......... .......... .......... 27%  115M 3s
 69350K .......... .......... .......... .......... .......... 27% 26.2M 3s
 69400K .......... .......... .......... .......... .......... 27% 63.8M 3s
 69450K .......... .......... .......... .......... .......... 27% 55.6M 3s
 69500K .......... .......... .......... .......... .......... 27%  126M 3s
 69550K .......... .......... .......... .......... .......... 27% 19.5M 3s
 69600K .......... .......... .......... .......... .......... 27%  118M 3s
 69650K .......... .......... .......... .......... .......... 27%  113M 3s
 69700K .......... .......... .......... .......... .......... 27% 30.5M 3s
 69750K .......... .......... .......... .......... .......... 27% 70.5M 3s
 69800K .......... .......... .......... .......... .......... 27%  115M 3s
 69850K .......... .......... .......... .......... .......... 27% 62.3M 3s
 69900K .......... .......... .......... .......... .......... 27% 42.6M 3s
 69950K .......... .......... .......... .......... .......... 27% 33.1M 3s
 70000K .......... .......... .......... .......... .......... 28%  123M 3s
 70050K .......... .......... .......... .......... .......... 28% 54.4M 3s
 70100K .......... .......... .......... .......... .......... 28% 31.0M 3s
 70150K .......... .......... .......... .......... .......... 28% 70.4M 3s
 70200K .......... .......... .......... .......... .......... 28% 62.9M 3s
 70250K .......... .......... .......... .......... .......... 28% 80.5M 3s
 70300K .......... .......... .......... .......... .......... 28% 29.7M 3s
 70350K .......... .......... .......... .......... .......... 28% 60.1M 3s
 70400K .......... .......... .......... .......... .......... 28% 48.3M 3s
 70450K .......... .......... .......... .......... .......... 28% 59.7M 3s
 70500K .......... .......... .......... .......... .......... 28% 34.9M 3s
 70550K .......... .......... .......... .......... .......... 28% 81.8M 3s
 70600K .......... .......... .......... .......... .......... 28% 86.2M 3s
 70650K .......... .......... .......... .......... .......... 28% 83.8M 3s
 70700K .......... .......... .......... .......... .......... 28% 31.9M 3s
 70750K .......... .......... .......... .......... .......... 28% 42.3M 3s
 70800K .......... .......... .......... .......... .......... 28% 84.2M 3s
 70850K .......... .......... .......... .......... .......... 28% 59.8M 3s
 70900K .......... .......... .......... .......... .......... 28% 51.2M 3s
 70950K .......... .......... .......... .......... .......... 28% 30.5M 3s
 71000K .......... .......... .......... .......... .......... 28% 88.2M 3s
 71050K .......... .......... .......... .......... .......... 28% 89.1M 3s
 71100K .......... .......... .......... .......... .......... 28% 42.2M 3s
 71150K .......... .......... .......... .......... .......... 28% 65.9M 3s
 71200K .......... .......... .......... .......... .......... 28% 46.6M 3s
 71250K .......... .......... .......... .......... .......... 28% 42.6M 3s
 71300K .......... .......... .......... .......... .......... 28% 83.6M 3s
 71350K .......... .......... .......... .......... .......... 28% 29.5M 3s
 71400K .......... .......... .......... .......... .......... 28% 56.4M 3s
 71450K .......... .......... .......... .......... .......... 28% 62.6M 3s
 71500K .......... .......... .......... .......... .......... 28% 54.1M 3s
 71550K .......... .......... .......... .......... .......... 28% 90.7M 3s
 71600K .......... .......... .......... .......... .......... 28%  113M 3s
 71650K .......... .......... .......... .......... .......... 28% 31.4M 3s
 71700K .......... .......... .......... .......... .......... 28% 26.3M 3s
 71750K .......... .......... .......... .......... .......... 28% 53.4M 3s
 71800K .......... .......... .......... .......... .......... 28%  121M 3s
 71850K .......... .......... .......... .......... .......... 28% 61.7M 3s
 71900K .......... .......... .......... .......... .......... 28% 50.7M 3s
 71950K .......... .......... .......... .......... .......... 28% 67.6M 3s
 72000K .......... .......... .......... .......... .......... 28% 24.0M 3s
 72050K .......... .......... .......... .......... .......... 28%  114M 3s
 72100K .......... .......... .......... .......... .......... 28% 29.9M 3s
 72150K .......... .......... .......... .......... .......... 28% 47.7M 3s
 72200K .......... .......... .......... .......... .......... 28%  154M 3s
 72250K .......... .......... .......... .......... .......... 28% 60.6M 3s
 72300K .......... .......... .......... .......... .......... 28% 48.4M 3s
 72350K .......... .......... .......... .......... .......... 28%  184M 3s
 72400K .......... .......... .......... .......... .......... 28% 28.2M 3s
 72450K .......... .......... .......... .......... .......... 28% 26.0M 3s
 72500K .......... .......... .......... .......... .......... 29% 48.6M 3s
 72550K .......... .......... .......... .......... .......... 29%  189M 3s
 72600K .......... .......... .......... .......... .......... 29% 62.3M 3s
 72650K .......... .......... .......... .......... .......... 29% 55.9M 3s
 72700K .......... .......... .......... .......... .......... 29% 51.8M 3s
 72750K .......... .......... .......... .......... .......... 29% 24.7M 3s
 72800K .......... .......... .......... .......... .......... 29%  191M 3s
 72850K .......... .......... .......... .......... .......... 29% 42.1M 3s
 72900K .......... .......... .......... .......... .......... 29% 28.2M 3s
 72950K .......... .......... .......... .......... .......... 29%  168M 3s
 73000K .......... .......... .......... .......... .......... 29% 58.2M 3s
 73050K .......... .......... .......... .......... .......... 29%  123M 3s
 73100K .......... .......... .......... .......... .......... 29% 52.9M 3s
 73150K .......... .......... .......... .......... .......... 29% 32.0M 3s
 73200K .......... .......... .......... .......... .......... 29% 26.2M 3s
 73250K .......... .......... .......... .......... .......... 29% 43.2M 3s
 73300K .......... .......... .......... .......... .......... 29%  195M 3s
 73350K .......... .......... .......... .......... .......... 29% 59.5M 3s
 73400K .......... .......... .......... .......... .......... 29% 54.4M 3s
 73450K .......... .......... .......... .......... .......... 29% 54.3M 3s
 73500K .......... .......... .......... .......... .......... 29% 43.4M 3s
 73550K .......... .......... .......... .......... .......... 29% 26.3M 3s
 73600K .......... .......... .......... .......... .......... 29%  115M 3s
 73650K .......... .......... .......... .......... .......... 29% 27.5M 3s
 73700K .......... .......... .......... .......... .......... 29%  120M 3s
 73750K .......... .......... .......... .......... .......... 29% 70.4M 3s
 73800K .......... .......... .......... .......... .......... 29%  120M 3s
 73850K .......... .......... .......... .......... .......... 29% 61.7M 3s
 73900K .......... .......... .......... .......... .......... 29% 27.9M 3s
 73950K .......... .......... .......... .......... .......... 29% 48.1M 3s
 74000K .......... .......... .......... .......... .......... 29% 26.3M 3s
 74050K .......... .......... .......... .......... .......... 29%  115M 3s
 74100K .......... .......... .......... .......... .......... 29% 68.4M 3s
 74150K .......... .......... .......... .......... .......... 29% 54.6M 3s
 74200K .......... .......... .......... .......... .......... 29% 51.7M 3s
 74250K .......... .......... .......... .......... .......... 29% 51.1M 3s
 74300K .......... .......... .......... .......... .......... 29% 24.9M 3s
 74350K .......... .......... .......... .......... .......... 29%  120M 3s
 74400K .......... .......... .......... .......... .......... 29% 27.6M 3s
 74450K .......... .......... .......... .......... .......... 29%  113M 3s
 74500K .......... .......... .......... .......... .......... 29% 65.6M 3s
 74550K .......... .......... .......... .......... .......... 29%  121M 3s
 74600K .......... .......... .......... .......... .......... 29% 63.1M 3s
 74650K .......... .......... .......... .......... .......... 29% 58.9M 3s
 74700K .......... .......... .......... .......... .......... 29% 7.27M 3s
 74750K .......... .......... .......... .......... .......... 29% 63.1M 3s
 74800K .......... .......... .......... .......... .......... 29% 67.0M 3s
 74850K .......... .......... .......... .......... .......... 29% 82.6M 3s
 74900K .......... .......... .......... .......... .......... 29% 56.1M 3s
 74950K .......... .......... .......... .......... .......... 29%  125M 3s
 75000K .......... .......... .......... .......... .......... 30% 56.7M 3s
 75050K .......... .......... .......... .......... .......... 30% 61.7M 3s
 75100K .......... .......... .......... .......... .......... 30% 4.08M 3s
 75150K .......... .......... .......... .......... .......... 30%  133M 3s
 75200K .......... .......... .......... .......... .......... 30%  127M 3s
 75250K .......... .......... .......... .......... .......... 30%  121M 3s
 75300K .......... .......... .......... .......... .......... 30%  130M 3s
 75350K .......... .......... .......... .......... .......... 30%  134M 3s
 75400K .......... .......... .......... .......... .......... 30%  128M 3s
 75450K .......... .......... .......... .......... .......... 30%  129M 3s
 75500K .......... .......... .......... .......... .......... 30% 95.7M 3s
 75550K .......... .......... .......... .......... .......... 30%  129M 3s
 75600K .......... .......... .......... .......... .......... 30%  127M 3s
 75650K .......... .......... .......... .......... .......... 30%  134M 3s
 75700K .......... .......... .......... .......... .......... 30%  132M 3s
 75750K .......... .......... .......... .......... .......... 30%  136M 3s
 75800K .......... .......... .......... .......... .......... 30% 50.8M 3s
 75850K .......... .......... .......... .......... .......... 30%  121M 3s
 75900K .......... .......... .......... .......... .......... 30% 55.7M 3s
 75950K .......... .......... .......... .......... .......... 30% 65.3M 3s
 76000K .......... .......... .......... .......... .......... 30% 39.5M 3s
 76050K .......... .......... .......... .......... .......... 30% 50.8M 3s
 76100K .......... .......... .......... .......... .......... 30% 14.4M 3s
 76150K .......... .......... .......... .......... .......... 30% 75.8M 3s
 76200K .......... .......... .......... .......... .......... 30% 51.0M 3s
 76250K .......... .......... .......... .......... .......... 30% 45.3M 3s
 76300K .......... .......... .......... .......... .......... 30% 27.2M 3s
 76350K .......... .......... .......... .......... .......... 30% 79.3M 3s
 76400K .......... .......... .......... .......... .......... 30% 18.1M 3s
 76450K .......... .......... .......... .......... .......... 30% 74.6M 3s
 76500K .......... .......... .......... .......... .......... 30% 47.1M 3s
 76550K .......... .......... .......... .......... .......... 30% 45.3M 3s
 76600K .......... .......... .......... .......... .......... 30% 38.9M 3s
 76650K .......... .......... .......... .......... .......... 30% 52.6M 3s
 76700K .......... .......... .......... .......... .......... 30% 16.7M 3s
 76750K .......... .......... .......... .......... .......... 30% 62.4M 3s
 76800K .......... .......... .......... .......... .......... 30% 27.1M 3s
 76850K .......... .......... .......... .......... .......... 30% 84.1M 3s
 76900K .......... .......... .......... .......... .......... 30% 57.0M 3s
 76950K .......... .......... .......... .......... .......... 30% 55.1M 3s
 77000K .......... .......... .......... .......... .......... 30% 17.3M 3s
 77050K .......... .......... .......... .......... .......... 30% 81.3M 3s
 77100K .......... .......... .......... .......... .......... 30% 21.8M 3s
 77150K .......... .......... .......... .......... .......... 30% 79.6M 3s
 77200K .......... .......... .......... .......... .......... 30% 64.8M 3s
 77250K .......... .......... .......... .......... .......... 30% 24.0M 3s
 77300K .......... .......... .......... .......... .......... 30% 29.8M 3s
 77350K .......... .......... .......... .......... .......... 30% 83.2M 3s
 77400K .......... .......... .......... .......... .......... 30% 56.9M 3s
 77450K .......... .......... .......... .......... .......... 30% 25.5M 3s
 77500K .......... .......... .......... .......... .......... 31% 53.7M 3s
 77550K .......... .......... .......... .......... .......... 31% 25.9M 3s
 77600K .......... .......... .......... .......... .......... 31% 48.6M 3s
 77650K .......... .......... .......... .......... .......... 31% 36.0M 3s
 77700K .......... .......... .......... .......... .......... 31% 25.7M 3s
 77750K .......... .......... .......... .......... .......... 31% 1.69M 3s
 77800K .......... .......... .......... .......... .......... 31% 64.8M 3s
 77850K .......... .......... .......... .......... .......... 31% 67.2M 3s
 77900K .......... .......... .......... .......... .......... 31% 42.7M 3s
 77950K .......... .......... .......... .......... .......... 31% 51.0M 3s
 78000K .......... .......... .......... .......... .......... 31% 51.2M 3s
 78050K .......... .......... .......... .......... .......... 31% 14.7M 3s
 78100K .......... .......... .......... .......... .......... 31% 48.8M 3s
 78150K .......... .......... .......... .......... .......... 31% 44.8M 3s
 78200K .......... .......... .......... .......... .......... 31% 65.7M 3s
 78250K .......... .......... .......... .......... .......... 31% 45.6M 3s
 78300K .......... .......... .......... .......... .......... 31% 33.2M 3s
 78350K .......... .......... .......... .......... .......... 31% 20.4M 3s
 78400K .......... .......... .......... .......... .......... 31% 35.9M 3s
 78450K .......... .......... .......... .......... .......... 31% 61.6M 3s
 78500K .......... .......... .......... .......... .......... 31% 77.7M 3s
 78550K .......... .......... .......... .......... .......... 31% 33.2M 3s
 78600K .......... .......... .......... .......... .......... 31% 25.4M 3s
 78650K .......... .......... .......... .......... .......... 31% 46.4M 3s
 78700K .......... .......... .......... .......... .......... 31% 23.3M 3s
 78750K .......... .......... .......... .......... .......... 31% 84.4M 3s
 78800K .......... .......... .......... .......... .......... 31% 34.0M 3s
 78850K .......... .......... .......... .......... .......... 31% 54.4M 3s
 78900K .......... .......... .......... .......... .......... 31% 26.1M 3s
 78950K .......... .......... .......... .......... .......... 31% 48.4M 3s
 79000K .......... .......... .......... .......... .......... 31% 24.1M 3s
 79050K .......... .......... .......... .......... .......... 31% 76.2M 3s
 79100K .......... .......... .......... .......... .......... 31% 31.6M 3s
 79150K .......... .......... .......... .......... .......... 31% 58.5M 3s
 79200K .......... .......... .......... .......... .......... 31% 46.8M 3s
 79250K .......... .......... .......... .......... .......... 31% 35.8M 3s
 79300K .......... .......... .......... .......... .......... 31% 19.4M 3s
 79350K .......... .......... .......... .......... .......... 31% 90.2M 3s
 79400K .......... .......... .......... .......... .......... 31% 55.7M 3s
 79450K .......... .......... .......... .......... .......... 31% 52.4M 3s
 79500K .......... .......... .......... .......... .......... 31% 33.1M 3s
 79550K .......... .......... .......... .......... .......... 31% 31.4M 3s
 79600K .......... .......... .......... .......... .......... 31% 25.3M 3s
 79650K .......... .......... .......... .......... .......... 31% 46.1M 3s
 79700K .......... .......... .......... .......... .......... 31% 91.1M 3s
 79750K .......... .......... .......... .......... .......... 31% 30.3M 3s
 79800K .......... .......... .......... .......... .......... 31% 50.7M 3s
 79850K .......... .......... .......... .......... .......... 31% 18.8M 3s
 79900K .......... .......... .......... .......... .......... 31% 13.4M 3s
 79950K .......... .......... .......... .......... .......... 31% 77.3M 3s
 80000K .......... .......... .......... .......... .......... 32% 45.2M 3s
 80050K .......... .......... .......... .......... .......... 32% 52.6M 3s
 80100K .......... .......... .......... .......... .......... 32% 34.5M 3s
 80150K .......... .......... .......... .......... .......... 32% 13.0M 3s
 80200K .......... .......... .......... .......... .......... 32% 63.8M 3s
 80250K .......... .......... .......... .......... .......... 32% 13.6M 3s
 80300K .......... .......... .......... .......... .......... 32% 19.9M 3s
 80350K .......... .......... .......... .......... .......... 32% 41.6M 3s
 80400K .......... .......... .......... .......... .......... 32% 39.1M 3s
 80450K .......... .......... .......... .......... .......... 32% 44.9M 3s
 80500K .......... .......... .......... .......... .......... 32% 22.1M 3s
 80550K .......... .......... .......... .......... .......... 32% 25.8M 3s
 80600K .......... .......... .......... .......... .......... 32% 29.7M 3s
 80650K .......... .......... .......... .......... .......... 32% 44.8M 3s
 80700K .......... .......... .......... .......... .......... 32% 52.2M 3s
 80750K .......... .......... .......... .......... .......... 32% 31.4M 3s
 80800K .......... .......... .......... .......... .......... 32% 4.35M 3s
 80850K .......... .......... .......... .......... .......... 32% 33.7M 3s
 80900K .......... .......... .......... .......... .......... 32% 52.1M 3s
 80950K .......... .......... .......... .......... .......... 32% 38.8M 3s
 81000K .......... .......... .......... .......... .......... 32% 38.6M 3s
 81050K .......... .......... .......... .......... .......... 32% 52.1M 3s
 81100K .......... .......... .......... .......... .......... 32% 23.4M 3s
 81150K .......... .......... .......... .......... .......... 32% 22.3M 3s
 81200K .......... .......... .......... .......... .......... 32% 76.2M 3s
 81250K .......... .......... .......... .......... .......... 32% 66.7M 3s
 81300K .......... .......... .......... .......... .......... 32% 31.8M 3s
 81350K .......... .......... .......... .......... .......... 32% 63.2M 3s
 81400K .......... .......... .......... .......... .......... 32% 24.2M 3s
 81450K .......... .......... .......... .......... .......... 32% 26.6M 3s
 81500K .......... .......... .......... .......... .......... 32% 42.9M 3s
 81550K .......... .......... .......... .......... .......... 32% 64.1M 3s
 81600K .......... .......... .......... .......... .......... 32% 35.3M 3s
 81650K .......... .......... .......... .......... .......... 32% 56.9M 3s
 81700K .......... .......... .......... .......... .......... 32% 25.7M 3s
 81750K .......... .......... .......... .......... .......... 32% 89.0M 3s
 81800K .......... .......... .......... .......... .......... 32% 28.4M 3s
 81850K .......... .......... .......... .......... .......... 32% 27.6M 3s
 81900K .......... .......... .......... .......... .......... 32%  638K 3s
 81950K .......... .......... .......... .......... .......... 32% 54.8M 3s
 82000K .......... .......... .......... .......... .......... 32% 40.2M 3s
 82050K .......... .......... .......... .......... .......... 32% 49.1M 3s
 82100K .......... .......... .......... .......... .......... 32% 52.0M 3s
 82150K .......... .......... .......... .......... .......... 32% 41.9M 3s
 82200K .......... .......... .......... .......... .......... 32% 13.4M 3s
 82250K .......... .......... .......... .......... .......... 32% 44.5M 3s
 82300K .......... .......... .......... .......... .......... 32% 30.1M 3s
 82350K .......... .......... .......... .......... .......... 32% 29.9M 3s
 82400K .......... .......... .......... .......... .......... 32% 35.8M 3s
 82450K .......... .......... .......... .......... .......... 32% 35.4M 3s
 82500K .......... .......... .......... .......... .......... 33% 11.0M 3s
 82550K .......... .......... .......... .......... .......... 33% 18.8M 3s
 82600K .......... .......... .......... .......... .......... 33% 28.9M 3s
 82650K .......... .......... .......... .......... .......... 33% 28.7M 3s
 82700K .......... .......... .......... .......... .......... 33% 26.9M 3s
 82750K .......... .......... .......... .......... .......... 33% 23.5M 3s
 82800K .......... .......... .......... .......... .......... 33% 14.9M 3s
 82850K .......... .......... .......... .......... .......... 33% 18.8M 3s
 82900K .......... .......... .......... .......... .......... 33% 73.8M 3s
 82950K .......... .......... .......... .......... .......... 33% 34.0M 3s
 83000K .......... .......... .......... .......... .......... 33% 71.2M 3s
 83050K .......... .......... .......... .......... .......... 33% 63.0M 3s
 83100K .......... .......... .......... .......... .......... 33% 46.1M 3s
 83150K .......... .......... .......... .......... .......... 33% 17.4M 3s
 83200K .......... .......... .......... .......... .......... 33% 63.8M 3s
 83250K .......... .......... .......... .......... .......... 33% 26.1M 3s
 83300K .......... .......... .......... .......... .......... 33% 23.3M 3s
 83350K .......... .......... .......... .......... .......... 33% 30.2M 3s
 83400K .......... .......... .......... .......... .......... 33% 76.6M 3s
 83450K .......... .......... .......... .......... .......... 33% 44.2M 3s
 83500K .......... .......... .......... .......... .......... 33% 34.7M 3s
 83550K .......... .......... .......... .......... .......... 33% 29.0M 3s
 83600K .......... .......... .......... .......... .......... 33% 28.2M 3s
 83650K .......... .......... .......... .......... .......... 33% 24.8M 3s
 83700K .......... .......... .......... .......... .......... 33% 86.1M 3s
 83750K .......... .......... .......... .......... .......... 33% 60.3M 3s
 83800K .......... .......... .......... .......... .......... 33% 35.4M 3s
 83850K .......... .......... .......... .......... .......... 33% 34.7M 3s
 83900K .......... .......... .......... .......... .......... 33% 87.1M 3s
 83950K .......... .......... .......... .......... .......... 33% 35.1M 3s
 84000K .......... .......... .......... .......... .......... 33% 29.4M 3s
 84050K .......... .......... .......... .......... .......... 33% 31.4M 3s
 84100K .......... .......... .......... .......... .......... 33% 60.4M 3s
 84150K .......... .......... .......... .......... .......... 33% 44.1M 3s
 84200K .......... .......... .......... .......... .......... 33% 58.6M 3s
 84250K .......... .......... .......... .......... .......... 33% 40.0M 3s
 84300K .......... .......... .......... .......... .......... 33% 24.9M 3s
 84350K .......... .......... .......... .......... .......... 33% 27.1M 3s
 84400K .......... .......... .......... .......... .......... 33% 45.2M 3s
 84450K .......... .......... .......... .......... .......... 33% 89.8M 3s
 84500K .......... .......... .......... .......... .......... 33% 64.5M 3s
 84550K .......... .......... .......... .......... .......... 33% 27.5M 3s
 84600K .......... .......... .......... .......... .......... 33% 25.3M 3s
 84650K .......... .......... .......... .......... .......... 33% 89.2M 3s
 84700K .......... .......... .......... .......... .......... 33% 24.8M 3s
 84750K .......... .......... .......... .......... .......... 33% 33.9M 3s
 84800K .......... .......... .......... .......... .......... 33% 40.9M 3s
 84850K .......... .......... .......... .......... .......... 33% 31.8M 3s
 84900K .......... .......... .......... .......... .......... 33% 18.4M 3s
 84950K .......... .......... .......... .......... .......... 33% 38.5M 3s
 85000K .......... .......... .......... .......... .......... 34% 17.2M 3s
 85050K .......... .......... .......... .......... .......... 34% 35.8M 3s
 85100K .......... .......... .......... .......... .......... 34% 18.7M 3s
 85150K .......... .......... .......... .......... .......... 34% 52.8M 3s
 85200K .......... .......... .......... .......... .......... 34% 40.5M 3s
 85250K .......... .......... .......... .......... .......... 34% 8.37M 3s
 85300K .......... .......... .......... .......... .......... 34% 33.1M 3s
 85350K .......... .......... .......... .......... .......... 34% 23.3M 3s
 85400K .......... .......... .......... .......... .......... 34% 57.0M 3s
 85450K .......... .......... .......... .......... .......... 34% 22.4M 3s
 85500K .......... .......... .......... .......... .......... 34% 55.3M 3s
 85550K .......... .......... .......... .......... .......... 34% 26.8M 3s
 85600K .......... .......... .......... .......... .......... 34% 85.7M 3s
 85650K .......... .......... .......... .......... .......... 34% 55.2M 3s
 85700K .......... .......... .......... .......... .......... 34% 46.7M 3s
 85750K .......... .......... .......... .......... .......... 34% 24.6M 3s
 85800K .......... .......... .......... .......... .......... 34% 29.2M 3s
 85850K .......... .......... .......... .......... .......... 34% 28.0M 3s
 85900K .......... .......... .......... .......... .......... 34% 31.6M 3s
 85950K .......... .......... .......... .......... .......... 34% 25.6M 3s
 86000K .......... .......... .......... .......... .......... 34% 47.0M 3s
 86050K .......... .......... .......... .......... .......... 34% 46.0M 3s
 86100K .......... .......... .......... .......... .......... 34% 39.7M 3s
 86150K .......... .......... .......... .......... .......... 34% 53.3M 3s
 86200K .......... .......... .......... .......... .......... 34% 35.4M 3s
 86250K .......... .......... .......... .......... .......... 34% 24.0M 3s
 86300K .......... .......... .......... .......... .......... 34% 82.5M 3s
 86350K .......... .......... .......... .......... .......... 34% 17.1M 3s
 86400K .......... .......... .......... .......... .......... 34% 36.9M 3s
 86450K .......... .......... .......... .......... .......... 34% 85.4M 3s
 86500K .......... .......... .......... .......... .......... 34% 29.5M 3s
 86550K .......... .......... .......... .......... .......... 34% 44.5M 3s
 86600K .......... .......... .......... .......... .......... 34% 62.0M 3s
 86650K .......... .......... .......... .......... .......... 34% 87.5M 3s
 86700K .......... .......... .......... .......... .......... 34% 22.5M 3s
 86750K .......... .......... .......... .......... .......... 34% 55.6M 3s
 86800K .......... .......... .......... .......... .......... 34% 24.8M 3s
 86850K .......... .......... .......... .......... .......... 34% 59.2M 3s
 86900K .......... .......... .......... .......... .......... 34% 52.6M 3s
 86950K .......... .......... .......... .......... .......... 34% 59.2M 3s
 87000K .......... .......... .......... .......... .......... 34% 19.8M 3s
 87050K .......... .......... .......... .......... .......... 34% 85.0M 3s
 87100K .......... .......... .......... .......... .......... 34% 23.2M 3s
 87150K .......... .......... .......... .......... .......... 34% 60.3M 3s
 87200K .......... .......... .......... .......... .......... 34% 53.2M 3s
 87250K .......... .......... .......... .......... .......... 34% 59.7M 3s
 87300K .......... .......... .......... .......... .......... 34% 24.5M 3s
 87350K .......... .......... .......... .......... .......... 34% 22.2M 3s
 87400K .......... .......... .......... .......... .......... 34% 73.2M 3s
 87450K .......... .......... .......... .......... .......... 34% 22.1M 3s
 87500K .......... .......... .......... .......... .......... 35% 84.9M 3s
 87550K .......... .......... .......... .......... .......... 35% 23.5M 3s
 87600K .......... .......... .......... .......... .......... 35% 18.3M 3s
 87650K .......... .......... .......... .......... .......... 35% 16.1M 3s
 87700K .......... .......... .......... .......... .......... 35% 77.6M 3s
 87750K .......... .......... .......... .......... .......... 35% 11.8M 3s
 87800K .......... .......... .......... .......... .......... 35% 38.4M 3s
 87850K .......... .......... .......... .......... .......... 35% 31.3M 3s
 87900K .......... .......... .......... .......... .......... 35% 20.3M 3s
 87950K .......... .......... .......... .......... .......... 35% 35.1M 3s
 88000K .......... .......... .......... .......... .......... 35% 9.63M 3s
 88050K .......... .......... .......... .......... .......... 35% 28.3M 3s
 88100K .......... .......... .......... .......... .......... 35% 81.6M 3s
 88150K .......... .......... .......... .......... .......... 35% 85.2M 3s
 88200K .......... .......... .......... .......... .......... 35% 93.5M 3s
 88250K .......... .......... .......... .......... .......... 35% 79.4M 3s
 88300K .......... .......... .......... .......... .......... 35% 24.2M 3s
 88350K .......... .......... .......... .......... .......... 35% 16.8M 3s
 88400K .......... .......... .......... .......... .......... 35% 26.1M 3s
 88450K .......... .......... .......... .......... .......... 35% 41.6M 3s
 88500K .......... .......... .......... .......... .......... 35% 24.9M 3s
 88550K .......... .......... .......... .......... .......... 35% 46.7M 3s
 88600K .......... .......... .......... .......... .......... 35% 31.5M 3s
 88650K .......... .......... .......... .......... .......... 35% 41.4M 3s
 88700K .......... .......... .......... .......... .......... 35% 55.7M 3s
 88750K .......... .......... .......... .......... .......... 35% 33.0M 3s
 88800K .......... .......... .......... .......... .......... 35% 39.1M 3s
 88850K .......... .......... .......... .......... .......... 35% 29.4M 3s
 88900K .......... .......... .......... .......... .......... 35% 68.5M 3s
 88950K .......... .......... .......... .......... .......... 35% 24.7M 3s
 89000K .......... .......... .......... .......... .......... 35% 34.4M 3s
 89050K .......... .......... .......... .......... .......... 35% 24.3M 3s
 89100K .......... .......... .......... .......... .......... 35% 88.6M 3s
 89150K .......... .......... .......... .......... .......... 35% 28.9M 3s
 89200K .......... .......... .......... .......... .......... 35% 85.1M 3s
 89250K .......... .......... .......... .......... .......... 35% 40.6M 3s
 89300K .......... .......... .......... .......... .......... 35% 27.6M 3s
 89350K .......... .......... .......... .......... .......... 35% 27.6M 3s
 89400K .......... .......... .......... .......... .......... 35% 92.8M 3s
 89450K .......... .......... .......... .......... .......... 35% 50.7M 3s
 89500K .......... .......... .......... .......... .......... 35% 38.1M 3s
 89550K .......... .......... .......... .......... .......... 35% 33.7M 3s
 89600K .......... .......... .......... .......... .......... 35% 75.1M 3s
 89650K .......... .......... .......... .......... .......... 35% 64.2M 3s
 89700K .......... .......... .......... .......... .......... 35% 26.1M 3s
 89750K .......... .......... .......... .......... .......... 35% 32.5M 3s
 89800K .......... .......... .......... .......... .......... 35% 46.8M 3s
 89850K .......... .......... .......... .......... .......... 35% 44.9M 3s
 89900K .......... .......... .......... .......... .......... 35% 89.0M 3s
 89950K .......... .......... .......... .......... .......... 35% 24.1M 3s
 90000K .......... .......... .......... .......... .......... 36% 27.8M 3s
 90050K .......... .......... .......... .......... .......... 36% 31.0M 3s
 90100K .......... .......... .......... .......... .......... 36% 35.0M 3s
 90150K .......... .......... .......... .......... .......... 36% 76.7M 3s
 90200K .......... .......... .......... .......... .......... 36% 24.3M 3s
 90250K .......... .......... .......... .......... .......... 36% 21.7M 3s
 90300K .......... .......... .......... .......... .......... 36% 19.8M 3s
 90350K .......... .......... .......... .......... .......... 36% 26.3M 3s
 90400K .......... .......... .......... .......... .......... 36% 18.2M 3s
 90450K .......... .......... .......... .......... .......... 36% 79.4M 3s
 90500K .......... .......... .......... .......... .......... 36% 19.8M 3s
 90550K .......... .......... .......... .......... .......... 36% 48.5M 3s
 90600K .......... .......... .......... .......... .......... 36% 12.5M 3s
 90650K .......... .......... .......... .......... .......... 36% 20.7M 3s
 90700K .......... .......... .......... .......... .......... 36% 21.0M 3s
 90750K .......... .......... .......... .......... .......... 36% 33.4M 3s
 90800K .......... .......... .......... .......... .......... 36% 48.5M 3s
 90850K .......... .......... .......... .......... .......... 36% 54.0M 3s
 90900K .......... .......... .......... .......... .......... 36% 23.6M 3s
 90950K .......... .......... .......... .......... .......... 36% 44.9M 3s
 91000K .......... .......... .......... .......... .......... 36% 83.9M 3s
 91050K .......... .......... .......... .......... .......... 36% 42.3M 3s
 91100K .......... .......... .......... .......... .......... 36% 26.0M 3s
 91150K .......... .......... .......... .......... .......... 36% 23.5M 3s
 91200K .......... .......... .......... .......... .......... 36% 27.9M 3s
 91250K .......... .......... .......... .......... .......... 36% 48.2M 3s
 91300K .......... .......... .......... .......... .......... 36% 27.7M 3s
 91350K .......... .......... .......... .......... .......... 36% 44.7M 3s
 91400K .......... .......... .......... .......... .......... 36% 43.8M 3s
 91450K .......... .......... .......... .......... .......... 36% 38.0M 3s
 91500K .......... .......... .......... .......... .......... 36% 28.7M 3s
 91550K .......... .......... .......... .......... .......... 36% 29.3M 3s
 91600K .......... .......... .......... .......... .......... 36% 22.1M 3s
 91650K .......... .......... .......... .......... .......... 36% 67.1M 3s
 91700K .......... .......... .......... .......... .......... 36% 20.1M 3s
 91750K .......... .......... .......... .......... .......... 36% 46.4M 3s
 91800K .......... .......... .......... .......... .......... 36% 35.2M 3s
 91850K .......... .......... .......... .......... .......... 36% 30.8M 3s
 91900K .......... .......... .......... .......... .......... 36% 76.1M 3s
 91950K .......... .......... .......... .......... .......... 36% 68.4M 3s
 92000K .......... .......... .......... .......... .......... 36% 25.5M 3s
 92050K .......... .......... .......... .......... .......... 36% 56.4M 3s
 92100K .......... .......... .......... .......... .......... 36% 44.5M 3s
 92150K .......... .......... .......... .......... .......... 36%  329K 4s
 92200K .......... .......... .......... .......... .......... 36%  540K 4s
 92250K .......... .......... .......... .......... .......... 36% 1.94M 4s
 92300K .......... .......... .......... .......... .......... 36% 3.03M 4s
 92350K .......... .......... .......... .......... .......... 36%  675K 4s
 92400K .......... .......... .......... .......... .......... 36% 3.54M 4s
 92450K .......... .......... .......... .......... .......... 36% 3.97M 4s
 92500K .......... .......... .......... .......... .......... 37% 4.74M 4s
 92550K .......... .......... .......... .......... .......... 37% 5.23M 4s
 92600K .......... .......... .......... .......... .......... 37% 4.01M 4s
 92650K .......... .......... .......... .......... .......... 37% 1.03M 4s
 92700K .......... .......... .......... .......... .......... 37% 6.48M 4s
 92750K .......... .......... .......... .......... .......... 37% 4.65M 4s
 92800K .......... .......... .......... .......... .......... 37% 4.73M 4s
 92850K .......... .......... .......... .......... .......... 37% 4.74M 4s
 92900K .......... .......... .......... .......... .......... 37% 2.37M 4s
 92950K .......... .......... .......... .......... .......... 37%  124M 4s
 93000K .......... .......... .......... .......... .......... 37%  120M 4s
 93050K .......... .......... .......... .......... .......... 37%  127M 4s
 93100K .......... .......... .......... .......... .......... 37% 78.1M 4s
 93150K .......... .......... .......... .......... .......... 37% 11.1M 4s
 93200K .......... .......... .......... .......... .......... 37% 10.4M 4s
 93250K .......... .......... .......... .......... .......... 37% 8.96M 4s
 93300K .......... .......... .......... .......... .......... 37% 1.08M 4s
 93350K .......... .......... .......... .......... .......... 37% 13.6M 4s
 93400K .......... .......... .......... .......... .......... 37% 10.7M 4s
 93450K .......... .......... .......... .......... .......... 37% 20.5M 4s
 93500K .......... .......... .......... .......... .......... 37% 37.1M 4s
 93550K .......... .......... .......... .......... .......... 37% 9.88M 4s
 93600K .......... .......... .......... .......... .......... 37% 17.4M 4s
 93650K .......... .......... .......... .......... .......... 37% 19.8M 4s
 93700K .......... .......... .......... .......... .......... 37% 19.8M 4s
 93750K .......... .......... .......... .......... .......... 37% 16.9M 4s
 93800K .......... .......... .......... .......... .......... 37% 10.7M 4s
 93850K .......... .......... .......... .......... .......... 37% 19.0M 4s
 93900K .......... .......... .......... .......... .......... 37% 26.8M 4s
 93950K .......... .......... .......... .......... .......... 37% 9.46M 4s
 94000K .......... .......... .......... .......... .......... 37% 37.5M 4s
 94050K .......... .......... .......... .......... .......... 37% 19.8M 4s
 94100K .......... .......... .......... .......... .......... 37% 12.0M 4s
 94150K .......... .......... .......... .......... .......... 37% 34.6M 4s
 94200K .......... .......... .......... .......... .......... 37% 17.3M 4s
 94250K .......... .......... .......... .......... .......... 37% 16.4M 4s
 94300K .......... .......... .......... .......... .......... 37% 25.9M 4s
 94350K .......... .......... .......... .......... .......... 37% 13.8M 4s
 94400K .......... .......... .......... .......... .......... 37% 16.1M 4s
 94450K .......... .......... .......... .......... .......... 37% 29.7M 4s
 94500K .......... .......... .......... .......... .......... 37% 10.4M 4s
 94550K .......... .......... .......... .......... .......... 37% 1.40M 4s
 94600K .......... .......... .......... .......... .......... 37% 29.5M 4s
 94650K .......... .......... .......... .......... .......... 37% 25.9M 4s
 94700K .......... .......... .......... .......... .......... 37% 11.5M 4s
 94750K .......... .......... .......... .......... .......... 37% 20.5M 4s
 94800K .......... .......... .......... .......... .......... 37% 22.7M 4s
 94850K .......... .......... .......... .......... .......... 37% 15.0M 4s
 94900K .......... .......... .......... .......... .......... 37% 25.5M 4s
 94950K .......... .......... .......... .......... .......... 37% 34.2M 4s
 95000K .......... .......... .......... .......... .......... 38% 11.6M 4s
 95050K .......... .......... .......... .......... .......... 38% 37.9M 4s
 95100K .......... .......... .......... .......... .......... 38% 21.6M 4s
 95150K .......... .......... .......... .......... .......... 38% 13.7M 4s
 95200K .......... .......... .......... .......... .......... 38% 21.1M 4s
 95250K .......... .......... .......... .......... .......... 38% 26.1M 4s
 95300K .......... .......... .......... .......... .......... 38% 14.2M 4s
 95350K .......... .......... .......... .......... .......... 38% 21.6M 4s
 95400K .......... .......... .......... .......... .......... 38% 25.6M 4s
 95450K .......... .......... .......... .......... .......... 38% 26.9M 4s
 95500K .......... .......... .......... .......... .......... 38% 14.5M 4s
 95550K .......... .......... .......... .......... .......... 38% 17.0M 4s
 95600K .......... .......... .......... .......... .......... 38% 38.9M 4s
 95650K .......... .......... .......... .......... .......... 38% 12.8M 4s
 95700K .......... .......... .......... .......... .......... 38% 25.4M 4s
 95750K .......... .......... .......... .......... .......... 38% 27.8M 4s
 95800K .......... .......... .......... .......... .......... 38% 13.5M 4s
 95850K .......... .......... .......... .......... .......... 38% 27.5M 4s
 95900K .......... .......... .......... .......... .......... 38% 30.6M 4s
 95950K .......... .......... .......... .......... .......... 38% 9.23M 4s
 96000K .......... .......... .......... .......... .......... 38% 40.9M 4s
 96050K .......... .......... .......... .......... .......... 38% 25.7M 4s
 96100K .......... .......... .......... .......... .......... 38% 15.6M 4s
 96150K .......... .......... .......... .......... .......... 38% 24.0M 4s
 96200K .......... .......... .......... .......... .......... 38% 21.6M 4s
 96250K .......... .......... .......... .......... .......... 38% 14.1M 4s
 96300K .......... .......... .......... .......... .......... 38% 40.2M 4s
 96350K .......... .......... .......... .......... .......... 38% 16.5M 4s
 96400K .......... .......... .......... .......... .......... 38% 12.8M 4s
 96450K .......... .......... .......... .......... .......... 38% 41.3M 4s
 96500K .......... .......... .......... .......... .......... 38% 24.7M 4s
 96550K .......... .......... .......... .......... .......... 38% 16.5M 4s
 96600K .......... .......... .......... .......... .......... 38% 20.9M 4s
 96650K .......... .......... .......... .......... .......... 38% 26.7M 4s
 96700K .......... .......... .......... .......... .......... 38% 25.9M 4s
 96750K .......... .......... .......... .......... .......... 38% 12.2M 4s
 96800K .......... .......... .......... .......... .......... 38% 42.2M 4s
 96850K .......... .......... .......... .......... .......... 38% 21.1M 4s
 96900K .......... .......... .......... .......... .......... 38% 11.2M 4s
 96950K .......... .......... .......... .......... .......... 38% 35.0M 4s
 97000K .......... .......... .......... .......... .......... 38% 26.7M 4s
 97050K .......... .......... .......... .......... .......... 38% 12.3M 4s
 97100K .......... .......... .......... .......... .......... 38% 44.9M 4s
 97150K .......... .......... .......... .......... .......... 38% 18.0M 4s
 97200K .......... .......... .......... .......... .......... 38% 23.8M 4s
 97250K .......... .......... .......... .......... .......... 38% 16.1M 4s
 97300K .......... .......... .......... .......... .......... 38% 23.7M 4s
 97350K .......... .......... .......... .......... .......... 38% 23.6M 4s
 97400K .......... .......... .......... .......... .......... 38% 16.6M 4s
 97450K .......... .......... .......... .......... .......... 38% 37.0M 4s
 97500K .......... .......... .......... .......... .......... 39% 14.7M 4s
 97550K .......... .......... .......... .......... .......... 39% 15.4M 4s
 97600K .......... .......... .......... .......... .......... 39% 40.1M 4s
 97650K .......... .......... .......... .......... .......... 39% 17.1M 4s
 97700K .......... .......... .......... .......... .......... 39% 16.8M 4s
 97750K .......... .......... .......... .......... .......... 39% 31.8M 4s
 97800K .......... .......... .......... .......... .......... 39% 18.3M 4s
 97850K .......... .......... .......... .......... .......... 39% 36.4M 4s
 97900K .......... .......... .......... .......... .......... 39% 17.2M 4s
 97950K .......... .......... .......... .......... .......... 39% 19.9M 4s
 98000K .......... .......... .......... .......... .......... 39% 20.2M 4s
 98050K .......... .......... .......... .......... .......... 39% 17.0M 4s
 98100K .......... .......... .......... .......... .......... 39% 24.7M 4s
 98150K .......... .......... .......... .......... .......... 39% 22.9M 4s
 98200K .......... .......... .......... .......... .......... 39% 46.1M 4s
 98250K .......... .......... .......... .......... .......... 39% 15.1M 4s
 98300K .......... .......... .......... .......... .......... 39% 18.5M 4s
 98350K .......... .......... .......... .......... .......... 39% 25.0M 4s
 98400K .......... .......... .......... .......... .......... 39% 16.5M 4s
 98450K .......... .......... .......... .......... .......... 39% 19.7M 4s
 98500K .......... .......... .......... .......... .......... 39% 30.0M 4s
 98550K .......... .......... .......... .......... .......... 39% 16.3M 4s
 98600K .......... .......... .......... .......... .......... 39% 16.6M 4s
 98650K .......... .......... .......... .......... .......... 39% 34.5M 4s
 98700K .......... .......... .......... .......... .......... 39% 43.2M 4s
 98750K .......... .......... .......... .......... .......... 39% 10.5M 4s
 98800K .......... .......... .......... .......... .......... 39% 39.7M 4s
 98850K .......... .......... .......... .......... .......... 39% 26.8M 4s
 98900K .......... .......... .......... .......... .......... 39% 12.6M 4s
 98950K .......... .......... .......... .......... .......... 39% 48.2M 4s
 99000K .......... .......... .......... .......... .......... 39% 25.5M 4s
 99050K .......... .......... .......... .......... .......... 39% 17.3M 4s
 99100K .......... .......... .......... .......... .......... 39% 21.7M 4s
 99150K .......... .......... .......... .......... .......... 39% 23.4M 4s
 99200K .......... .......... .......... .......... .......... 39% 28.6M 4s
 99250K .......... .......... .......... .......... .......... 39% 12.4M 4s
 99300K .......... .......... .......... .......... .......... 39% 39.5M 4s
 99350K .......... .......... .......... .......... .......... 39% 27.7M 4s
 99400K .......... .......... .......... .......... .......... 39% 22.0M 4s
 99450K .......... .......... .......... .......... .......... 39% 14.7M 4s
 99500K .......... .......... .......... .......... .......... 39% 31.3M 4s
 99550K .......... .......... .......... .......... .......... 39% 29.4M 4s
 99600K .......... .......... .......... .......... .......... 39% 13.5M 4s
 99650K .......... .......... .......... .......... .......... 39% 26.0M 4s
 99700K .......... .......... .......... .......... .......... 39% 34.2M 4s
 99750K .......... .......... .......... .......... .......... 39% 31.8M 4s
 99800K .......... .......... .......... .......... .......... 39% 12.8M 4s
 99850K .......... .......... .......... .......... .......... 39% 33.4M 4s
 99900K .......... .......... .......... .......... .......... 39% 43.6M 4s
 99950K .......... .......... .......... .......... .......... 39% 10.9M 4s
100000K .......... .......... .......... .......... .......... 40% 32.9M 4s
100050K .......... .......... .......... .......... .......... 40% 27.8M 4s
100100K .......... .......... .......... .......... .......... 40% 42.5M 4s
100150K .......... .......... .......... .......... .......... 40% 13.3M 4s
100200K .......... .......... .......... .......... .......... 40% 22.6M 4s
100250K .......... .......... .......... .......... .......... 40% 39.7M 4s
100300K .......... .......... .......... .......... .......... 40% 13.8M 4s
100350K .......... .......... .......... .......... .......... 40% 21.6M 4s
100400K .......... .......... .......... .......... .......... 40% 26.1M 4s
100450K .......... .......... .......... .......... .......... 40% 42.3M 4s
100500K .......... .......... .......... .......... .......... 40% 10.4M 4s
100550K .......... .......... .......... .......... .......... 40% 36.1M 4s
100600K .......... .......... .......... .......... .......... 40% 23.9M 4s
100650K .......... .......... .......... .......... .......... 40% 35.3M 4s
100700K .......... .......... .......... .......... .......... 40% 14.4M 4s
100750K .......... .......... .......... .......... .......... 40% 17.6M 4s
100800K .......... .......... .......... .......... .......... 40% 15.6M 4s
100850K .......... .......... .......... .......... .......... 40% 43.4M 4s
100900K .......... .......... .......... .......... .......... 40% 37.0M 4s
100950K .......... .......... .......... .......... .......... 40% 18.7M 4s
101000K .......... .......... .......... .......... .......... 40% 17.2M 4s
101050K .......... .......... .......... .......... .......... 40% 36.7M 4s
101100K .......... .......... .......... .......... .......... 40% 32.2M 4s
101150K .......... .......... .......... .......... .......... 40% 16.3M 4s
101200K .......... .......... .......... .......... .......... 40% 18.6M 4s
101250K .......... .......... .......... .......... .......... 40% 34.1M 4s
101300K .......... .......... .......... .......... .......... 40% 15.7M 4s
101350K .......... .......... .......... .......... .......... 40% 59.2M 4s
101400K .......... .......... .......... .......... .......... 40% 15.7M 4s
101450K .......... .......... .......... .......... .......... 40% 38.5M 4s
101500K .......... .......... .......... .......... .......... 40% 24.8M 4s
101550K .......... .......... .......... .......... .......... 40% 15.4M 4s
101600K .......... .......... .......... .......... .......... 40% 26.4M 4s
101650K .......... .......... .......... .......... .......... 40% 33.2M 4s
101700K .......... .......... .......... .......... .......... 40% 27.4M 4s
101750K .......... .......... .......... .......... .......... 40% 16.1M 4s
101800K .......... .......... .......... .......... .......... 40% 19.7M 4s
101850K .......... .......... .......... .......... .......... 40% 62.8M 4s
101900K .......... .......... .......... .......... .......... 40% 27.8M 4s
101950K .......... .......... .......... .......... .......... 40% 12.5M 4s
102000K .......... .......... .......... .......... .......... 40% 30.5M 4s
102050K .......... .......... .......... .......... .......... 40% 23.7M 4s
102100K .......... .......... .......... .......... .......... 40% 22.4M 4s
102150K .......... .......... .......... .......... .......... 40% 21.8M 4s
102200K .......... .......... .......... .......... .......... 40% 30.2M 4s
102250K .......... .......... .......... .......... .......... 40% 26.0M 4s
102300K .......... .......... .......... .......... .......... 40% 14.7M 4s
102350K .......... .......... .......... .......... .......... 40% 26.5M 4s
102400K .......... .......... .......... .......... .......... 40%  492K 5s
102450K .......... .......... .......... .......... .......... 40% 32.7M 5s
102500K .......... .......... .......... .......... .......... 41% 27.7M 5s
102550K .......... .......... .......... .......... .......... 41% 15.6M 5s
102600K .......... .......... .......... .......... .......... 41% 25.0M 5s
102650K .......... .......... .......... .......... .......... 41% 46.9M 5s
102700K .......... .......... .......... .......... .......... 41% 25.1M 5s
102750K .......... .......... .......... .......... .......... 41% 16.9M 5s
102800K .......... .......... .......... .......... .......... 41% 20.2M 5s
102850K .......... .......... .......... .......... .......... 41% 32.5M 5s
102900K .......... .......... .......... .......... .......... 41% 41.3M 5s
102950K .......... .......... .......... .......... .......... 41% 17.2M 5s
103000K .......... .......... .......... .......... .......... 41% 24.0M 5s
103050K .......... .......... .......... .......... .......... 41% 24.9M 5s
103100K .......... .......... .......... .......... .......... 41% 16.2M 5s
103150K .......... .......... .......... .......... .......... 41% 24.0M 5s
103200K .......... .......... .......... .......... .......... 41% 36.4M 5s
103250K .......... .......... .......... .......... .......... 41% 27.4M 5s
103300K .......... .......... .......... .......... .......... 41% 17.3M 5s
103350K .......... .......... .......... .......... .......... 41% 29.2M 5s
103400K .......... .......... .......... .......... .......... 41% 19.4M 5s
103450K .......... .......... .......... .......... .......... 41% 39.1M 5s
103500K .......... .......... .......... .......... .......... 41% 13.5M 5s
103550K .......... .......... .......... .......... .......... 41% 23.2M 5s
103600K .......... .......... .......... .......... .......... 41% 47.3M 5s
103650K .......... .......... .......... .......... .......... 41% 47.2M 5s
103700K .......... .......... .......... .......... .......... 41% 15.4M 5s
103750K .......... .......... .......... .......... .......... 41% 18.6M 5s
103800K .......... .......... .......... .......... .......... 41% 40.5M 5s
103850K .......... .......... .......... .......... .......... 41% 24.8M 5s
103900K .......... .......... .......... .......... .......... 41% 17.2M 5s
103950K .......... .......... .......... .......... .......... 41% 22.3M 5s
104000K .......... .......... .......... .......... .......... 41% 28.9M 4s
104050K .......... .......... .......... .......... .......... 41% 37.3M 4s
104100K .......... .......... .......... .......... .......... 41% 24.4M 4s
104150K .......... .......... .......... .......... .......... 41% 16.2M 4s
104200K .......... .......... .......... .......... .......... 41% 46.4M 4s
104250K .......... .......... .......... .......... .......... 41% 43.1M 4s
104300K .......... .......... .......... .......... .......... 41% 10.6M 4s
104350K .......... .......... .......... .......... .......... 41% 39.5M 4s
104400K .......... .......... .......... .......... .......... 41% 14.4M 4s
104450K .......... .......... .......... .......... .......... 41% 74.6M 4s
104500K .......... .......... .......... .......... .......... 41% 27.4M 4s
104550K .......... .......... .......... .......... .......... 41% 30.6M 4s
104600K .......... .......... .......... .......... .......... 41% 14.7M 4s
104650K .......... .......... .......... .......... .......... 41% 37.3M 4s
104700K .......... .......... .......... .......... .......... 41% 16.8M 4s
104750K .......... .......... .......... .......... .......... 41% 37.2M 4s
104800K .......... .......... .......... .......... .......... 41% 27.4M 4s
104850K .......... .......... .......... .......... .......... 41% 19.7M 4s
104900K .......... .......... .......... .......... .......... 41% 20.6M 4s
104950K .......... .......... .......... .......... .......... 41% 53.2M 4s
105000K .......... .......... .......... .......... .......... 42% 22.0M 4s
105050K .......... .......... .......... .......... .......... 42% 27.2M 4s
105100K .......... .......... .......... .......... .......... 42% 16.7M 4s
105150K .......... .......... .......... .......... .......... 42% 39.4M 4s
105200K .......... .......... .......... .......... .......... 42% 16.2M 4s
105250K .......... .......... .......... .......... .......... 42% 41.4M 4s
105300K .......... .......... .......... .......... .......... 42% 27.6M 4s
105350K .......... .......... .......... .......... .......... 42% 17.8M 4s
105400K .......... .......... .......... .......... .......... 42% 21.6M 4s
105450K .......... .......... .......... .......... .......... 42% 26.5M 4s
105500K .......... .......... .......... .......... .......... 42% 24.2M 4s
105550K .......... .......... .......... .......... .......... 42% 22.4M 4s
105600K .......... .......... .......... .......... .......... 42% 24.7M 4s
105650K .......... .......... .......... .......... .......... 42% 26.8M 4s
105700K .......... .......... .......... .......... .......... 42% 35.4M 4s
105750K .......... .......... .......... .......... .......... 42% 21.3M 4s
105800K .......... .......... .......... .......... .......... 42% 20.8M 4s
105850K .......... .......... .......... .......... .......... 42% 41.0M 4s
105900K .......... .......... .......... .......... .......... 42% 24.1M 4s
105950K .......... .......... .......... .......... .......... 42% 15.8M 4s
106000K .......... .......... .......... .......... .......... 42% 27.3M 4s
106050K .......... .......... .......... .......... .......... 42% 42.1M 4s
106100K .......... .......... .......... .......... .......... 42% 16.5M 4s
106150K .......... .......... .......... .......... .......... 42% 23.3M 4s
106200K .......... .......... .......... .......... .......... 42% 29.2M 4s
106250K .......... .......... .......... .......... .......... 42% 41.3M 4s
106300K .......... .......... .......... .......... .......... 42% 16.3M 4s
106350K .......... .......... .......... .......... .......... 42% 21.1M 4s
106400K .......... .......... .......... .......... .......... 42% 40.7M 4s
106450K .......... .......... .......... .......... .......... 42% 29.3M 4s
106500K .......... .......... .......... .......... .......... 42% 12.9M 4s
106550K .......... .......... .......... .......... .......... 42% 49.9M 4s
106600K .......... .......... .......... .......... .......... 42% 26.6M 4s
106650K .......... .......... .......... .......... .......... 42% 38.9M 4s
106700K .......... .......... .......... .......... .......... 42% 12.3M 4s
106750K .......... .......... .......... .......... .......... 42% 38.0M 4s
106800K .......... .......... .......... .......... .......... 42% 26.7M 4s
106850K .......... .......... .......... .......... .......... 42% 24.8M 4s
106900K .......... .......... .......... .......... .......... 42% 16.4M 4s
106950K .......... .......... .......... .......... .......... 42% 28.3M 4s
107000K .......... .......... .......... .......... .......... 42% 67.6M 4s
107050K .......... .......... .......... .......... .......... 42% 20.6M 4s
107100K .......... .......... .......... .......... .......... 42% 16.4M 4s
107150K .......... .......... .......... .......... .......... 42% 25.2M 4s
107200K .......... .......... .......... .......... .......... 42% 40.3M 4s
107250K .......... .......... .......... .......... .......... 42% 16.8M 4s
107300K .......... .......... .......... .......... .......... 42% 40.8M 4s
107350K .......... .......... .......... .......... .......... 42% 26.8M 4s
107400K .......... .......... .......... .......... .......... 42% 40.5M 4s
107450K .......... .......... .......... .......... .......... 42% 16.7M 4s
107500K .......... .......... .......... .......... .......... 43% 17.6M 4s
107550K .......... .......... .......... .......... .......... 43% 43.2M 4s
107600K .......... .......... .......... .......... .......... 43% 24.2M 4s
107650K .......... .......... .......... .......... .......... 43% 24.5M 4s
107700K .......... .......... .......... .......... .......... 43% 24.2M 4s
107750K .......... .......... .......... .......... .......... 43% 26.3M 4s
107800K .......... .......... .......... .......... .......... 43% 36.9M 4s
107850K .......... .......... .......... .......... .......... 43% 17.4M 4s
107900K .......... .......... .......... .......... .......... 43% 17.2M 4s
107950K .......... .......... .......... .......... .......... 43% 73.7M 4s
108000K .......... .......... .......... .......... .......... 43% 14.6M 4s
108050K .......... .......... .......... .......... .......... 43% 40.9M 4s
108100K .......... .......... .......... .......... .......... 43% 24.2M 4s
108150K .......... .......... .......... .......... .......... 43% 52.2M 4s
108200K .......... .......... .......... .......... .......... 43% 16.2M 4s
108250K .......... .......... .......... .......... .......... 43% 17.7M 4s
108300K .......... .......... .......... .......... .......... 43% 29.9M 4s
108350K .......... .......... .......... .......... .......... 43% 31.1M 4s
108400K .......... .......... .......... .......... .......... 43% 17.1M 4s
108450K .......... .......... .......... .......... .......... 43% 21.4M 4s
108500K .......... .......... .......... .......... .......... 43% 42.3M 4s
108550K .......... .......... .......... .......... .......... 43% 38.4M 4s
108600K .......... .......... .......... .......... .......... 43% 20.1M 4s
108650K .......... .......... .......... .......... .......... 43% 21.4M 4s
108700K .......... .......... .......... .......... .......... 43% 28.1M 4s
108750K .......... .......... .......... .......... .......... 43% 17.5M 4s
108800K .......... .......... .......... .......... .......... 43% 38.5M 4s
108850K .......... .......... .......... .......... .......... 43% 20.6M 4s
108900K .......... .......... .......... .......... .......... 43% 28.8M 4s
108950K .......... .......... .......... .......... .......... 43% 24.6M 4s
109000K .......... .......... .......... .......... .......... 43% 17.1M 4s
109050K .......... .......... .......... .......... .......... 43% 44.8M 4s
109100K .......... .......... .......... .......... .......... 43% 25.0M 4s
109150K .......... .......... .......... .......... .......... 43% 23.2M 4s
109200K .......... .......... .......... .......... .......... 43% 16.3M 4s
109250K .......... .......... .......... .......... .......... 43% 39.9M 4s
109300K .......... .......... .......... .......... .......... 43% 45.3M 4s
109350K .......... .......... .......... .......... .......... 43% 19.7M 4s
109400K .......... .......... .......... .......... .......... 43% 21.3M 4s
109450K .......... .......... .......... .......... .......... 43% 29.7M 4s
109500K .......... .......... .......... .......... .......... 43% 21.2M 4s
109550K .......... .......... .......... .......... .......... 43% 47.0M 4s
109600K .......... .......... .......... .......... .......... 43% 15.6M 4s
109650K .......... .......... .......... .......... .......... 43% 29.3M 4s
109700K .......... .......... .......... .......... .......... 43% 24.0M 4s
109750K .......... .......... .......... .......... .......... 43% 44.0M 4s
109800K .......... .......... .......... .......... .......... 43% 16.8M 4s
109850K .......... .......... .......... .......... .......... 43% 37.2M 4s
109900K .......... .......... .......... .......... .......... 43% 23.4M 4s
109950K .......... .......... .......... .......... .......... 43% 30.6M 4s
110000K .......... .......... .......... .......... .......... 44% 16.6M 4s
110050K .......... .......... .......... .......... .......... 44% 68.0M 4s
110100K .......... .......... .......... .......... .......... 44% 21.9M 4s
110150K .......... .......... .......... .......... .......... 44% 39.8M 4s
110200K .......... .......... .......... .......... .......... 44% 16.7M 4s
110250K .......... .......... .......... .......... .......... 44% 17.4M 4s
110300K .......... .......... .......... .......... .......... 44% 24.3M 4s
110350K .......... .......... .......... .......... .......... 44% 78.5M 4s
110400K .......... .......... .......... .......... .......... 44% 19.9M 4s
110450K .......... .......... .......... .......... .......... 44% 22.3M 4s
110500K .......... .......... .......... .......... .......... 44% 26.9M 4s
110550K .......... .......... .......... .......... .......... 44% 75.4M 4s
110600K .......... .......... .......... .......... .......... 44% 18.2M 4s
110650K .......... .......... .......... .......... .......... 44% 48.7M 4s
110700K .......... .......... .......... .......... .......... 44% 13.1M 4s
110750K .......... .......... .......... .......... .......... 44% 24.8M 4s
110800K .......... .......... .......... .......... .......... 44% 46.2M 4s
110850K .......... .......... .......... .......... .......... 44% 36.7M 4s
110900K .......... .......... .......... .......... .......... 44% 29.0M 4s
110950K .......... .......... .......... .......... .......... 44% 12.9M 4s
111000K .......... .......... .......... .......... .......... 44% 77.6M 4s
111050K .......... .......... .......... .......... .......... 44% 31.1M 4s
111100K .......... .......... .......... .......... .......... 44% 25.2M 4s
111150K .......... .......... .......... .......... .......... 44% 15.6M 4s
111200K .......... .......... .......... .......... .......... 44% 28.5M 4s
111250K .......... .......... .......... .......... .......... 44% 25.6M 4s
111300K .......... .......... .......... .......... .......... 44% 87.9M 4s
111350K .......... .......... .......... .......... .......... 44% 13.4M 4s
111400K .......... .......... .......... .......... .......... 44% 46.7M 4s
111450K .......... .......... .......... .......... .......... 44% 29.1M 4s
111500K .......... .......... .......... .......... .......... 44% 11.7M 4s
111550K .......... .......... .......... .......... .......... 44% 86.5M 4s
111600K .......... .......... .......... .......... .......... 44% 30.1M 4s
111650K .......... .......... .......... .......... .......... 44% 33.4M 4s
111700K .......... .......... .......... .......... .......... 44% 51.4M 4s
111750K .......... .......... .......... .......... .......... 44% 17.1M 4s
111800K .......... .......... .......... .......... .......... 44% 29.9M 4s
111850K .......... .......... .......... .......... .......... 44% 35.8M 4s
111900K .......... .......... .......... .......... .......... 44% 28.1M 4s
111950K .......... .......... .......... .......... .......... 44% 12.4M 4s
112000K .......... .......... .......... .......... .......... 44% 74.4M 4s
112050K .......... .......... .......... .......... .......... 44% 34.0M 4s
112100K .......... .......... .......... .......... .......... 44% 45.9M 4s
112150K .......... .......... .......... .......... .......... 44% 15.4M 4s
112200K .......... .......... .......... .......... .......... 44% 25.5M 4s
112250K .......... .......... .......... .......... .......... 44% 45.8M 4s
112300K .......... .......... .......... .......... .......... 44% 26.9M 4s
112350K .......... .......... .......... .......... .......... 44% 17.2M 4s
112400K .......... .......... .......... .......... .......... 44% 36.4M 4s
112450K .......... .......... .......... .......... .......... 44% 26.6M 4s
112500K .......... .......... .......... .......... .......... 45% 82.5M 4s
112550K .......... .......... .......... .......... .......... 45% 29.0M 4s
112600K .......... .......... .......... .......... .......... 45% 12.6M 4s
112650K .......... .......... .......... .......... .......... 45% 30.8M 4s
112700K .......... .......... .......... .......... .......... 45%  635K 4s
112750K .......... .......... .......... .......... .......... 45% 2.53M 4s
112800K .......... .......... .......... .......... .......... 45% 2.95M 4s
112850K .......... .......... .......... .......... .......... 45%  738K 5s
112900K .......... .......... .......... .......... .......... 45% 3.69M 5s
112950K .......... .......... .......... .......... .......... 45% 4.32M 5s
113000K .......... .......... .......... .......... .......... 45% 4.46M 5s
113050K .......... .......... .......... .......... .......... 45% 5.39M 5s
113100K .......... .......... .......... .......... .......... 45% 4.24M 5s
113150K .......... .......... .......... .......... .......... 45% 1008K 5s
113200K .......... .......... .......... .......... .......... 45% 6.58M 5s
113250K .......... .......... .......... .......... .......... 45% 6.24M 5s
113300K .......... .......... .......... .......... .......... 45% 7.44M 5s
113350K .......... .......... .......... .......... .......... 45% 7.57M 5s
113400K .......... .......... .......... .......... .......... 45% 7.71M 5s
113450K .......... .......... .......... .......... .......... 45% 8.36M 5s
113500K .......... .......... .......... .......... .......... 45% 6.52M 5s
113550K .......... .......... .......... .......... .......... 45% 10.9M 5s
113600K .......... .......... .......... .......... .......... 45% 9.60M 5s
113650K .......... .......... .......... .......... .......... 45% 10.3M 5s
113700K .......... .......... .......... .......... .......... 45% 10.3M 5s
113750K .......... .......... .......... .......... .......... 45% 1.23M 5s
113800K .......... .......... .......... .......... .......... 45% 11.7M 5s
113850K .......... .......... .......... .......... .......... 45% 10.3M 5s
113900K .......... .......... .......... .......... .......... 45% 10.2M 5s
113950K .......... .......... .......... .......... .......... 45% 12.2M 5s
114000K .......... .......... .......... .......... .......... 45% 14.2M 5s
114050K .......... .......... .......... .......... .......... 45% 13.4M 5s
114100K .......... .......... .......... .......... .......... 45% 13.2M 5s
114150K .......... .......... .......... .......... .......... 45% 17.7M 5s
114200K .......... .......... .......... .......... .......... 45% 14.9M 5s
114250K .......... .......... .......... .......... .......... 45% 17.4M 5s
114300K .......... .......... .......... .......... .......... 45% 10.7M 5s
114350K .......... .......... .......... .......... .......... 45% 17.6M 5s
114400K .......... .......... .......... .......... .......... 45% 19.2M 5s
114450K .......... .......... .......... .......... .......... 45% 17.5M 5s
114500K .......... .......... .......... .......... .......... 45% 16.8M 5s
114550K .......... .......... .......... .......... .......... 45% 20.4M 5s
114600K .......... .......... .......... .......... .......... 45% 17.2M 5s
114650K .......... .......... .......... .......... .......... 45% 17.5M 5s
114700K .......... .......... .......... .......... .......... 45% 18.0M 5s
114750K .......... .......... .......... .......... .......... 45% 18.2M 5s
114800K .......... .......... .......... .......... .......... 45% 17.4M 5s
114850K .......... .......... .......... .......... .......... 45% 26.2M 5s
114900K .......... .......... .......... .......... .......... 45% 21.8M 5s
114950K .......... .......... .......... .......... .......... 45% 19.0M 5s
115000K .......... .......... .......... .......... .......... 46% 1.29M 5s
115050K .......... .......... .......... .......... .......... 46% 22.1M 5s
115100K .......... .......... .......... .......... .......... 46% 18.9M 5s
115150K .......... .......... .......... .......... .......... 46% 25.2M 5s
115200K .......... .......... .......... .......... .......... 46% 25.6M 5s
115250K .......... .......... .......... .......... .......... 46% 26.6M 5s
115300K .......... .......... .......... .......... .......... 46% 21.5M 5s
115350K .......... .......... .......... .......... .......... 46% 28.1M 5s
115400K .......... .......... .......... .......... .......... 46% 29.2M 5s
115450K .......... .......... .......... .......... .......... 46% 23.6M 5s
115500K .......... .......... .......... .......... .......... 46% 17.5M 5s
115550K .......... .......... .......... .......... .......... 46% 22.9M 5s
115600K .......... .......... .......... .......... .......... 46% 27.9M 5s
115650K .......... .......... .......... .......... .......... 46% 25.9M 5s
115700K .......... .......... .......... .......... .......... 46% 39.0M 5s
115750K .......... .......... .......... .......... .......... 46% 17.8M 5s
115800K .......... .......... .......... .......... .......... 46% 40.0M 5s
115850K .......... .......... .......... .......... .......... 46% 25.7M 5s
115900K .......... .......... .......... .......... .......... 46% 24.2M 5s
115950K .......... .......... .......... .......... .......... 46% 25.4M 5s
116000K .......... .......... .......... .......... .......... 46% 22.7M 5s
116050K .......... .......... .......... .......... .......... 46% 47.2M 5s
116100K .......... .......... .......... .......... .......... 46% 28.7M 5s
116150K .......... .......... .......... .......... .......... 46% 42.1M 5s
116200K .......... .......... .......... .......... .......... 46% 17.6M 5s
116250K .......... .......... .......... .......... .......... 46% 21.9M 5s
116300K .......... .......... .......... .......... .......... 46% 37.5M 5s
116350K .......... .......... .......... .......... .......... 46% 42.3M 5s
116400K .......... .......... .......... .......... .......... 46% 17.2M 5s
116450K .......... .......... .......... .......... .......... 46% 28.1M 5s
116500K .......... .......... .......... .......... .......... 46% 25.7M 5s
116550K .......... .......... .......... .......... .......... 46% 75.6M 5s
116600K .......... .......... .......... .......... .......... 46% 17.6M 5s
116650K .......... .......... .......... .......... .......... 46% 28.3M 5s
116700K .......... .......... .......... .......... .......... 46% 44.8M 5s
116750K .......... .......... .......... .......... .......... 46% 23.0M 5s
116800K .......... .......... .......... .......... .......... 46% 24.2M 5s
116850K .......... .......... .......... .......... .......... 46% 27.7M 5s
116900K .......... .......... .......... .......... .......... 46% 23.6M 5s
116950K .......... .......... .......... .......... .......... 46% 48.4M 5s
117000K .......... .......... .......... .......... .......... 46% 19.5M 5s
117050K .......... .......... .......... .......... .......... 46% 71.9M 5s
117100K .......... .......... .......... .......... .......... 46% 27.9M 5s
117150K .......... .......... .......... .......... .......... 46% 17.2M 5s
117200K .......... .......... .......... .......... .......... 46% 23.5M 5s
117250K .......... .......... .......... .......... .......... 46% 51.9M 5s
117300K .......... .......... .......... .......... .......... 46% 44.6M 5s
117350K .......... .......... .......... .......... .......... 46% 17.4M 5s
117400K .......... .......... .......... .......... .......... 46% 42.7M 5s
117450K .......... .......... .......... .......... .......... 46% 2.14M 5s
117500K .......... .......... .......... .......... .......... 47% 32.7M 5s
117550K .......... .......... .......... .......... .......... 47% 30.0M 5s
117600K .......... .......... .......... .......... .......... 47% 40.2M 5s
117650K .......... .......... .......... .......... .......... 47% 15.9M 5s
117700K .......... .......... .......... .......... .......... 47% 30.6M 5s
117750K .......... .......... .......... .......... .......... 47% 41.8M 5s
117800K .......... .......... .......... .......... .......... 47% 40.0M 5s
117850K .......... .......... .......... .......... .......... 47% 26.9M 5s
117900K .......... .......... .......... .......... .......... 47% 16.6M 5s
117950K .......... .......... .......... .......... .......... 47% 26.2M 5s
118000K .......... .......... .......... .......... .......... 47% 40.2M 5s
118050K .......... .......... .......... .......... .......... 47% 42.0M 5s
118100K .......... .......... .......... .......... .......... 47% 24.9M 5s
118150K .......... .......... .......... .......... .......... 47% 24.0M 5s
118200K .......... .......... .......... .......... .......... 47% 45.4M 5s
118250K .......... .......... .......... .......... .......... 47% 27.2M 5s
118300K .......... .......... .......... .......... .......... 47% 21.1M 5s
118350K .......... .......... .......... .......... .......... 47% 27.9M 5s
118400K .......... .......... .......... .......... .......... 47% 54.9M 5s
118450K .......... .......... .......... .......... .......... 47% 24.2M 5s
118500K .......... .......... .......... .......... .......... 47% 63.2M 5s
118550K .......... .......... .......... .......... .......... 47% 20.4M 5s
118600K .......... .......... .......... .......... .......... 47% 27.5M 5s
118650K .......... .......... .......... .......... .......... 47% 77.1M 5s
118700K .......... .......... .......... .......... .......... 47% 20.5M 5s
118750K .......... .......... .......... .......... .......... 47% 21.0M 5s
118800K .......... .......... .......... .......... .......... 47% 26.3M 5s
118850K .......... .......... .......... .......... .......... 47% 40.2M 5s
118900K .......... .......... .......... .......... .......... 47% 43.7M 5s
118950K .......... .......... .......... .......... .......... 47% 45.5M 5s
119000K .......... .......... .......... .......... .......... 47% 21.2M 5s
119050K .......... .......... .......... .......... .......... 47% 20.9M 5s
119100K .......... .......... .......... .......... .......... 47% 38.4M 5s
119150K .......... .......... .......... .......... .......... 47% 35.1M 5s
119200K .......... .......... .......... .......... .......... 47% 21.7M 5s
119250K .......... .......... .......... .......... .......... 47% 26.1M 5s
119300K .......... .......... .......... .......... .......... 47% 41.8M 5s
119350K .......... .......... .......... .......... .......... 47% 29.7M 5s
119400K .......... .......... .......... .......... .......... 47% 22.4M 5s
119450K .......... .......... .......... .......... .......... 47% 48.2M 5s
119500K .......... .......... .......... .......... .......... 47% 20.5M 5s
119550K .......... .......... .......... .......... .......... 47% 22.2M 5s
119600K .......... .......... .......... .......... .......... 47% 31.2M 5s
119650K .......... .......... .......... .......... .......... 47% 28.3M 5s
119700K .......... .......... .......... .......... .......... 47% 45.0M 5s
119750K .......... .......... .......... .......... .......... 47% 25.4M 5s
119800K .......... .......... .......... .......... .......... 47% 37.8M 5s
119850K .......... .......... .......... .......... .......... 47% 17.2M 5s
119900K .......... .......... .......... .......... .......... 47% 42.1M 5s
119950K .......... .......... .......... .......... .......... 47% 36.7M 5s
120000K .......... .......... .......... .......... .......... 48% 18.2M 5s
120050K .......... .......... .......... .......... .......... 48% 76.3M 5s
120100K .......... .......... .......... .......... .......... 48% 22.2M 5s
120150K .......... .......... .......... .......... .......... 48% 27.7M 5s
120200K .......... .......... .......... .......... .......... 48% 37.1M 5s
120250K .......... .......... .......... .......... .......... 48% 22.3M 5s
120300K .......... .......... .......... .......... .......... 48% 28.3M 5s
120350K .......... .......... .......... .......... .......... 48% 27.2M 5s
120400K .......... .......... .......... .......... .......... 48% 74.7M 5s
120450K .......... .......... .......... .......... .......... 48% 19.1M 5s
120500K .......... .......... .......... .......... .......... 48% 52.0M 5s
120550K .......... .......... .......... .......... .......... 48% 26.6M 5s
120600K .......... .......... .......... .......... .......... 48% 36.5M 5s
120650K .......... .......... .......... .......... .......... 48% 49.2M 5s
120700K .......... .......... .......... .......... .......... 48% 17.2M 5s
120750K .......... .......... .......... .......... .......... 48% 37.1M 5s
120800K .......... .......... .......... .......... .......... 48% 27.9M 5s
120850K .......... .......... .......... .......... .......... 48% 43.4M 5s
120900K .......... .......... .......... .......... .......... 48% 26.3M 5s
120950K .......... .......... .......... .......... .......... 48% 45.3M 5s
121000K .......... .......... .......... .......... .......... 48% 29.2M 5s
121050K .......... .......... .......... .......... .......... 48% 34.6M 5s
121100K .......... .......... .......... .......... .......... 48% 24.8M 5s
121150K .......... .......... .......... .......... .......... 48% 26.9M 5s
121200K .......... .......... .......... .......... .......... 48% 27.0M 5s
121250K .......... .......... .......... .......... .......... 48% 23.0M 5s
121300K .......... .......... .......... .......... .......... 48% 45.1M 5s
121350K .......... .......... .......... .......... .......... 48% 46.5M 5s
121400K .......... .......... .......... .......... .......... 48% 44.0M 5s
121450K .......... .......... .......... .......... .......... 48% 27.9M 5s
121500K .......... .......... .......... .......... .......... 48% 14.1M 5s
121550K .......... .......... .......... .......... .......... 48% 35.2M 5s
121600K .......... .......... .......... .......... .......... 48% 56.5M 5s
121650K .......... .......... .......... .......... .......... 48% 28.9M 5s
121700K .......... .......... .......... .......... .......... 48% 43.7M 5s
121750K .......... .......... .......... .......... .......... 48% 17.9M 5s
121800K .......... .......... .......... .......... .......... 48% 26.1M 5s
121850K .......... .......... .......... .......... .......... 48% 43.2M 5s
121900K .......... .......... .......... .......... .......... 48% 19.7M 5s
121950K .......... .......... .......... .......... .......... 48% 20.7M 5s
122000K .......... .......... .......... .......... .......... 48% 38.4M 5s
122050K .......... .......... .......... .......... .......... 48% 32.3M 5s
122100K .......... .......... .......... .......... .......... 48% 66.4M 5s
122150K .......... .......... .......... .......... .......... 48% 30.3M 5s
122200K .......... .......... .......... .......... .......... 48% 15.2M 5s
122250K .......... .......... .......... .......... .......... 48% 34.6M 5s
122300K .......... .......... .......... .......... .......... 48% 42.3M 5s
122350K .......... .......... .......... .......... .......... 48% 31.7M 5s
122400K .......... .......... .......... .......... .......... 48% 32.5M 5s
122450K .......... .......... .......... .......... .......... 48% 14.7M 5s
122500K .......... .......... .......... .......... .......... 49% 86.9M 5s
122550K .......... .......... .......... .......... .......... 49% 35.4M 5s
122600K .......... .......... .......... .......... .......... 49% 27.5M 5s
122650K .......... .......... .......... .......... .......... 49% 12.7M 5s
122700K .......... .......... .......... .......... .......... 49% 36.5M 5s
122750K .......... .......... .......... .......... .......... 49% 42.2M 5s
122800K .......... .......... .......... .......... .......... 49% 46.5M 5s
122850K .......... .......... .......... .......... .......... 49%  931K 5s
122900K .......... .......... .......... .......... .......... 49% 35.9M 5s
122950K .......... .......... .......... .......... .......... 49% 51.0M 5s
123000K .......... .......... .......... .......... .......... 49% 31.0M 5s
123050K .......... .......... .......... .......... .......... 49% 37.6M 5s
123100K .......... .......... .......... .......... .......... 49% 15.5M 5s
123150K .......... .......... .......... .......... .......... 49% 23.3M 5s
123200K .......... .......... .......... .......... .......... 49% 82.3M 5s
123250K .......... .......... .......... .......... .......... 49% 35.0M 5s
123300K .......... .......... .......... .......... .......... 49% 48.6M 5s
123350K .......... .......... .......... .......... .......... 49% 18.2M 5s
123400K .......... .......... .......... .......... .......... 49% 59.8M 5s
123450K .......... .......... .......... .......... .......... 49% 26.0M 5s
123500K .......... .......... .......... .......... .......... 49% 40.7M 5s
123550K .......... .......... .......... .......... .......... 49% 43.0M 5s
123600K .......... .......... .......... .......... .......... 49% 16.7M 5s
123650K .......... .......... .......... .......... .......... 49% 88.4M 5s
123700K .......... .......... .......... .......... .......... 49% 28.0M 5s
123750K .......... .......... .......... .......... .......... 49% 53.7M 5s
123800K .......... .......... .......... .......... .......... 49% 13.1M 5s
123850K .......... .......... .......... .......... .......... 49% 51.3M 5s
123900K .......... .......... .......... .......... .......... 49% 46.6M 5s
123950K .......... .......... .......... .......... .......... 49% 29.4M 5s
124000K .......... .......... .......... .......... .......... 49% 46.3M 5s
124050K .......... .......... .......... .......... .......... 49% 15.2M 5s
124100K .......... .......... .......... .......... .......... 49% 49.3M 5s
124150K .......... .......... .......... .......... .......... 49% 44.2M 5s
124200K .......... .......... .......... .......... .......... 49% 40.5M 4s
124250K .......... .......... .......... .......... .......... 49% 44.1M 4s
124300K .......... .......... .......... .......... .......... 49% 20.0M 4s
124350K .......... .......... .......... .......... .......... 49% 22.3M 4s
124400K .......... .......... .......... .......... .......... 49% 50.7M 4s
124450K .......... .......... .......... .......... .......... 49% 36.2M 4s
124500K .......... .......... .......... .......... .......... 49% 47.2M 4s
124550K .......... .......... .......... .......... .......... 49% 16.1M 4s
124600K .......... .......... .......... .......... .......... 49% 28.1M 4s
124650K .......... .......... .......... .......... .......... 49% 77.5M 4s
124700K .......... .......... .......... .......... .......... 49% 34.3M 4s
124750K .......... .......... .......... .......... .......... 49% 28.8M 4s
124800K .......... .......... .......... .......... .......... 49% 16.6M 4s
124850K .......... .......... .......... .......... .......... 49% 41.7M 4s
124900K .......... .......... .......... .......... .......... 49% 91.1M 4s
124950K .......... .......... .......... .......... .......... 49% 30.0M 4s
125000K .......... .......... .......... .......... .......... 50% 57.4M 4s
125050K .......... .......... .......... .......... .......... 50% 16.6M 4s
125100K .......... .......... .......... .......... .......... 50% 24.9M 4s
125150K .......... .......... .......... .......... .......... 50% 69.0M 4s
125200K .......... .......... .......... .......... .......... 50% 23.9M 4s
125250K .......... .......... .......... .......... .......... 50% 41.2M 4s
125300K .......... .......... .......... .......... .......... 50% 19.4M 4s
125350K .......... .......... .......... .......... .......... 50% 33.0M 4s
125400K .......... .......... .......... .......... .......... 50% 93.3M 4s
125450K .......... .......... .......... .......... .......... 50% 49.9M 4s
125500K .......... .......... .......... .......... .......... 50% 27.0M 4s
125550K .......... .......... .......... .......... .......... 50% 14.4M 4s
125600K .......... .......... .......... .......... .......... 50% 39.6M 4s
125650K .......... .......... .......... .......... .......... 50% 36.2M 4s
125700K .......... .......... .......... .......... .......... 50% 40.7M 4s
125750K .......... .......... .......... .......... .......... 50% 32.7M 4s
125800K .......... .......... .......... .......... .......... 50% 22.8M 4s
125850K .......... .......... .......... .......... .......... 50% 36.7M 4s
125900K .......... .......... .......... .......... .......... 50% 31.7M 4s
125950K .......... .......... .......... .......... .......... 50% 32.3M 4s
126000K .......... .......... .......... .......... .......... 50% 31.1M 4s
126050K .......... .......... .......... .......... .......... 50% 22.6M 4s
126100K .......... .......... .......... .......... .......... 50% 49.5M 4s
126150K .......... .......... .......... .......... .......... 50% 46.1M 4s
126200K .......... .......... .......... .......... .......... 50% 23.8M 4s
126250K .......... .......... .......... .......... .......... 50% 45.8M 4s
126300K .......... .......... .......... .......... .......... 50% 64.8M 4s
126350K .......... .......... .......... .......... .......... 50% 16.8M 4s
126400K .......... .......... .......... .......... .......... 50% 44.6M 4s
126450K .......... .......... .......... .......... .......... 50% 24.2M 4s
126500K .......... .......... .......... .......... .......... 50% 47.8M 4s
126550K .......... .......... .......... .......... .......... 50% 19.4M 4s
126600K .......... .......... .......... .......... .......... 50% 88.5M 4s
126650K .......... .......... .......... .......... .......... 50% 58.7M 4s
126700K .......... .......... .......... .......... .......... 50% 20.5M 4s
126750K .......... .......... .......... .......... .......... 50% 48.3M 4s
126800K .......... .......... .......... .......... .......... 50% 17.9M 4s
126850K .......... .......... .......... .......... .......... 50% 59.9M 4s
126900K .......... .......... .......... .......... .......... 50% 45.5M 4s
126950K .......... .......... .......... .......... .......... 50% 22.1M 4s
127000K .......... .......... .......... .......... .......... 50% 35.9M 4s
127050K .......... .......... .......... .......... .......... 50% 30.6M 4s
127100K .......... .......... .......... .......... .......... 50% 66.0M 4s
127150K .......... .......... .......... .......... .......... 50% 30.2M 4s
127200K .......... .......... .......... .......... .......... 50% 18.4M 4s
127250K .......... .......... .......... .......... .......... 50% 48.6M 4s
127300K .......... .......... .......... .......... .......... 50% 25.6M 4s
127350K .......... .......... .......... .......... .......... 50% 44.0M 4s
127400K .......... .......... .......... .......... .......... 50% 59.8M 4s
127450K .......... .......... .......... .......... .......... 50% 16.0M 4s
127500K .......... .......... .......... .......... .......... 51% 45.1M 4s
127550K .......... .......... .......... .......... .......... 51% 40.0M 4s
127600K .......... .......... .......... .......... .......... 51% 28.8M 4s
127650K .......... .......... .......... .......... .......... 51% 48.1M 4s
127700K .......... .......... .......... .......... .......... 51% 16.0M 4s
127750K .......... .......... .......... .......... .......... 51% 40.6M 4s
127800K .......... .......... .......... .......... .......... 51% 90.5M 4s
127850K .......... .......... .......... .......... .......... 51% 23.3M 4s
127900K .......... .......... .......... .......... .......... 51% 90.4M 4s
127950K .......... .......... .......... .......... .......... 51% 18.2M 4s
128000K .......... .......... .......... .......... .......... 51% 20.9M 4s
128050K .......... .......... .......... .......... .......... 51% 49.1M 4s
128100K .......... .......... .......... .......... .......... 51% 43.8M 4s
128150K .......... .......... .......... .......... .......... 51% 25.3M 4s
128200K .......... .......... .......... .......... .......... 51% 19.0M 4s
128250K .......... .......... .......... .......... .......... 51% 20.7M 4s
128300K .......... .......... .......... .......... .......... 51% 50.3M 4s
128350K .......... .......... .......... .......... .......... 51% 40.1M 4s
128400K .......... .......... .......... .......... .......... 51% 92.8M 4s
128450K .......... .......... .......... .......... .......... 51% 18.0M 4s
128500K .......... .......... .......... .......... .......... 51% 22.9M 4s
128550K .......... .......... .......... .......... .......... 51% 41.8M 4s
128600K .......... .......... .......... .......... .......... 51% 49.3M 4s
128650K .......... .......... .......... .......... .......... 51% 30.9M 4s
128700K .......... .......... .......... .......... .......... 51% 30.6M 4s
128750K .......... .......... .......... .......... .......... 51% 19.3M 4s
128800K .......... .......... .......... .......... .......... 51% 44.5M 4s
128850K .......... .......... .......... .......... .......... 51% 76.5M 4s
128900K .......... .......... .......... .......... .......... 51% 19.9M 4s
128950K .......... .......... .......... .......... .......... 51% 59.8M 4s
129000K .......... .......... .......... .......... .......... 51% 21.4M 4s
129050K .......... .......... .......... .......... .......... 51% 57.5M 4s
129100K .......... .......... .......... .......... .......... 51% 32.4M 4s
129150K .......... .......... .......... .......... .......... 51% 42.8M 4s
129200K .......... .......... .......... .......... .......... 51% 32.8M 4s
129250K .......... .......... .......... .......... .......... 51% 22.3M 4s
129300K .......... .......... .......... .......... .......... 51% 26.0M 4s
129350K .......... .......... .......... .......... .......... 51% 80.5M 4s
129400K .......... .......... .......... .......... .......... 51% 56.2M 4s
129450K .......... .......... .......... .......... .......... 51% 25.3M 4s
129500K .......... .......... .......... .......... .......... 51% 53.8M 4s
129550K .......... .......... .......... .......... .......... 51% 14.4M 4s
129600K .......... .......... .......... .......... .......... 51% 38.9M 4s
129650K .......... .......... .......... .......... .......... 51% 70.6M 4s
129700K .......... .......... .......... .......... .......... 51% 48.5M 4s
129750K .......... .......... .......... .......... .......... 51% 29.3M 4s
129800K .......... .......... .......... .......... .......... 51% 28.0M 4s
129850K .......... .......... .......... .......... .......... 51% 24.0M 4s
129900K .......... .......... .......... .......... .......... 51% 83.0M 4s
129950K .......... .......... .......... .......... .......... 51% 25.4M 4s
130000K .......... .......... .......... .......... .......... 52% 28.3M 4s
130050K .......... .......... .......... .......... .......... 52% 31.8M 4s
130100K .......... .......... .......... .......... .......... 52% 20.0M 4s
130150K .......... .......... .......... .......... .......... 52% 69.9M 4s
130200K .......... .......... .......... .......... .......... 52% 20.5M 4s
130250K .......... .......... .......... .......... .......... 52% 53.0M 4s
130300K .......... .......... .......... .......... .......... 52% 93.2M 4s
130350K .......... .......... .......... .......... .......... 52% 31.5M 4s
130400K .......... .......... .......... .......... .......... 52% 25.1M 4s
130450K .......... .......... .......... .......... .......... 52% 22.6M 4s
130500K .......... .......... .......... .......... .......... 52% 26.6M 4s
130550K .......... .......... .......... .......... .......... 52% 40.1M 4s
130600K .......... .......... .......... .......... .......... 52% 29.7M 4s
130650K .......... .......... .......... .......... .......... 52% 35.4M 4s
130700K .......... .......... .......... .......... .......... 52% 19.6M 4s
130750K .......... .......... .......... .......... .......... 52% 14.7M 4s
130800K .......... .......... .......... .......... .......... 52% 33.8M 4s
130850K .......... .......... .......... .......... .......... 52% 46.1M 4s
130900K .......... .......... .......... .......... .......... 52% 21.3M 4s
130950K .......... .......... .......... .......... .......... 52% 80.2M 4s
131000K .......... .......... .......... .......... .......... 52% 17.4M 4s
131050K .......... .......... .......... .......... .......... 52% 41.5M 4s
131100K .......... .......... .......... .......... .......... 52% 95.5M 4s
131150K .......... .......... .......... .......... .......... 52% 18.7M 4s
131200K .......... .......... .......... .......... .......... 52% 78.7M 4s
131250K .......... .......... .......... .......... .......... 52% 19.1M 4s
131300K .......... .......... .......... .......... .......... 52% 34.5M 4s
131350K .......... .......... .......... .......... .......... 52% 42.7M 4s
131400K .......... .......... .......... .......... .......... 52% 48.8M 4s
131450K .......... .......... .......... .......... .......... 52% 29.9M 4s
131500K .......... .......... .......... .......... .......... 52% 26.3M 4s
131550K .......... .......... .......... .......... .......... 52% 24.8M 4s
131600K .......... .......... .......... .......... .......... 52% 26.4M 4s
131650K .......... .......... .......... .......... .......... 52% 88.5M 4s
131700K .......... .......... .......... .......... .......... 52% 29.9M 4s
131750K .......... .......... .......... .......... .......... 52% 36.4M 4s
131800K .......... .......... .......... .......... .......... 52% 27.6M 4s
131850K .......... .......... .......... .......... .......... 52% 92.7M 4s
131900K .......... .......... .......... .......... .......... 52% 28.9M 4s
131950K .......... .......... .......... .......... .......... 52% 27.4M 4s
132000K .......... .......... .......... .......... .......... 52% 25.4M 4s
132050K .......... .......... .......... .......... .......... 52% 23.2M 4s
132100K .......... .......... .......... .......... .......... 52% 44.9M 4s
132150K .......... .......... .......... .......... .......... 52% 62.4M 4s
132200K .......... .......... .......... .......... .......... 52% 41.4M 4s
132250K .......... .......... .......... .......... .......... 52% 62.2M 4s
132300K .......... .......... .......... .......... .......... 52% 15.4M 4s
132350K .......... .......... .......... .......... .......... 52% 27.9M 4s
132400K .......... .......... .......... .......... .......... 52% 94.0M 4s
132450K .......... .......... .......... .......... .......... 52% 32.8M 4s
132500K .......... .......... .......... .......... .......... 53% 69.0M 4s
132550K .......... .......... .......... .......... .......... 53% 15.0M 4s
132600K .......... .......... .......... .......... .......... 53% 19.5M 4s
132650K .......... .......... .......... .......... .......... 53% 64.4M 4s
132700K .......... .......... .......... .......... .......... 53% 38.0M 4s
132750K .......... .......... .......... .......... .......... 53% 53.3M 4s
132800K .......... .......... .......... .......... .......... 53% 32.2M 4s
132850K .......... .......... .......... .......... .......... 53% 45.0M 4s
132900K .......... .......... .......... .......... .......... 53% 21.8M 4s
132950K .......... .......... .......... .......... .......... 53% 51.1M 4s
133000K .......... .......... .......... .......... .......... 53% 28.0M 4s
133050K .......... .......... .......... .......... .......... 53% 34.2M 4s
133100K .......... .......... .......... .......... .......... 53% 43.6M 4s
133150K .......... .......... .......... .......... .......... 53% 18.8M 4s
133200K .......... .......... .......... .......... .......... 53% 20.8M 4s
133250K .......... .......... .......... .......... .......... 53% 18.2M 4s
133300K .......... .......... .......... .......... .......... 53% 89.7M 4s
133350K .......... .......... .......... .......... .......... 53% 47.1M 4s
133400K .......... .......... .......... .......... .......... 53% 32.5M 4s
133450K .......... .......... .......... .......... .......... 53% 19.3M 4s
133500K .......... .......... .......... .......... .......... 53% 24.4M 4s
133550K .......... .......... .......... .......... .......... 53% 57.1M 4s
133600K .......... .......... .......... .......... .......... 53% 44.1M 4s
133650K .......... .......... .......... .......... .......... 53% 41.6M 4s
133700K .......... .......... .......... .......... .......... 53% 25.7M 4s
133750K .......... .......... .......... .......... .......... 53% 21.9M 4s
133800K .......... .......... .......... .......... .......... 53% 47.6M 4s
133850K .......... .......... .......... .......... .......... 53% 44.8M 4s
133900K .......... .......... .......... .......... .......... 53% 32.1M 4s
133950K .......... .......... .......... .......... .......... 53% 33.9M 4s
134000K .......... .......... .......... .......... .......... 53% 17.5M 4s
134050K .......... .......... .......... .......... .......... 53% 87.3M 4s
134100K .......... .......... .......... .......... .......... 53% 33.7M 4s
134150K .......... .......... .......... .......... .......... 53% 24.7M 4s
134200K .......... .......... .......... .......... .......... 53% 85.2M 4s
134250K .......... .......... .......... .......... .......... 53% 24.2M 4s
134300K .......... .......... .......... .......... .......... 53% 34.7M 4s
134350K .......... .......... .......... .......... .......... 53% 66.8M 4s
134400K .......... .......... .......... .......... .......... 53% 15.0M 4s
134450K .......... .......... .......... .......... .......... 53% 85.1M 4s
134500K .......... .......... .......... .......... .......... 53% 29.0M 4s
134550K .......... .......... .......... .......... .......... 53% 52.5M 4s
134600K .......... .......... .......... .......... .......... 53% 54.2M 4s
134650K .......... .......... .......... .......... .......... 53% 44.7M 4s
134700K .......... .......... .......... .......... .......... 53% 16.7M 4s
134750K .......... .......... .......... .......... .......... 53% 33.1M 4s
134800K .......... .......... .......... .......... .......... 53% 77.1M 4s
134850K .......... .......... .......... .......... .......... 53% 40.1M 4s
134900K .......... .......... .......... .......... .......... 53% 48.7M 4s
134950K .......... .......... .......... .......... .......... 53% 25.4M 4s
135000K .......... .......... .......... .......... .......... 54% 17.1M 4s
135050K .......... .......... .......... .......... .......... 54% 57.2M 4s
135100K .......... .......... .......... .......... .......... 54% 67.6M 4s
135150K .......... .......... .......... .......... .......... 54% 32.8M 4s
135200K .......... .......... .......... .......... .......... 54% 33.2M 4s
135250K .......... .......... .......... .......... .......... 54% 26.1M 4s
135300K .......... .......... .......... .......... .......... 54% 21.7M 4s
135350K .......... .......... .......... .......... .......... 54% 52.9M 4s
135400K .......... .......... .......... .......... .......... 54% 82.1M 4s
135450K .......... .......... .......... .......... .......... 54% 26.7M 4s
135500K .......... .......... .......... .......... .......... 54% 25.7M 4s
135550K .......... .......... .......... .......... .......... 54% 24.2M 4s
135600K .......... .......... .......... .......... .......... 54% 52.9M 4s
135650K .......... .......... .......... .......... .......... 54% 54.4M 4s
135700K .......... .......... .......... .......... .......... 54% 53.8M 4s
135750K .......... .......... .......... .......... .......... 54% 43.1M 4s
135800K .......... .......... .......... .......... .......... 54% 14.5M 4s
135850K .......... .......... .......... .......... .......... 54% 80.9M 4s
135900K .......... .......... .......... .......... .......... 54% 51.9M 4s
135950K .......... .......... .......... .......... .......... 54% 28.5M 4s
136000K .......... .......... .......... .......... .......... 54% 56.1M 4s
136050K .......... .......... .......... .......... .......... 54% 23.7M 4s
136100K .......... .......... .......... .......... .......... 54% 36.8M 4s
136150K .......... .......... .......... .......... .......... 54% 31.6M 4s
136200K .......... .......... .......... .......... .......... 54% 48.0M 4s
136250K .......... .......... .......... .......... .......... 54% 43.6M 4s
136300K .......... .......... .......... .......... .......... 54% 23.2M 4s
136350K .......... .......... .......... .......... .......... 54% 25.3M 4s
136400K .......... .......... .......... .......... .......... 54% 29.2M 4s
136450K .......... .......... .......... .......... .......... 54% 84.2M 4s
136500K .......... .......... .......... .......... .......... 54% 28.9M 4s
136550K .......... .......... .......... .......... .......... 54% 27.9M 4s
136600K .......... .......... .......... .......... .......... 54% 23.5M 4s
136650K .......... .......... .......... .......... .......... 54% 87.7M 4s
136700K .......... .......... .......... .......... .......... 54% 57.5M 4s
136750K .......... .......... .......... .......... .......... 54% 23.3M 4s
136800K .......... .......... .......... .......... .......... 54% 32.1M 4s
136850K .......... .......... .......... .......... .......... 54% 31.0M 4s
136900K .......... .......... .......... .......... .......... 54% 38.3M 4s
136950K .......... .......... .......... .......... .......... 54% 81.6M 4s
137000K .......... .......... .......... .......... .......... 54% 20.1M 4s
137050K .......... .......... .......... .......... .......... 54% 74.0M 4s
137100K .......... .......... .......... .......... .......... 54% 21.1M 4s
137150K .......... .......... .......... .......... .......... 54% 60.9M 4s
137200K .......... .......... .......... .......... .......... 54% 31.3M 4s
137250K .......... .......... .......... .......... .......... 54% 23.1M 4s
137300K .......... .......... .......... .......... .......... 54% 66.9M 4s
137350K .......... .......... .......... .......... .......... 54% 22.6M 4s
137400K .......... .......... .......... .......... .......... 54% 60.9M 4s
137450K .......... .......... .......... .......... .......... 54% 77.6M 4s
137500K .......... .......... .......... .......... .......... 55% 31.4M 4s
137550K .......... .......... .......... .......... .......... 55% 17.6M 4s
137600K .......... .......... .......... .......... .......... 55% 25.0M 4s
137650K .......... .......... .......... .......... .......... 55% 80.1M 4s
137700K .......... .......... .......... .......... .......... 55% 49.6M 4s
137750K .......... .......... .......... .......... .......... 55% 28.1M 4s
137800K .......... .......... .......... .......... .......... 55% 54.2M 4s
137850K .......... .......... .......... .......... .......... 55% 24.7M 4s
137900K .......... .......... .......... .......... .......... 55% 51.1M 4s
137950K .......... .......... .......... .......... .......... 55% 40.5M 4s
138000K .......... .......... .......... .......... .......... 55% 17.9M 4s
138050K .......... .......... .......... .......... .......... 55% 51.5M 4s
138100K .......... .......... .......... .......... .......... 55% 17.6M 4s
138150K .......... .......... .......... .......... .......... 55% 84.0M 4s
138200K .......... .......... .......... .......... .......... 55% 84.6M 4s
138250K .......... .......... .......... .......... .......... 55% 23.1M 4s
138300K .......... .......... .......... .......... .......... 55% 38.2M 4s
138350K .......... .......... .......... .......... .......... 55% 67.1M 4s
138400K .......... .......... .......... .......... .......... 55% 21.5M 4s
138450K .......... .......... .......... .......... .......... 55% 51.3M 4s
138500K .......... .......... .......... .......... .......... 55% 23.2M 4s
138550K .......... .......... .......... .......... .......... 55% 41.5M 4s
138600K .......... .......... .......... .......... .......... 55% 39.2M 4s
138650K .......... .......... .......... .......... .......... 55% 52.5M 4s
138700K .......... .......... .......... .......... .......... 55% 32.8M 4s
138750K .......... .......... .......... .......... .......... 55% 37.8M 4s
138800K .......... .......... .......... .......... .......... 55% 30.1M 4s
138850K .......... .......... .......... .......... .......... 55% 46.1M 4s
138900K .......... .......... .......... .......... .......... 55% 43.8M 4s
138950K .......... .......... .......... .......... .......... 55% 24.8M 4s
139000K .......... .......... .......... .......... .......... 55% 31.7M 4s
139050K .......... .......... .......... .......... .......... 55% 85.5M 4s
139100K .......... .......... .......... .......... .......... 55% 38.5M 4s
139150K .......... .......... .......... .......... .......... 55% 14.8M 4s
139200K .......... .......... .......... .......... .......... 55% 84.7M 4s
139250K .......... .......... .......... .......... .......... 55% 28.1M 4s
139300K .......... .......... .......... .......... .......... 55% 59.6M 4s
139350K .......... .......... .......... .......... .......... 55% 49.8M 4s
139400K .......... .......... .......... .......... .......... 55% 49.0M 4s
139450K .......... .......... .......... .......... .......... 55% 21.6M 4s
139500K .......... .......... .......... .......... .......... 55% 52.5M 4s
139550K .......... .......... .......... .......... .......... 55% 18.6M 4s
139600K .......... .......... .......... .......... .......... 55% 50.3M 4s
139650K .......... .......... .......... .......... .......... 55% 83.1M 4s
139700K .......... .......... .......... .......... .......... 55% 49.2M 4s
139750K .......... .......... .......... .......... .......... 55% 18.5M 4s
139800K .......... .......... .......... .......... .......... 55% 46.4M 4s
139850K .......... .......... .......... .......... .......... 55% 94.5M 4s
139900K .......... .......... .......... .......... .......... 55% 28.1M 4s
139950K .......... .......... .......... .......... .......... 55% 42.1M 4s
140000K .......... .......... .......... .......... .......... 56% 55.4M 4s
140050K .......... .......... .......... .......... .......... 56% 16.5M 4s
140100K .......... .......... .......... .......... .......... 56% 70.7M 4s
140150K .......... .......... .......... .......... .......... 56% 37.1M 4s
140200K .......... .......... .......... .......... .......... 56% 40.1M 4s
140250K .......... .......... .......... .......... .......... 56% 33.3M 4s
140300K .......... .......... .......... .......... .......... 56% 26.3M 4s
140350K .......... .......... .......... .......... .......... 56% 39.1M 4s
140400K .......... .......... .......... .......... .......... 56% 93.4M 4s
140450K .......... .......... .......... .......... .......... 56% 22.1M 4s
140500K .......... .......... .......... .......... .......... 56% 87.2M 4s
140550K .......... .......... .......... .......... .......... 56% 32.3M 4s
140600K .......... .......... .......... .......... .......... 56% 15.9M 4s
140650K .......... .......... .......... .......... .......... 56% 90.5M 4s
140700K .......... .......... .......... .......... .......... 56% 62.2M 4s
140750K .......... .......... .......... .......... .......... 56% 24.8M 4s
140800K .......... .......... .......... .......... .......... 56% 45.9M 4s
140850K .......... .......... .......... .......... .......... 56% 56.4M 4s
140900K .......... .......... .......... .......... .......... 56% 18.7M 4s
140950K .......... .......... .......... .......... .......... 56% 78.7M 4s
141000K .......... .......... .......... .......... .......... 56% 58.4M 4s
141050K .......... .......... .......... .......... .......... 56% 44.8M 4s
141100K .......... .......... .......... .......... .......... 56% 19.2M 4s
141150K .......... .......... .......... .......... .......... 56% 67.1M 4s
141200K .......... .......... .......... .......... .......... 56% 20.9M 4s
141250K .......... .......... .......... .......... .......... 56% 49.0M 4s
141300K .......... .......... .......... .......... .......... 56% 48.2M 4s
141350K .......... .......... .......... .......... .......... 56% 45.4M 4s
141400K .......... .......... .......... .......... .......... 56% 47.4M 4s
141450K .......... .......... .......... .......... .......... 56% 43.4M 4s
141500K .......... .......... .......... .......... .......... 56% 26.3M 4s
141550K .......... .......... .......... .......... .......... 56% 22.9M 4s
141600K .......... .......... .......... .......... .......... 56% 46.5M 4s
141650K .......... .......... .......... .......... .......... 56% 54.4M 4s
141700K .......... .......... .......... .......... .......... 56% 47.3M 4s
141750K .......... .......... .......... .......... .......... 56% 47.4M 4s
141800K .......... .......... .......... .......... .......... 56% 22.0M 4s
141850K .......... .......... .......... .......... .......... 56% 28.5M 4s
141900K .......... .......... .......... .......... .......... 56% 88.7M 4s
141950K .......... .......... .......... .......... .......... 56% 56.9M 4s
142000K .......... .......... .......... .......... .......... 56% 21.4M 4s
142050K .......... .......... .......... .......... .......... 56% 23.8M 4s
142100K .......... .......... .......... .......... .......... 56% 24.8M 4s
142150K .......... .......... .......... .......... .......... 56% 85.4M 4s
142200K .......... .......... .......... .......... .......... 56% 55.9M 4s
142250K .......... .......... .......... .......... .......... 56% 68.8M 4s
142300K .......... .......... .......... .......... .......... 56% 38.1M 4s
142350K .......... .......... .......... .......... .......... 56% 21.8M 4s
142400K .......... .......... .......... .......... .......... 56% 21.2M 4s
142450K .......... .......... .......... .......... .......... 56% 85.0M 4s
142500K .......... .......... .......... .......... .......... 57% 55.6M 4s
142550K .......... .......... .......... .......... .......... 57% 54.8M 4s
142600K .......... .......... .......... .......... .......... 57% 54.4M 4s
142650K .......... .......... .......... .......... .......... 57% 23.3M 4s
142700K .......... .......... .......... .......... .......... 57% 23.3M 4s
142750K .......... .......... .......... .......... .......... 57% 51.7M 4s
142800K .......... .......... .......... .......... .......... 57% 28.8M 4s
142850K .......... .......... .......... .......... .......... 57% 45.2M 4s
142900K .......... .......... .......... .......... .......... 57% 25.8M 4s
142950K .......... .......... .......... .......... .......... 57% 81.2M 4s
143000K .......... .......... .......... .......... .......... 57% 28.1M 4s
143050K .......... .......... .......... .......... .......... 57% 54.6M 4s
143100K .......... .......... .......... .......... .......... 57% 63.7M 4s
143150K .......... .......... .......... .......... .......... 57% 23.5M 4s
143200K .......... .......... .......... .......... .......... 57% 44.3M 4s
143250K .......... .......... .......... .......... .......... 57% 37.9M 4s
143300K .......... .......... .......... .......... .......... 57% 23.7M 4s
143350K .......... .......... .......... .......... .......... 57%  147K 4s
143400K .......... .......... .......... .......... .......... 57%  514K 4s
143450K .......... .......... .......... .......... .......... 57% 2.07M 4s
143500K .......... .......... .......... .......... .......... 57% 2.01M 4s
143550K .......... .......... .......... .......... .......... 57%  725K 4s
143600K .......... .......... .......... .......... .......... 57% 3.47M 4s
143650K .......... .......... .......... .......... .......... 57% 4.02M 4s
143700K .......... .......... .......... .......... .......... 57% 4.64M 4s
143750K .......... .......... .......... .......... .......... 57% 4.66M 4s
143800K .......... .......... .......... .......... .......... 57% 5.66M 4s
143850K .......... .......... .......... .......... .......... 57% 1000K 4s
143900K .......... .......... .......... .......... .......... 57% 4.50M 4s
143950K .......... .......... .......... .......... .......... 57% 6.21M 4s
144000K .......... .......... .......... .......... .......... 57% 7.00M 4s
144050K .......... .......... .......... .......... .......... 57% 7.35M 4s
144100K .......... .......... .......... .......... .......... 57% 7.56M 4s
144150K .......... .......... .......... .......... .......... 57% 7.84M 4s
144200K .......... .......... .......... .......... .......... 57% 9.58M 4s
144250K .......... .......... .......... .......... .......... 57% 8.65M 4s
144300K .......... .......... .......... .......... .......... 57% 7.89M 4s
144350K .......... .......... .......... .......... .......... 57% 10.9M 4s
144400K .......... .......... .......... .......... .......... 57% 10.5M 4s
144450K .......... .......... .......... .......... .......... 57% 10.6M 4s
144500K .......... .......... .......... .......... .......... 57% 1.20M 4s
144550K .......... .......... .......... .......... .......... 57% 11.3M 4s
144600K .......... .......... .......... .......... .......... 57% 12.8M 4s
144650K .......... .......... .......... .......... .......... 57% 13.7M 4s
144700K .......... .......... .......... .......... .......... 57% 8.19M 4s
144750K .......... .......... .......... .......... .......... 57% 14.2M 4s
144800K .......... .......... .......... .......... .......... 57% 15.3M 4s
144850K .......... .......... .......... .......... .......... 57% 14.3M 4s
144900K .......... .......... .......... .......... .......... 57% 17.4M 4s
144950K .......... .......... .......... .......... .......... 57% 15.3M 4s
145000K .......... .......... .......... .......... .......... 58% 13.4M 4s
145050K .......... .......... .......... .......... .......... 58% 16.2M 4s
145100K .......... .......... .......... .......... .......... 58% 14.3M 4s
145150K .......... .......... .......... .......... .......... 58% 17.8M 4s
145200K .......... .......... .......... .......... .......... 58% 17.5M 4s
145250K .......... .......... .......... .......... .......... 58% 17.1M 4s
145300K .......... .......... .......... .......... .......... 58% 20.6M 4s
145350K .......... .......... .......... .......... .......... 58% 17.2M 4s
145400K .......... .......... .......... .......... .......... 58% 18.2M 4s
145450K .......... .......... .......... .......... .......... 58% 19.4M 4s
145500K .......... .......... .......... .......... .......... 58% 17.9M 4s
145550K .......... .......... .......... .......... .......... 58% 16.8M 4s
145600K .......... .......... .......... .......... .......... 58% 25.9M 4s
145650K .......... .......... .......... .......... .......... 58% 22.9M 4s
145700K .......... .......... .......... .......... .......... 58% 10.6M 4s
145750K .......... .......... .......... .......... .......... 58% 1.33M 4s
145800K .......... .......... .......... .......... .......... 58% 35.5M 4s
145850K .......... .......... .......... .......... .......... 58% 23.3M 4s
145900K .......... .......... .......... .......... .......... 58% 20.2M 4s
145950K .......... .......... .......... .......... .......... 58% 24.9M 4s
146000K .......... .......... .......... .......... .......... 58% 20.9M 4s
146050K .......... .......... .......... .......... .......... 58% 19.9M 4s
146100K .......... .......... .......... .......... .......... 58% 30.9M 4s
146150K .......... .......... .......... .......... .......... 58% 19.0M 4s
146200K .......... .......... .......... .......... .......... 58% 33.6M 4s
146250K .......... .......... .......... .......... .......... 58% 26.2M 4s
146300K .......... .......... .......... .......... .......... 58% 26.1M 4s
146350K .......... .......... .......... .......... .......... 58% 25.1M 4s
146400K .......... .......... .......... .......... .......... 58% 23.9M 4s
146450K .......... .......... .......... .......... .......... 58% 28.5M 4s
146500K .......... .......... .......... .......... .......... 58% 29.8M 4s
146550K .......... .......... .......... .......... .......... 58% 45.5M 4s
146600K .......... .......... .......... .......... .......... 58% 26.6M 4s
146650K .......... .......... .......... .......... .......... 58% 30.7M 4s
146700K .......... .......... .......... .......... .......... 58% 25.6M 4s
146750K .......... .......... .......... .......... .......... 58% 28.8M 4s
146800K .......... .......... .......... .......... .......... 58% 30.3M 4s
146850K .......... .......... .......... .......... .......... 58% 30.4M 4s
146900K .......... .......... .......... .......... .......... 58% 38.6M 4s
146950K .......... .......... .......... .......... .......... 58% 26.7M 4s
147000K .......... .......... .......... .......... .......... 58% 41.7M 4s
147050K .......... .......... .......... .......... .......... 58% 29.9M 4s
147100K .......... .......... .......... .......... .......... 58% 26.2M 4s
147150K .......... .......... .......... .......... .......... 58% 44.1M 4s
147200K .......... .......... .......... .......... .......... 58% 29.5M 4s
147250K .......... .......... .......... .......... .......... 58% 44.7M 4s
147300K .......... .......... .......... .......... .......... 58% 27.0M 4s
147350K .......... .......... .......... .......... .......... 58% 42.8M 4s
147400K .......... .......... .......... .......... .......... 58% 26.4M 4s
147450K .......... .......... .......... .......... .......... 58% 41.1M 4s
147500K .......... .......... .......... .......... .......... 59% 25.2M 4s
147550K .......... .......... .......... .......... .......... 59% 47.4M 4s
147600K .......... .......... .......... .......... .......... 59% 28.0M 4s
147650K .......... .......... .......... .......... .......... 59% 88.5M 4s
147700K .......... .......... .......... .......... .......... 59% 42.4M 4s
147750K .......... .......... .......... .......... .......... 59% 26.1M 4s
147800K .......... .......... .......... .......... .......... 59% 50.4M 4s
147850K .......... .......... .......... .......... .......... 59% 46.2M 4s
147900K .......... .......... .......... .......... .......... 59% 28.2M 4s
147950K .......... .......... .......... .......... .......... 59% 42.3M 4s
148000K .......... .......... .......... .......... .......... 59% 47.0M 4s
148050K .......... .......... .......... .......... .......... 59% 16.8M 4s
148100K .......... .......... .......... .......... .......... 59% 91.6M 4s
148150K .......... .......... .......... .......... .......... 59% 37.3M 4s
148200K .......... .......... .......... .......... .......... 59% 48.4M 4s
148250K .......... .......... .......... .......... .......... 59% 1.44M 4s
148300K .......... .......... .......... .......... .......... 59% 20.6M 4s
148350K .......... .......... .......... .......... .......... 59% 50.1M 4s
148400K .......... .......... .......... .......... .......... 59% 48.1M 4s
148450K .......... .......... .......... .......... .......... 59% 48.4M 4s
148500K .......... .......... .......... .......... .......... 59% 27.2M 4s
148550K .......... .......... .......... .......... .......... 59% 58.3M 4s
148600K .......... .......... .......... .......... .......... 59% 24.2M 4s
148650K .......... .......... .......... .......... .......... 59% 34.0M 4s
148700K .......... .......... .......... .......... .......... 59% 71.4M 4s
148750K .......... .......... .......... .......... .......... 59% 47.0M 4s
148800K .......... .......... .......... .......... .......... 59% 25.2M 4s
148850K .......... .......... .......... .......... .......... 59% 26.0M 4s
148900K .......... .......... .......... .......... .......... 59% 94.1M 4s
148950K .......... .......... .......... .......... .......... 59% 53.1M 4s
149000K .......... .......... .......... .......... .......... 59% 55.0M 4s
149050K .......... .......... .......... .......... .......... 59% 23.9M 4s
149100K .......... .......... .......... .......... .......... 59% 34.5M 4s
149150K .......... .......... .......... .......... .......... 59% 33.3M 4s
149200K .......... .......... .......... .......... .......... 59% 30.4M 4s
149250K .......... .......... .......... .......... .......... 59% 94.4M 4s
149300K .......... .......... .......... .......... .......... 59% 61.6M 4s
149350K .......... .......... .......... .......... .......... 59% 26.1M 4s
149400K .......... .......... .......... .......... .......... 59% 50.5M 4s
149450K .......... .......... .......... .......... .......... 59% 51.2M 4s
149500K .......... .......... .......... .......... .......... 59% 23.4M 4s
149550K .......... .......... .......... .......... .......... 59% 40.9M 4s
149600K .......... .......... .......... .......... .......... 59% 57.6M 4s
149650K .......... .......... .......... .......... .......... 59% 24.1M 4s
149700K .......... .......... .......... .......... .......... 59% 68.0M 4s
149750K .......... .......... .......... .......... .......... 59% 51.3M 4s
149800K .......... .......... .......... .......... .......... 59% 82.5M 4s
149850K .......... .......... .......... .......... .......... 59% 19.2M 4s
149900K .......... .......... .......... .......... .......... 59% 45.0M 4s
149950K .......... .......... .......... .......... .......... 59% 24.2M 4s
150000K .......... .......... .......... .......... .......... 60% 95.6M 4s
150050K .......... .......... .......... .......... .......... 60% 62.5M 4s
150100K .......... .......... .......... .......... .......... 60% 52.9M 4s
150150K .......... .......... .......... .......... .......... 60% 19.4M 4s
150200K .......... .......... .......... .......... .......... 60% 93.4M 4s
150250K .......... .......... .......... .......... .......... 60% 27.6M 4s
150300K .......... .......... .......... .......... .......... 60% 25.2M 4s
150350K .......... .......... .......... .......... .......... 60% 4.07M 4s
150400K .......... .......... .......... .......... .......... 60% 98.4M 4s
150450K .......... .......... .......... .......... .......... 60% 97.8M 4s
150500K .......... .......... .......... .......... .......... 60% 95.2M 4s
150550K .......... .......... .......... .......... .......... 60% 97.2M 4s
150600K .......... .......... .......... .......... .......... 60% 98.5M 4s
150650K .......... .......... .......... .......... .......... 60% 97.0M 4s
150700K .......... .......... .......... .......... .......... 60% 76.2M 4s
150750K .......... .......... .......... .......... .......... 60% 95.8M 4s
150800K .......... .......... .......... .......... .......... 60% 99.6M 4s
150850K .......... .......... .......... .......... .......... 60% 94.2M 4s
150900K .......... .......... .......... .......... .......... 60% 99.5M 4s
150950K .......... .......... .......... .......... .......... 60% 95.4M 4s
151000K .......... .......... .......... .......... .......... 60% 29.6M 4s
151050K .......... .......... .......... .......... .......... 60% 40.3M 4s
151100K .......... .......... .......... .......... .......... 60% 22.2M 4s
151150K .......... .......... .......... .......... .......... 60% 24.4M 4s
151200K .......... .......... .......... .......... .......... 60% 27.7M 4s
151250K .......... .......... .......... .......... .......... 60% 41.2M 4s
151300K .......... .......... .......... .......... .......... 60% 18.5M 4s
151350K .......... .......... .......... .......... .......... 60% 22.2M 4s
151400K .......... .......... .......... .......... .......... 60% 57.1M 4s
151450K .......... .......... .......... .......... .......... 60% 42.1M 4s
151500K .......... .......... .......... .......... .......... 60% 24.8M 4s
151550K .......... .......... .......... .......... .......... 60% 16.1M 4s
151600K .......... .......... .......... .......... .......... 60% 41.2M 4s
151650K .......... .......... .......... .......... .......... 60% 27.2M 4s
151700K .......... .......... .......... .......... .......... 60% 78.2M 4s
151750K .......... .......... .......... .......... .......... 60% 18.2M 4s
151800K .......... .......... .......... .......... .......... 60% 28.8M 4s
151850K .......... .......... .......... .......... .......... 60% 17.2M 4s
151900K .......... .......... .......... .......... .......... 60% 21.7M 4s
151950K .......... .......... .......... .......... .......... 60% 96.4M 4s
152000K .......... .......... .......... .......... .......... 60% 29.0M 4s
152050K .......... .......... .......... .......... .......... 60% 38.0M 4s
152100K .......... .......... .......... .......... .......... 60% 15.5M 4s
152150K .......... .......... .......... .......... .......... 60% 23.5M 4s
152200K .......... .......... .......... .......... .......... 60% 81.7M 4s
152250K .......... .......... .......... .......... .......... 60% 47.0M 4s
152300K .......... .......... .......... .......... .......... 60% 12.7M 4s
152350K .......... .......... .......... .......... .......... 60% 27.3M 4s
152400K .......... .......... .......... .......... .......... 60% 28.1M 4s
152450K .......... .......... .......... .......... .......... 60% 76.0M 4s
152500K .......... .......... .......... .......... .......... 61% 17.3M 4s
152550K .......... .......... .......... .......... .......... 61% 25.5M 4s
152600K .......... .......... .......... .......... .......... 61% 48.9M 4s
152650K .......... .......... .......... .......... .......... 61% 18.1M 4s
152700K .......... .......... .......... .......... .......... 61% 25.9M 4s
152750K .......... .......... .......... .......... .......... 61% 22.4M 4s
152800K .......... .......... .......... .......... .......... 61% 43.2M 4s
152850K .......... .......... .......... .......... .......... 61% 23.6M 4s
152900K .......... .......... .......... .......... .......... 61% 30.4M 4s
152950K .......... .......... .......... .......... .......... 61% 22.8M 4s
153000K .......... .......... .......... .......... .......... 61% 54.5M 4s
153050K .......... .......... .......... .......... .......... 61% 41.0M 4s
153100K .......... .......... .......... .......... .......... 61% 15.9M 4s
153150K .......... .......... .......... .......... .......... 61% 25.0M 4s
153200K .......... .......... .......... .......... .......... 61% 42.2M 4s
153250K .......... .......... .......... .......... .......... 61% 46.7M 4s
153300K .......... .......... .......... .......... .......... 61% 16.8M 4s
153350K .......... .......... .......... .......... .......... 61% 44.8M 4s
153400K .......... .......... .......... .......... .......... 61% 27.6M 4s
153450K .......... .......... .......... .......... .......... 61% 38.3M 4s
153500K .......... .......... .......... .......... .......... 61% 18.4M 4s
153550K .......... .......... .......... .......... .......... 61% 37.5M 4s
153600K .......... .......... .......... .......... .......... 61% 1.19M 4s
153650K .......... .......... .......... .......... .......... 61% 37.3M 4s
153700K .......... .......... .......... .......... .......... 61% 42.3M 4s
153750K .......... .......... .......... .......... .......... 61% 28.6M 4s
153800K .......... .......... .......... .......... .......... 61% 16.7M 4s
153850K .......... .......... .......... .......... .......... 61% 28.4M 4s
153900K .......... .......... .......... .......... .......... 61% 66.3M 4s
153950K .......... .......... .......... .......... .......... 61% 30.0M 4s
154000K .......... .......... .......... .......... .......... 61% 15.7M 4s
154050K .......... .......... .......... .......... .......... 61% 26.9M 4s
154100K .......... .......... .......... .......... .......... 61% 30.6M 4s
154150K .......... .......... .......... .......... .......... 61% 67.7M 4s
154200K .......... .......... .......... .......... .......... 61% 14.8M 4s
154250K .......... .......... .......... .......... .......... 61% 23.3M 4s
154300K .......... .......... .......... .......... .......... 61% 46.9M 4s
154350K .......... .......... .......... .......... .......... 61% 32.5M 4s
154400K .......... .......... .......... .......... .......... 61% 19.5M 4s
154450K .......... .......... .......... .......... .......... 61% 23.5M 4s
154500K .......... .......... .......... .......... .......... 61% 27.2M 4s
154550K .......... .......... .......... .......... .......... 61% 38.5M 4s
154600K .......... .......... .......... .......... .......... 61% 59.6M 4s
154650K .......... .......... .......... .......... .......... 61% 24.0M 4s
154700K .......... .......... .......... .......... .......... 61% 24.6M 4s
154750K .......... .......... .......... .......... .......... 61% 37.8M 4s
154800K .......... .......... .......... .......... .......... 61% 27.7M 4s
154850K .......... .......... .......... .......... .......... 61% 13.0M 4s
154900K .......... .......... .......... .......... .......... 61% 46.4M 4s
154950K .......... .......... .......... .......... .......... 61% 57.4M 4s
155000K .......... .......... .......... .......... .......... 62% 19.6M 4s
155050K .......... .......... .......... .......... .......... 62% 47.2M 4s
155100K .......... .......... .......... .......... .......... 62% 18.5M 4s
155150K .......... .......... .......... .......... .......... 62% 36.4M 4s
155200K .......... .......... .......... .......... .......... 62% 17.5M 4s
155250K .......... .......... .......... .......... .......... 62% 41.7M 4s
155300K .......... .......... .......... .......... .......... 62% 46.5M 4s
155350K .......... .......... .......... .......... .......... 62% 26.7M 4s
155400K .......... .......... .......... .......... .......... 62% 51.5M 4s
155450K .......... .......... .......... .......... .......... 62% 16.1M 4s
155500K .......... .......... .......... .......... .......... 62% 27.1M 4s
155550K .......... .......... .......... .......... .......... 62% 36.4M 4s
155600K .......... .......... .......... .......... .......... 62% 44.6M 4s
155650K .......... .......... .......... .......... .......... 62% 17.9M 4s
155700K .......... .......... .......... .......... .......... 62% 48.2M 4s
155750K .......... .......... .......... .......... .......... 62% 22.9M 4s
155800K .......... .......... .......... .......... .......... 62% 50.3M 4s
155850K .......... .......... .......... .......... .......... 62% 17.8M 4s
155900K .......... .......... .......... .......... .......... 62% 42.0M 4s
155950K .......... .......... .......... .......... .......... 62% 22.0M 4s
156000K .......... .......... .......... .......... .......... 62% 40.1M 4s
156050K .......... .......... .......... .......... .......... 62% 18.3M 4s
156100K .......... .......... .......... .......... .......... 62% 94.1M 4s
156150K .......... .......... .......... .......... .......... 62% 15.5M 4s
156200K .......... .......... .......... .......... .......... 62% 83.4M 4s
156250K .......... .......... .......... .......... .......... 62% 42.9M 4s
156300K .......... .......... .......... .......... .......... 62% 19.0M 4s
156350K .......... .......... .......... .......... .......... 62% 24.9M 4s
156400K .......... .......... .......... .......... .......... 62% 43.2M 4s
156450K .......... .......... .......... .......... .......... 62% 29.2M 4s
156500K .......... .......... .......... .......... .......... 62% 23.1M 4s
156550K .......... .......... .......... .......... .......... 62% 43.0M 4s
156600K .......... .......... .......... .......... .......... 62% 17.5M 4s
156650K .......... .......... .......... .......... .......... 62% 90.2M 4s
156700K .......... .......... .......... .......... .......... 62% 27.5M 4s
156750K .......... .......... .......... .......... .......... 62% 23.4M 4s
156800K .......... .......... .......... .......... .......... 62% 28.2M 4s
156850K .......... .......... .......... .......... .......... 62% 26.8M 4s
156900K .......... .......... .......... .......... .......... 62% 24.9M 4s
156950K .......... .......... .......... .......... .......... 62% 37.4M 4s
157000K .......... .......... .......... .......... .......... 62% 52.7M 4s
157050K .......... .......... .......... .......... .......... 62% 17.4M 4s
157100K .......... .......... .......... .......... .......... 62% 69.1M 4s
157150K .......... .......... .......... .......... .......... 62% 27.7M 4s
157200K .......... .......... .......... .......... .......... 62% 23.7M 4s
157250K .......... .......... .......... .......... .......... 62% 32.9M 4s
157300K .......... .......... .......... .......... .......... 62% 34.9M 4s
157350K .......... .......... .......... .......... .......... 62% 19.0M 4s
157400K .......... .......... .......... .......... .......... 62% 24.5M 4s
157450K .......... .......... .......... .......... .......... 62% 90.1M 4s
157500K .......... .......... .......... .......... .......... 63% 45.0M 4s
157550K .......... .......... .......... .......... .......... 63% 23.2M 4s
157600K .......... .......... .......... .......... .......... 63% 20.5M 4s
157650K .......... .......... .......... .......... .......... 63% 25.7M 4s
157700K .......... .......... .......... .......... .......... 63% 47.8M 4s
157750K .......... .......... .......... .......... .......... 63% 20.3M 4s
157800K .......... .......... .......... .......... .......... 63% 59.6M 4s
157850K .......... .......... .......... .......... .......... 63% 24.8M 4s
157900K .......... .......... .......... .......... .......... 63% 52.5M 4s
157950K .......... .......... .......... .......... .......... 63% 15.7M 4s
158000K .......... .......... .......... .......... .......... 63% 39.1M 4s
158050K .......... .......... .......... .......... .......... 63% 29.0M 4s
158100K .......... .......... .......... .......... .......... 63% 51.3M 4s
158150K .......... .......... .......... .......... .......... 63% 24.2M 4s
158200K .......... .......... .......... .......... .......... 63% 26.1M 4s
158250K .......... .......... .......... .......... .......... 63% 37.8M 4s
158300K .......... .......... .......... .......... .......... 63% 50.2M 4s
158350K .......... .......... .......... .......... .......... 63% 17.5M 4s
158400K .......... .......... .......... .......... .......... 63% 23.7M 4s
158450K .......... .......... .......... .......... .......... 63% 42.4M 4s
158500K .......... .......... .......... .......... .......... 63% 45.7M 4s
158550K .......... .......... .......... .......... .......... 63% 26.8M 4s
158600K .......... .......... .......... .......... .......... 63% 26.2M 4s
158650K .......... .......... .......... .......... .......... 63% 22.7M 4s
158700K .......... .......... .......... .......... .......... 63% 37.1M 4s
158750K .......... .......... .......... .......... .......... 63% 33.2M 4s
158800K .......... .......... .......... .......... .......... 63% 49.0M 4s
158850K .......... .......... .......... .......... .......... 63% 15.4M 4s
158900K .......... .......... .......... .......... .......... 63% 43.2M 4s
158950K .......... .......... .......... .......... .......... 63% 42.9M 4s
159000K .......... .......... .......... .......... .......... 63% 27.9M 4s
159050K .......... .......... .......... .......... .......... 63% 96.4M 4s
159100K .......... .......... .......... .......... .......... 63% 14.5M 4s
159150K .......... .......... .......... .......... .......... 63% 39.9M 4s
159200K .......... .......... .......... .......... .......... 63% 38.9M 4s
159250K .......... .......... .......... .......... .......... 63% 49.9M 4s
159300K .......... .......... .......... .......... .......... 63% 29.7M 4s
159350K .......... .......... .......... .......... .......... 63% 22.3M 4s
159400K .......... .......... .......... .......... .......... 63% 49.1M 4s
159450K .......... .......... .......... .......... .......... 63% 22.5M 4s
159500K .......... .......... .......... .......... .......... 63% 61.3M 4s
159550K .......... .......... .......... .......... .......... 63% 26.0M 4s
159600K .......... .......... .......... .......... .......... 63% 16.4M 4s
159650K .......... .......... .......... .......... .......... 63% 48.2M 4s
159700K .......... .......... .......... .......... .......... 63% 44.2M 4s
159750K .......... .......... .......... .......... .......... 63% 28.6M 4s
159800K .......... .......... .......... .......... .......... 63% 61.1M 4s
159850K .......... .......... .......... .......... .......... 63% 15.4M 4s
159900K .......... .......... .......... .......... .......... 63% 46.7M 4s
159950K .......... .......... .......... .......... .......... 63% 29.9M 4s
160000K .......... .......... .......... .......... .......... 64% 47.7M 4s
160050K .......... .......... .......... .......... .......... 64% 38.6M 4s
160100K .......... .......... .......... .......... .......... 64% 15.1M 4s
160150K .......... .......... .......... .......... .......... 64% 26.4M 4s
160200K .......... .......... .......... .......... .......... 64% 84.9M 4s
160250K .......... .......... .......... .......... .......... 64% 55.5M 4s
160300K .......... .......... .......... .......... .......... 64% 19.2M 4s
160350K .......... .......... .......... .......... .......... 64% 22.1M 4s
160400K .......... .......... .......... .......... .......... 64% 38.4M 4s
160450K .......... .......... .......... .......... .......... 64% 44.5M 4s
160500K .......... .......... .......... .......... .......... 64% 36.1M 4s
160550K .......... .......... .......... .......... .......... 64% 21.7M 4s
160600K .......... .......... .......... .......... .......... 64% 16.3M 4s
160650K .......... .......... .......... .......... .......... 64% 96.6M 4s
160700K .......... .......... .......... .......... .......... 64% 30.6M 4s
160750K .......... .......... .......... .......... .......... 64% 39.5M 4s
160800K .......... .......... .......... .......... .......... 64% 25.4M 4s
160850K .......... .......... .......... .......... .......... 64% 18.6M 4s
160900K .......... .......... .......... .......... .......... 64% 54.0M 4s
160950K .......... .......... .......... .......... .......... 64% 47.7M 4s
161000K .......... .......... .......... .......... .......... 64% 37.6M 4s
161050K .......... .......... .......... .......... .......... 64% 16.1M 4s
161100K .......... .......... .......... .......... .......... 64% 56.2M 4s
161150K .......... .......... .......... .......... .......... 64% 31.4M 4s
161200K .......... .......... .......... .......... .......... 64% 45.1M 4s
161250K .......... .......... .......... .......... .......... 64% 18.5M 4s
161300K .......... .......... .......... .......... .......... 64% 27.7M 4s
161350K .......... .......... .......... .......... .......... 64% 42.8M 4s
161400K .......... .......... .......... .......... .......... 64% 39.1M 4s
161450K .......... .......... .......... .......... .......... 64% 49.6M 4s
161500K .......... .......... .......... .......... .......... 64% 25.3M 4s
161550K .......... .......... .......... .......... .......... 64% 25.1M 4s
161600K .......... .......... .......... .......... .......... 64% 29.9M 4s
161650K .......... .......... .......... .......... .......... 64% 53.0M 4s
161700K .......... .......... .......... .......... .......... 64% 42.5M 4s
161750K .......... .......... .......... .......... .......... 64% 21.3M 4s
161800K .......... .......... .......... .......... .......... 64% 29.0M 4s
161850K .......... .......... .......... .......... .......... 64% 44.3M 4s
161900K .......... .......... .......... .......... .......... 64% 41.9M 4s
161950K .......... .......... .......... .......... .......... 64% 38.0M 4s
162000K .......... .......... .......... .......... .......... 64% 21.3M 4s
162050K .......... .......... .......... .......... .......... 64% 21.5M 4s
162100K .......... .......... .......... .......... .......... 64% 28.4M 4s
162150K .......... .......... .......... .......... .......... 64% 85.0M 4s
162200K .......... .......... .......... .......... .......... 64% 45.3M 4s
162250K .......... .......... .......... .......... .......... 64% 28.3M 4s
162300K .......... .......... .......... .......... .......... 64% 23.3M 4s
162350K .......... .......... .......... .......... .......... 64% 28.4M 4s
162400K .......... .......... .......... .......... .......... 64% 57.4M 4s
162450K .......... .......... .......... .......... .......... 64% 33.9M 4s
162500K .......... .......... .......... .......... .......... 65% 24.9M 4s
162550K .......... .......... .......... .......... .......... 65% 28.0M 4s
162600K .......... .......... .......... .......... .......... 65% 67.4M 4s
162650K .......... .......... .......... .......... .......... 65% 22.2M 4s
162700K .......... .......... .......... .......... .......... 65% 54.4M 3s
162750K .......... .......... .......... .......... .......... 65% 15.3M 3s
162800K .......... .......... .......... .......... .......... 65% 49.0M 3s
162850K .......... .......... .......... .......... .......... 65% 35.8M 3s
162900K .......... .......... .......... .......... .......... 65% 33.6M 3s
162950K .......... .......... .......... .......... .......... 65% 64.4M 3s
163000K .......... .......... .......... .......... .......... 65% 15.2M 3s
163050K .......... .......... .......... .......... .......... 65% 47.0M 3s
163100K .......... .......... .......... .......... .......... 65% 73.9M 3s
163150K .......... .......... .......... .......... .......... 65% 26.0M 3s
163200K .......... .......... .......... .......... .......... 65% 42.8M 3s
163250K .......... .......... .......... .......... .......... 65% 18.3M 3s
163300K .......... .......... .......... .......... .......... 65% 46.3M 3s
163350K .......... .......... .......... .......... .......... 65% 27.7M 3s
163400K .......... .......... .......... .......... .......... 65% 70.5M 3s
163450K .......... .......... .......... .......... .......... 65% 37.5M 3s
163500K .......... .......... .......... .......... .......... 65% 17.3M 3s
163550K .......... .......... .......... .......... .......... 65% 35.7M 3s
163600K .......... .......... .......... .......... .......... 65% 26.4M 3s
163650K .......... .......... .......... .......... .......... 65% 80.5M 3s
163700K .......... .......... .......... .......... .......... 65% 35.1M 3s
163750K .......... .......... .......... .......... .......... 65% 22.8M 3s
163800K .......... .......... .......... .......... .......... 65%  423K 4s
163850K .......... .......... .......... .......... .......... 65% 96.9M 4s
163900K .......... .......... .......... .......... .......... 65% 32.6M 4s
163950K .......... .......... .......... .......... .......... 65% 28.0M 4s
164000K .......... .......... .......... .......... .......... 65% 47.7M 4s
164050K .......... .......... .......... .......... .......... 65% 16.4M 3s
164100K .......... .......... .......... .......... .......... 65% 49.8M 3s
164150K .......... .......... .......... .......... .......... 65% 46.5M 3s
164200K .......... .......... .......... .......... .......... 65% 43.3M 3s
164250K .......... .......... .......... .......... .......... 65% 44.7M 3s
164300K .......... .......... .......... .......... .......... 65% 17.3M 3s
164350K .......... .......... .......... .......... .......... 65% 37.8M 3s
164400K .......... .......... .......... .......... .......... 65% 27.7M 3s
164450K .......... .......... .......... .......... .......... 65% 27.0M 3s
164500K .......... .......... .......... .......... .......... 65% 93.2M 3s
164550K .......... .......... .......... .......... .......... 65% 21.2M 3s
164600K .......... .......... .......... .......... .......... 65% 33.3M 3s
164650K .......... .......... .......... .......... .......... 65% 53.1M 3s
164700K .......... .......... .......... .......... .......... 65% 24.7M 3s
164750K .......... .......... .......... .......... .......... 65% 47.6M 3s
164800K .......... .......... .......... .......... .......... 65% 41.4M 3s
164850K .......... .......... .......... .......... .......... 65% 20.2M 3s
164900K .......... .......... .......... .......... .......... 65% 41.9M 3s
164950K .......... .......... .......... .......... .......... 65% 24.3M 3s
165000K .......... .......... .......... .......... .......... 66% 91.5M 3s
165050K .......... .......... .......... .......... .......... 66% 47.8M 3s
165100K .......... .......... .......... .......... .......... 66% 17.9M 3s
165150K .......... .......... .......... .......... .......... 66% 47.3M 3s
165200K .......... .......... .......... .......... .......... 66% 26.7M 3s
165250K .......... .......... .......... .......... .......... 66% 53.3M 3s
165300K .......... .......... .......... .......... .......... 66% 46.1M 3s
165350K .......... .......... .......... .......... .......... 66% 17.6M 3s
165400K .......... .......... .......... .......... .......... 66% 44.6M 3s
165450K .......... .......... .......... .......... .......... 66% 25.6M 3s
165500K .......... .......... .......... .......... .......... 66% 37.5M 3s
165550K .......... .......... .......... .......... .......... 66% 47.3M 3s
165600K .......... .......... .......... .......... .......... 66% 23.9M 3s
165650K .......... .......... .......... .......... .......... 66% 27.9M 3s
165700K .......... .......... .......... .......... .......... 66% 26.5M 3s
165750K .......... .......... .......... .......... .......... 66% 93.7M 3s
165800K .......... .......... .......... .......... .......... 66% 53.1M 3s
165850K .......... .......... .......... .......... .......... 66% 24.1M 3s
165900K .......... .......... .......... .......... .......... 66% 26.8M 3s
165950K .......... .......... .......... .......... .......... 66% 24.5M 3s
166000K .......... .......... .......... .......... .......... 66% 28.6M 3s
166050K .......... .......... .......... .......... .......... 66% 93.7M 3s
166100K .......... .......... .......... .......... .......... 66% 29.0M 3s
166150K .......... .......... .......... .......... .......... 66% 25.9M 3s
166200K .......... .......... .......... .......... .......... 66% 26.4M 3s
166250K .......... .......... .......... .......... .......... 66% 69.8M 3s
166300K .......... .......... .......... .......... .......... 66% 29.9M 3s
166350K .......... .......... .......... .......... .......... 66% 42.6M 3s
166400K .......... .......... .......... .......... .......... 66% 25.6M 3s
166450K .......... .......... .......... .......... .......... 66% 23.9M 3s
166500K .......... .......... .......... .......... .......... 66% 58.3M 3s
166550K .......... .......... .......... .......... .......... 66% 45.6M 3s
166600K .......... .......... .......... .......... .......... 66% 38.4M 3s
166650K .......... .......... .......... .......... .......... 66% 19.7M 3s
166700K .......... .......... .......... .......... .......... 66% 24.8M 3s
166750K .......... .......... .......... .......... .......... 66% 76.8M 3s
166800K .......... .......... .......... .......... .......... 66% 49.1M 3s
166850K .......... .......... .......... .......... .......... 66% 27.7M 3s
166900K .......... .......... .......... .......... .......... 66% 24.5M 3s
166950K .......... .......... .......... .......... .......... 66% 28.3M 3s
167000K .......... .......... .......... .......... .......... 66% 91.8M 3s
167050K .......... .......... .......... .......... .......... 66% 27.3M 3s
167100K .......... .......... .......... .......... .......... 66% 44.4M 3s
167150K .......... .......... .......... .......... .......... 66% 17.7M 3s
167200K .......... .......... .......... .......... .......... 66% 28.7M 3s
167250K .......... .......... .......... .......... .......... 66% 67.3M 3s
167300K .......... .......... .......... .......... .......... 66% 61.4M 3s
167350K .......... .......... .......... .......... .......... 66% 27.9M 3s
167400K .......... .......... .......... .......... .......... 66% 26.6M 3s
167450K .......... .......... .......... .......... .......... 66% 24.9M 3s
167500K .......... .......... .......... .......... .......... 67% 25.2M 3s
167550K .......... .......... .......... .......... .......... 67% 88.4M 3s
167600K .......... .......... .......... .......... .......... 67% 47.2M 3s
167650K .......... .......... .......... .......... .......... 67% 26.3M 3s
167700K .......... .......... .......... .......... .......... 67% 19.5M 3s
167750K .......... .......... .......... .......... .......... 67% 87.5M 3s
167800K .......... .......... .......... .......... .......... 67% 37.5M 3s
167850K .......... .......... .......... .......... .......... 67% 34.2M 3s
167900K .......... .......... .......... .......... .......... 67% 25.9M 3s
167950K .......... .......... .......... .......... .......... 67%  100M 3s
168000K .......... .......... .......... .......... .......... 67% 14.3M 3s
168050K .......... .......... .......... .......... .......... 67% 89.6M 3s
168100K .......... .......... .......... .......... .......... 67% 57.7M 3s
168150K .......... .......... .......... .......... .......... 67% 27.1M 3s
168200K .......... .......... .......... .......... .......... 67% 24.7M 3s
168250K .......... .......... .......... .......... .......... 67%  102M 3s
168300K .......... .......... .......... .......... .......... 67% 20.8M 3s
168350K .......... .......... .......... .......... .......... 67% 44.8M 3s
168400K .......... .......... .......... .......... .......... 67% 23.5M 3s
168450K .......... .......... .......... .......... .......... 67% 26.9M 3s
168500K .......... .......... .......... .......... .......... 67% 81.6M 3s
168550K .......... .......... .......... .......... .......... 67% 26.9M 3s
168600K .......... .......... .......... .......... .......... 67% 57.9M 3s
168650K .......... .......... .......... .......... .......... 67% 25.5M 3s
168700K .......... .......... .......... .......... .......... 67% 23.5M 3s
168750K .......... .......... .......... .......... .......... 67% 26.4M 3s
168800K .......... .......... .......... .......... .......... 67%  108M 3s
168850K .......... .......... .......... .......... .......... 67% 28.3M 3s
168900K .......... .......... .......... .......... .......... 67% 28.0M 3s
168950K .......... .......... .......... .......... .......... 67% 87.6M 3s
169000K .......... .......... .......... .......... .......... 67% 18.7M 3s
169050K .......... .......... .......... .......... .......... 67% 59.0M 3s
169100K .......... .......... .......... .......... .......... 67% 31.3M 3s
169150K .......... .......... .......... .......... .......... 67% 29.0M 3s
169200K .......... .......... .......... .......... .......... 67% 25.5M 3s
169250K .......... .......... .......... .......... .......... 67%  113M 3s
169300K .......... .......... .......... .......... .......... 67% 29.5M 3s
169350K .......... .......... .......... .......... .......... 67% 28.9M 3s
169400K .......... .......... .......... .......... .......... 67% 21.8M 3s
169450K .......... .......... .......... .......... .......... 67% 27.7M 3s
169500K .......... .......... .......... .......... .......... 67% 78.9M 3s
169550K .......... .......... .......... .......... .......... 67% 33.4M 3s
169600K .......... .......... .......... .......... .......... 67% 43.1M 3s
169650K .......... .......... .......... .......... .......... 67% 21.2M 3s
169700K .......... .......... .......... .......... .......... 67% 28.4M 3s
169750K .......... .......... .......... .......... .......... 67% 92.1M 3s
169800K .......... .......... .......... .......... .......... 67% 56.9M 3s
169850K .......... .......... .......... .......... .......... 67% 28.5M 3s
169900K .......... .......... .......... .......... .......... 67% 17.8M 3s
169950K .......... .......... .......... .......... .......... 67% 22.4M 3s
170000K .......... .......... .......... .......... .......... 68% 92.2M 3s
170050K .......... .......... .......... .......... .......... 68% 34.9M 3s
170100K .......... .......... .......... .......... .......... 68% 65.6M 3s
170150K .......... .......... .......... .......... .......... 68% 21.8M 3s
170200K .......... .......... .......... .......... .......... 68% 24.8M 3s
170250K .......... .......... .......... .......... .......... 68% 82.1M 3s
170300K .......... .......... .......... .......... .......... 68% 26.1M 3s
170350K .......... .......... .......... .......... .......... 68% 51.2M 3s
170400K .......... .......... .......... .......... .......... 68% 19.7M 3s
170450K .......... .......... .......... .......... .......... 68% 35.5M 3s
170500K .......... .......... .......... .......... .......... 68% 27.2M 3s
170550K .......... .......... .......... .......... .......... 68% 90.8M 3s
170600K .......... .......... .......... .......... .......... 68% 32.1M 3s
170650K .......... .......... .......... .......... .......... 68% 27.0M 3s
170700K .......... .......... .......... .......... .......... 68% 22.2M 3s
170750K .......... .......... .......... .......... .......... 68% 27.8M 3s
170800K .......... .......... .......... .......... .......... 68% 87.0M 3s
170850K .......... .......... .......... .......... .......... 68% 54.9M 3s
170900K .......... .......... .......... .......... .......... 68% 27.0M 3s
170950K .......... .......... .......... .......... .......... 68% 81.8M 3s
171000K .......... .......... .......... .......... .......... 68% 25.3M 3s
171050K .......... .......... .......... .......... .......... 68% 29.0M 3s
171100K .......... .......... .......... .......... .......... 68% 42.6M 3s
171150K .......... .......... .......... .......... .......... 68% 18.6M 3s
171200K .......... .......... .......... .......... .......... 68% 28.0M 3s
171250K .......... .......... .......... .......... .......... 68% 39.1M 3s
171300K .......... .......... .......... .......... .......... 68% 92.5M 3s
171350K .......... .......... .......... .......... .......... 68% 28.8M 3s
171400K .......... .......... .......... .......... .......... 68% 27.4M 3s
171450K .......... .......... .......... .......... .......... 68% 62.2M 3s
171500K .......... .......... .......... .......... .......... 68% 16.1M 3s
171550K .......... .......... .......... .......... .......... 68% 82.2M 3s
171600K .......... .......... .......... .......... .......... 68% 56.5M 3s
171650K .......... .......... .......... .......... .......... 68% 18.2M 3s
171700K .......... .......... .......... .......... .......... 68% 92.6M 3s
171750K .......... .......... .......... .......... .......... 68% 20.0M 3s
171800K .......... .......... .......... .......... .......... 68% 95.1M 3s
171850K .......... .......... .......... .......... .......... 68% 32.3M 3s
171900K .......... .......... .......... .......... .......... 68% 21.8M 3s
171950K .......... .......... .......... .......... .......... 68% 30.5M 3s
172000K .......... .......... .......... .......... .......... 68% 87.7M 3s
172050K .......... .......... .......... .......... .......... 68% 26.4M 3s
172100K .......... .......... .......... .......... .......... 68% 48.6M 3s
172150K .......... .......... .......... .......... .......... 68% 28.0M 3s
172200K .......... .......... .......... .......... .......... 68% 58.2M 3s
172250K .......... .......... .......... .......... .......... 68% 38.7M 3s
172300K .......... .......... .......... .......... .......... 68% 17.0M 3s
172350K .......... .......... .......... .......... .......... 68% 91.3M 3s
172400K .......... .......... .......... .......... .......... 68% 19.7M 3s
172450K .......... .......... .......... .......... .......... 68% 62.5M 3s
172500K .......... .......... .......... .......... .......... 69% 50.5M 3s
172550K .......... .......... .......... .......... .......... 69% 39.7M 3s
172600K .......... .......... .......... .......... .......... 69% 21.7M 3s
172650K .......... .......... .......... .......... .......... 69% 25.9M 3s
172700K .......... .......... .......... .......... .......... 69% 53.1M 3s
172750K .......... .......... .......... .......... .......... 69% 26.6M 3s
172800K .......... .......... .......... .......... .......... 69% 80.0M 3s
172850K .......... .......... .......... .......... .......... 69% 25.6M 3s
172900K .......... .......... .......... .......... .......... 69% 18.4M 3s
172950K .......... .......... .......... .......... .......... 69% 91.5M 3s
173000K .......... .......... .......... .......... .......... 69% 32.2M 3s
173050K .......... .......... .......... .......... .......... 69% 56.4M 3s
173100K .......... .......... .......... .......... .......... 69% 21.9M 3s
173150K .......... .......... .......... .......... .......... 69% 24.2M 3s
173200K .......... .......... .......... .......... .......... 69% 62.1M 3s
173250K .......... .......... .......... .......... .......... 69% 49.2M 3s
173300K .......... .......... .......... .......... .......... 69% 42.4M 3s
173350K .......... .......... .......... .......... .......... 69% 24.3M 3s
173400K .......... .......... .......... .......... .......... 69% 57.1M 3s
173450K .......... .......... .......... .......... .......... 69% 23.9M 3s
173500K .......... .......... .......... .......... .......... 69% 39.9M 3s
173550K .......... .......... .......... .......... .......... 69% 48.0M 3s
173600K .......... .......... .......... .......... .......... 69% 25.8M 3s
173650K .......... .......... .......... .......... .......... 69% 52.5M 3s
173700K .......... .......... .......... .......... .......... 69% 17.8M 3s
173750K .......... .......... .......... .......... .......... 69% 48.2M 3s
173800K .......... .......... .......... .......... .......... 69% 89.5M 3s
173850K .......... .......... .......... .......... .......... 69% 51.6M 3s
173900K .......... .......... .......... .......... .......... 69% 25.8M 3s
173950K .......... .......... .......... .......... .......... 69% 18.1M 3s
174000K .......... .......... .......... .......... .......... 69% 45.0M 3s
174050K .......... .......... .......... .......... .......... 69% 2.25M 3s
174100K .......... .......... .......... .......... .......... 69% 48.4M 3s
174150K .......... .......... .......... .......... .......... 69% 44.4M 3s
174200K .......... .......... .......... .......... .......... 69% 45.0M 3s
174250K .......... .......... .......... .......... .......... 69% 48.5M 3s
174300K .......... .......... .......... .......... .......... 69% 54.0M 3s
174350K .......... .......... .......... .......... .......... 69% 12.1M 3s
174400K .......... .......... .......... .......... .......... 69% 87.0M 3s
174450K .......... .......... .......... .......... .......... 69% 68.1M 3s
174500K .......... .......... .......... .......... .......... 69% 49.3M 3s
174550K .......... .......... .......... .......... .......... 69% 17.5M 3s
174600K .......... .......... .......... .......... .......... 69% 23.7M 3s
174650K .......... .......... .......... .......... .......... 69% 90.4M 3s
174700K .......... .......... .......... .......... .......... 69% 54.9M 3s
174750K .......... .......... .......... .......... .......... 69% 30.9M 3s
174800K .......... .......... .......... .......... .......... 69% 24.1M 3s
174850K .......... .......... .......... .......... .......... 69% 16.9M 3s
174900K .......... .......... .......... .......... .......... 69% 90.1M 3s
174950K .......... .......... .......... .......... .......... 69% 55.4M 3s
175000K .......... .......... .......... .......... .......... 70% 51.6M 3s
175050K .......... .......... .......... .......... .......... 70% 50.1M 3s
175100K .......... .......... .......... .......... .......... 70% 26.0M 3s
175150K .......... .......... .......... .......... .......... 70% 20.3M 3s
175200K .......... .......... .......... .......... .......... 70% 34.1M 3s
175250K .......... .......... .......... .......... .......... 70% 46.2M 3s
175300K .......... .......... .......... .......... .......... 70% 92.8M 3s
175350K .......... .......... .......... .......... .......... 70% 35.0M 3s
175400K .......... .......... .......... .......... .......... 70% 16.9M 3s
175450K .......... .......... .......... .......... .......... 70% 44.9M 3s
175500K .......... .......... .......... .......... .......... 70% 48.7M 3s
175550K .......... .......... .......... .......... .......... 70% 26.7M 3s
175600K .......... .......... .......... .......... .......... 70% 78.7M 3s
175650K .......... .......... .......... .......... .......... 70% 51.5M 3s
175700K .......... .......... .......... .......... .......... 70% 25.5M 3s
175750K .......... .......... .......... .......... .......... 70% 24.7M 3s
175800K .......... .......... .......... .......... .......... 70% 92.8M 3s
175850K .......... .......... .......... .......... .......... 70% 24.1M 3s
175900K .......... .......... .......... .......... .......... 70% 88.1M 3s
175950K .......... .......... .......... .......... .......... 70% 18.3M 3s
176000K .......... .......... .......... .......... .......... 70% 23.0M 3s
176050K .......... .......... .......... .......... .......... 70% 92.5M 3s
176100K .......... .......... .......... .......... .......... 70% 34.9M 3s
176150K .......... .......... .......... .......... .......... 70% 49.5M 3s
176200K .......... .......... .......... .......... .......... 70% 22.6M 3s
176250K .......... .......... .......... .......... .......... 70% 56.5M 3s
176300K .......... .......... .......... .......... .......... 70% 40.6M 3s
176350K .......... .......... .......... .......... .......... 70% 18.6M 3s
176400K .......... .......... .......... .......... .......... 70% 87.6M 3s
176450K .......... .......... .......... .......... .......... 70% 54.8M 3s
176500K .......... .......... .......... .......... .......... 70% 27.6M 3s
176550K .......... .......... .......... .......... .......... 70% 99.3M 3s
176600K .......... .......... .......... .......... .......... 70% 14.5M 3s
176650K .......... .......... .......... .......... .......... 70% 89.9M 3s
176700K .......... .......... .......... .......... .......... 70% 34.5M 3s
176750K .......... .......... .......... .......... .......... 70% 38.1M 3s
176800K .......... .......... .......... .......... .......... 70% 59.7M 3s
176850K .......... .......... .......... .......... .......... 70% 12.7M 3s
176900K .......... .......... .......... .......... .......... 70% 92.7M 3s
176950K .......... .......... .......... .......... .......... 70% 56.7M 3s
177000K .......... .......... .......... .......... .......... 70% 53.9M 3s
177050K .......... .......... .......... .......... .......... 70% 50.3M 3s
177100K .......... .......... .......... .......... .......... 70% 47.5M 3s
177150K .......... .......... .......... .......... .......... 70% 16.4M 3s
177200K .......... .......... .......... .......... .......... 70% 55.3M 3s
177250K .......... .......... .......... .......... .......... 70% 23.1M 3s
177300K .......... .......... .......... .......... .......... 70% 60.3M 3s
177350K .......... .......... .......... .......... .......... 70% 48.9M 3s
177400K .......... .......... .......... .......... .......... 70% 59.5M 3s
177450K .......... .......... .......... .......... .......... 70% 20.4M 3s
177500K .......... .......... .......... .......... .......... 71% 24.8M 3s
177550K .......... .......... .......... .......... .......... 71% 52.9M 3s
177600K .......... .......... .......... .......... .......... 71% 48.0M 3s
177650K .......... .......... .......... .......... .......... 71% 50.9M 3s
177700K .......... .......... .......... .......... .......... 71% 21.0M 3s
177750K .......... .......... .......... .......... .......... 71% 29.1M 3s
177800K .......... .......... .......... .......... .......... 71% 57.1M 3s
177850K .......... .......... .......... .......... .......... 71% 44.2M 3s
177900K .......... .......... .......... .......... .......... 71% 51.2M 3s
177950K .......... .......... .......... .......... .......... 71% 19.9M 3s
178000K .......... .......... .......... .......... .......... 71% 57.9M 3s
178050K .......... .......... .......... .......... .......... 71% 27.4M 3s
178100K .......... .......... .......... .......... .......... 71% 96.6M 3s
178150K .......... .......... .......... .......... .......... 71% 31.0M 3s
178200K .......... .......... .......... .......... .......... 71% 16.3M 3s
178250K .......... .......... .......... .......... .......... 71% 57.9M 3s
178300K .......... .......... .......... .......... .......... 71% 50.2M 3s
178350K .......... .......... .......... .......... .......... 71% 39.9M 3s
178400K .......... .......... .......... .......... .......... 71% 52.0M 3s
178450K .......... .......... .......... .......... .......... 71% 56.0M 3s
178500K .......... .......... .......... .......... .......... 71% 20.1M 3s
178550K .......... .......... .......... .......... .......... 71% 32.8M 3s
178600K .......... .......... .......... .......... .......... 71% 89.9M 3s
178650K .......... .......... .......... .......... .......... 71% 32.6M 3s
178700K .......... .......... .......... .......... .......... 71% 43.4M 3s
178750K .......... .......... .......... .......... .......... 71% 15.3M 3s
178800K .......... .......... .......... .......... .......... 71% 62.4M 3s
178850K .......... .......... .......... .......... .......... 71% 48.0M 3s
178900K .......... .......... .......... .......... .......... 71% 50.5M 3s
178950K .......... .......... .......... .......... .......... 71% 55.8M 3s
179000K .......... .......... .......... .......... .......... 71% 14.7M 3s
179050K .......... .......... .......... .......... .......... 71% 67.0M 3s
179100K .......... .......... .......... .......... .......... 71% 58.9M 3s
179150K .......... .......... .......... .......... .......... 71% 31.7M 3s
179200K .......... .......... .......... .......... .......... 71% 45.6M 3s
179250K .......... .......... .......... .......... .......... 71% 73.4M 3s
179300K .......... .......... .......... .......... .......... 71% 15.6M 3s
179350K .......... .......... .......... .......... .......... 71% 83.0M 3s
179400K .......... .......... .......... .......... .......... 71% 32.8M 3s
179450K .......... .......... .......... .......... .......... 71% 45.0M 3s
179500K .......... .......... .......... .......... .......... 71% 90.5M 3s
179550K .......... .......... .......... .......... .......... 71% 15.1M 3s
179600K .......... .......... .......... .......... .......... 71% 43.7M 3s
179650K .......... .......... .......... .......... .......... 71% 93.3M 3s
179700K .......... .......... .......... .......... .......... 71% 51.6M 3s
179750K .......... .......... .......... .......... .......... 71% 34.4M 3s
179800K .......... .......... .......... .......... .......... 71% 17.3M 3s
179850K .......... .......... .......... .......... .......... 71% 84.7M 3s
179900K .......... .......... .......... .......... .......... 71% 58.8M 3s
179950K .......... .......... .......... .......... .......... 71% 25.6M 3s
180000K .......... .......... .......... .......... .......... 72% 47.7M 3s
180050K .......... .......... .......... .......... .......... 72% 50.4M 3s
180100K .......... .......... .......... .......... .......... 72% 18.7M 3s
180150K .......... .......... .......... .......... .......... 72% 87.5M 3s
180200K .......... .......... .......... .......... .......... 72% 27.5M 3s
180250K .......... .......... .......... .......... .......... 72% 59.1M 3s
180300K .......... .......... .......... .......... .......... 72% 62.8M 3s
180350K .......... .......... .......... .......... .......... 72% 15.0M 3s
180400K .......... .......... .......... .......... .......... 72% 92.6M 3s
180450K .......... .......... .......... .......... .......... 72% 77.1M 3s
180500K .......... .......... .......... .......... .......... 72% 25.3M 3s
180550K .......... .......... .......... .......... .......... 72% 52.5M 3s
180600K .......... .......... .......... .......... .......... 72% 83.4M 3s
180650K .......... .......... .......... .......... .......... 72% 68.8M 3s
180700K .......... .......... .......... .......... .......... 72% 18.4M 3s
180750K .......... .......... .......... .......... .......... 72% 23.1M 3s
180800K .......... .......... .......... .......... .......... 72% 52.0M 3s
180850K .......... .......... .......... .......... .......... 72% 79.8M 3s
180900K .......... .......... .......... .......... .......... 72% 30.4M 3s
180950K .......... .......... .......... .......... .......... 72% 24.5M 3s
181000K .......... .......... .......... .......... .......... 72% 54.6M 3s
181050K .......... .......... .......... .......... .......... 72% 47.9M 3s
181100K .......... .......... .......... .......... .......... 72% 62.4M 3s
181150K .......... .......... .......... .......... .......... 72% 31.9M 3s
181200K .......... .......... .......... .......... .......... 72% 49.7M 3s
181250K .......... .......... .......... .......... .......... 72% 16.8M 3s
181300K .......... .......... .......... .......... .......... 72% 30.5M 3s
181350K .......... .......... .......... .......... .......... 72% 89.8M 3s
181400K .......... .......... .......... .......... .......... 72% 52.5M 3s
181450K .......... .......... .......... .......... .......... 72% 55.8M 3s
181500K .......... .......... .......... .......... .......... 72% 52.1M 3s
181550K .......... .......... .......... .......... .......... 72% 17.3M 3s
181600K .......... .......... .......... .......... .......... 72% 42.0M 3s
181650K .......... .......... .......... .......... .......... 72% 47.2M 3s
181700K .......... .......... .......... .......... .......... 72% 51.1M 3s
181750K .......... .......... .......... .......... .......... 72% 96.6M 3s
181800K .......... .......... .......... .......... .......... 72% 26.8M 3s
181850K .......... .......... .......... .......... .......... 72% 15.0M 3s
181900K .......... .......... .......... .......... .......... 72% 54.6M 3s
181950K .......... .......... .......... .......... .......... 72% 68.2M 3s
182000K .......... .......... .......... .......... .......... 72% 56.8M 3s
182050K .......... .......... .......... .......... .......... 72% 53.5M 3s
182100K .......... .......... .......... .......... .......... 72% 51.3M 3s
182150K .......... .......... .......... .......... .......... 72% 15.1M 3s
182200K .......... .......... .......... .......... .......... 72% 64.0M 3s
182250K .......... .......... .......... .......... .......... 72% 44.3M 3s
182300K .......... .......... .......... .......... .......... 72% 28.2M 3s
182350K .......... .......... .......... .......... .......... 72% 70.0M 3s
182400K .......... .......... .......... .......... .......... 72% 48.6M 3s
182450K .......... .......... .......... .......... .......... 72% 19.3M 3s
182500K .......... .......... .......... .......... .......... 73% 72.6M 3s
182550K .......... .......... .......... .......... .......... 73% 36.8M 3s
182600K .......... .......... .......... .......... .......... 73% 29.9M 3s
182650K .......... .......... .......... .......... .......... 73% 84.3M 3s
182700K .......... .......... .......... .......... .......... 73% 18.1M 3s
182750K .......... .......... .......... .......... .......... 73% 69.2M 3s
182800K .......... .......... .......... .......... .......... 73% 64.7M 3s
182850K .......... .......... .......... .......... .......... 73% 31.6M 3s
182900K .......... .......... .......... .......... .......... 73% 52.2M 3s
182950K .......... .......... .......... .......... .......... 73% 48.2M 3s
183000K .......... .......... .......... .......... .......... 73% 22.1M 3s
183050K .......... .......... .......... .......... .......... 73% 29.9M 3s
183100K .......... .......... .......... .......... .......... 73% 80.3M 3s
183150K .......... .......... .......... .......... .......... 73% 38.4M 3s
183200K .......... .......... .......... .......... .......... 73% 43.8M 3s
183250K .......... .......... .......... .......... .......... 73% 16.9M 3s
183300K .......... .......... .......... .......... .......... 73% 39.6M 3s
183350K .......... .......... .......... .......... .......... 73% 53.0M 3s
183400K .......... .......... .......... .......... .......... 73% 93.7M 3s
183450K .......... .......... .......... .......... .......... 73% 62.1M 3s
183500K .......... .......... .......... .......... .......... 73% 53.4M 3s
183550K .......... .......... .......... .......... .......... 73% 15.5M 3s
183600K .......... .......... .......... .......... .......... 73% 99.2M 3s
183650K .......... .......... .......... .......... .......... 73% 28.5M 3s
183700K .......... .......... .......... .......... .......... 73% 55.8M 3s
183750K .......... .......... .......... .......... .......... 73% 56.7M 3s
183800K .......... .......... .......... .......... .......... 73% 55.8M 3s
183850K .......... .......... .......... .......... .......... 73% 17.4M 3s
183900K .......... .......... .......... .......... .......... 73% 93.5M 3s
183950K .......... .......... .......... .......... .......... 73% 27.4M 3s
184000K .......... .......... .......... .......... .......... 73% 60.6M 3s
184050K .......... .......... .......... .......... .......... 73% 45.6M 3s
184100K .......... .......... .......... .......... .......... 73% 16.9M 3s
184150K .......... .......... .......... .......... .......... 73% 90.8M 3s
184200K .......... .......... .......... .......... .......... 73% 27.4M 3s
184250K .......... .......... .......... .......... .......... 73% 65.6M 3s
184300K .......... .......... .......... .......... .......... 73%  328K 3s
184350K .......... .......... .......... .......... .......... 73% 41.6M 3s
184400K .......... .......... .......... .......... .......... 73% 58.4M 3s
184450K .......... .......... .......... .......... .......... 73% 46.7M 3s
184500K .......... .......... .......... .......... .......... 73% 52.6M 3s
184550K .......... .......... .......... .......... .......... 73% 49.2M 3s
184600K .......... .......... .......... .......... .......... 73% 17.5M 3s
184650K .......... .......... .......... .......... .......... 73% 53.5M 3s
184700K .......... .......... .......... .......... .......... 73% 41.8M 3s
184750K .......... .......... .......... .......... .......... 73% 50.0M 3s
184800K .......... .......... .......... .......... .......... 73% 28.0M 3s
184850K .......... .......... .......... .......... .......... 73% 86.1M 3s
184900K .......... .......... .......... .......... .......... 73% 19.3M 3s
184950K .......... .......... .......... .......... .......... 73% 87.2M 3s
185000K .......... .......... .......... .......... .......... 74% 35.1M 3s
185050K .......... .......... .......... .......... .......... 74% 26.1M 3s
185100K .......... .......... .......... .......... .......... 74% 50.9M 3s
185150K .......... .......... .......... .......... .......... 74% 59.2M 3s
185200K .......... .......... .......... .......... .......... 74% 31.3M 3s
185250K .......... .......... .......... .......... .......... 74% 50.9M 3s
185300K .......... .......... .......... .......... .......... 74% 52.0M 3s
185350K .......... .......... .......... .......... .......... 74% 49.1M 3s
185400K .......... .......... .......... .......... .......... 74% 22.6M 3s
185450K .......... .......... .......... .......... .......... 74% 58.4M 3s
185500K .......... .......... .......... .......... .......... 74% 23.4M 3s
185550K .......... .......... .......... .......... .......... 74% 56.0M 3s
185600K .......... .......... .......... .......... .......... 74% 53.5M 3s
185650K .......... .......... .......... .......... .......... 74% 52.3M 3s
185700K .......... .......... .......... .......... .......... 74% 21.5M 3s
185750K .......... .......... .......... .......... .......... 74% 93.4M 3s
185800K .......... .......... .......... .......... .......... 74% 22.3M 3s
185850K .......... .......... .......... .......... .......... 74% 93.5M 3s
185900K .......... .......... .......... .......... .......... 74% 41.3M 3s
185950K .......... .......... .......... .......... .......... 74% 62.8M 3s
186000K .......... .......... .......... .......... .......... 74% 18.1M 3s
186050K .......... .......... .......... .......... .......... 74% 98.5M 3s
186100K .......... .......... .......... .......... .......... 74% 20.8M 3s
186150K .......... .......... .......... .......... .......... 74% 95.7M 3s
186200K .......... .......... .......... .......... .......... 74% 55.3M 3s
186250K .......... .......... .......... .......... .......... 74% 60.2M 3s
186300K .......... .......... .......... .......... .......... 74% 23.7M 3s
186350K .......... .......... .......... .......... .......... 74% 28.4M 3s
186400K .......... .......... .......... .......... .......... 74% 94.3M 3s
186450K .......... .......... .......... .......... .......... 74% 26.8M 3s
186500K .......... .......... .......... .......... .......... 74% 65.0M 3s
186550K .......... .......... .......... .......... .......... 74% 53.5M 3s
186600K .......... .......... .......... .......... .......... 74% 48.1M 3s
186650K .......... .......... .......... .......... .......... 74% 36.5M 3s
186700K .......... .......... .......... .......... .......... 74% 40.1M 3s
186750K .......... .......... .......... .......... .......... 74% 18.8M 3s
186800K .......... .......... .......... .......... .......... 74% 48.4M 3s
186850K .......... .......... .......... .......... .......... 74% 53.7M 3s
186900K .......... .......... .......... .......... .......... 74% 88.8M 3s
186950K .......... .......... .......... .......... .......... 74% 31.9M 3s
187000K .......... .......... .......... .......... .......... 74% 48.9M 3s
187050K .......... .......... .......... .......... .......... 74% 25.3M 3s
187100K .......... .......... .......... .......... .......... 74% 45.1M 3s
187150K .......... .......... .......... .......... .......... 74% 61.1M 3s
187200K .......... .......... .......... .......... .......... 74% 37.8M 3s
187250K .......... .......... .......... .......... .......... 74% 49.2M 3s
187300K .......... .......... .......... .......... .......... 74% 47.1M 3s
187350K .......... .......... .......... .......... .......... 74% 61.2M 3s
187400K .......... .......... .......... .......... .......... 74% 22.4M 3s
187450K .......... .......... .......... .......... .......... 74% 49.6M 3s
187500K .......... .......... .......... .......... .......... 75% 42.1M 3s
187550K .......... .......... .......... .......... .......... 75% 31.8M 2s
187600K .......... .......... .......... .......... .......... 75% 49.1M 2s
187650K .......... .......... .......... .......... .......... 75% 85.5M 2s
187700K .......... .......... .......... .......... .......... 75% 20.1M 2s
187750K .......... .......... .......... .......... .......... 75% 46.8M 2s
187800K .......... .......... .......... .......... .......... 75% 46.9M 2s
187850K .......... .......... .......... .......... .......... 75% 90.2M 2s
187900K .......... .......... .......... .......... .......... 75% 37.8M 2s
187950K .......... .......... .......... .......... .......... 75% 33.3M 2s
188000K .......... .......... .......... .......... .......... 75% 26.3M 2s
188050K .......... .......... .......... .......... .......... 75% 57.1M 2s
188100K .......... .......... .......... .......... .......... 75% 26.1M 2s
188150K .......... .......... .......... .......... .......... 75% 93.2M 2s
188200K .......... .......... .......... .......... .......... 75% 64.1M 2s
188250K .......... .......... .......... .......... .......... 75% 27.7M 2s
188300K .......... .......... .......... .......... .......... 75% 21.7M 2s
188350K .......... .......... .......... .......... .......... 75% 99.7M 2s
188400K .......... .......... .......... .......... .......... 75% 60.0M 2s
188450K .......... .......... .......... .......... .......... 75% 27.0M 2s
188500K .......... .......... .......... .......... .......... 75% 54.6M 2s
188550K .......... .......... .......... .......... .......... 75% 51.1M 2s
188600K .......... .......... .......... .......... .......... 75% 78.6M 2s
188650K .......... .......... .......... .......... .......... 75% 21.0M 2s
188700K .......... .......... .......... .......... .......... 75% 43.6M 2s
188750K .......... .......... .......... .......... .......... 75% 44.6M 2s
188800K .......... .......... .......... .......... .......... 75% 27.5M 2s
188850K .......... .......... .......... .......... .......... 75% 98.5M 2s
188900K .......... .......... .......... .......... .......... 75% 67.7M 2s
188950K .......... .......... .......... .......... .......... 75% 24.3M 2s
189000K .......... .......... .......... .......... .......... 75% 51.9M 2s
189050K .......... .......... .......... .......... .......... 75% 29.2M 2s
189100K .......... .......... .......... .......... .......... 75% 41.3M 2s
189150K .......... .......... .......... .......... .......... 75% 61.1M 2s
189200K .......... .......... .......... .......... .......... 75% 95.7M 2s
189250K .......... .......... .......... .......... .......... 75% 18.0M 2s
189300K .......... .......... .......... .......... .......... 75% 99.0M 2s
189350K .......... .......... .......... .......... .......... 75% 58.8M 2s
189400K .......... .......... .......... .......... .......... 75% 51.6M 2s
189450K .......... .......... .......... .......... .......... 75% 26.1M 2s
189500K .......... .......... .......... .......... .......... 75% 51.1M 2s
189550K .......... .......... .......... .......... .......... 75% 18.1M 2s
189600K .......... .......... .......... .......... .......... 75% 50.4M 2s
189650K .......... .......... .......... .......... .......... 75% 94.7M 2s
189700K .......... .......... .......... .......... .......... 75% 60.5M 2s
189750K .......... .......... .......... .......... .......... 75% 25.7M 2s
189800K .......... .......... .......... .......... .......... 75% 81.1M 2s
189850K .......... .......... .......... .......... .......... 75% 49.7M 2s
189900K .......... .......... .......... .......... .......... 75% 25.9M 2s
189950K .......... .......... .......... .......... .......... 75% 56.9M 2s
190000K .......... .......... .......... .......... .......... 76% 28.0M 2s
190050K .......... .......... .......... .......... .......... 76% 50.4M 2s
190100K .......... .......... .......... .......... .......... 76% 61.6M 2s
190150K .......... .......... .......... .......... .......... 76% 58.6M 2s
190200K .......... .......... .......... .......... .......... 76% 19.1M 2s
190250K .......... .......... .......... .......... .......... 76% 59.1M 2s
190300K .......... .......... .......... .......... .......... 76% 49.1M 2s
190350K .......... .......... .......... .......... .......... 76% 27.0M 2s
190400K .......... .......... .......... .......... .......... 76% 91.8M 2s
190450K .......... .......... .......... .......... .......... 76% 80.7M 2s
190500K .......... .......... .......... .......... .......... 76% 22.3M 2s
190550K .......... .......... .......... .......... .......... 76% 30.2M 2s
190600K .......... .......... .......... .......... .......... 76% 89.1M 2s
190650K .......... .......... .......... .......... .......... 76% 64.5M 2s
190700K .......... .......... .......... .......... .......... 76% 39.1M 2s
190750K .......... .......... .......... .......... .......... 76% 49.9M 2s
190800K .......... .......... .......... .......... .......... 76% 19.9M 2s
190850K .......... .......... .......... .......... .......... 76% 44.5M 2s
190900K .......... .......... .......... .......... .......... 76% 75.2M 2s
190950K .......... .......... .......... .......... .......... 76% 65.3M 2s
191000K .......... .......... .......... .......... .......... 76% 28.5M 2s
191050K .......... .......... .......... .......... .......... 76% 59.9M 2s
191100K .......... .......... .......... .......... .......... 76% 23.5M 2s
191150K .......... .......... .......... .......... .......... 76% 38.2M 2s
191200K .......... .......... .......... .......... .......... 76% 48.9M 2s
191250K .......... .......... .......... .......... .......... 76% 51.0M 2s
191300K .......... .......... .......... .......... .......... 76% 55.7M 2s
191350K .......... .......... .......... .......... .......... 76% 51.8M 2s
191400K .......... .......... .......... .......... .......... 76% 91.9M 2s
191450K .......... .......... .......... .......... .......... 76% 20.1M 2s
191500K .......... .......... .......... .......... .......... 76% 36.0M 2s
191550K .......... .......... .......... .......... .......... 76% 68.0M 2s
191600K .......... .......... .......... .......... .......... 76% 25.9M 2s
191650K .......... .......... .......... .......... .......... 76% 89.9M 2s
191700K .......... .......... .......... .......... .......... 76% 55.8M 2s
191750K .......... .......... .......... .......... .......... 76% 23.6M 2s
191800K .......... .......... .......... .......... .......... 76% 32.7M 2s
191850K .......... .......... .......... .......... .......... 76% 87.9M 2s
191900K .......... .......... .......... .......... .......... 76% 44.9M 2s
191950K .......... .......... .......... .......... .......... 76% 27.2M 2s
192000K .......... .......... .......... .......... .......... 76% 47.8M 2s
192050K .......... .......... .......... .......... .......... 76% 31.9M 2s
192100K .......... .......... .......... .......... .......... 76% 43.6M 2s
192150K .......... .......... .......... .......... .......... 76%  127M 2s
192200K .......... .......... .......... .......... .......... 76% 62.9M 2s
192250K .......... .......... .......... .......... .......... 76% 24.1M 2s
192300K .......... .......... .......... .......... .......... 76% 29.9M 2s
192350K .......... .......... .......... .......... .......... 76% 38.9M 2s
192400K .......... .......... .......... .......... .......... 76% 67.5M 2s
192450K .......... .......... .......... .......... .......... 76% 35.3M 2s
192500K .......... .......... .......... .......... .......... 77% 60.5M 2s
192550K .......... .......... .......... .......... .......... 77% 26.3M 2s
192600K .......... .......... .......... .......... .......... 77%  103M 2s
192650K .......... .......... .......... .......... .......... 77% 55.5M 2s
192700K .......... .......... .......... .......... .......... 77% 28.3M 2s
192750K .......... .......... .......... .......... .......... 77% 41.4M 2s
192800K .......... .......... .......... .......... .......... 77% 26.4M 2s
192850K .......... .......... .......... .......... .......... 77%  133M 2s
192900K .......... .......... .......... .......... .......... 77% 26.1M 2s
192950K .......... .......... .......... .......... .......... 77% 49.0M 2s
193000K .......... .......... .......... .......... .......... 77% 65.6M 2s
193050K .......... .......... .......... .......... .......... 77% 91.6M 2s
193100K .......... .......... .......... .......... .......... 77% 20.1M 2s
193150K .......... .......... .......... .......... .......... 77% 89.1M 2s
193200K .......... .......... .......... .......... .......... 77% 26.6M 2s
193250K .......... .......... .......... .......... .......... 77% 70.6M 2s
193300K .......... .......... .......... .......... .......... 77% 25.6M 2s
193350K .......... .......... .......... .......... .......... 77% 88.7M 2s
193400K .......... .......... .......... .......... .......... 77% 62.6M 2s
193450K .......... .......... .......... .......... .......... 77% 46.7M 2s
193500K .......... .......... .......... .......... .......... 77% 22.9M 2s
193550K .......... .......... .......... .......... .......... 77% 28.6M 2s
193600K .......... .......... .......... .......... .......... 77% 93.1M 2s
193650K .......... .......... .......... .......... .......... 77% 64.3M 2s
193700K .......... .......... .......... .......... .......... 77% 25.5M 2s
193750K .......... .......... .......... .......... .......... 77% 92.7M 2s
193800K .......... .......... .......... .......... .......... 77% 79.9M 2s
193850K .......... .......... .......... .......... .......... 77% 24.6M 2s
193900K .......... .......... .......... .......... .......... 77% 42.9M 2s
193950K .......... .......... .......... .......... .......... 77% 28.5M 2s
194000K .......... .......... .......... .......... .......... 77% 54.9M 2s
194050K .......... .......... .......... .......... .......... 77% 28.7M 2s
194100K .......... .......... .......... .......... .......... 77% 90.6M 2s
194150K .......... .......... .......... .......... .......... 77% 33.7M 2s
194200K .......... .......... .......... .......... .......... 77% 48.2M 2s
194250K .......... .......... .......... .......... .......... 77% 24.0M 2s
194300K .......... .......... .......... .......... .......... 77% 69.4M 2s
194350K .......... .......... .......... .......... .......... 77% 61.6M 2s
194400K .......... .......... .......... .......... .......... 77% 47.1M 2s
194450K .......... .......... .......... .......... .......... 77% 55.9M 2s
194500K .......... .......... .......... .......... .......... 77% 25.4M 2s
194550K .......... .......... .......... .......... .......... 77% 85.5M 2s
194600K .......... .......... .......... .......... .......... 77% 24.6M 2s
194650K .......... .......... .......... .......... .......... 77% 89.5M 2s
194700K .......... .......... .......... .......... .......... 77% 28.4M 2s
194750K .......... .......... .......... .......... .......... 77% 49.5M 2s
194800K .......... .......... .......... .......... .......... 77% 27.1M 2s
194850K .......... .......... .......... .......... .......... 77% 25.1M 2s
194900K .......... .......... .......... .......... .......... 77% 83.7M 2s
194950K .......... .......... .......... .......... .......... 77% 78.2M 2s
195000K .......... .......... .......... .......... .......... 78% 42.9M 2s
195050K .......... .......... .......... .......... .......... 78% 78.4M 2s
195100K .......... .......... .......... .......... .......... 78% 32.5M 2s
195150K .......... .......... .......... .......... .......... 78% 38.2M 2s
195200K .......... .......... .......... .......... .......... 78% 30.4M 2s
195250K .......... .......... .......... .......... .......... 78% 52.1M 2s
195300K .......... .......... .......... .......... .......... 78% 27.1M 2s
195350K .......... .......... .......... .......... .......... 78% 89.9M 2s
195400K .......... .......... .......... .......... .......... 78% 58.0M 2s
195450K .......... .......... .......... .......... .......... 78% 27.4M 2s
195500K .......... .......... .......... .......... .......... 78% 46.1M 2s
195550K .......... .......... .......... .......... .......... 78% 31.1M 2s
195600K .......... .......... .......... .......... .......... 78% 91.5M 2s
195650K .......... .......... .......... .......... .......... 78% 48.7M 2s
195700K .......... .......... .......... .......... .......... 78% 25.9M 2s
195750K .......... .......... .......... .......... .......... 78% 95.4M 2s
195800K .......... .......... .......... .......... .......... 78% 21.0M 2s
195850K .......... .......... .......... .......... .......... 78% 85.7M 2s
195900K .......... .......... .......... .......... .......... 78% 63.7M 2s
195950K .......... .......... .......... .......... .......... 78% 24.5M 2s
196000K .......... .......... .......... .......... .......... 78% 54.9M 2s
196050K .......... .......... .......... .......... .......... 78% 60.1M 2s
196100K .......... .......... .......... .......... .......... 78% 24.6M 2s
196150K .......... .......... .......... .......... .......... 78% 86.4M 2s
196200K .......... .......... .......... .......... .......... 78% 54.5M 2s
196250K .......... .......... .......... .......... .......... 78% 63.9M 2s
196300K .......... .......... .......... .......... .......... 78% 40.2M 2s
196350K .......... .......... .......... .......... .......... 78% 19.9M 2s
196400K .......... .......... .......... .......... .......... 78% 88.4M 2s
196450K .......... .......... .......... .......... .......... 78% 33.1M 2s
196500K .......... .......... .......... .......... .......... 78% 47.0M 2s
196550K .......... .......... .......... .......... .......... 78%  102M 2s
196600K .......... .......... .......... .......... .......... 78% 26.7M 2s
196650K .......... .......... .......... .......... .......... 78% 62.3M 2s
196700K .......... .......... .......... .......... .......... 78% 44.4M 2s
196750K .......... .......... .......... .......... .......... 78% 25.1M 2s
196800K .......... .......... .......... .......... .......... 78%  113M 2s
196850K .......... .......... .......... .......... .......... 78% 72.3M 2s
196900K .......... .......... .......... .......... .......... 78% 22.7M 2s
196950K .......... .......... .......... .......... .......... 78% 77.1M 2s
197000K .......... .......... .......... .......... .......... 78% 24.1M 2s
197050K .......... .......... .......... .......... .......... 78%  117M 2s
197100K .......... .......... .......... .......... .......... 78% 61.5M 2s
197150K .......... .......... .......... .......... .......... 78% 25.8M 2s
197200K .......... .......... .......... .......... .......... 78% 24.8M 2s
197250K .......... .......... .......... .......... .......... 78% 61.7M 2s
197300K .......... .......... .......... .......... .......... 78% 38.0M 2s
197350K .......... .......... .......... .......... .......... 78% 27.0M 2s
197400K .......... .......... .......... .......... .......... 78% 91.6M 2s
197450K .......... .......... .......... .......... .......... 78% 64.4M 2s
197500K .......... .......... .......... .......... .......... 79% 26.3M 2s
197550K .......... .......... .......... .......... .......... 79% 44.9M 2s
197600K .......... .......... .......... .......... .......... 79% 27.0M 2s
197650K .......... .......... .......... .......... .......... 79% 95.4M 2s
197700K .......... .......... .......... .......... .......... 79% 60.0M 2s
197750K .......... .......... .......... .......... .......... 79% 59.3M 2s
197800K .......... .......... .......... .......... .......... 79% 17.5M 2s
197850K .......... .......... .......... .......... .......... 79% 93.2M 2s
197900K .......... .......... .......... .......... .......... 79% 61.3M 2s
197950K .......... .......... .......... .......... .......... 79% 39.9M 2s
198000K .......... .......... .......... .......... .......... 79% 29.0M 2s
198050K .......... .......... .......... .......... .......... 79% 71.7M 2s
198100K .......... .......... .......... .......... .......... 79% 21.3M 2s
198150K .......... .......... .......... .......... .......... 79% 95.8M 2s
198200K .......... .......... .......... .......... .......... 79% 72.3M 2s
198250K .......... .......... .......... .......... .......... 79% 27.7M 2s
198300K .......... .......... .......... .......... .......... 79% 96.5M 2s
198350K .......... .......... .......... .......... .......... 79% 49.5M 2s
198400K .......... .......... .......... .......... .......... 79% 68.8M 2s
198450K .......... .......... .......... .......... .......... 79% 16.6M 2s
198500K .......... .......... .......... .......... .......... 79% 64.5M 2s
198550K .......... .......... .......... .......... .......... 79% 46.5M 2s
198600K .......... .......... .......... .......... .......... 79% 73.5M 2s
198650K .......... .......... .......... .......... .......... 79% 35.5M 2s
198700K .......... .......... .......... .......... .......... 79% 99.3M 2s
198750K .......... .......... .......... .......... .......... 79% 17.7M 2s
198800K .......... .......... .......... .......... .......... 79% 72.7M 2s
198850K .......... .......... .......... .......... .......... 79% 25.9M 2s
198900K .......... .......... .......... .......... .......... 79% 91.1M 2s
198950K .......... .......... .......... .......... .......... 79% 66.4M 2s
199000K .......... .......... .......... .......... .......... 79% 52.5M 2s
199050K .......... .......... .......... .......... .......... 79% 23.9M 2s
199100K .......... .......... .......... .......... .......... 79% 66.9M 2s
199150K .......... .......... .......... .......... .......... 79% 23.7M 2s
199200K .......... .......... .......... .......... .......... 79% 93.9M 2s
199250K .......... .......... .......... .......... .......... 79% 70.5M 2s
199300K .......... .......... .......... .......... .......... 79% 52.0M 2s
199350K .......... .......... .......... .......... .......... 79% 97.3M 2s
199400K .......... .......... .......... .......... .......... 79% 18.3M 2s
199450K .......... .......... .......... .......... .......... 79% 43.6M 2s
199500K .......... .......... .......... .......... .......... 79% 66.4M 2s
199550K .......... .......... .......... .......... .......... 79% 51.1M 2s
199600K .......... .......... .......... .......... .......... 79% 48.3M 2s
199650K .......... .......... .......... .......... .......... 79% 49.6M 2s
199700K .......... .......... .......... .......... .......... 79% 22.9M 2s
199750K .......... .......... .......... .......... .......... 79% 26.2M 2s
199800K .......... .......... .......... .......... .......... 79% 55.2M 2s
199850K .......... .......... .......... .......... .......... 79% 66.2M 2s
199900K .......... .......... .......... .......... .......... 79% 94.7M 2s
199950K .......... .......... .......... .......... .......... 79% 38.7M 2s
200000K .......... .......... .......... .......... .......... 80% 17.6M 2s
200050K .......... .......... .......... .......... .......... 80% 91.9M 2s
200100K .......... .......... .......... .......... .......... 80% 73.1M 2s
200150K .......... .......... .......... .......... .......... 80% 52.0M 2s
200200K .......... .......... .......... .......... .......... 80% 57.6M 2s
200250K .......... .......... .......... .......... .......... 80% 29.1M 2s
200300K .......... .......... .......... .......... .......... 80% 22.9M 2s
200350K .......... .......... .......... .......... .......... 80% 69.2M 2s
200400K .......... .......... .......... .......... .......... 80% 31.5M 2s
200450K .......... .......... .......... .......... .......... 80% 53.2M 2s
200500K .......... .......... .......... .......... .......... 80% 86.8M 2s
200550K .......... .......... .......... .......... .......... 80% 61.2M 2s
200600K .......... .......... .......... .......... .......... 80% 55.5M 2s
200650K .......... .......... .......... .......... .......... 80% 18.9M 2s
200700K .......... .......... .......... .......... .......... 80% 40.4M 2s
200750K .......... .......... .......... .......... .......... 80% 42.3M 2s
200800K .......... .......... .......... .......... .......... 80% 92.8M 2s
200850K .......... .......... .......... .......... .......... 80% 46.6M 2s
200900K .......... .......... .......... .......... .......... 80% 93.3M 2s
200950K .......... .......... .......... .......... .......... 80% 17.2M 2s
201000K .......... .......... .......... .......... .......... 80% 27.8M 2s
201050K .......... .......... .......... .......... .......... 80% 59.7M 2s
201100K .......... .......... .......... .......... .......... 80% 94.1M 2s
201150K .......... .......... .......... .......... .......... 80% 38.1M 2s
201200K .......... .......... .......... .......... .......... 80% 93.2M 2s
201250K .......... .......... .......... .......... .......... 80% 27.0M 2s
201300K .......... .......... .......... .......... .......... 80% 95.8M 2s
201350K .......... .......... .......... .......... .......... 80% 27.2M 2s
201400K .......... .......... .......... .......... .......... 80% 55.6M 2s
201450K .......... .......... .......... .......... .......... 80% 57.7M 2s
201500K .......... .......... .......... .......... .......... 80% 45.6M 2s
201550K .......... .......... .......... .......... .......... 80% 51.8M 2s
201600K .......... .......... .......... .......... .......... 80% 16.7M 2s
201650K .......... .......... .......... .......... .......... 80% 95.0M 2s
201700K .......... .......... .......... .......... .......... 80% 60.9M 2s
201750K .......... .......... .......... .......... .......... 80% 52.7M 2s
201800K .......... .......... .......... .......... .......... 80% 26.6M 2s
201850K .......... .......... .......... .......... .......... 80% 80.2M 2s
201900K .......... .......... .......... .......... .......... 80% 93.1M 2s
201950K .......... .......... .......... .......... .......... 80% 14.8M 2s
202000K .......... .......... .......... .......... .......... 80% 94.6M 2s
202050K .......... .......... .......... .......... .......... 80% 76.2M 2s
202100K .......... .......... .......... .......... .......... 80% 49.9M 2s
202150K .......... .......... .......... .......... .......... 80% 56.4M 2s
202200K .......... .......... .......... .......... .......... 80% 61.7M 2s
202250K .......... .......... .......... .......... .......... 80% 51.4M 2s
202300K .......... .......... .......... .......... .......... 80% 18.4M 2s
202350K .......... .......... .......... .......... .......... 80% 49.9M 2s
202400K .......... .......... .......... .......... .......... 80% 93.1M 2s
202450K .......... .......... .......... .......... .......... 80% 25.3M 2s
202500K .......... .......... .......... .......... .......... 81% 97.3M 2s
202550K .......... .......... .......... .......... .......... 81% 47.2M 2s
202600K .......... .......... .......... .......... .......... 81% 65.2M 2s
202650K .......... .......... .......... .......... .......... 81% 28.6M 2s
202700K .......... .......... .......... .......... .......... 81% 49.2M 2s
202750K .......... .......... .......... .......... .......... 81% 26.8M 2s
202800K .......... .......... .......... .......... .......... 81% 49.9M 2s
202850K .......... .......... .......... .......... .......... 81% 83.5M 2s
202900K .......... .......... .......... .......... .......... 81% 79.0M 2s
202950K .......... .......... .......... .......... .......... 81% 23.0M 2s
203000K .......... .......... .......... .......... .......... 81% 62.2M 2s
203050K .......... .......... .......... .......... .......... 81% 69.0M 2s
203100K .......... .......... .......... .......... .......... 81% 67.6M 2s
203150K .......... .......... .......... .......... .......... 81% 26.5M 2s
203200K .......... .......... .......... .......... .......... 81% 60.3M 2s
203250K .......... .......... .......... .......... .......... 81% 16.9M 2s
203300K .......... .......... .......... .......... .......... 81% 97.9M 2s
203350K .......... .......... .......... .......... .......... 81% 69.5M 2s
203400K .......... .......... .......... .......... .......... 81% 50.3M 2s
203450K .......... .......... .......... .......... .......... 81% 27.2M 2s
203500K .......... .......... .......... .......... .......... 81% 96.7M 2s
203550K .......... .......... .......... .......... .......... 81% 18.9M 2s
203600K .......... .......... .......... .......... .......... 81% 69.4M 2s
203650K .......... .......... .......... .......... .......... 81% 66.4M 2s
203700K .......... .......... .......... .......... .......... 81% 72.3M 2s
203750K .......... .......... .......... .......... .......... 81% 57.0M 2s
203800K .......... .......... .......... .......... .......... 81% 28.1M 2s
203850K .......... .......... .......... .......... .......... 81% 95.2M 2s
203900K .......... .......... .......... .......... .......... 81% 19.7M 2s
203950K .......... .......... .......... .......... .......... 81% 57.6M 2s
204000K .......... .......... .......... .......... .......... 81% 33.8M 2s
204050K .......... .......... .......... .......... .......... 81% 97.2M 2s
204100K .......... .......... .......... .......... .......... 81% 37.7M 2s
204150K .......... .......... .......... .......... .......... 81% 97.5M 2s
204200K .......... .......... .......... .......... .......... 81% 78.8M 2s
204250K .......... .......... .......... .......... .......... 81% 23.8M 2s
204300K .......... .......... .......... .......... .......... 81% 27.1M 2s
204350K .......... .......... .......... .......... .......... 81% 57.3M 2s
204400K .......... .......... .......... .......... .......... 81% 82.7M 2s
204450K .......... .......... .......... .......... .......... 81% 31.4M 2s
204500K .......... .......... .......... .......... .......... 81% 91.7M 2s
204550K .......... .......... .......... .......... .......... 81% 20.1M 2s
204600K .......... .......... .......... .......... .......... 81% 90.3M 2s
204650K .......... .......... .......... .......... .......... 81% 29.3M 2s
204700K .......... .......... .......... .......... .......... 81% 97.8M 2s
204750K .......... .......... .......... .......... .......... 81% 33.5M 2s
204800K .......... .......... .......... .......... .......... 81% 1.18M 2s
204850K .......... .......... .......... .......... .......... 81% 48.8M 2s
204900K .......... .......... .......... .......... .......... 81% 75.7M 2s
204950K .......... .......... .......... .......... .......... 81% 53.0M 2s
205000K .......... .......... .......... .......... .......... 82% 56.4M 2s
205050K .......... .......... .......... .......... .......... 82% 58.8M 2s
205100K .......... .......... .......... .......... .......... 82% 15.9M 2s
205150K .......... .......... .......... .......... .......... 82% 92.6M 2s
205200K .......... .......... .......... .......... .......... 82% 63.4M 2s
205250K .......... .......... .......... .......... .......... 82% 52.6M 2s
205300K .......... .......... .......... .......... .......... 82% 51.7M 2s
205350K .......... .......... .......... .......... .......... 82% 51.2M 2s
205400K .......... .......... .......... .......... .......... 82% 94.3M 2s
205450K .......... .......... .......... .......... .......... 82% 17.4M 2s
205500K .......... .......... .......... .......... .......... 82% 51.4M 2s
205550K .......... .......... .......... .......... .......... 82% 51.6M 2s
205600K .......... .......... .......... .......... .......... 82% 83.8M 2s
205650K .......... .......... .......... .......... .......... 82% 70.9M 2s
205700K .......... .......... .......... .......... .......... 82% 29.4M 2s
205750K .......... .......... .......... .......... .......... 82% 21.6M 2s
205800K .......... .......... .......... .......... .......... 82% 61.5M 2s
205850K .......... .......... .......... .......... .......... 82% 55.1M 2s
205900K .......... .......... .......... .......... .......... 82% 57.4M 2s
205950K .......... .......... .......... .......... .......... 82% 94.8M 2s
206000K .......... .......... .......... .......... .......... 82% 53.8M 2s
206050K .......... .......... .......... .......... .......... 82% 13.0M 2s
206100K .......... .......... .......... .......... .......... 82% 98.5M 2s
206150K .......... .......... .......... .......... .......... 82% 40.1M 2s
206200K .......... .......... .......... .......... .......... 82% 93.0M 2s
206250K .......... .......... .......... .......... .......... 82% 97.8M 2s
206300K .......... .......... .......... .......... .......... 82% 39.3M 2s
206350K .......... .......... .......... .......... .......... 82% 16.3M 2s
206400K .......... .......... .......... .......... .......... 82% 97.3M 2s
206450K .......... .......... .......... .......... .......... 82% 76.1M 2s
206500K .......... .......... .......... .......... .......... 82% 50.7M 2s
206550K .......... .......... .......... .......... .......... 82% 57.3M 2s
206600K .......... .......... .......... .......... .......... 82% 56.0M 2s
206650K .......... .......... .......... .......... .......... 82% 84.4M 2s
206700K .......... .......... .......... .......... .......... 82% 16.3M 2s
206750K .......... .......... .......... .......... .......... 82% 60.7M 2s
206800K .......... .......... .......... .......... .......... 82% 58.9M 2s
206850K .......... .......... .......... .......... .......... 82% 50.3M 2s
206900K .......... .......... .......... .......... .......... 82% 57.5M 2s
206950K .......... .......... .......... .......... .......... 82% 95.1M 2s
207000K .......... .......... .......... .......... .......... 82% 13.1M 2s
207050K .......... .......... .......... .......... .......... 82% 80.2M 2s
207100K .......... .......... .......... .......... .......... 82% 53.5M 2s
207150K .......... .......... .......... .......... .......... 82% 57.9M 2s
207200K .......... .......... .......... .......... .......... 82% 53.3M 2s
207250K .......... .......... .......... .......... .......... 82% 70.3M 2s
207300K .......... .......... .......... .......... .......... 82% 66.7M 2s
207350K .......... .......... .......... .......... .......... 82% 20.4M 2s
207400K .......... .......... .......... .......... .......... 82% 32.9M 2s
207450K .......... .......... .......... .......... .......... 82% 94.7M 2s
207500K .......... .......... .......... .......... .......... 83% 49.2M 2s
207550K .......... .......... .......... .......... .......... 83% 50.0M 2s
207600K .......... .......... .......... .......... .......... 83% 98.3M 2s
207650K .......... .......... .......... .......... .......... 83% 68.2M 2s
207700K .......... .......... .......... .......... .......... 83% 18.1M 2s
207750K .......... .......... .......... .......... .......... 83% 46.8M 2s
207800K .......... .......... .......... .......... .......... 83% 58.9M 2s
207850K .......... .......... .......... .......... .......... 83% 89.3M 2s
207900K .......... .......... .......... .......... .......... 83% 54.6M 2s
207950K .......... .......... .......... .......... .......... 83% 59.3M 2s
208000K .......... .......... .......... .......... .......... 83% 55.6M 2s
208050K .......... .......... .......... .......... .......... 83% 15.3M 2s
208100K .......... .......... .......... .......... .......... 83% 31.0M 2s
208150K .......... .......... .......... .......... .......... 83% 89.0M 2s
208200K .......... .......... .......... .......... .......... 83% 93.3M 2s
208250K .......... .......... .......... .......... .......... 83% 96.0M 2s
208300K .......... .......... .......... .......... .......... 83% 64.0M 2s
208350K .......... .......... .......... .......... .......... 83% 24.8M 2s
208400K .......... .......... .......... .......... .......... 83% 18.3M 2s
208450K .......... .......... .......... .......... .......... 83% 93.2M 2s
208500K .......... .......... .......... .......... .......... 83% 71.0M 2s
208550K .......... .......... .......... .......... .......... 83% 51.0M 2s
208600K .......... .......... .......... .......... .......... 83% 67.8M 2s
208650K .......... .......... .......... .......... .......... 83% 51.1M 2s
208700K .......... .......... .......... .......... .......... 83% 33.0M 2s
208750K .......... .......... .......... .......... .......... 83% 23.1M 2s
208800K .......... .......... .......... .......... .......... 83% 74.6M 2s
208850K .......... .......... .......... .......... .......... 83% 46.1M 2s
208900K .......... .......... .......... .......... .......... 83% 61.3M 2s
208950K .......... .......... .......... .......... .......... 83% 93.1M 2s
209000K .......... .......... .......... .......... .......... 83% 60.7M 2s
209050K .......... .......... .......... .......... .......... 83% 27.2M 2s
209100K .......... .......... .......... .......... .......... 83% 24.0M 2s
209150K .......... .......... .......... .......... .......... 83% 49.2M 2s
209200K .......... .......... .......... .......... .......... 83% 63.7M 2s
209250K .......... .......... .......... .......... .......... 83% 90.1M 2s
209300K .......... .......... .......... .......... .......... 83% 48.3M 2s
209350K .......... .......... .......... .......... .......... 83% 29.5M 2s
209400K .......... .......... .......... .......... .......... 83% 94.5M 2s
209450K .......... .......... .......... .......... .......... 83% 26.9M 2s
209500K .......... .......... .......... .......... .......... 83% 24.8M 2s
209550K .......... .......... .......... .......... .......... 83% 96.7M 2s
209600K .......... .......... .......... .......... .......... 83% 88.8M 2s
209650K .......... .......... .......... .......... .......... 83% 31.1M 2s
209700K .......... .......... .......... .......... .......... 83% 95.5M 2s
209750K .......... .......... .......... .......... .......... 83% 66.1M 2s
209800K .......... .......... .......... .......... .......... 83% 16.6M 2s
209850K .......... .......... .......... .......... .......... 83% 64.6M 2s
209900K .......... .......... .......... .......... .......... 83% 53.0M 2s
209950K .......... .......... .......... .......... .......... 83% 75.4M 2s
210000K .......... .......... .......... .......... .......... 84% 63.0M 2s
210050K .......... .......... .......... .......... .......... 84% 53.6M 2s
210100K .......... .......... .......... .......... .......... 84% 24.3M 2s
210150K .......... .......... .......... .......... .......... 84% 28.8M 2s
210200K .......... .......... .......... .......... .......... 84% 92.1M 2s
210250K .......... .......... .......... .......... .......... 84% 62.1M 2s
210300K .......... .......... .......... .......... .......... 84% 43.3M 2s
210350K .......... .......... .......... .......... .......... 84% 45.5M 2s
210400K .......... .......... .......... .......... .......... 84% 16.4M 2s
210450K .......... .......... .......... .......... .......... 84% 94.2M 2s
210500K .......... .......... .......... .......... .......... 84% 93.9M 2s
210550K .......... .......... .......... .......... .......... 84% 59.8M 2s
210600K .......... .......... .......... .......... .......... 84% 72.6M 2s
210650K .......... .......... .......... .......... .......... 84% 54.7M 2s
210700K .......... .......... .......... .......... .......... 84% 23.2M 2s
210750K .......... .......... .......... .......... .......... 84% 86.2M 2s
210800K .......... .......... .......... .......... .......... 84% 24.6M 2s
210850K .......... .......... .......... .......... .......... 84% 34.9M 2s
210900K .......... .......... .......... .......... .......... 84% 92.1M 2s
210950K .......... .......... .......... .......... .......... 84% 97.3M 1s
211000K .......... .......... .......... .......... .......... 84% 52.5M 1s
211050K .......... .......... .......... .......... .......... 84% 54.2M 1s
211100K .......... .......... .......... .......... .......... 84% 14.7M 1s
211150K .......... .......... .......... .......... .......... 84% 74.6M 1s
211200K .......... .......... .......... .......... .......... 84% 93.2M 1s
211250K .......... .......... .......... .......... .......... 84% 48.9M 1s
211300K .......... .......... .......... .......... .......... 84% 59.4M 1s
211350K .......... .......... .......... .......... .......... 84% 61.6M 1s
211400K .......... .......... .......... .......... .......... 84% 73.5M 1s
211450K .......... .......... .......... .......... .......... 84% 17.2M 1s
211500K .......... .......... .......... .......... .......... 84% 48.9M 1s
211550K .......... .......... .......... .......... .......... 84% 87.5M 1s
211600K .......... .......... .......... .......... .......... 84% 38.7M 1s
211650K .......... .......... .......... .......... .......... 84% 60.7M 1s
211700K .......... .......... .......... .......... .......... 84% 97.2M 1s
211750K .......... .......... .......... .......... .......... 84% 46.1M 1s
211800K .......... .......... .......... .......... .......... 84% 13.6M 1s
211850K .......... .......... .......... .......... .......... 84% 53.5M 1s
211900K .......... .......... .......... .......... .......... 84% 64.9M 1s
211950K .......... .......... .......... .......... .......... 84% 68.9M 1s
212000K .......... .......... .......... .......... .......... 84% 85.8M 1s
212050K .......... .......... .......... .......... .......... 84% 71.4M 1s
212100K .......... .......... .......... .......... .......... 84% 15.3M 1s
212150K .......... .......... .......... .......... .......... 84% 50.3M 1s
212200K .......... .......... .......... .......... .......... 84% 93.8M 1s
212250K .......... .......... .......... .......... .......... 84% 62.8M 1s
212300K .......... .......... .......... .......... .......... 84% 47.8M 1s
212350K .......... .......... .......... .......... .......... 84% 52.5M 1s
212400K .......... .......... .......... .......... .......... 84% 57.5M 1s
212450K .......... .......... .......... .......... .......... 84% 49.0M 1s
212500K .......... .......... .......... .......... .......... 85% 22.2M 1s
212550K .......... .......... .......... .......... .......... 85% 53.9M 1s
212600K .......... .......... .......... .......... .......... 85% 57.0M 1s
212650K .......... .......... .......... .......... .......... 85% 94.7M 1s
212700K .......... .......... .......... .......... .......... 85% 31.9M 1s
212750K .......... .......... .......... .......... .......... 85% 96.1M 1s
212800K .......... .......... .......... .......... .......... 85% 29.0M 1s
212850K .......... .......... .......... .......... .......... 85% 26.5M 1s
212900K .......... .......... .......... .......... .......... 85% 53.0M 1s
212950K .......... .......... .......... .......... .......... 85% 96.4M 1s
213000K .......... .......... .......... .......... .......... 85% 61.3M 1s
213050K .......... .......... .......... .......... .......... 85% 87.0M 1s
213100K .......... .......... .......... .......... .......... 85% 35.1M 1s
213150K .......... .......... .......... .......... .......... 85% 26.8M 1s
213200K .......... .......... .......... .......... .......... 85% 93.7M 1s
213250K .......... .......... .......... .......... .......... 85% 19.7M 1s
213300K .......... .......... .......... .......... .......... 85% 52.2M 1s
213350K .......... .......... .......... .......... .......... 85% 40.4M 1s
213400K .......... .......... .......... .......... .......... 85% 39.8M 1s
213450K .......... .......... .......... .......... .......... 85% 94.5M 1s
213500K .......... .......... .......... .......... .......... 85% 30.3M 1s
213550K .......... .......... .......... .......... .......... 85% 21.7M 1s
213600K .......... .......... .......... .......... .......... 85% 19.7M 1s
213650K .......... .......... .......... .......... .......... 85% 95.3M 1s
213700K .......... .......... .......... .......... .......... 85% 54.4M 1s
213750K .......... .......... .......... .......... .......... 85% 63.6M 1s
213800K .......... .......... .......... .......... .......... 85% 67.4M 1s
213850K .......... .......... .......... .......... .......... 85% 59.6M 1s
213900K .......... .......... .......... .......... .......... 85% 38.8M 1s
213950K .......... .......... .......... .......... .......... 85% 29.8M 1s
214000K .......... .......... .......... .......... .......... 85% 32.5M 1s
214050K .......... .......... .......... .......... .......... 85% 64.3M 1s
214100K .......... .......... .......... .......... .......... 85% 4.31M 1s
214150K .......... .......... .......... .......... .......... 85% 94.7M 1s
214200K .......... .......... .......... .......... .......... 85% 90.8M 1s
214250K .......... .......... .......... .......... .......... 85% 87.4M 1s
214300K .......... .......... .......... .......... .......... 85% 70.7M 1s
214350K .......... .......... .......... .......... .......... 85% 90.2M 1s
214400K .......... .......... .......... .......... .......... 85% 95.4M 1s
214450K .......... .......... .......... .......... .......... 85% 87.0M 1s
214500K .......... .......... .......... .......... .......... 85% 99.1M 1s
214550K .......... .......... .......... .......... .......... 85% 95.6M 1s
214600K .......... .......... .......... .......... .......... 85% 98.3M 1s
214650K .......... .......... .......... .......... .......... 85% 91.1M 1s
214700K .......... .......... .......... .......... .......... 85% 69.9M 1s
214750K .......... .......... .......... .......... .......... 85% 94.3M 1s
214800K .......... .......... .......... .......... .......... 85% 71.6M 1s
214850K .......... .......... .......... .......... .......... 85% 38.6M 1s
214900K .......... .......... .......... .......... .......... 85% 18.7M 1s
214950K .......... .......... .......... .......... .......... 85% 35.8M 1s
215000K .......... .......... .......... .......... .......... 86%  773K 1s
215050K .......... .......... .......... .......... .......... 86% 72.7M 1s
215100K .......... .......... .......... .......... .......... 86% 20.9M 1s
215150K .......... .......... .......... .......... .......... 86% 41.7M 1s
215200K .......... .......... .......... .......... .......... 86% 21.0M 1s
215250K .......... .......... .......... .......... .......... 86% 24.6M 1s
215300K .......... .......... .......... .......... .......... 86% 41.4M 1s
215350K .......... .......... .......... .......... .......... 86% 44.4M 1s
215400K .......... .......... .......... .......... .......... 86% 23.1M 1s
215450K .......... .......... .......... .......... .......... 86% 24.5M 1s
215500K .......... .......... .......... .......... .......... 86% 34.1M 1s
215550K .......... .......... .......... .......... .......... 86% 30.8M 1s
215600K .......... .......... .......... .......... .......... 86% 38.6M 1s
215650K .......... .......... .......... .......... .......... 86% 26.2M 1s
215700K .......... .......... .......... .......... .......... 86% 27.0M 1s
215750K .......... .......... .......... .......... .......... 86% 46.9M 1s
215800K .......... .......... .......... .......... .......... 86% 28.3M 1s
215850K .......... .......... .......... .......... .......... 86% 46.1M 1s
215900K .......... .......... .......... .......... .......... 86% 25.5M 1s
215950K .......... .......... .......... .......... .......... 86% 24.7M 1s
216000K .......... .......... .......... .......... .......... 86% 23.8M 1s
216050K .......... .......... .......... .......... .......... 86% 78.7M 1s
216100K .......... .......... .......... .......... .......... 86% 33.5M 1s
216150K .......... .......... .......... .......... .......... 86% 42.0M 1s
216200K .......... .......... .......... .......... .......... 86% 23.3M 1s
216250K .......... .......... .......... .......... .......... 86% 50.0M 1s
216300K .......... .......... .......... .......... .......... 86% 22.2M 1s
216350K .......... .......... .......... .......... .......... 86% 19.5M 1s
216400K .......... .......... .......... .......... .......... 86% 71.8M 1s
216450K .......... .......... .......... .......... .......... 86% 18.3M 1s
216500K .......... .......... .......... .......... .......... 86% 16.7M 1s
216550K .......... .......... .......... .......... .......... 86% 39.6M 1s
216600K .......... .......... .......... .......... .......... 86% 33.3M 1s
216650K .......... .......... .......... .......... .......... 86% 17.0M 1s
216700K .......... .......... .......... .......... .......... 86% 15.3M 1s
216750K .......... .......... .......... .......... .......... 86% 20.6M 1s
216800K .......... .......... .......... .......... .......... 86% 51.5M 1s
216850K .......... .......... .......... .......... .......... 86% 57.9M 1s
216900K .......... .......... .......... .......... .......... 86% 19.4M 1s
216950K .......... .......... .......... .......... .......... 86% 19.1M 1s
217000K .......... .......... .......... .......... .......... 86% 27.1M 1s
217050K .......... .......... .......... .......... .......... 86% 77.4M 1s
217100K .......... .......... .......... .......... .......... 86% 30.0M 1s
217150K .......... .......... .......... .......... .......... 86% 29.3M 1s
217200K .......... .......... .......... .......... .......... 86% 19.0M 1s
217250K .......... .......... .......... .......... .......... 86% 31.6M 1s
217300K .......... .......... .......... .......... .......... 86% 22.8M 1s
217350K .......... .......... .......... .......... .......... 86% 42.9M 1s
217400K .......... .......... .......... .......... .......... 86% 77.7M 1s
217450K .......... .......... .......... .......... .......... 86% 22.0M 1s
217500K .......... .......... .......... .......... .......... 87% 40.0M 1s
217550K .......... .......... .......... .......... .......... 87% 19.2M 1s
217600K .......... .......... .......... .......... .......... 87% 40.2M 1s
217650K .......... .......... .......... .......... .......... 87% 40.5M 1s
217700K .......... .......... .......... .......... .......... 87% 50.8M 1s
217750K .......... .......... .......... .......... .......... 87% 27.4M 1s
217800K .......... .......... .......... .......... .......... 87% 20.8M 1s
217850K .......... .......... .......... .......... .......... 87% 35.7M 1s
217900K .......... .......... .......... .......... .......... 87% 35.1M 1s
217950K .......... .......... .......... .......... .......... 87% 21.8M 1s
218000K .......... .......... .......... .......... .......... 87% 42.2M 1s
218050K .......... .......... .......... .......... .......... 87% 36.6M 1s
218100K .......... .......... .......... .......... .......... 87% 47.4M 1s
218150K .......... .......... .......... .......... .......... 87% 37.7M 1s
218200K .......... .......... .......... .......... .......... 87% 17.9M 1s
218250K .......... .......... .......... .......... .......... 87% 48.0M 1s
218300K .......... .......... .......... .......... .......... 87% 31.8M 1s
218350K .......... .......... .......... .......... .......... 87% 43.8M 1s
218400K .......... .......... .......... .......... .......... 87% 35.7M 1s
218450K .......... .......... .......... .......... .......... 87% 21.9M 1s
218500K .......... .......... .......... .......... .......... 87% 51.2M 1s
218550K .......... .......... .......... .......... .......... 87% 28.6M 1s
218600K .......... .......... .......... .......... .......... 87% 92.8M 1s
218650K .......... .......... .......... .......... .......... 87% 25.7M 1s
218700K .......... .......... .......... .......... .......... 87% 15.5M 1s
218750K .......... .......... .......... .......... .......... 87% 43.2M 1s
218800K .......... .......... .......... .......... .......... 87% 24.3M 1s
218850K .......... .......... .......... .......... .......... 87% 34.4M 1s
218900K .......... .......... .......... .......... .......... 87% 40.4M 1s
218950K .......... .......... .......... .......... .......... 87% 9.23M 1s
219000K .......... .......... .......... .......... .......... 87% 56.6M 1s
219050K .......... .......... .......... .......... .......... 87% 48.7M 1s
219100K .......... .......... .......... .......... .......... 87% 73.0M 1s
219150K .......... .......... .......... .......... .......... 87% 28.5M 1s
219200K .......... .......... .......... .......... .......... 87% 12.3M 1s
219250K .......... .......... .......... .......... .......... 87% 51.7M 1s
219300K .......... .......... .......... .......... .......... 87% 33.0M 1s
219350K .......... .......... .......... .......... .......... 87% 27.3M 1s
219400K .......... .......... .......... .......... .......... 87% 40.7M 1s
219450K .......... .......... .......... .......... .......... 87% 21.6M 1s
219500K .......... .......... .......... .......... .......... 87% 18.7M 1s
219550K .......... .......... .......... .......... .......... 87% 42.1M 1s
219600K .......... .......... .......... .......... .......... 87% 55.6M 1s
219650K .......... .......... .......... .......... .......... 87% 24.6M 1s
219700K .......... .......... .......... .......... .......... 87% 12.9M 1s
219750K .......... .......... .......... .......... .......... 87% 19.3M 1s
219800K .......... .......... .......... .......... .......... 87% 42.5M 1s
219850K .......... .......... .......... .......... .......... 87% 35.3M 1s
219900K .......... .......... .......... .......... .......... 87% 33.8M 1s
219950K .......... .......... .......... .......... .......... 87% 24.2M 1s
220000K .......... .......... .......... .......... .......... 88% 18.1M 1s
220050K .......... .......... .......... .......... .......... 88% 21.0M 1s
220100K .......... .......... .......... .......... .......... 88% 88.1M 1s
220150K .......... .......... .......... .......... .......... 88% 48.7M 1s
220200K .......... .......... .......... .......... .......... 88% 70.2M 1s
220250K .......... .......... .......... .......... .......... 88% 21.1M 1s
220300K .......... .......... .......... .......... .......... 88% 16.7M 1s
220350K .......... .......... .......... .......... .......... 88% 75.6M 1s
220400K .......... .......... .......... .......... .......... 88% 32.1M 1s
220450K .......... .......... .......... .......... .......... 88% 48.8M 1s
220500K .......... .......... .......... .......... .......... 88% 36.8M 1s
220550K .......... .......... .......... .......... .......... 88% 18.0M 1s
220600K .......... .......... .......... .......... .......... 88% 86.6M 1s
220650K .......... .......... .......... .......... .......... 88% 29.7M 1s
220700K .......... .......... .......... .......... .......... 88% 48.5M 1s
220750K .......... .......... .......... .......... .......... 88% 30.4M 1s
220800K .......... .......... .......... .......... .......... 88% 21.9M 1s
220850K .......... .......... .......... .......... .......... 88% 53.9M 1s
220900K .......... .......... .......... .......... .......... 88% 33.3M 1s
220950K .......... .......... .......... .......... .......... 88% 55.6M 1s
221000K .......... .......... .......... .......... .......... 88% 27.2M 1s
221050K .......... .......... .......... .......... .......... 88% 16.0M 1s
221100K .......... .......... .......... .......... .......... 88% 53.7M 1s
221150K .......... .......... .......... .......... .......... 88% 23.4M 1s
221200K .......... .......... .......... .......... .......... 88% 39.8M 1s
221250K .......... .......... .......... .......... .......... 88% 18.5M 1s
221300K .......... .......... .......... .......... .......... 88% 83.2M 1s
221350K .......... .......... .......... .......... .......... 88% 15.5M 1s
221400K .......... .......... .......... .......... .......... 88% 26.8M 1s
221450K .......... .......... .......... .......... .......... 88% 35.9M 1s
221500K .......... .......... .......... .......... .......... 88% 42.6M 1s
221550K .......... .......... .......... .......... .......... 88% 26.4M 1s
221600K .......... .......... .......... .......... .......... 88% 22.0M 1s
221650K .......... .......... .......... .......... .......... 88% 38.3M 1s
221700K .......... .......... .......... .......... .......... 88% 48.8M 1s
221750K .......... .......... .......... .......... .......... 88% 29.3M 1s
221800K .......... .......... .......... .......... .......... 88% 35.6M 1s
221850K .......... .......... .......... .......... .......... 88% 24.6M 1s
221900K .......... .......... .......... .......... .......... 88% 15.2M 1s
221950K .......... .......... .......... .......... .......... 88% 34.4M 1s
222000K .......... .......... .......... .......... .......... 88% 24.9M 1s
222050K .......... .......... .......... .......... .......... 88% 17.0M 1s
222100K .......... .......... .......... .......... .......... 88% 66.4M 1s
222150K .......... .......... .......... .......... .......... 88% 14.9M 1s
222200K .......... .......... .......... .......... .......... 88% 79.6M 1s
222250K .......... .......... .......... .......... .......... 88% 19.0M 1s
222300K .......... .......... .......... .......... .......... 88% 34.6M 1s
222350K .......... .......... .......... .......... .......... 88% 31.5M 1s
222400K .......... .......... .......... .......... .......... 88% 26.0M 1s
222450K .......... .......... .......... .......... .......... 88% 72.3M 1s
222500K .......... .......... .......... .......... .......... 89% 20.0M 1s
222550K .......... .......... .......... .......... .......... 89% 66.9M 1s
222600K .......... .......... .......... .......... .......... 89% 85.8M 1s
222650K .......... .......... .......... .......... .......... 89% 25.3M 1s
222700K .......... .......... .......... .......... .......... 89% 23.5M 1s
222750K .......... .......... .......... .......... .......... 89% 18.5M 1s
222800K .......... .......... .......... .......... .......... 89% 53.5M 1s
222850K .......... .......... .......... .......... .......... 89% 48.4M 1s
222900K .......... .......... .......... .......... .......... 89% 33.5M 1s
222950K .......... .......... .......... .......... .......... 89% 62.8M 1s
223000K .......... .......... .......... .......... .......... 89% 17.4M 1s
223050K .......... .......... .......... .......... .......... 89% 82.3M 1s
223100K .......... .......... .......... .......... .......... 89% 28.3M 1s
223150K .......... .......... .......... .......... .......... 89% 54.9M 1s
223200K .......... .......... .......... .......... .......... 89% 26.4M 1s
223250K .......... .......... .......... .......... .......... 89% 23.0M 1s
223300K .......... .......... .......... .......... .......... 89% 36.2M 1s
223350K .......... .......... .......... .......... .......... 89% 42.3M 1s
223400K .......... .......... .......... .......... .......... 89% 62.6M 1s
223450K .......... .......... .......... .......... .......... 89% 20.4M 1s
223500K .......... .......... .......... .......... .......... 89% 13.9M 1s
223550K .......... .......... .......... .......... .......... 89% 73.6M 1s
223600K .......... .......... .......... .......... .......... 89% 40.8M 1s
223650K .......... .......... .......... .......... .......... 89% 34.1M 1s
223700K .......... .......... .......... .......... .......... 89% 28.0M 1s
223750K .......... .......... .......... .......... .......... 89% 89.8M 1s
223800K .......... .......... .......... .......... .......... 89% 20.5M 1s
223850K .......... .......... .......... .......... .......... 89% 39.3M 1s
223900K .......... .......... .......... .......... .......... 89% 28.7M 1s
223950K .......... .......... .......... .......... .......... 89% 30.7M 1s
224000K .......... .......... .......... .......... .......... 89% 92.3M 1s
224050K .......... .......... .......... .......... .......... 89% 25.2M 1s
224100K .......... .......... .......... .......... .......... 89% 21.9M 1s
224150K .......... .......... .......... .......... .......... 89% 50.1M 1s
224200K .......... .......... .......... .......... .......... 89% 28.7M 1s
224250K .......... .......... .......... .......... .......... 89% 30.0M 1s
224300K .......... .......... .......... .......... .......... 89% 12.9M 1s
224350K .......... .......... .......... .......... .......... 89% 50.7M 1s
224400K .......... .......... .......... .......... .......... 89% 26.7M 1s
224450K .......... .......... .......... .......... .......... 89% 18.6M 1s
224500K .......... .......... .......... .......... .......... 89% 34.5M 1s
224550K .......... .......... .......... .......... .......... 89% 54.5M 1s
224600K .......... .......... .......... .......... .......... 89% 17.4M 1s
224650K .......... .......... .......... .......... .......... 89% 25.7M 1s
224700K .......... .......... .......... .......... .......... 89% 49.3M 1s
224750K .......... .......... .......... .......... .......... 89% 66.7M 1s
224800K .......... .......... .......... .......... .......... 89% 74.1M 1s
224850K .......... .......... .......... .......... .......... 89% 19.5M 1s
224900K .......... .......... .......... .......... .......... 89% 23.1M 1s
224950K .......... .......... .......... .......... .......... 89% 50.4M 1s
225000K .......... .......... .......... .......... .......... 90% 35.9M 1s
225050K .......... .......... .......... .......... .......... 90% 43.2M 1s
225100K .......... .......... .......... .......... .......... 90% 32.0M 1s
225150K .......... .......... .......... .......... .......... 90% 42.5M 1s
225200K .......... .......... .......... .......... .......... 90% 24.7M 1s
225250K .......... .......... .......... .......... .......... 90% 2.09M 1s
225300K .......... .......... .......... .......... .......... 90% 53.6M 1s
225350K .......... .......... .......... .......... .......... 90% 45.1M 1s
225400K .......... .......... .......... .......... .......... 90% 44.9M 1s
225450K .......... .......... .......... .......... .......... 90% 38.3M 1s
225500K .......... .......... .......... .......... .......... 90% 13.0M 1s
225550K .......... .......... .......... .......... .......... 90% 41.4M 1s
225600K .......... .......... .......... .......... .......... 90% 73.8M 1s
225650K .......... .......... .......... .......... .......... 90% 52.5M 1s
225700K .......... .......... .......... .......... .......... 90% 38.8M 1s
225750K .......... .......... .......... .......... .......... 90% 94.8M 1s
225800K .......... .......... .......... .......... .......... 90% 18.6M 1s
225850K .......... .......... .......... .......... .......... 90% 33.0M 1s
225900K .......... .......... .......... .......... .......... 90% 27.1M 1s
225950K .......... .......... .......... .......... .......... 90% 30.0M 1s
226000K .......... .......... .......... .......... .......... 90% 36.4M 1s
226050K .......... .......... .......... .......... .......... 90% 23.4M 1s
226100K .......... .......... .......... .......... .......... 90% 45.8M 1s
226150K .......... .......... .......... .......... .......... 90% 21.8M 1s
226200K .......... .......... .......... .......... .......... 90% 30.3M 1s
226250K .......... .......... .......... .......... .......... 90% 43.7M 1s
226300K .......... .......... .......... .......... .......... 90% 44.6M 1s
226350K .......... .......... .......... .......... .......... 90% 19.3M 1s
226400K .......... .......... .......... .......... .......... 90% 14.8M 1s
226450K .......... .......... .......... .......... .......... 90% 41.5M 1s
226500K .......... .......... .......... .......... .......... 90% 32.1M 1s
226550K .......... .......... .......... .......... .......... 90% 59.4M 1s
226600K .......... .......... .......... .......... .......... 90% 24.4M 1s
226650K .......... .......... .......... .......... .......... 90% 91.3M 1s
226700K .......... .......... .......... .......... .......... 90% 17.2M 1s
226750K .......... .......... .......... .......... .......... 90% 48.1M 1s
226800K .......... .......... .......... .......... .......... 90% 28.5M 1s
226850K .......... .......... .......... .......... .......... 90% 49.4M 1s
226900K .......... .......... .......... .......... .......... 90% 33.2M 1s
226950K .......... .......... .......... .......... .......... 90% 45.6M 1s
227000K .......... .......... .......... .......... .......... 90% 29.6M 1s
227050K .......... .......... .......... .......... .......... 90% 63.5M 1s
227100K .......... .......... .......... .......... .......... 90% 29.0M 1s
227150K .......... .......... .......... .......... .......... 90% 28.9M 1s
227200K .......... .......... .......... .......... .......... 90% 46.0M 1s
227250K .......... .......... .......... .......... .......... 90% 47.4M 1s
227300K .......... .......... .......... .......... .......... 90% 37.7M 1s
227350K .......... .......... .......... .......... .......... 90% 32.4M 1s
227400K .......... .......... .......... .......... .......... 90% 57.2M 1s
227450K .......... .......... .......... .......... .......... 90% 21.5M 1s
227500K .......... .......... .......... .......... .......... 91% 69.7M 1s
227550K .......... .......... .......... .......... .......... 91% 22.7M 1s
227600K .......... .......... .......... .......... .......... 91% 91.5M 1s
227650K .......... .......... .......... .......... .......... 91% 35.4M 1s
227700K .......... .......... .......... .......... .......... 91% 22.5M 1s
227750K .......... .......... .......... .......... .......... 91% 82.8M 1s
227800K .......... .......... .......... .......... .......... 91% 53.4M 1s
227850K .......... .......... .......... .......... .......... 91% 26.1M 1s
227900K .......... .......... .......... .......... .......... 91% 42.2M 1s
227950K .......... .......... .......... .......... .......... 91% 59.7M 1s
228000K .......... .......... .......... .......... .......... 91% 16.3M 1s
228050K .......... .......... .......... .......... .......... 91% 97.7M 1s
228100K .......... .......... .......... .......... .......... 91% 13.0M 1s
228150K .......... .......... .......... .......... .......... 91% 47.3M 1s
228200K .......... .......... .......... .......... .......... 91% 25.2M 1s
228250K .......... .......... .......... .......... .......... 91% 22.2M 1s
228300K .......... .......... .......... .......... .......... 91% 57.9M 1s
228350K .......... .......... .......... .......... .......... 91% 26.1M 1s
228400K .......... .......... .......... .......... .......... 91% 24.2M 1s
228450K .......... .......... .......... .......... .......... 91% 34.8M 1s
228500K .......... .......... .......... .......... .......... 91% 73.0M 1s
228550K .......... .......... .......... .......... .......... 91% 25.4M 1s
228600K .......... .......... .......... .......... .......... 91% 24.6M 1s
228650K .......... .......... .......... .......... .......... 91% 15.4M 1s
228700K .......... .......... .......... .......... .......... 91% 31.9M 1s
228750K .......... .......... .......... .......... .......... 91% 16.1M 1s
228800K .......... .......... .......... .......... .......... 91% 19.0M 1s
228850K .......... .......... .......... .......... .......... 91% 41.8M 1s
228900K .......... .......... .......... .......... .......... 91% 49.6M 1s
228950K .......... .......... .......... .......... .......... 91% 17.2M 1s
229000K .......... .......... .......... .......... .......... 91% 15.4M 1s
229050K .......... .......... .......... .......... .......... 91% 27.1M 1s
229100K .......... .......... .......... .......... .......... 91% 30.1M 1s
229150K .......... .......... .......... .......... .......... 91% 42.8M 1s
229200K .......... .......... .......... .......... .......... 91% 20.4M 1s
229250K .......... .......... .......... .......... .......... 91% 9.93M 1s
229300K .......... .......... .......... .......... .......... 91% 86.8M 1s
229350K .......... .......... .......... .......... .......... 91% 67.8M 1s
229400K .......... .......... .......... .......... .......... 91% 86.3M 1s
229450K .......... .......... .......... .......... .......... 91% 87.9M 1s
229500K .......... .......... .......... .......... .......... 91% 55.4M 1s
229550K .......... .......... .......... .......... .......... 91% 11.1M 1s
229600K .......... .......... .......... .......... .......... 91% 39.8M 1s
229650K .......... .......... .......... .......... .......... 91% 23.7M 1s
229700K .......... .......... .......... .......... .......... 91% 57.3M 1s
229750K .......... .......... .......... .......... .......... 91% 26.5M 1s
229800K .......... .......... .......... .......... .......... 91% 45.8M 1s
229850K .......... .......... .......... .......... .......... 91% 55.0M 1s
229900K .......... .......... .......... .......... .......... 91% 26.5M 1s
229950K .......... .......... .......... .......... .......... 91% 26.1M 1s
230000K .......... .......... .......... .......... .......... 92% 29.0M 1s
230050K .......... .......... .......... .......... .......... 92% 46.7M 1s
230100K .......... .......... .......... .......... .......... 92% 82.9M 1s
230150K .......... .......... .......... .......... .......... 92% 27.9M 1s
230200K .......... .......... .......... .......... .......... 92% 54.4M 1s
230250K .......... .......... .......... .......... .......... 92% 23.0M 1s
230300K .......... .......... .......... .......... .......... 92% 25.4M 1s
230350K .......... .......... .......... .......... .......... 92% 82.7M 1s
230400K .......... .......... .......... .......... .......... 92% 27.7M 1s
230450K .......... .......... .......... .......... .......... 92% 66.2M 1s
230500K .......... .......... .......... .......... .......... 92% 15.0M 1s
230550K .......... .......... .......... .......... .......... 92% 92.4M 1s
230600K .......... .......... .......... .......... .......... 92% 41.5M 1s
230650K .......... .......... .......... .......... .......... 92% 98.1M 1s
230700K .......... .......... .......... .......... .......... 92% 33.9M 1s
230750K .......... .......... .......... .......... .......... 92% 37.3M 1s
230800K .......... .......... .......... .......... .......... 92% 20.6M 1s
230850K .......... .......... .......... .......... .......... 92% 34.0M 1s
230900K .......... .......... .......... .......... .......... 92% 44.2M 1s
230950K .......... .......... .......... .......... .......... 92% 41.5M 1s
231000K .......... .......... .......... .......... .......... 92% 29.3M 1s
231050K .......... .......... .......... .......... .......... 92% 37.7M 1s
231100K .......... .......... .......... .......... .......... 92% 14.5M 1s
231150K .......... .......... .......... .......... .......... 92% 16.2M 1s
231200K .......... .......... .......... .......... .......... 92% 17.9M 1s
231250K .......... .......... .......... .......... .......... 92% 52.1M 1s
231300K .......... .......... .......... .......... .......... 92% 25.6M 1s
231350K .......... .......... .......... .......... .......... 92% 71.0M 1s
231400K .......... .......... .......... .......... .......... 92% 24.2M 1s
231450K .......... .......... .......... .......... .......... 92% 20.0M 1s
231500K .......... .......... .......... .......... .......... 92% 17.3M 1s
231550K .......... .......... .......... .......... .......... 92% 16.7M 1s
231600K .......... .......... .......... .......... .......... 92% 66.0M 1s
231650K .......... .......... .......... .......... .......... 92% 30.4M 1s
231700K .......... .......... .......... .......... .......... 92% 33.7M 1s
231750K .......... .......... .......... .......... .......... 92% 57.2M 1s
231800K .......... .......... .......... .......... .......... 92% 53.3M 1s
231850K .......... .......... .......... .......... .......... 92% 23.5M 1s
231900K .......... .......... .......... .......... .......... 92% 34.7M 1s
231950K .......... .......... .......... .......... .......... 92% 28.2M 1s
232000K .......... .......... .......... .......... .......... 92% 50.9M 1s
232050K .......... .......... .......... .......... .......... 92% 28.3M 1s
232100K .......... .......... .......... .......... .......... 92% 44.5M 1s
232150K .......... .......... .......... .......... .......... 92% 45.9M 1s
232200K .......... .......... .......... .......... .......... 92% 42.4M 1s
232250K .......... .......... .......... .......... .......... 92% 26.3M 1s
232300K .......... .......... .......... .......... .......... 92% 44.6M 1s
232350K .......... .......... .......... .......... .......... 92% 55.9M 1s
232400K .......... .......... .......... .......... .......... 92% 37.1M 1s
232450K .......... .......... .......... .......... .......... 92% 29.0M 1s
232500K .......... .......... .......... .......... .......... 93% 43.0M 1s
232550K .......... .......... .......... .......... .......... 93% 98.8M 1s
232600K .......... .......... .......... .......... .......... 93% 28.8M 1s
232650K .......... .......... .......... .......... .......... 93% 54.4M 1s
232700K .......... .......... .......... .......... .......... 93% 23.2M 1s
232750K .......... .......... .......... .......... .......... 93% 25.4M 1s
232800K .......... .......... .......... .......... .......... 93% 65.5M 1s
232850K .......... .......... .......... .......... .......... 93% 39.0M 1s
232900K .......... .......... .......... .......... .......... 93% 50.4M 1s
232950K .......... .......... .......... .......... .......... 93% 24.9M 1s
233000K .......... .......... .......... .......... .......... 93% 96.3M 1s
233050K .......... .......... .......... .......... .......... 93% 14.7M 1s
233100K .......... .......... .......... .......... .......... 93% 55.5M 1s
233150K .......... .......... .......... .......... .......... 93% 47.1M 1s
233200K .......... .......... .......... .......... .......... 93% 34.3M 1s
233250K .......... .......... .......... .......... .......... 93% 28.4M 1s
233300K .......... .......... .......... .......... .......... 93% 97.7M 1s
233350K .......... .......... .......... .......... .......... 93% 27.5M 1s
233400K .......... .......... .......... .......... .......... 93% 54.7M 1s
233450K .......... .......... .......... .......... .......... 93% 38.1M 1s
233500K .......... .......... .......... .......... .......... 93% 25.2M 1s
233550K .......... .......... .......... .......... .......... 93% 17.7M 1s
233600K .......... .......... .......... .......... .......... 93% 47.2M 1s
233650K .......... .......... .......... .......... .......... 93% 21.8M 1s
233700K .......... .......... .......... .......... .......... 93% 35.0M 1s
233750K .......... .......... .......... .......... .......... 93% 28.8M 1s
233800K .......... .......... .......... .......... .......... 93% 9.98M 1s
233850K .......... .......... .......... .......... .......... 93% 14.5M 1s
233900K .......... .......... .......... .......... .......... 93% 51.5M 1s
233950K .......... .......... .......... .......... .......... 93% 87.3M 1s
234000K .......... .......... .......... .......... .......... 93% 61.7M 1s
234050K .......... .......... .......... .......... .......... 93% 32.0M 1s
234100K .......... .......... .......... .......... .......... 93% 18.4M 1s
234150K .......... .......... .......... .......... .......... 93% 16.0M 1s
234200K .......... .......... .......... .......... .......... 93% 45.4M 1s
234250K .......... .......... .......... .......... .......... 93% 21.3M 1s
234300K .......... .......... .......... .......... .......... 93% 21.8M 1s
234350K .......... .......... .......... .......... .......... 93% 33.9M 1s
234400K .......... .......... .......... .......... .......... 93% 91.4M 1s
234450K .......... .......... .......... .......... .......... 93% 55.8M 1s
234500K .......... .......... .......... .......... .......... 93% 42.6M 1s
234550K .......... .......... .......... .......... .......... 93% 40.8M 1s
234600K .......... .......... .......... .......... .......... 93% 38.3M 1s
234650K .......... .......... .......... .......... .......... 93% 17.0M 1s
234700K .......... .......... .......... .......... .......... 93% 27.0M 1s
234750K .......... .......... .......... .......... .......... 93% 48.7M 1s
234800K .......... .......... .......... .......... .......... 93% 45.6M 1s
234850K .......... .......... .......... .......... .......... 93% 52.9M 1s
234900K .......... .......... .......... .......... .......... 93% 53.2M 1s
234950K .......... .......... .......... .......... .......... 93% 24.5M 1s
235000K .......... .......... .......... .......... .......... 94% 26.2M 1s
235050K .......... .......... .......... .......... .......... 94% 85.0M 1s
235100K .......... .......... .......... .......... .......... 94% 25.5M 1s
235150K .......... .......... .......... .......... .......... 94% 51.3M 1s
235200K .......... .......... .......... .......... .......... 94% 51.0M 1s
235250K .......... .......... .......... .......... .......... 94% 19.0M 1s
235300K .......... .......... .......... .......... .......... 94% 48.4M 1s
235350K .......... .......... .......... .......... .......... 94% 95.9M 1s
235400K .......... .......... .......... .......... .......... 94% 48.8M 1s
235450K .......... .......... .......... .......... .......... 94% 33.3M 1s
235500K .......... .......... .......... .......... .......... 94% 45.4M 1s
235550K .......... .......... .......... .......... .......... 94% 24.0M 1s
235600K .......... .......... .......... .......... .......... 94% 56.2M 1s
235650K .......... .......... .......... .......... .......... 94% 35.5M 1s
235700K .......... .......... .......... .......... .......... 94% 53.8M 1s
235750K .......... .......... .......... .......... .......... 94% 44.4M 1s
235800K .......... .......... .......... .......... .......... 94% 26.8M 1s
235850K .......... .......... .......... .......... .......... 94% 99.0M 1s
235900K .......... .......... .......... .......... .......... 94% 25.6M 1s
235950K .......... .......... .......... .......... .......... 94% 55.1M 1s
236000K .......... .......... .......... .......... .......... 94% 27.3M 1s
236050K .......... .......... .......... .......... .......... 94% 84.3M 1s
236100K .......... .......... .......... .......... .......... 94% 55.3M 1s
236150K .......... .......... .......... .......... .......... 94% 11.7M 1s
236200K .......... .......... .......... .......... .......... 94% 28.1M 1s
236250K .......... .......... .......... .......... .......... 94% 34.0M 1s
236300K .......... .......... .......... .......... .......... 94% 24.2M 1s
236350K .......... .......... .......... .......... .......... 94% 41.6M 1s
236400K .......... .......... .......... .......... .......... 94% 49.0M 1s
236450K .......... .......... .......... .......... .......... 94% 9.17M 1s
236500K .......... .......... .......... .......... .......... 94% 99.4M 1s
236550K .......... .......... .......... .......... .......... 94% 93.9M 1s
236600K .......... .......... .......... .......... .......... 94% 90.9M 1s
236650K .......... .......... .......... .......... .......... 94% 95.4M 1s
236700K .......... .......... .......... .......... .......... 94% 22.7M 1s
236750K .......... .......... .......... .......... .......... 94% 9.59M 1s
236800K .......... .......... .......... .......... .......... 94% 28.5M 1s
236850K .......... .......... .......... .......... .......... 94% 38.1M 0s
236900K .......... .......... .......... .......... .......... 94% 24.0M 0s
236950K .......... .......... .......... .......... .......... 94% 41.9M 0s
237000K .......... .......... .......... .......... .......... 94% 39.7M 0s
237050K .......... .......... .......... .......... .......... 94% 42.2M 0s
237100K .......... .......... .......... .......... .......... 94% 72.7M 0s
237150K .......... .......... .......... .......... .......... 94% 36.4M 0s
237200K .......... .......... .......... .......... .......... 94% 53.5M 0s
237250K .......... .......... .......... .......... .......... 94% 26.4M 0s
237300K .......... .......... .......... .......... .......... 94% 24.4M 0s
237350K .......... .......... .......... .......... .......... 94% 52.5M 0s
237400K .......... .......... .......... .......... .......... 94% 66.1M 0s
237450K .......... .......... .......... .......... .......... 94% 34.0M 0s
237500K .......... .......... .......... .......... .......... 95% 40.0M 0s
237550K .......... .......... .......... .......... .......... 95% 49.5M 0s
237600K .......... .......... .......... .......... .......... 95% 26.7M 0s
237650K .......... .......... .......... .......... .......... 95% 41.7M 0s
237700K .......... .......... .......... .......... .......... 95% 61.2M 0s
237750K .......... .......... .......... .......... .......... 95% 26.6M 0s
237800K .......... .......... .......... .......... .......... 95% 24.7M 0s
237850K .......... .......... .......... .......... .......... 95% 88.8M 0s
237900K .......... .......... .......... .......... .......... 95% 54.4M 0s
237950K .......... .......... .......... .......... .......... 95% 29.0M 0s
238000K .......... .......... .......... .......... .......... 95% 80.7M 0s
238050K .......... .......... .......... .......... .......... 95% 38.2M 0s
238100K .......... .......... .......... .......... .......... 95% 41.1M 0s
238150K .......... .......... .......... .......... .......... 95% 21.9M 0s
238200K .......... .......... .......... .......... .......... 95% 37.5M 0s
238250K .......... .......... .......... .......... .......... 95% 28.7M 0s
238300K .......... .......... .......... .......... .......... 95% 60.4M 0s
238350K .......... .......... .......... .......... .......... 95% 50.5M 0s
238400K .......... .......... .......... .......... .......... 95% 95.4M 0s
238450K .......... .......... .......... .......... .......... 95% 20.5M 0s
238500K .......... .......... .......... .......... .......... 95% 46.1M 0s
238550K .......... .......... .......... .......... .......... 95% 27.3M 0s
238600K .......... .......... .......... .......... .......... 95% 94.5M 0s
238650K .......... .......... .......... .......... .......... 95% 66.1M 0s
238700K .......... .......... .......... .......... .......... 95% 40.3M 0s
238750K .......... .......... .......... .......... .......... 95% 26.8M 0s
238800K .......... .......... .......... .......... .......... 95% 42.1M 0s
238850K .......... .......... .......... .......... .......... 95% 43.1M 0s
238900K .......... .......... .......... .......... .......... 95% 16.4M 0s
238950K .......... .......... .......... .......... .......... 95% 32.3M 0s
239000K .......... .......... .......... .......... .......... 95% 33.8M 0s
239050K .......... .......... .......... .......... .......... 95% 31.1M 0s
239100K .......... .......... .......... .......... .......... 95% 21.9M 0s
239150K .......... .......... .......... .......... .......... 95% 59.8M 0s
239200K .......... .......... .......... .......... .......... 95% 9.98M 0s
239250K .......... .......... .......... .......... .......... 95% 46.3M 0s
239300K .......... .......... .......... .......... .......... 95% 94.5M 0s
239350K .......... .......... .......... .......... .......... 95% 68.4M 0s
239400K .......... .......... .......... .......... .......... 95% 40.1M 0s
239450K .......... .......... .......... .......... .......... 95% 47.8M 0s
239500K .......... .......... .......... .......... .......... 95% 10.4M 0s
239550K .......... .......... .......... .......... .......... 95% 43.3M 0s
239600K .......... .......... .......... .......... .......... 95% 43.6M 0s
239650K .......... .......... .......... .......... .......... 95% 24.7M 0s
239700K .......... .......... .......... .......... .......... 95% 43.4M 0s
239750K .......... .......... .......... .......... .......... 95% 22.9M 0s
239800K .......... .......... .......... .......... .......... 95% 34.5M 0s
239850K .......... .......... .......... .......... .......... 95% 22.2M 0s
239900K .......... .......... .......... .......... .......... 95% 4.07M 0s
239950K .......... .......... .......... .......... .......... 95% 86.7M 0s
240000K .......... .......... .......... .......... .......... 96% 75.2M 0s
240050K .......... .......... .......... .......... .......... 96% 87.2M 0s
240100K .......... .......... .......... .......... .......... 96% 93.2M 0s
240150K .......... .......... .......... .......... .......... 96% 92.5M 0s
240200K .......... .......... .......... .......... .......... 96% 93.6M 0s
240250K .......... .......... .......... .......... .......... 96% 89.8M 0s
240300K .......... .......... .......... .......... .......... 96% 67.4M 0s
240350K .......... .......... .......... .......... .......... 96% 84.4M 0s
240400K .......... .......... .......... .......... .......... 96% 85.5M 0s
240450K .......... .......... .......... .......... .......... 96% 93.9M 0s
240500K .......... .......... .......... .......... .......... 96% 90.5M 0s
240550K .......... .......... .......... .......... .......... 96% 56.3M 0s
240600K .......... .......... .......... .......... .......... 96% 42.4M 0s
240650K .......... .......... .......... .......... .......... 96% 21.8M 0s
240700K .......... .......... .......... .......... .......... 96% 15.0M 0s
240750K .......... .......... .......... .......... .......... 96% 48.7M 0s
240800K .......... .......... .......... .......... .......... 96% 28.8M 0s
240850K .......... .......... .......... .......... .......... 96% 21.5M 0s
240900K .......... .......... .......... .......... .......... 96% 17.0M 0s
240950K .......... .......... .......... .......... .......... 96% 92.3M 0s
241000K .......... .......... .......... .......... .......... 96% 40.3M 0s
241050K .......... .......... .......... .......... .......... 96% 47.9M 0s
241100K .......... .......... .......... .......... .......... 96% 10.0M 0s
241150K .......... .......... .......... .......... .......... 96% 27.0M 0s
241200K .......... .......... .......... .......... .......... 96% 22.0M 0s
241250K .......... .......... .......... .......... .......... 96% 24.8M 0s
241300K .......... .......... .......... .......... .......... 96% 17.9M 0s
241350K .......... .......... .......... .......... .......... 96% 13.4M 0s
241400K .......... .......... .......... .......... .......... 96% 48.9M 0s
241450K .......... .......... .......... .......... .......... 96% 82.7M 0s
241500K .......... .......... .......... .......... .......... 96% 24.8M 0s
241550K .......... .......... .......... .......... .......... 96% 12.7M 0s
241600K .......... .......... .......... .......... .......... 96% 23.6M 0s
241650K .......... .......... .......... .......... .......... 96% 23.5M 0s
241700K .......... .......... .......... .......... .......... 96% 20.8M 0s
241750K .......... .......... .......... .......... .......... 96% 27.4M 0s
241800K .......... .......... .......... .......... .......... 96% 22.4M 0s
241850K .......... .......... .......... .......... .......... 96% 48.7M 0s
241900K .......... .......... .......... .......... .......... 96% 20.8M 0s
241950K .......... .......... .......... .......... .......... 96% 22.5M 0s
242000K .......... .......... .......... .......... .......... 96% 70.5M 0s
242050K .......... .......... .......... .......... .......... 96% 21.0M 0s
242100K .......... .......... .......... .......... .......... 96% 22.1M 0s
242150K .......... .......... .......... .......... .......... 96% 41.9M 0s
242200K .......... .......... .......... .......... .......... 96% 26.9M 0s
242250K .......... .......... .......... .......... .......... 96% 25.2M 0s
242300K .......... .......... .......... .......... .......... 96% 16.9M 0s
242350K .......... .......... .......... .......... .......... 96% 41.6M 0s
242400K .......... .......... .......... .......... .......... 96% 37.6M 0s
242450K .......... .......... .......... .......... .......... 96% 56.0M 0s
242500K .......... .......... .......... .......... .......... 97% 29.4M 0s
242550K .......... .......... .......... .......... .......... 97% 21.7M 0s
242600K .......... .......... .......... .......... .......... 97% 24.7M 0s
242650K .......... .......... .......... .......... .......... 97% 45.3M 0s
242700K .......... .......... .......... .......... .......... 97% 22.4M 0s
242750K .......... .......... .......... .......... .......... 97% 16.7M 0s
242800K .......... .......... .......... .......... .......... 97% 19.8M 0s
242850K .......... .......... .......... .......... .......... 97% 78.2M 0s
242900K .......... .......... .......... .......... .......... 97% 35.8M 0s
242950K .......... .......... .......... .......... .......... 97% 41.1M 0s
243000K .......... .......... .......... .......... .......... 97% 19.9M 0s
243050K .......... .......... .......... .......... .......... 97% 16.3M 0s
243100K .......... .......... .......... .......... .......... 97% 53.9M 0s
243150K .......... .......... .......... .......... .......... 97% 22.8M 0s
243200K .......... .......... .......... .......... .......... 97% 14.2M 0s
243250K .......... .......... .......... .......... .......... 97% 25.0M 0s
243300K .......... .......... .......... .......... .......... 97% 34.1M 0s
243350K .......... .......... .......... .......... .......... 97% 25.4M 0s
243400K .......... .......... .......... .......... .......... 97% 18.2M 0s
243450K .......... .......... .......... .......... .......... 97% 67.8M 0s
243500K .......... .......... .......... .......... .......... 97% 20.7M 0s
243550K .......... .......... .......... .......... .......... 97% 72.8M 0s
243600K .......... .......... .......... .......... .......... 97% 14.5M 0s
243650K .......... .......... .......... .......... .......... 97% 39.2M 0s
243700K .......... .......... .......... .......... .......... 97% 39.9M 0s
243750K .......... .......... .......... .......... .......... 97% 22.6M 0s
243800K .......... .......... .......... .......... .......... 97% 36.0M 0s
243850K .......... .......... .......... .......... .......... 97% 13.5M 0s
243900K .......... .......... .......... .......... .......... 97% 25.9M 0s
243950K .......... .......... .......... .......... .......... 97% 16.1M 0s
244000K .......... .......... .......... .......... .......... 97% 55.2M 0s
244050K .......... .......... .......... .......... .......... 97% 18.4M 0s
244100K .......... .......... .......... .......... .......... 97% 45.7M 0s
244150K .......... .......... .......... .......... .......... 97% 26.9M 0s
244200K .......... .......... .......... .......... .......... 97% 25.3M 0s
244250K .......... .......... .......... .......... .......... 97% 69.0M 0s
244300K .......... .......... .......... .......... .......... 97% 18.2M 0s
244350K .......... .......... .......... .......... .......... 97% 27.7M 0s
244400K .......... .......... .......... .......... .......... 97% 42.1M 0s
244450K .......... .......... .......... .......... .......... 97% 25.2M 0s
244500K .......... .......... .......... .......... .......... 97% 26.3M 0s
244550K .......... .......... .......... .......... .......... 97% 24.8M 0s
244600K .......... .......... .......... .......... .......... 97% 80.7M 0s
244650K .......... .......... .......... .......... .......... 97% 30.5M 0s
244700K .......... .......... .......... .......... .......... 97% 16.6M 0s
244750K .......... .......... .......... .......... .......... 97% 46.7M 0s
244800K .......... .......... .......... .......... .......... 97% 41.7M 0s
244850K .......... .......... .......... .......... .......... 97% 21.4M 0s
244900K .......... .......... .......... .......... .......... 97% 18.9M 0s
244950K .......... .......... .......... .......... .......... 97% 31.0M 0s
245000K .......... .......... .......... .......... .......... 98% 38.5M 0s
245050K .......... .......... .......... .......... .......... 98% 75.6M 0s
245100K .......... .......... .......... .......... .......... 98% 25.5M 0s
245150K .......... .......... .......... .......... .......... 98% 12.5M 0s
245200K .......... .......... .......... .......... .......... 98% 46.8M 0s
245250K .......... .......... .......... .......... .......... 98% 27.6M 0s
245300K .......... .......... .......... .......... .......... 98% 27.2M 0s
245350K .......... .......... .......... .......... .......... 98% 55.5M 0s
245400K .......... .......... .......... .......... .......... 98% 14.1M 0s
245450K .......... .......... .......... .......... .......... 98% 44.7M 0s
245500K .......... .......... .......... .......... .......... 98% 28.2M 0s
245550K .......... .......... .......... .......... .......... 98% 60.5M 0s
245600K .......... .......... .......... .......... .......... 98% 21.3M 0s
245650K .......... .......... .......... .......... .......... 98% 28.0M 0s
245700K .......... .......... .......... .......... .......... 98% 21.9M 0s
245750K .......... .......... .......... .......... .......... 98%  764K 0s
245800K .......... .......... .......... .......... .......... 98%  581K 0s
245850K .......... .......... .......... .......... .......... 98% 2.42M 0s
245900K .......... .......... .......... .......... .......... 98% 2.33M 0s
245950K .......... .......... .......... .......... .......... 98%  833K 0s
246000K .......... .......... .......... .......... .......... 98% 4.03M 0s
246050K .......... .......... .......... .......... .......... 98% 4.72M 0s
246100K .......... .......... .......... .......... .......... 98% 5.30M 0s
246150K .......... .......... .......... .......... .......... 98% 5.56M 0s
246200K .......... .......... .......... .......... .......... 98% 6.66M 0s
246250K .......... .......... .......... .......... .......... 98% 1.10M 0s
246300K .......... .......... .......... .......... .......... 98% 5.10M 0s
246350K .......... .......... .......... .......... .......... 98% 7.86M 0s
246400K .......... .......... .......... .......... .......... 98% 7.90M 0s
246450K .......... .......... .......... .......... .......... 98% 8.14M 0s
246500K .......... .......... .......... .......... .......... 98% 8.91M 0s
246550K .......... .......... .......... .......... .......... 98% 10.9M 0s
246600K .......... .......... .......... .......... .......... 98% 9.13M 0s
246650K .......... .......... .......... .......... .......... 98% 10.6M 0s
246700K .......... .......... .......... .......... .......... 98% 7.85M 0s
246750K .......... .......... .......... .......... .......... 98% 13.0M 0s
246800K .......... .......... .......... .......... .......... 98% 13.0M 0s
246850K .......... .......... .......... .......... .......... 98% 1.33M 0s
246900K .......... .......... .......... .......... .......... 98% 15.2M 0s
246950K .......... .......... .......... .......... .......... 98% 14.7M 0s
247000K .......... .......... .......... .......... .......... 98% 15.0M 0s
247050K .......... .......... .......... .......... .......... 98% 12.2M 0s
247100K .......... .......... .......... .......... .......... 98% 14.0M 0s
247150K .......... .......... .......... .......... .......... 98% 15.5M 0s
247200K .......... .......... .......... .......... .......... 98% 12.2M 0s
247250K .......... .......... .......... .......... .......... 98% 18.6M 0s
247300K .......... .......... .......... .......... .......... 98% 19.1M 0s
247350K .......... .......... .......... .......... .......... 98% 18.1M 0s
247400K .......... .......... .......... .......... .......... 98% 17.0M 0s
247450K .......... .......... .......... .......... .......... 98% 22.5M 0s
247500K .......... .......... .......... .......... .......... 99% 12.3M 0s
247550K .......... .......... .......... .......... .......... 99% 19.7M 0s
247600K .......... .......... .......... .......... .......... 99% 20.0M 0s
247650K .......... .......... .......... .......... .......... 99% 25.8M 0s
247700K .......... .......... .......... .......... .......... 99% 22.0M 0s
247750K .......... .......... .......... .......... .......... 99% 19.1M 0s
247800K .......... .......... .......... .......... .......... 99% 23.7M 0s
247850K .......... .......... .......... .......... .......... 99% 20.4M 0s
247900K .......... .......... .......... .......... .......... 99% 17.1M 0s
247950K .......... .......... .......... .......... .......... 99% 25.7M 0s
248000K .......... .......... .......... .......... .......... 99% 26.0M 0s
248050K .......... .......... .......... .......... .......... 99% 25.1M 0s
248100K .......... .......... .......... .......... .......... 99% 1.44M 0s
248150K .......... .......... .......... .......... .......... 99% 29.0M 0s
248200K .......... .......... .......... .......... .......... 99% 28.3M 0s
248250K .......... .......... .......... .......... .......... 99% 27.8M 0s
248300K .......... .......... .......... .......... .......... 99% 17.3M 0s
248350K .......... .......... .......... .......... .......... 99% 29.2M 0s
248400K .......... .......... .......... .......... .......... 99% 28.0M 0s
248450K .......... .......... .......... .......... .......... 99% 37.6M 0s
248500K .......... .......... .......... .......... .......... 99% 25.7M 0s
248550K .......... .......... .......... .......... .......... 99% 24.9M 0s
248600K .......... .......... .......... .......... .......... 99% 26.3M 0s
248650K .......... .......... .......... .......... .......... 99% 42.0M 0s
248700K .......... .......... .......... .......... .......... 99% 17.2M 0s
248750K .......... .......... .......... .......... .......... 99% 42.9M 0s
248800K .......... .......... .......... .......... .......... 99% 27.5M 0s
248850K .......... .......... .......... .......... .......... 99% 70.2M 0s
248900K .......... .......... .......... .......... .......... 99% 20.7M 0s
248950K .......... .......... .......... .......... .......... 99% 35.0M 0s
249000K .......... .......... .......... .......... .......... 99% 47.4M 0s
249050K .......... .......... .......... .......... .......... 99% 22.1M 0s
249100K .......... .......... .......... .......... .......... 99% 26.0M 0s
249150K .......... .......... .......... .......... .......... 99% 44.8M 0s
249200K .......... .......... .......... .......... .......... 99% 21.1M 0s
249250K .......... .......... .......... .......... .......... 99% 23.4M 0s
249300K .......... .......... .......... .......... .......... 99% 77.9M 0s
249350K .......... .......... .......... .......... .......... 99% 26.8M 0s
249400K .......... .......... .......... .......... .......... 99% 55.7M 0s
249450K .......... .......... .......... .......... .......... 99% 23.3M 0s
249500K .......... .......... .......... .......... .......... 99% 26.8M 0s
249550K .......... .......... .......... .......... .......... 99% 22.1M 0s
249600K .......... .......... .......... .......... .......... 99% 30.4M 0s
249650K .......... .......... .......... .......... .......... 99% 40.5M 0s
249700K .......... .......... .......... .......... .......... 99% 25.5M 0s
249750K .......... .......... .......... .......... .......... 99% 24.9M 0s
249800K .......... .......... .......... .......... .......... 99% 51.4M 0s
249850K .......... .......... .......... .......... .......... 99% 42.3M 0s
249900K .......... .......... .......... .......... .......... 99% 22.8M 0s
249950K .......... .......... .......... .......... .......... 99% 28.6M 0s
250000K .......... .......... .....                           100%  135M=9.9s

2026-03-31 02:37:11 (24.7 MB/s) - ‘flash_attn-2.8.3+cu12torch2.8cxx11abiTRUE-cp310-cp310-linux_x86_64.whl’ saved [256026321/256026321]

Using Python 3.10.19 environment at: nvfp4_venv
Resolved 27 packages in 240ms
Prepared 2 packages in 1.92s
Installed 2 packages in 289ms
 + einops==0.8.2
 + flash-attn==2.8.3+cu12torch2.8cxx11abitrue (from file:///opt/oldMoney-Project/quantization/flash_attn-2.8.3+cu12torch2.8cxx11abiTRUE-cp310-cp310-linux_x86_64.whl)
/opt/oldMoney-Project/quantization/nvfp4_venv/lib/python3.10/site-packages/torch/_subclasses/functional_tensor.py:279: UserWarning: Failed to initialize NumPy: No module named 'numpy' (Triggered internally at /pytorch/torch/csrc/utils/tensor_numpy.cpp:81.)
  cpu = _conversion_method_template(device=torch.device("cpu"))
2.8.3
===== INSTALL PYTHON DEPS =====
Hit:1 http://security.ubuntu.com/ubuntu noble-security InRelease
Hit:2 https://developer.download.nvidia.com/compute/cuda/repos/ubuntu2404/x86_64  InRelease
Hit:3 http://archive.ubuntu.com/ubuntu noble InRelease
Hit:4 https://ppa.launchpadcontent.net/deadsnakes/ppa/ubuntu noble InRelease
Hit:5 http://archive.ubuntu.com/ubuntu noble-updates InRelease
Hit:6 http://archive.ubuntu.com/ubuntu noble-backports InRelease
Reading package lists...
W: https://developer.download.nvidia.com/compute/cuda/repos/ubuntu2404/x86_64/InRelease: Key is stored in legacy trusted.gpg keyring (/etc/apt/trusted.gpg), see the DEPRECATION section in apt-key(8) for details.
Reading package lists...
Building dependency tree...
Reading state information...
The following additional packages will be installed:
  libpcre16-3 libpcre3 libpcre32-3 libpcrecpp0v5
The following NEW packages will be installed:
  libpcre16-3 libpcre3 libpcre3-dev libpcre32-3 libpcrecpp0v5
0 upgraded, 5 newly installed, 0 to remove and 104 not upgraded.
Need to get 1169 kB of archives.
After this operation, 4265 kB of additional disk space will be used.
Get:1 http://archive.ubuntu.com/ubuntu noble/universe amd64 libpcre16-3 amd64 2:8.39-15build1 [165 kB]
Get:2 http://archive.ubuntu.com/ubuntu noble/universe amd64 libpcre3 amd64 2:8.39-15build1 [248 kB]
Get:3 http://archive.ubuntu.com/ubuntu noble/universe amd64 libpcre32-3 amd64 2:8.39-15build1 [155 kB]
Get:4 http://archive.ubuntu.com/ubuntu noble/universe amd64 libpcrecpp0v5 amd64 2:8.39-15build1 [16.2 kB]
Get:5 http://archive.ubuntu.com/ubuntu noble/universe amd64 libpcre3-dev amd64 2:8.39-15build1 [584 kB]
debconf: delaying package configuration, since apt-utils is not installed
Fetched 1169 kB in 0s (2683 kB/s)
Selecting previously unselected package libpcre16-3:amd64.
(Reading database ... (Reading database ... 5%(Reading database ... 10%(Reading database ... 15%(Reading database ... 20%(Reading database ... 25%(Reading database ... 30%(Reading database ... 35%(Reading database ... 40%(Reading database ... 45%(Reading database ... 50%(Reading database ... 55%(Reading database ... 60%(Reading database ... 65%(Reading database ... 70%(Reading database ... 75%(Reading database ... 80%(Reading database ... 85%(Reading database ... 90%(Reading database ... 95%(Reading database ... 100%(Reading database ... 34731 files and directories currently installed.)
Preparing to unpack .../libpcre16-3_2%3a8.39-15build1_amd64.deb ...
Unpacking libpcre16-3:amd64 (2:8.39-15build1) ...
Selecting previously unselected package libpcre3:amd64.
Preparing to unpack .../libpcre3_2%3a8.39-15build1_amd64.deb ...
Unpacking libpcre3:amd64 (2:8.39-15build1) ...
Selecting previously unselected package libpcre32-3:amd64.
Preparing to unpack .../libpcre32-3_2%3a8.39-15build1_amd64.deb ...
Unpacking libpcre32-3:amd64 (2:8.39-15build1) ...
Selecting previously unselected package libpcrecpp0v5:amd64.
Preparing to unpack .../libpcrecpp0v5_2%3a8.39-15build1_amd64.deb ...
Unpacking libpcrecpp0v5:amd64 (2:8.39-15build1) ...
Selecting previously unselected package libpcre3-dev:amd64.
Preparing to unpack .../libpcre3-dev_2%3a8.39-15build1_amd64.deb ...
Unpacking libpcre3-dev:amd64 (2:8.39-15build1) ...
Setting up libpcre16-3:amd64 (2:8.39-15build1) ...
Setting up libpcre3:amd64 (2:8.39-15build1) ...
Setting up libpcre32-3:amd64 (2:8.39-15build1) ...
Setting up libpcrecpp0v5:amd64 (2:8.39-15build1) ...
Setting up libpcre3-dev:amd64 (2:8.39-15build1) ...
Processing triggers for libc-bin (2.39-0ubuntu8.7) ...
Using Python 3.10.19 environment at: nvfp4_venv
Resolved 2 packages in 953ms
   Building python-pcre==0.7
      Built python-pcre==0.7
Prepared 2 packages in 665ms
Installed 2 packages in 7ms
 + python-pcre==0.7
 + regex==2026.3.32
Using Python 3.10.19 environment at: nvfp4_venv
Resolved 43 packages in 597ms
Downloading numpy (16.0MiB)
Downloading pygments (1.2MiB)
Downloading pulp (15.6MiB)
Downloading scipy (35.9MiB)
Downloading pydantic-core (2.0MiB)
 Downloaded pydantic-core
 Downloaded pygments
 Downloaded pulp
 Downloaded numpy
 Downloaded scipy
Prepared 17 packages in 1.07s
Installed 17 packages in 472ms
 + annotated-types==0.7.0
 + markdown-it-py==4.0.0
 + mdurl==0.1.2
 + ninja==1.13.0
 + numpy==2.2.6
 + nvidia-ml-py==13.595.45
 + nvidia-modelopt==0.42.0
 + packaging==26.0
 + pulp==3.3.0
 + pydantic==2.12.5
 + pydantic-core==2.41.5
 + pygments==2.20.0
 + rich==14.3.3
 + safetensors==0.7.0
 + scipy==1.15.3
 + tqdm==4.67.3
 + typing-inspection==0.4.2
Using Python 3.10.19 environment at: nvfp4_venv
Resolved 53 packages in 481ms
Downloading hf-xet (4.0MiB)
Downloading tokenizers (3.1MiB)
Downloading transformers (9.6MiB)
 Downloaded tokenizers
 Downloaded hf-xet
 Downloaded transformers
Prepared 18 packages in 983ms
Installed 18 packages in 663ms
 + annotated-doc==0.0.4
 + anyio==4.13.0
 + certifi==2026.2.25
 + click==8.3.1
 + exceptiongroup==1.3.1
 + fla-core==0.4.2
 + flash-linear-attention==0.4.2
 + h11==0.16.0
 + hf-xet==1.4.2
 + httpcore==1.0.9
 + httpx==0.28.1
 + huggingface-hub==1.8.0
 + idna==3.11
 + pyyaml==6.0.3
 + shellingham==1.5.4
 + tokenizers==0.22.2
 + transformers==5.4.0
 + typer==0.24.1
Using Python 3.10.19 environment at: nvfp4_venv
Resolved 47 packages in 301ms
Downloading flashinfer-python (8.8MiB)
Downloading cuda-bindings (6.0MiB)
Downloading nvidia-cudnn-frontend (2.7MiB)
Downloading apache-tvm-ffi (2.2MiB)
Downloading nvidia-cutlass-dsl-libs-base (70.9MiB)
 Downloaded nvidia-cudnn-frontend
 Downloaded cuda-bindings
 Downloaded apache-tvm-ffi
 Downloaded nvidia-cutlass-dsl-libs-base
 Downloaded flashinfer-python
Prepared 13 packages in 1.52s
Installed 13 packages in 712ms
 + apache-tvm-ffi==0.1.9
 + charset-normalizer==3.4.6
 + cuda-bindings==13.2.0
 + cuda-pathfinder==1.5.0
 + cuda-python==13.2.0
 + cuda-tile==1.2.0
 + flashinfer-python==0.6.7
 + nvidia-cudnn-frontend==1.21.0
 + nvidia-cutlass-dsl==4.4.2
 + nvidia-cutlass-dsl-libs-base==4.4.2
 + requests==2.33.1
 + tabulate==0.10.0
 + urllib3==2.6.3
Using Python 3.10.19 environment at: nvfp4_venv
Resolved 1 package in 193ms
   Building tokenicer==0.0.12
      Built tokenicer==0.0.12
Prepared 1 package in 690ms
Installed 1 package in 7ms
 + tokenicer==0.0.12
Using Python 3.10.19 environment at: nvfp4_venv
Resolved 31 packages in 365ms
Downloading sentencepiece (1.3MiB)
Downloading rapidfuzz (3.0MiB)
Downloading pillow (6.7MiB)
 Downloaded sentencepiece
 Downloaded rapidfuzz
 Downloaded pillow
Prepared 5 packages in 194ms
Installed 5 packages in 52ms
 + pillow==12.1.1
 + protobuf==7.34.1
 + rapidfuzz==3.14.3
 + sentencepiece==0.2.1
 + thefuzz==0.22.1
Using Python 3.10.19 environment at: nvfp4_venv
Resolved 9 packages in 1.28s
   Building docopt==0.6.2
   Building tvm==1.0.0
      Built docopt==0.6.2
      Built tvm==1.0.0
Prepared 9 packages in 199ms
Installed 9 packages in 151ms
 + appdirs==1.4.4
 + arrow==1.4.0
 + docopt==0.6.2
 + inform==1.36
 + python-dateutil==2.9.0.post0
 + quantiphy==2.21
 + six==1.17.0
 + tvm==1.0.0
 + tzdata==2025.3
Using Python 3.10.19 environment at: nvfp4_venv
Resolved 30 packages in 359ms
   Building pypcre==0.2.15
   Building defuser==0.0.17
      Built defuser==0.0.17
      Built pypcre==0.2.15
Prepared 2 packages in 6.08s
Installed 2 packages in 12ms
 + defuser==0.0.17
 + pypcre==0.2.15
Using Python 3.10.19 environment at: nvfp4_venv
Resolved 88 packages in 843ms
   Building gptqmodel==5.8.0
   Building logbar==0.4.1
   Building device-smi==0.5.3
Downloading pyarrow (45.4MiB)
Downloading aiohttp (1.6MiB)
Downloading torchao (3.1MiB)
Downloading maturin (9.8MiB)
Downloading hf-transfer (3.4MiB)
Downloading pandas (12.2MiB)
 Downloaded hf-transfer
 Downloaded aiohttp
 Downloaded maturin
      Built device-smi==0.5.3
      Built logbar==0.4.1
 Downloaded torchao
 Downloaded pyarrow
 Downloaded pandas
      Built gptqmodel==5.8.0
Prepared 28 packages in 4.57s
Uninstalled 1 package in 5ms
Installed 28 packages in 549ms
 + accelerate==1.13.0
 + aiohappyeyeballs==2.6.1
 + aiohttp==3.13.4
 + aiosignal==1.4.0
 + async-timeout==5.0.1
 + attrs==26.1.0
 + datasets==4.8.4
 + device-smi==0.5.3
 + dill==0.4.1
 + frozenlist==1.8.0
 - fsspec==2026.3.0
 + fsspec==2026.2.0
 + gptqmodel==5.8.0
 + hf-transfer==0.1.9
 + kernels==0.12.3
 + logbar==0.4.1
 + maturin==1.12.6
 + multidict==6.7.1
 + multiprocess==0.70.19
 + pandas==2.3.3
 + propcache==0.4.1
 + psutil==7.2.2
 + pyarrow==23.0.1
 + pytz==2026.1.post1
 + threadpoolctl==3.6.0
 + tomli==2.4.1
 + torchao==0.17.0
 + xxhash==3.6.0
 + yarl==1.23.0
Using Python 3.10.19 environment at: nvfp4_venv
Checked 5 packages in 18ms
Using Python 3.10.19 environment at: nvfp4_venv
Resolved 18 packages in 103ms
Downloading transformers (11.4MiB)
 Downloaded transformers
Prepared 2 packages in 920ms
Uninstalled 2 packages in 188ms
Installed 2 packages in 647ms
 - huggingface-hub==1.8.0
 + huggingface-hub==0.36.2
 - transformers==5.4.0
 + transformers==4.57.6
Requirement already satisfied: pip in ./nvfp4_venv/lib/python3.10/site-packages (23.0.1)
Collecting pip
  Downloading pip-26.0.1-py3-none-any.whl (1.8 MB)
     ━━━━━━━━━━━━━━━━━━━━━━━━━━━━━━━━━━━━━━━━ 1.8/1.8 MB 12.0 MB/s eta 0:00:00
Installing collected packages: pip
  Attempting uninstall: pip
    Found existing installation: pip 23.0.1
    Uninstalling pip-23.0.1:
      Successfully uninstalled pip-23.0.1
Successfully installed pip-26.0.1
===== VERIFY GPTQMODEL =====

WARN  Python GIL is enabled: Multi-gpu quant acceleration for MoE models is sub-optimal and multi-core accelerated cpu packing is also disabled. We recommend Python >= 3.13.3t with Pytorch > 2.8 for mult-gpu quantization and multi-cpu packing with env `PYTHON_GIL=0`.
WARN  Feature `utils/Perplexity` requires Python < 3.14 and Python GIL enabled and Python >= 3.13.3T (T for Threading-Free edition of Python) plus Torch 2.8. Feature is currently skipped/disabled.
[W331 02:37:57.581940962 Context.cpp:320] Warning: torch.backends.cuda.preferred_linalg_library is an experimental feature. If you see any error or unexpected behavior when this flag is set please file an issue on GitHub. (function operator())
Skipping import of cpp extensions due to incompatible torch version. Please upgrade to torch >= 2.11.0 (found 2.8.0+cu128).
INFO  ENV: Auto setting PYTORCH_ALLOC_CONF='expandable_segments:True,max_split_size_mb:256,garbage_collection_threshold:0.7' for memory saving.                                              
INFO  ENV: Auto setting CUDA_DEVICE_ORDER=PCI_BUS_ID for correctness.                                                                                                                        
INFO  

┌─────────────┐    ┌────────────────────────┐    ┌────────────┐    ┌─────────┐
│ GPT-QModel  │ -> │ ▓▓▓▓▓▓▓▓▓▓▓▓ 16bit     │ -> │ ▒▒▒▒ 8bit  │ -> │ ░░ 4bit │
└─────────────┘    └────────────────────────┘    └────────────┘    └─────────┘
GPT-QModel   : 5.8.0
Transformers : 4.57.6
Torch        : 2.8.0+cu128
Triton       : 3.4.0
GPTQModel OK
flash_attn OK
===== PREPARE VENDOR SOURCES =====
===== CLEAN infllmv2_cuda_impl =====
===== BUILD infllmv2_cuda_impl =====
Obtaining file:///opt/oldMoney-Project/vendor/infllmv2_cuda_impl
  Checking if build backend supports build_editable: started
  Checking if build backend supports build_editable: finished with status 'done'
  Preparing editable metadata (pyproject.toml): started
  Preparing editable metadata (pyproject.toml): finished with status 'done'
Requirement already satisfied: torch in /opt/oldMoney-Project/quantization/nvfp4_venv/lib/python3.10/site-packages (from infllm_v2==0.0.0) (2.8.0+cu128)
Requirement already satisfied: packaging in /opt/oldMoney-Project/quantization/nvfp4_venv/lib/python3.10/site-packages (from infllm_v2==0.0.0) (26.0)
Requirement already satisfied: psutil in /opt/oldMoney-Project/quantization/nvfp4_venv/lib/python3.10/site-packages (from infllm_v2==0.0.0) (7.2.2)
Requirement already satisfied: filelock in /opt/oldMoney-Project/quantization/nvfp4_venv/lib/python3.10/site-packages (from torch->infllm_v2==0.0.0) (3.25.2)
Requirement already satisfied: typing-extensions>=4.10.0 in /opt/oldMoney-Project/quantization/nvfp4_venv/lib/python3.10/site-packages (from torch->infllm_v2==0.0.0) (4.15.0)
Requirement already satisfied: sympy>=1.13.3 in /opt/oldMoney-Project/quantization/nvfp4_venv/lib/python3.10/site-packages (from torch->infllm_v2==0.0.0) (1.14.0)
Requirement already satisfied: networkx in /opt/oldMoney-Project/quantization/nvfp4_venv/lib/python3.10/site-packages (from torch->infllm_v2==0.0.0) (3.4.2)
Requirement already satisfied: jinja2 in /opt/oldMoney-Project/quantization/nvfp4_venv/lib/python3.10/site-packages (from torch->infllm_v2==0.0.0) (3.1.6)
Requirement already satisfied: fsspec in /opt/oldMoney-Project/quantization/nvfp4_venv/lib/python3.10/site-packages (from torch->infllm_v2==0.0.0) (2026.2.0)
Requirement already satisfied: nvidia-cuda-nvrtc-cu12==12.8.93 in /opt/oldMoney-Project/quantization/nvfp4_venv/lib/python3.10/site-packages (from torch->infllm_v2==0.0.0) (12.8.93)
Requirement already satisfied: nvidia-cuda-runtime-cu12==12.8.90 in /opt/oldMoney-Project/quantization/nvfp4_venv/lib/python3.10/site-packages (from torch->infllm_v2==0.0.0) (12.8.90)
Requirement already satisfied: nvidia-cuda-cupti-cu12==12.8.90 in /opt/oldMoney-Project/quantization/nvfp4_venv/lib/python3.10/site-packages (from torch->infllm_v2==0.0.0) (12.8.90)
Requirement already satisfied: nvidia-cudnn-cu12==9.10.2.21 in /opt/oldMoney-Project/quantization/nvfp4_venv/lib/python3.10/site-packages (from torch->infllm_v2==0.0.0) (9.10.2.21)
Requirement already satisfied: nvidia-cublas-cu12==12.8.4.1 in /opt/oldMoney-Project/quantization/nvfp4_venv/lib/python3.10/site-packages (from torch->infllm_v2==0.0.0) (12.8.4.1)
Requirement already satisfied: nvidia-cufft-cu12==11.3.3.83 in /opt/oldMoney-Project/quantization/nvfp4_venv/lib/python3.10/site-packages (from torch->infllm_v2==0.0.0) (11.3.3.83)
Requirement already satisfied: nvidia-curand-cu12==10.3.9.90 in /opt/oldMoney-Project/quantization/nvfp4_venv/lib/python3.10/site-packages (from torch->infllm_v2==0.0.0) (10.3.9.90)
Requirement already satisfied: nvidia-cusolver-cu12==11.7.3.90 in /opt/oldMoney-Project/quantization/nvfp4_venv/lib/python3.10/site-packages (from torch->infllm_v2==0.0.0) (11.7.3.90)
Requirement already satisfied: nvidia-cusparse-cu12==12.5.8.93 in /opt/oldMoney-Project/quantization/nvfp4_venv/lib/python3.10/site-packages (from torch->infllm_v2==0.0.0) (12.5.8.93)
Requirement already satisfied: nvidia-cusparselt-cu12==0.7.1 in /opt/oldMoney-Project/quantization/nvfp4_venv/lib/python3.10/site-packages (from torch->infllm_v2==0.0.0) (0.7.1)
Requirement already satisfied: nvidia-nccl-cu12==2.27.3 in /opt/oldMoney-Project/quantization/nvfp4_venv/lib/python3.10/site-packages (from torch->infllm_v2==0.0.0) (2.27.3)
Requirement already satisfied: nvidia-nvtx-cu12==12.8.90 in /opt/oldMoney-Project/quantization/nvfp4_venv/lib/python3.10/site-packages (from torch->infllm_v2==0.0.0) (12.8.90)
Requirement already satisfied: nvidia-nvjitlink-cu12==12.8.93 in /opt/oldMoney-Project/quantization/nvfp4_venv/lib/python3.10/site-packages (from torch->infllm_v2==0.0.0) (12.8.93)
Requirement already satisfied: nvidia-cufile-cu12==1.13.1.3 in /opt/oldMoney-Project/quantization/nvfp4_venv/lib/python3.10/site-packages (from torch->infllm_v2==0.0.0) (1.13.1.3)
Requirement already satisfied: triton==3.4.0 in /opt/oldMoney-Project/quantization/nvfp4_venv/lib/python3.10/site-packages (from torch->infllm_v2==0.0.0) (3.4.0)
Requirement already satisfied: setuptools>=40.8.0 in /opt/oldMoney-Project/quantization/nvfp4_venv/lib/python3.10/site-packages (from triton==3.4.0->torch->infllm_v2==0.0.0) (79.0.1)
Requirement already satisfied: mpmath<1.4,>=1.1.0 in /opt/oldMoney-Project/quantization/nvfp4_venv/lib/python3.10/site-packages (from sympy>=1.13.3->torch->infllm_v2==0.0.0) (1.3.0)
Requirement already satisfied: MarkupSafe>=2.0 in /opt/oldMoney-Project/quantization/nvfp4_venv/lib/python3.10/site-packages (from jinja2->torch->infllm_v2==0.0.0) (3.0.3)
Building wheels for collected packages: infllm_v2
  Building editable for infllm_v2 (pyproject.toml): started
  Building editable for infllm_v2 (pyproject.toml): still running...
  Building editable for infllm_v2 (pyproject.toml): still running...
  Building editable for infllm_v2 (pyproject.toml): finished with status 'done'
  Created wheel for infllm_v2: filename=infllm_v2-0.0.0-0.editable-cp310-cp310-linux_x86_64.whl size=2813 sha256=2d290d62385f170b5468ef68b4a2d7a45c0cac1e6b7aa5bfc356ae3b19c4849e
  Stored in directory: /tmp/pip-ephem-wheel-cache-6g2baomm/wheels/0a/31/15/4c39206d725d992e36757120f969042638bd2fcc5d40100df3
Successfully built infllm_v2
Installing collected packages: infllm_v2
Successfully installed infllm_v2-0.0.0
===== VERIFY infllm_v2 =====
infllm_v2 OK
===== CLEAN sparse_kernel =====
===== BUILD sparse_kernel =====
Obtaining file:///opt/oldMoney-Project/vendor/sparse_kernel
  Checking if build backend supports build_editable: started
  Checking if build backend supports build_editable: finished with status 'done'
  Preparing editable metadata (pyproject.toml): started
  Preparing editable metadata (pyproject.toml): finished with status 'done'
Building wheels for collected packages: sparse_kernel_extension
  Building editable for sparse_kernel_extension (pyproject.toml): started
  Building editable for sparse_kernel_extension (pyproject.toml): still running...
  Building editable for sparse_kernel_extension (pyproject.toml): finished with status 'done'
  Created wheel for sparse_kernel_extension: filename=sparse_kernel_extension-0.0.0-0.editable-cp310-cp310-linux_x86_64.whl size=2880 sha256=7a862eacc9621b9eeb6d41a3c855dc19b26983bf671f7afa02364a13746eb488
  Stored in directory: /tmp/pip-ephem-wheel-cache-ot9cxvre/wheels/5a/fc/b5/20630ae4221534e4bb61f0ba2b1f0264e835b51d19fa6556e3
Successfully built sparse_kernel_extension
Installing collected packages: sparse_kernel_extension
Successfully installed sparse_kernel_extension-0.0.0
===== VERIFY sparse_kernel =====
sparse_kernel_extension OK
===== FINAL VERIFY =====
transformers 4.57.6 /opt/oldMoney-Project/quantization/nvfp4_venv/lib/python3.10/site-packages/transformers/__init__.py
torch 2.8.0+cu128 12.8
flash_attn OK
FINAL infllm_v2 OK
FINAL sparse_kernel_extension OK
===== DONE ENV PREP Tue Mar 31 02:44:37 UTC 2026 =====
