nohup: ignoring input
[INFO] Using Deterministic Seed: 42
======================================================================
GPTQ Quantizer: MiniCPM4 BF16 + Lightning INT4
======================================================================
  Input:           /opt/model
  Output:          /opt/model_GPTQ_int4_lightning_only_minicpm4_bf16
  Bits (lightning): 4
  Symmetric:       True
  Smooth alpha:    0.5
  Group size:      128
  Damping:         0.01
  Calib data:      /opt/oldMoney-Project/quantization/calibration_dense/calib_dense_96.jsonl
  Max samples:     96
  Max length:      131072
  Embedding:       BF16
  Final norm:      BF16
  lm_head:         BF16

  Layer    Type                 Action      
  ----------------------------------------
  0        minicpm4             BF16 (skip) 
  1        lightning-attn       W4 (INT4)   
  2        lightning-attn       W4 (INT4)   
  3        lightning-attn       W4 (INT4)   
  4        lightning-attn       W4 (INT4)   
  5        lightning-attn       W4 (INT4)   
  6        lightning-attn       W4 (INT4)   
  7        lightning-attn       W4 (INT4)   
  8        lightning-attn       W4 (INT4)   
  9        minicpm4             BF16 (skip) 
  10       lightning-attn       W4 (INT4)   
  11       lightning-attn       W4 (INT4)   
  12       lightning-attn       W4 (INT4)   
  13       lightning-attn       W4 (INT4)   
  14       lightning-attn       W4 (INT4)   
  15       lightning-attn       W4 (INT4)   
  16       minicpm4             BF16 (skip) 
  17       minicpm4             BF16 (skip) 
  18       lightning-attn       W4 (INT4)   
  19       lightning-attn       W4 (INT4)   
  20       lightning-attn       W4 (INT4)   
  21       lightning-attn       W4 (INT4)   
  22       minicpm4             BF16 (skip) 
  23       lightning-attn       W4 (INT4)   
  24       lightning-attn       W4 (INT4)   
  25       lightning-attn       W4 (INT4)   
  26       lightning-attn       W4 (INT4)   
  27       lightning-attn       W4 (INT4)   
  28       lightning-attn       W4 (INT4)   
  29       minicpm4             BF16 (skip) 
  30       minicpm4             BF16 (skip) 
  31       minicpm4             BF16 (skip) 

  Summary: 8 MiniCPM4 layers (BF16) | 24 Lightning layers (INT4)
======================================================================
[INFO] Using device: cuda:0
[INFO] Loading tokenizer from /opt/model...
[INFO] Loaded 96 calibration samples, 4,009,987 tokens (max_len=131072)
[INFO] Loading model from /opt/model (CPU)...
Skipping import of cpp extensions due to incompatible torch version. Please upgrade to torch >= 2.11.0 (found 2.8.0+cu128).
Current Python version 3.10 is below the recommended 3.11 version. It is recommended to upgrade to Python 3.11 or higher for the best experience.
`torch_dtype` is deprecated! Use `dtype` instead!
Loading checkpoint shards:   0%|                                                                                         | 0/4 [00:00<?, ?it/s]Loading checkpoint shards: 100%|█████████████████████████████████████████████████████████████████████████████████| 4/4 [00:00<00:00, 88.59it/s]
[INFO] Model has 32 layers
[INFO] Phase 1: Computing initial hidden states (embedding)...
/opt/oldMoney-Project/quantization/GPTQ_int4_lightning_only_minicpm4_bf16.py:236: FutureWarning: `torch.distributed.reduce_op` is deprecated, please use `torch.distributed.ReduceOp` instead
  if isinstance(obj, functools._lru_cache_wrapper):

======================================================================
[LAYER 0/31] type=minicpm4  -> BF16 (skip)
======================================================================
  MiniCPM4 layer -> keeping all weights in BF16
  Updating hidden states for next layer...
[W331 02:53:14.057527667 PyInterpreter.cpp:263] Warning: Deallocating Tensor that still has live PyObject references.  This probably happened because you took out a weak reference to Tensor and didn't call _fix_weakref() after dereferencing it.  Subsequent accesses to this tensor via the PyObject will now fail. (function decref)
[W331 02:53:14.057684709 PyInterpreter.cpp:263] Warning: Deallocating Tensor that still has live PyObject references.  This probably happened because you took out a weak reference to Tensor and didn't call _fix_weakref() after dereferencing it.  Subsequent accesses to this tensor via the PyObject will now fail. (function decref)
[W331 02:53:14.057702969 PyInterpreter.cpp:263] Warning: Deallocating Tensor that still has live PyObject references.  This probably happened because you took out a weak reference to Tensor and didn't call _fix_weakref() after dereferencing it.  Subsequent accesses to this tensor via the PyObject will now fail. (function decref)
[W331 02:53:14.057711569 PyInterpreter.cpp:263] Warning: Deallocating Tensor that still has live PyObject references.  This probably happened because you took out a weak reference to Tensor and didn't call _fix_weakref() after dereferencing it.  Subsequent accesses to this tensor via the PyObject will now fail. (function decref)
[W331 02:53:14.057734789 PyInterpreter.cpp:263] Warning: Deallocating Tensor that still has live PyObject references.  This probably happened because you took out a weak reference to Tensor and didn't call _fix_weakref() after dereferencing it.  Subsequent accesses to this tensor via the PyObject will now fail. (function decref)
[W331 02:53:14.057743289 PyInterpreter.cpp:263] Warning: Deallocating Tensor that still has live PyObject references.  This probably happened because you took out a weak reference to Tensor and didn't call _fix_weakref() after dereferencing it.  Subsequent accesses to this tensor via the PyObject will now fail. (function decref)
[W331 02:53:14.057758319 PyInterpreter.cpp:263] Warning: Deallocating Tensor that still has live PyObject references.  This probably happened because you took out a weak reference to Tensor and didn't call _fix_weakref() after dereferencing it.  Subsequent accesses to this tensor via the PyObject will now fail. (function decref)
[W331 02:53:14.057767499 PyInterpreter.cpp:263] Warning: Deallocating Tensor that still has live PyObject references.  This probably happened because you took out a weak reference to Tensor and didn't call _fix_weakref() after dereferencing it.  Subsequent accesses to this tensor via the PyObject will now fail. (function decref)
[W331 02:53:14.057784219 PyInterpreter.cpp:263] Warning: Deallocating Tensor that still has live PyObject references.  This probably happened because you took out a weak reference to Tensor and didn't call _fix_weakref() after dereferencing it.  Subsequent accesses to this tensor via the PyObject will now fail. (function decref)
[W331 02:53:14.057793029 PyInterpreter.cpp:263] Warning: Deallocating Tensor that still has live PyObject references.  This probably happened because you took out a weak reference to Tensor and didn't call _fix_weakref() after dereferencing it.  Subsequent accesses to this tensor via the PyObject will now fail. (function decref)
[W331 02:53:14.057810560 PyInterpreter.cpp:263] Warning: Deallocating Tensor that still has live PyObject references.  This probably happened because you took out a weak reference to Tensor and didn't call _fix_weakref() after dereferencing it.  Subsequent accesses to this tensor via the PyObject will now fail. (function decref)
[W331 02:53:14.057818510 PyInterpreter.cpp:263] Warning: Deallocating Tensor that still has live PyObject references.  This probably happened because you took out a weak reference to Tensor and didn't call _fix_weakref() after dereferencing it.  Subsequent accesses to this tensor via the PyObject will now fail. (function decref)
[W331 02:53:14.057832640 PyInterpreter.cpp:263] Warning: Deallocating Tensor that still has live PyObject references.  This probably happened because you took out a weak reference to Tensor and didn't call _fix_weakref() after dereferencing it.  Subsequent accesses to this tensor via the PyObject will now fail. (function decref)
[W331 02:53:14.057845500 PyInterpreter.cpp:263] Warning: Deallocating Tensor that still has live PyObject references.  This probably happened because you took out a weak reference to Tensor and didn't call _fix_weakref() after dereferencing it.  Subsequent accesses to this tensor via the PyObject will now fail. (function decref)
[W331 02:53:14.057863640 PyInterpreter.cpp:263] Warning: Deallocating Tensor that still has live PyObject references.  This probably happened because you took out a weak reference to Tensor and didn't call _fix_weakref() after dereferencing it.  Subsequent accesses to this tensor via the PyObject will now fail. (function decref)
[W331 02:53:14.057871650 PyInterpreter.cpp:263] Warning: Deallocating Tensor that still has live PyObject references.  This probably happened because you took out a weak reference to Tensor and didn't call _fix_weakref() after dereferencing it.  Subsequent accesses to this tensor via the PyObject will now fail. (function decref)
[W331 02:53:17.468383245 PyInterpreter.cpp:263] Warning: Deallocating Tensor that still has live PyObject references.  This probably happened because you took out a weak reference to Tensor and didn't call _fix_weakref() after dereferencing it.  Subsequent accesses to this tensor via the PyObject will now fail. (function decref)
[W331 02:53:17.468523266 PyInterpreter.cpp:263] Warning: Deallocating Tensor that still has live PyObject references.  This probably happened because you took out a weak reference to Tensor and didn't call _fix_weakref() after dereferencing it.  Subsequent accesses to this tensor via the PyObject will now fail. (function decref)
[W331 02:53:17.468538616 PyInterpreter.cpp:263] Warning: Deallocating Tensor that still has live PyObject references.  This probably happened because you took out a weak reference to Tensor and didn't call _fix_weakref() after dereferencing it.  Subsequent accesses to this tensor via the PyObject will now fail. (function decref)
[W331 02:53:17.468547206 PyInterpreter.cpp:263] Warning: Deallocating Tensor that still has live PyObject references.  This probably happened because you took out a weak reference to Tensor and didn't call _fix_weakref() after dereferencing it.  Subsequent accesses to this tensor via the PyObject will now fail. (function decref)
[W331 02:53:17.468561276 PyInterpreter.cpp:263] Warning: Deallocating Tensor that still has live PyObject references.  This probably happened because you took out a weak reference to Tensor and didn't call _fix_weakref() after dereferencing it.  Subsequent accesses to this tensor via the PyObject will now fail. (function decref)
[W331 02:53:17.468575946 PyInterpreter.cpp:263] Warning: Deallocating Tensor that still has live PyObject references.  This probably happened because you took out a weak reference to Tensor and didn't call _fix_weakref() after dereferencing it.  Subsequent accesses to this tensor via the PyObject will now fail. (function decref)
[W331 02:53:17.468601357 PyInterpreter.cpp:263] Warning: Deallocating Tensor that still has live PyObject references.  This probably happened because you took out a weak reference to Tensor and didn't call _fix_weakref() after dereferencing it.  Subsequent accesses to this tensor via the PyObject will now fail. (function decref)
[W331 02:53:17.468611917 PyInterpreter.cpp:263] Warning: Deallocating Tensor that still has live PyObject references.  This probably happened because you took out a weak reference to Tensor and didn't call _fix_weakref() after dereferencing it.  Subsequent accesses to this tensor via the PyObject will now fail. (function decref)
[W331 02:53:17.468629197 PyInterpreter.cpp:263] Warning: Deallocating Tensor that still has live PyObject references.  This probably happened because you took out a weak reference to Tensor and didn't call _fix_weakref() after dereferencing it.  Subsequent accesses to this tensor via the PyObject will now fail. (function decref)
[W331 02:53:17.468638657 PyInterpreter.cpp:263] Warning: Deallocating Tensor that still has live PyObject references.  This probably happened because you took out a weak reference to Tensor and didn't call _fix_weakref() after dereferencing it.  Subsequent accesses to this tensor via the PyObject will now fail. (function decref)
[W331 02:53:17.468693947 PyInterpreter.cpp:263] Warning: Deallocating Tensor that still has live PyObject references.  This probably happened because you took out a weak reference to Tensor and didn't call _fix_weakref() after dereferencing it.  Subsequent accesses to this tensor via the PyObject will now fail. (function decref)
[W331 02:53:17.468702637 PyInterpreter.cpp:263] Warning: Deallocating Tensor that still has live PyObject references.  This probably happened because you took out a weak reference to Tensor and didn't call _fix_weakref() after dereferencing it.  Subsequent accesses to this tensor via the PyObject will now fail. (function decref)
[W331 02:53:17.468725738 PyInterpreter.cpp:263] Warning: Deallocating Tensor that still has live PyObject references.  This probably happened because you took out a weak reference to Tensor and didn't call _fix_weakref() after dereferencing it.  Subsequent accesses to this tensor via the PyObject will now fail. (function decref)
[W331 02:53:17.468734588 PyInterpreter.cpp:263] Warning: Deallocating Tensor that still has live PyObject references.  This probably happened because you took out a weak reference to Tensor and didn't call _fix_weakref() after dereferencing it.  Subsequent accesses to this tensor via the PyObject will now fail. (function decref)
[W331 02:53:17.468764408 PyInterpreter.cpp:263] Warning: Deallocating Tensor that still has live PyObject references.  This probably happened because you took out a weak reference to Tensor and didn't call _fix_weakref() after dereferencing it.  Subsequent accesses to this tensor via the PyObject will now fail. (function decref)
[W331 02:53:17.468774608 PyInterpreter.cpp:263] Warning: Deallocating Tensor that still has live PyObject references.  This probably happened because you took out a weak reference to Tensor and didn't call _fix_weakref() after dereferencing it.  Subsequent accesses to this tensor via the PyObject will now fail. (function decref)
[W331 02:53:20.484500903 PyInterpreter.cpp:263] Warning: Deallocating Tensor that still has live PyObject references.  This probably happened because you took out a weak reference to Tensor and didn't call _fix_weakref() after dereferencing it.  Subsequent accesses to this tensor via the PyObject will now fail. (function decref)
[W331 02:53:20.484622314 PyInterpreter.cpp:263] Warning: Deallocating Tensor that still has live PyObject references.  This probably happened because you took out a weak reference to Tensor and didn't call _fix_weakref() after dereferencing it.  Subsequent accesses to this tensor via the PyObject will now fail. (function decref)
[W331 02:53:20.484645814 PyInterpreter.cpp:263] Warning: Deallocating Tensor that still has live PyObject references.  This probably happened because you took out a weak reference to Tensor and didn't call _fix_weakref() after dereferencing it.  Subsequent accesses to this tensor via the PyObject will now fail. (function decref)
[W331 02:53:20.484656814 PyInterpreter.cpp:263] Warning: Deallocating Tensor that still has live PyObject references.  This probably happened because you took out a weak reference to Tensor and didn't call _fix_weakref() after dereferencing it.  Subsequent accesses to this tensor via the PyObject will now fail. (function decref)
[W331 02:53:20.484678424 PyInterpreter.cpp:263] Warning: Deallocating Tensor that still has live PyObject references.  This probably happened because you took out a weak reference to Tensor and didn't call _fix_weakref() after dereferencing it.  Subsequent accesses to this tensor via the PyObject will now fail. (function decref)
[W331 02:53:20.484689424 PyInterpreter.cpp:263] Warning: Deallocating Tensor that still has live PyObject references.  This probably happened because you took out a weak reference to Tensor and didn't call _fix_weakref() after dereferencing it.  Subsequent accesses to this tensor via the PyObject will now fail. (function decref)
[W331 02:53:20.484745335 PyInterpreter.cpp:263] Warning: Deallocating Tensor that still has live PyObject references.  This probably happened because you took out a weak reference to Tensor and didn't call _fix_weakref() after dereferencing it.  Subsequent accesses to this tensor via the PyObject will now fail. (function decref)
[W331 02:53:20.484754745 PyInterpreter.cpp:263] Warning: Deallocating Tensor that still has live PyObject references.  This probably happened because you took out a weak reference to Tensor and didn't call _fix_weakref() after dereferencing it.  Subsequent accesses to this tensor via the PyObject will now fail. (function decref)
[W331 02:53:20.484781315 PyInterpreter.cpp:263] Warning: Deallocating Tensor that still has live PyObject references.  This probably happened because you took out a weak reference to Tensor and didn't call _fix_weakref() after dereferencing it.  Subsequent accesses to this tensor via the PyObject will now fail. (function decref)
[W331 02:53:20.484790265 PyInterpreter.cpp:263] Warning: Deallocating Tensor that still has live PyObject references.  This probably happened because you took out a weak reference to Tensor and didn't call _fix_weakref() after dereferencing it.  Subsequent accesses to this tensor via the PyObject will now fail. (function decref)
[W331 02:53:20.484826475 PyInterpreter.cpp:263] Warning: Deallocating Tensor that still has live PyObject references.  This probably happened because you took out a weak reference to Tensor and didn't call _fix_weakref() after dereferencing it.  Subsequent accesses to this tensor via the PyObject will now fail. (function decref)
[W331 02:53:20.484835745 PyInterpreter.cpp:263] Warning: Deallocating Tensor that still has live PyObject references.  This probably happened because you took out a weak reference to Tensor and didn't call _fix_weakref() after dereferencing it.  Subsequent accesses to this tensor via the PyObject will now fail. (function decref)
[W331 02:53:20.484854426 PyInterpreter.cpp:263] Warning: Deallocating Tensor that still has live PyObject references.  This probably happened because you took out a weak reference to Tensor and didn't call _fix_weakref() after dereferencing it.  Subsequent accesses to this tensor via the PyObject will now fail. (function decref)
[W331 02:53:20.484865506 PyInterpreter.cpp:263] Warning: Deallocating Tensor that still has live PyObject references.  This probably happened because you took out a weak reference to Tensor and didn't call _fix_weakref() after dereferencing it.  Subsequent accesses to this tensor via the PyObject will now fail. (function decref)
[W331 02:53:20.484879236 PyInterpreter.cpp:263] Warning: Deallocating Tensor that still has live PyObject references.  This probably happened because you took out a weak reference to Tensor and didn't call _fix_weakref() after dereferencing it.  Subsequent accesses to this tensor via the PyObject will now fail. (function decref)
[W331 02:53:20.484887526 PyInterpreter.cpp:263] Warning: Deallocating Tensor that still has live PyObject references.  This probably happened because you took out a weak reference to Tensor and didn't call _fix_weakref() after dereferencing it.  Subsequent accesses to this tensor via the PyObject will now fail. (function decref)
[W331 02:53:22.680991594 PyInterpreter.cpp:263] Warning: Deallocating Tensor that still has live PyObject references.  This probably happened because you took out a weak reference to Tensor and didn't call _fix_weakref() after dereferencing it.  Subsequent accesses to this tensor via the PyObject will now fail. (function decref)
[W331 02:53:22.681119145 PyInterpreter.cpp:263] Warning: Deallocating Tensor that still has live PyObject references.  This probably happened because you took out a weak reference to Tensor and didn't call _fix_weakref() after dereferencing it.  Subsequent accesses to this tensor via the PyObject will now fail. (function decref)
[W331 02:53:22.681135545 PyInterpreter.cpp:263] Warning: Deallocating Tensor that still has live PyObject references.  This probably happened because you took out a weak reference to Tensor and didn't call _fix_weakref() after dereferencing it.  Subsequent accesses to this tensor via the PyObject will now fail. (function decref)
[W331 02:53:22.681178065 PyInterpreter.cpp:263] Warning: Deallocating Tensor that still has live PyObject references.  This probably happened because you took out a weak reference to Tensor and didn't call _fix_weakref() after dereferencing it.  Subsequent accesses to this tensor via the PyObject will now fail. (function decref)
[W331 02:53:22.681195006 PyInterpreter.cpp:263] Warning: Deallocating Tensor that still has live PyObject references.  This probably happened because you took out a weak reference to Tensor and didn't call _fix_weakref() after dereferencing it.  Subsequent accesses to this tensor via the PyObject will now fail. (function decref)
[W331 02:53:22.681203686 PyInterpreter.cpp:263] Warning: Deallocating Tensor that still has live PyObject references.  This probably happened because you took out a weak reference to Tensor and didn't call _fix_weakref() after dereferencing it.  Subsequent accesses to this tensor via the PyObject will now fail. (function decref)
[W331 02:53:22.681219386 PyInterpreter.cpp:263] Warning: Deallocating Tensor that still has live PyObject references.  This probably happened because you took out a weak reference to Tensor and didn't call _fix_weakref() after dereferencing it.  Subsequent accesses to this tensor via the PyObject will now fail. (function decref)
[W331 02:53:22.681229666 PyInterpreter.cpp:263] Warning: Deallocating Tensor that still has live PyObject references.  This probably happened because you took out a weak reference to Tensor and didn't call _fix_weakref() after dereferencing it.  Subsequent accesses to this tensor via the PyObject will now fail. (function decref)
[W331 02:53:22.681269636 PyInterpreter.cpp:263] Warning: Deallocating Tensor that still has live PyObject references.  This probably happened because you took out a weak reference to Tensor and didn't call _fix_weakref() after dereferencing it.  Subsequent accesses to this tensor via the PyObject will now fail. (function decref)
[W331 02:53:22.681279166 PyInterpreter.cpp:263] Warning: Deallocating Tensor that still has live PyObject references.  This probably happened because you took out a weak reference to Tensor and didn't call _fix_weakref() after dereferencing it.  Subsequent accesses to this tensor via the PyObject will now fail. (function decref)
[W331 02:53:22.681302706 PyInterpreter.cpp:263] Warning: Deallocating Tensor that still has live PyObject references.  This probably happened because you took out a weak reference to Tensor and didn't call _fix_weakref() after dereferencing it.  Subsequent accesses to this tensor via the PyObject will now fail. (function decref)
[W331 02:53:22.681311877 PyInterpreter.cpp:263] Warning: Deallocating Tensor that still has live PyObject references.  This probably happened because you took out a weak reference to Tensor and didn't call _fix_weakref() after dereferencing it.  Subsequent accesses to this tensor via the PyObject will now fail. (function decref)
[W331 02:53:22.681329987 PyInterpreter.cpp:263] Warning: Deallocating Tensor that still has live PyObject references.  This probably happened because you took out a weak reference to Tensor and didn't call _fix_weakref() after dereferencing it.  Subsequent accesses to this tensor via the PyObject will now fail. (function decref)
[W331 02:53:22.681339547 PyInterpreter.cpp:263] Warning: Deallocating Tensor that still has live PyObject references.  This probably happened because you took out a weak reference to Tensor and didn't call _fix_weakref() after dereferencing it.  Subsequent accesses to this tensor via the PyObject will now fail. (function decref)
[W331 02:53:22.681362847 PyInterpreter.cpp:263] Warning: Deallocating Tensor that still has live PyObject references.  This probably happened because you took out a weak reference to Tensor and didn't call _fix_weakref() after dereferencing it.  Subsequent accesses to this tensor via the PyObject will now fail. (function decref)
[W331 02:53:22.681378417 PyInterpreter.cpp:263] Warning: Deallocating Tensor that still has live PyObject references.  This probably happened because you took out a weak reference to Tensor and didn't call _fix_weakref() after dereferencing it.  Subsequent accesses to this tensor via the PyObject will now fail. (function decref)
[W331 02:53:24.663963938 PyInterpreter.cpp:263] Warning: Deallocating Tensor that still has live PyObject references.  This probably happened because you took out a weak reference to Tensor and didn't call _fix_weakref() after dereferencing it.  Subsequent accesses to this tensor via the PyObject will now fail. (function decref)
[W331 02:53:24.664103930 PyInterpreter.cpp:263] Warning: Deallocating Tensor that still has live PyObject references.  This probably happened because you took out a weak reference to Tensor and didn't call _fix_weakref() after dereferencing it.  Subsequent accesses to this tensor via the PyObject will now fail. (function decref)
[W331 02:53:24.664117130 PyInterpreter.cpp:263] Warning: Deallocating Tensor that still has live PyObject references.  This probably happened because you took out a weak reference to Tensor and didn't call _fix_weakref() after dereferencing it.  Subsequent accesses to this tensor via the PyObject will now fail. (function decref)
[W331 02:53:24.664131830 PyInterpreter.cpp:263] Warning: Deallocating Tensor that still has live PyObject references.  This probably happened because you took out a weak reference to Tensor and didn't call _fix_weakref() after dereferencing it.  Subsequent accesses to this tensor via the PyObject will now fail. (function decref)
[W331 02:53:24.664143020 PyInterpreter.cpp:263] Warning: Deallocating Tensor that still has live PyObject references.  This probably happened because you took out a weak reference to Tensor and didn't call _fix_weakref() after dereferencing it.  Subsequent accesses to this tensor via the PyObject will now fail. (function decref)
[W331 02:53:24.664159980 PyInterpreter.cpp:263] Warning: Deallocating Tensor that still has live PyObject references.  This probably happened because you took out a weak reference to Tensor and didn't call _fix_weakref() after dereferencing it.  Subsequent accesses to this tensor via the PyObject will now fail. (function decref)
[W331 02:53:24.664169590 PyInterpreter.cpp:263] Warning: Deallocating Tensor that still has live PyObject references.  This probably happened because you took out a weak reference to Tensor and didn't call _fix_weakref() after dereferencing it.  Subsequent accesses to this tensor via the PyObject will now fail. (function decref)
[W331 02:53:24.664183770 PyInterpreter.cpp:263] Warning: Deallocating Tensor that still has live PyObject references.  This probably happened because you took out a weak reference to Tensor and didn't call _fix_weakref() after dereferencing it.  Subsequent accesses to this tensor via the PyObject will now fail. (function decref)
[W331 02:53:24.664193130 PyInterpreter.cpp:263] Warning: Deallocating Tensor that still has live PyObject references.  This probably happened because you took out a weak reference to Tensor and didn't call _fix_weakref() after dereferencing it.  Subsequent accesses to this tensor via the PyObject will now fail. (function decref)
[W331 02:53:24.664229220 PyInterpreter.cpp:263] Warning: Deallocating Tensor that still has live PyObject references.  This probably happened because you took out a weak reference to Tensor and didn't call _fix_weakref() after dereferencing it.  Subsequent accesses to this tensor via the PyObject will now fail. (function decref)
[W331 02:53:24.664238811 PyInterpreter.cpp:263] Warning: Deallocating Tensor that still has live PyObject references.  This probably happened because you took out a weak reference to Tensor and didn't call _fix_weakref() after dereferencing it.  Subsequent accesses to this tensor via the PyObject will now fail. (function decref)
[W331 02:53:24.664292151 PyInterpreter.cpp:263] Warning: Deallocating Tensor that still has live PyObject references.  This probably happened because you took out a weak reference to Tensor and didn't call _fix_weakref() after dereferencing it.  Subsequent accesses to this tensor via the PyObject will now fail. (function decref)
[W331 02:53:24.664301401 PyInterpreter.cpp:263] Warning: Deallocating Tensor that still has live PyObject references.  This probably happened because you took out a weak reference to Tensor and didn't call _fix_weakref() after dereferencing it.  Subsequent accesses to this tensor via the PyObject will now fail. (function decref)
[W331 02:53:24.664320411 PyInterpreter.cpp:263] Warning: Deallocating Tensor that still has live PyObject references.  This probably happened because you took out a weak reference to Tensor and didn't call _fix_weakref() after dereferencing it.  Subsequent accesses to this tensor via the PyObject will now fail. (function decref)
[W331 02:53:24.664328651 PyInterpreter.cpp:263] Warning: Deallocating Tensor that still has live PyObject references.  This probably happened because you took out a weak reference to Tensor and didn't call _fix_weakref() after dereferencing it.  Subsequent accesses to this tensor via the PyObject will now fail. (function decref)
[W331 02:53:24.664351011 PyInterpreter.cpp:263] Warning: Deallocating Tensor that still has live PyObject references.  This probably happened because you took out a weak reference to Tensor and didn't call _fix_weakref() after dereferencing it.  Subsequent accesses to this tensor via the PyObject will now fail. (function decref)
[W331 02:53:26.861814727 PyInterpreter.cpp:263] Warning: Deallocating Tensor that still has live PyObject references.  This probably happened because you took out a weak reference to Tensor and didn't call _fix_weakref() after dereferencing it.  Subsequent accesses to this tensor via the PyObject will now fail. (function decref)
[W331 02:53:26.861936438 PyInterpreter.cpp:263] Warning: Deallocating Tensor that still has live PyObject references.  This probably happened because you took out a weak reference to Tensor and didn't call _fix_weakref() after dereferencing it.  Subsequent accesses to this tensor via the PyObject will now fail. (function decref)
[W331 02:53:26.861956878 PyInterpreter.cpp:263] Warning: Deallocating Tensor that still has live PyObject references.  This probably happened because you took out a weak reference to Tensor and didn't call _fix_weakref() after dereferencing it.  Subsequent accesses to this tensor via the PyObject will now fail. (function decref)
[W331 02:53:26.861966578 PyInterpreter.cpp:263] Warning: Deallocating Tensor that still has live PyObject references.  This probably happened because you took out a weak reference to Tensor and didn't call _fix_weakref() after dereferencing it.  Subsequent accesses to this tensor via the PyObject will now fail. (function decref)
[W331 02:53:26.861984898 PyInterpreter.cpp:263] Warning: Deallocating Tensor that still has live PyObject references.  This probably happened because you took out a weak reference to Tensor and didn't call _fix_weakref() after dereferencing it.  Subsequent accesses to this tensor via the PyObject will now fail. (function decref)
[W331 02:53:26.861994048 PyInterpreter.cpp:263] Warning: Deallocating Tensor that still has live PyObject references.  This probably happened because you took out a weak reference to Tensor and didn't call _fix_weakref() after dereferencing it.  Subsequent accesses to this tensor via the PyObject will now fail. (function decref)
[W331 02:53:26.862015008 PyInterpreter.cpp:263] Warning: Deallocating Tensor that still has live PyObject references.  This probably happened because you took out a weak reference to Tensor and didn't call _fix_weakref() after dereferencing it.  Subsequent accesses to this tensor via the PyObject will now fail. (function decref)
[W331 02:53:26.862028568 PyInterpreter.cpp:263] Warning: Deallocating Tensor that still has live PyObject references.  This probably happened because you took out a weak reference to Tensor and didn't call _fix_weakref() after dereferencing it.  Subsequent accesses to this tensor via the PyObject will now fail. (function decref)
[W331 02:53:26.862083449 PyInterpreter.cpp:263] Warning: Deallocating Tensor that still has live PyObject references.  This probably happened because you took out a weak reference to Tensor and didn't call _fix_weakref() after dereferencing it.  Subsequent accesses to this tensor via the PyObject will now fail. (function decref)
[W331 02:53:26.862094789 PyInterpreter.cpp:263] Warning: Deallocating Tensor that still has live PyObject references.  This probably happened because you took out a weak reference to Tensor and didn't call _fix_weakref() after dereferencing it.  Subsequent accesses to this tensor via the PyObject will now fail. (function decref)
[W331 02:53:26.862127889 PyInterpreter.cpp:263] Warning: Deallocating Tensor that still has live PyObject references.  This probably happened because you took out a weak reference to Tensor and didn't call _fix_weakref() after dereferencing it.  Subsequent accesses to this tensor via the PyObject will now fail. (function decref)
[W331 02:53:26.862139889 PyInterpreter.cpp:263] Warning: Deallocating Tensor that still has live PyObject references.  This probably happened because you took out a weak reference to Tensor and didn't call _fix_weakref() after dereferencing it.  Subsequent accesses to this tensor via the PyObject will now fail. (function decref)
[W331 02:53:26.862164099 PyInterpreter.cpp:263] Warning: Deallocating Tensor that still has live PyObject references.  This probably happened because you took out a weak reference to Tensor and didn't call _fix_weakref() after dereferencing it.  Subsequent accesses to this tensor via the PyObject will now fail. (function decref)
[W331 02:53:26.862176459 PyInterpreter.cpp:263] Warning: Deallocating Tensor that still has live PyObject references.  This probably happened because you took out a weak reference to Tensor and didn't call _fix_weakref() after dereferencing it.  Subsequent accesses to this tensor via the PyObject will now fail. (function decref)
[W331 02:53:26.862195870 PyInterpreter.cpp:263] Warning: Deallocating Tensor that still has live PyObject references.  This probably happened because you took out a weak reference to Tensor and didn't call _fix_weakref() after dereferencing it.  Subsequent accesses to this tensor via the PyObject will now fail. (function decref)
[W331 02:53:26.862206300 PyInterpreter.cpp:263] Warning: Deallocating Tensor that still has live PyObject references.  This probably happened because you took out a weak reference to Tensor and didn't call _fix_weakref() after dereferencing it.  Subsequent accesses to this tensor via the PyObject will now fail. (function decref)
  Layer 0 done in 15.7s (BF16 skip)

======================================================================
[LAYER 1/31] type=lightning-attn  -> INT4 (quantize)
======================================================================
  Linears to quantize: ['mlp.down_proj', 'mlp.gate_proj', 'mlp.up_proj', 'self_attn.k_proj', 'self_attn.o_proj', 'self_attn.q_proj', 'self_attn.v_proj', 'self_attn.z_proj']
  Collecting Hessians (96 samples)...
/opt/oldMoney-Project/quantization/GPTQ_int4_lightning_only_minicpm4_bf16.py:236: FutureWarning: `torch.distributed.reduce_op` is deprecated, please use `torch.distributed.ReduceOp` instead
  if isinstance(obj, functools._lru_cache_wrapper):
  Applying SmoothQuant channel equalization (alpha=0.5)...
  Smoothed [input_layernorm] -> ['self_attn.k_proj', 'self_attn.q_proj', 'self_attn.v_proj', 'self_attn.z_proj'] | s: min=0.0468 max=3.8130 std=0.2000
  Smoothed [o_norm] -> [o_proj] | s: min=0.1388 max=5.5974 std=0.3420
  Smoothed [post_attn_layernorm] -> ['mlp.gate_proj', 'mlp.up_proj'] | s: min=0.1283 max=5.2422 std=0.1050
  Smoothed [up_proj] -> [down_proj] | s: min=0.3213 max=2.5907 std=0.1858
  Running GPTQ quantization (bits=4, group_size=128)...
    mlp.down_proj MSE=1.720583e-05 RelErr=0.1794
    mlp.down_proj [4096x16384] W4 quantized in 3.8s
    mlp.gate_proj MSE=1.126968e-05 RelErr=0.1710
    mlp.gate_proj [16384x4096] W4 quantized in 0.9s
    mlp.up_proj MSE=1.100379e-05 RelErr=0.1540
    mlp.up_proj [16384x4096] W4 quantized in 0.9s
    self_attn.k_proj MSE=1.530832e-05 RelErr=0.2389
    self_attn.k_proj [4096x4096] W4 quantized in 0.9s
    self_attn.o_proj MSE=1.378416e-05 RelErr=0.1693
    self_attn.o_proj [4096x4096] W4 quantized in 0.9s
    self_attn.q_proj MSE=1.406936e-05 RelErr=0.2283
    self_attn.q_proj [4096x4096] W4 quantized in 0.9s
    self_attn.v_proj MSE=1.674808e-05 RelErr=0.2084
    self_attn.v_proj [4096x4096] W4 quantized in 0.9s
    self_attn.z_proj MSE=1.458511e-05 RelErr=0.1981
    self_attn.z_proj [4096x4096] W4 quantized in 0.9s
  Updating hidden states for next layer...
  Layer 1 done in 122.7s (INT4)

======================================================================
[LAYER 2/31] type=lightning-attn  -> INT4 (quantize)
======================================================================
  Linears to quantize: ['mlp.down_proj', 'mlp.gate_proj', 'mlp.up_proj', 'self_attn.k_proj', 'self_attn.o_proj', 'self_attn.q_proj', 'self_attn.v_proj', 'self_attn.z_proj']
  Collecting Hessians (96 samples)...
  Applying SmoothQuant channel equalization (alpha=0.5)...
  Smoothed [input_layernorm] -> ['self_attn.k_proj', 'self_attn.q_proj', 'self_attn.v_proj', 'self_attn.z_proj'] | s: min=0.0977 max=3.7327 std=0.1655
  Smoothed [o_norm] -> [o_proj] | s: min=0.2871 max=1.7493 std=0.2552
  Smoothed [post_attn_layernorm] -> ['mlp.gate_proj', 'mlp.up_proj'] | s: min=0.0325 max=3.8093 std=0.0986
  Smoothed [up_proj] -> [down_proj] | s: min=0.3475 max=3.6508 std=0.2561
  Running GPTQ quantization (bits=4, group_size=128)...
    mlp.down_proj MSE=1.742838e-05 RelErr=0.1723
    mlp.down_proj [4096x16384] W4 quantized in 3.7s
    mlp.gate_proj MSE=1.251903e-05 RelErr=0.1609
    mlp.gate_proj [16384x4096] W4 quantized in 0.9s
    mlp.up_proj MSE=1.243757e-05 RelErr=0.1467
    mlp.up_proj [16384x4096] W4 quantized in 0.9s
    self_attn.k_proj MSE=1.604190e-05 RelErr=0.2014
    self_attn.k_proj [4096x4096] W4 quantized in 0.9s
    self_attn.o_proj MSE=1.236739e-05 RelErr=0.1476
    self_attn.o_proj [4096x4096] W4 quantized in 0.9s
    self_attn.q_proj MSE=1.530041e-05 RelErr=0.1965
    self_attn.q_proj [4096x4096] W4 quantized in 0.9s
    self_attn.v_proj MSE=1.482350e-05 RelErr=0.1680
    self_attn.v_proj [4096x4096] W4 quantized in 0.9s
    self_attn.z_proj MSE=1.349511e-05 RelErr=0.1741
    self_attn.z_proj [4096x4096] W4 quantized in 0.9s
  Updating hidden states for next layer...
  Layer 2 done in 90.5s (INT4)

======================================================================
[LAYER 3/31] type=lightning-attn  -> INT4 (quantize)
======================================================================
  Linears to quantize: ['mlp.down_proj', 'mlp.gate_proj', 'mlp.up_proj', 'self_attn.k_proj', 'self_attn.o_proj', 'self_attn.q_proj', 'self_attn.v_proj', 'self_attn.z_proj']
  Collecting Hessians (96 samples)...
  Applying SmoothQuant channel equalization (alpha=0.5)...
  Smoothed [input_layernorm] -> ['self_attn.k_proj', 'self_attn.q_proj', 'self_attn.v_proj', 'self_attn.z_proj'] | s: min=0.0460 max=3.4692 std=0.1095
  Smoothed [o_norm] -> [o_proj] | s: min=0.2549 max=1.9844 std=0.2184
  Smoothed [post_attn_layernorm] -> ['mlp.gate_proj', 'mlp.up_proj'] | s: min=0.0640 max=2.6642 std=0.0940
  Smoothed [up_proj] -> [down_proj] | s: min=0.3680 max=3.3740 std=0.1870
  Running GPTQ quantization (bits=4, group_size=128)...
    mlp.down_proj MSE=1.229450e-05 RelErr=0.1487
    mlp.down_proj [4096x16384] W4 quantized in 3.7s
    mlp.gate_proj MSE=1.242967e-05 RelErr=0.1469
    mlp.gate_proj [16384x4096] W4 quantized in 0.9s
    mlp.up_proj MSE=1.112000e-05 RelErr=0.1407
    mlp.up_proj [16384x4096] W4 quantized in 0.9s
    self_attn.k_proj MSE=1.405169e-05 RelErr=0.1686
    self_attn.k_proj [4096x4096] W4 quantized in 0.9s
    self_attn.o_proj MSE=1.141038e-05 RelErr=0.1397
    self_attn.o_proj [4096x4096] W4 quantized in 0.9s
    self_attn.q_proj MSE=1.290375e-05 RelErr=0.1618
    self_attn.q_proj [4096x4096] W4 quantized in 0.9s
    self_attn.v_proj MSE=1.354022e-05 RelErr=0.1533
    self_attn.v_proj [4096x4096] W4 quantized in 0.9s
    self_attn.z_proj MSE=1.163607e-05 RelErr=0.1537
    self_attn.z_proj [4096x4096] W4 quantized in 0.9s
  Updating hidden states for next layer...
  Layer 3 done in 90.7s (INT4)

======================================================================
[LAYER 4/31] type=lightning-attn  -> INT4 (quantize)
======================================================================
  Linears to quantize: ['mlp.down_proj', 'mlp.gate_proj', 'mlp.up_proj', 'self_attn.k_proj', 'self_attn.o_proj', 'self_attn.q_proj', 'self_attn.v_proj', 'self_attn.z_proj']
  Collecting Hessians (96 samples)...
  Applying SmoothQuant channel equalization (alpha=0.5)...
  Smoothed [input_layernorm] -> ['self_attn.k_proj', 'self_attn.q_proj', 'self_attn.v_proj', 'self_attn.z_proj'] | s: min=0.0324 max=3.3294 std=0.1216
  Smoothed [o_norm] -> [o_proj] | s: min=0.3098 max=2.3334 std=0.2470
  Smoothed [post_attn_layernorm] -> ['mlp.gate_proj', 'mlp.up_proj'] | s: min=0.1088 max=2.5587 std=0.0948
  Smoothed [up_proj] -> [down_proj] | s: min=0.3188 max=2.4142 std=0.1651
  Running GPTQ quantization (bits=4, group_size=128)...
    mlp.down_proj MSE=1.158089e-05 RelErr=0.1438
    mlp.down_proj [4096x16384] W4 quantized in 3.7s
    mlp.gate_proj MSE=1.171685e-05 RelErr=0.1422
    mlp.gate_proj [16384x4096] W4 quantized in 0.9s
    mlp.up_proj MSE=1.074808e-05 RelErr=0.1369
    mlp.up_proj [16384x4096] W4 quantized in 0.9s
    self_attn.k_proj MSE=1.210766e-05 RelErr=0.1675
    self_attn.k_proj [4096x4096] W4 quantized in 0.9s
    self_attn.o_proj MSE=1.194969e-05 RelErr=0.1432
    self_attn.o_proj [4096x4096] W4 quantized in 0.9s
    self_attn.q_proj MSE=1.145863e-05 RelErr=0.1637
    self_attn.q_proj [4096x4096] W4 quantized in 0.9s
    self_attn.v_proj MSE=1.164291e-05 RelErr=0.1447
    self_attn.v_proj [4096x4096] W4 quantized in 0.9s
    self_attn.z_proj MSE=1.036990e-05 RelErr=0.1461
    self_attn.z_proj [4096x4096] W4 quantized in 0.9s
  Updating hidden states for next layer...
  Layer 4 done in 91.3s (INT4)

======================================================================
[LAYER 5/31] type=lightning-attn  -> INT4 (quantize)
======================================================================
  Linears to quantize: ['mlp.down_proj', 'mlp.gate_proj', 'mlp.up_proj', 'self_attn.k_proj', 'self_attn.o_proj', 'self_attn.q_proj', 'self_attn.v_proj', 'self_attn.z_proj']
  Collecting Hessians (96 samples)...
  Applying SmoothQuant channel equalization (alpha=0.5)...
  Smoothed [input_layernorm] -> ['self_attn.k_proj', 'self_attn.q_proj', 'self_attn.v_proj', 'self_attn.z_proj'] | s: min=0.1417 max=3.8919 std=0.1078
  Smoothed [o_norm] -> [o_proj] | s: min=0.1052 max=1.7363 std=0.2183
  Smoothed [post_attn_layernorm] -> ['mlp.gate_proj', 'mlp.up_proj'] | s: min=0.0217 max=2.8153 std=0.0945
  Smoothed [up_proj] -> [down_proj] | s: min=0.3185 max=2.0599 std=0.1298
  Running GPTQ quantization (bits=4, group_size=128)...
    mlp.down_proj MSE=9.962124e-06 RelErr=0.1346
    mlp.down_proj [4096x16384] W4 quantized in 3.7s
    mlp.gate_proj MSE=1.110700e-05 RelErr=0.1373
    mlp.gate_proj [16384x4096] W4 quantized in 0.9s
    mlp.up_proj MSE=1.030477e-05 RelErr=0.1345
    mlp.up_proj [16384x4096] W4 quantized in 0.9s
    self_attn.k_proj MSE=1.271206e-05 RelErr=0.1613
    self_attn.k_proj [4096x4096] W4 quantized in 0.9s
    self_attn.o_proj MSE=1.123221e-05 RelErr=0.1373
    self_attn.o_proj [4096x4096] W4 quantized in 0.9s
    self_attn.q_proj MSE=1.132223e-05 RelErr=0.1513
    self_attn.q_proj [4096x4096] W4 quantized in 0.9s
    self_attn.v_proj MSE=1.226228e-05 RelErr=0.1446
    self_attn.v_proj [4096x4096] W4 quantized in 0.9s
    self_attn.z_proj MSE=1.049573e-05 RelErr=0.1453
    self_attn.z_proj [4096x4096] W4 quantized in 0.9s
  Updating hidden states for next layer...
  Layer 5 done in 91.3s (INT4)

======================================================================
[LAYER 6/31] type=lightning-attn  -> INT4 (quantize)
======================================================================
  Linears to quantize: ['mlp.down_proj', 'mlp.gate_proj', 'mlp.up_proj', 'self_attn.k_proj', 'self_attn.o_proj', 'self_attn.q_proj', 'self_attn.v_proj', 'self_attn.z_proj']
  Collecting Hessians (96 samples)...
  Applying SmoothQuant channel equalization (alpha=0.5)...
  Smoothed [input_layernorm] -> ['self_attn.k_proj', 'self_attn.q_proj', 'self_attn.v_proj', 'self_attn.z_proj'] | s: min=0.0895 max=2.6631 std=0.0869
  Smoothed [o_norm] -> [o_proj] | s: min=0.2984 max=1.7391 std=0.1938
  Smoothed [post_attn_layernorm] -> ['mlp.gate_proj', 'mlp.up_proj'] | s: min=0.1003 max=1.8951 std=0.0846
  Smoothed [up_proj] -> [down_proj] | s: min=0.3631 max=1.9482 std=0.1428
  Running GPTQ quantization (bits=4, group_size=128)...
    mlp.down_proj MSE=1.059414e-05 RelErr=0.1387
    mlp.down_proj [4096x16384] W4 quantized in 3.6s
    mlp.gate_proj MSE=1.070534e-05 RelErr=0.1353
    mlp.gate_proj [16384x4096] W4 quantized in 0.9s
    mlp.up_proj MSE=1.006367e-05 RelErr=0.1329
    mlp.up_proj [16384x4096] W4 quantized in 0.9s
    self_attn.k_proj MSE=1.491911e-05 RelErr=0.1681
    self_attn.k_proj [4096x4096] W4 quantized in 0.9s
    self_attn.o_proj MSE=1.072278e-05 RelErr=0.1357
    self_attn.o_proj [4096x4096] W4 quantized in 0.9s
    self_attn.q_proj MSE=1.147264e-05 RelErr=0.1512
    self_attn.q_proj [4096x4096] W4 quantized in 0.9s
    self_attn.v_proj MSE=1.154518e-05 RelErr=0.1385
    self_attn.v_proj [4096x4096] W4 quantized in 0.9s
    self_attn.z_proj MSE=9.478740e-06 RelErr=0.1398
    self_attn.z_proj [4096x4096] W4 quantized in 0.9s
  Updating hidden states for next layer...
  Layer 6 done in 90.7s (INT4)

======================================================================
[LAYER 7/31] type=lightning-attn  -> INT4 (quantize)
======================================================================
  Linears to quantize: ['mlp.down_proj', 'mlp.gate_proj', 'mlp.up_proj', 'self_attn.k_proj', 'self_attn.o_proj', 'self_attn.q_proj', 'self_attn.v_proj', 'self_attn.z_proj']
  Collecting Hessians (96 samples)...
  Applying SmoothQuant channel equalization (alpha=0.5)...
  Smoothed [input_layernorm] -> ['self_attn.k_proj', 'self_attn.q_proj', 'self_attn.v_proj', 'self_attn.z_proj'] | s: min=0.1646 max=3.2244 std=0.1044
  Smoothed [o_norm] -> [o_proj] | s: min=0.3333 max=1.9899 std=0.2025
  Smoothed [post_attn_layernorm] -> ['mlp.gate_proj', 'mlp.up_proj'] | s: min=0.0522 max=2.0309 std=0.0982
  Smoothed [up_proj] -> [down_proj] | s: min=0.3140 max=2.2582 std=0.1643
  Running GPTQ quantization (bits=4, group_size=128)...
    mlp.down_proj MSE=1.157243e-05 RelErr=0.1432
    mlp.down_proj [4096x16384] W4 quantized in 3.7s
    mlp.gate_proj MSE=1.088105e-05 RelErr=0.1365
    mlp.gate_proj [16384x4096] W4 quantized in 0.9s
    mlp.up_proj MSE=1.077033e-05 RelErr=0.1348
    mlp.up_proj [16384x4096] W4 quantized in 0.9s
    self_attn.k_proj MSE=1.470846e-05 RelErr=0.1666
    self_attn.k_proj [4096x4096] W4 quantized in 0.9s
    self_attn.o_proj MSE=1.108857e-05 RelErr=0.1371
    self_attn.o_proj [4096x4096] W4 quantized in 0.9s
    self_attn.q_proj MSE=1.128728e-05 RelErr=0.1492
    self_attn.q_proj [4096x4096] W4 quantized in 0.9s
    self_attn.v_proj MSE=1.177624e-05 RelErr=0.1395
    self_attn.v_proj [4096x4096] W4 quantized in 0.9s
    self_attn.z_proj MSE=9.487934e-06 RelErr=0.1397
    self_attn.z_proj [4096x4096] W4 quantized in 0.9s
  Updating hidden states for next layer...
  Layer 7 done in 91.4s (INT4)

======================================================================
[LAYER 8/31] type=lightning-attn  -> INT4 (quantize)
======================================================================
  Linears to quantize: ['mlp.down_proj', 'mlp.gate_proj', 'mlp.up_proj', 'self_attn.k_proj', 'self_attn.o_proj', 'self_attn.q_proj', 'self_attn.v_proj', 'self_attn.z_proj']
  Collecting Hessians (96 samples)...
  Applying SmoothQuant channel equalization (alpha=0.5)...
  Smoothed [input_layernorm] -> ['self_attn.k_proj', 'self_attn.q_proj', 'self_attn.v_proj', 'self_attn.z_proj'] | s: min=0.1343 max=3.8626 std=0.0965
  Smoothed [o_norm] -> [o_proj] | s: min=0.2279 max=1.7861 std=0.1937
  Smoothed [post_attn_layernorm] -> ['mlp.gate_proj', 'mlp.up_proj'] | s: min=0.0941 max=1.9378 std=0.1010
  Smoothed [up_proj] -> [down_proj] | s: min=0.3383 max=2.2818 std=0.1657
  Running GPTQ quantization (bits=4, group_size=128)...
    mlp.down_proj MSE=1.116364e-05 RelErr=0.1415
    mlp.down_proj [4096x16384] W4 quantized in 3.7s
    mlp.gate_proj MSE=1.150255e-05 RelErr=0.1375
    mlp.gate_proj [16384x4096] W4 quantized in 0.9s
    mlp.up_proj MSE=1.114709e-05 RelErr=0.1360
    mlp.up_proj [16384x4096] W4 quantized in 0.9s
    self_attn.k_proj MSE=1.776013e-05 RelErr=0.1773
    self_attn.k_proj [4096x4096] W4 quantized in 0.9s
    self_attn.o_proj MSE=1.106103e-05 RelErr=0.1356
    self_attn.o_proj [4096x4096] W4 quantized in 0.9s
    self_attn.q_proj MSE=1.246705e-05 RelErr=0.1531
    self_attn.q_proj [4096x4096] W4 quantized in 0.9s
    self_attn.v_proj MSE=1.211231e-05 RelErr=0.1396
    self_attn.v_proj [4096x4096] W4 quantized in 0.9s
    self_attn.z_proj MSE=9.732040e-06 RelErr=0.1398
    self_attn.z_proj [4096x4096] W4 quantized in 0.9s
  Updating hidden states for next layer...
  Layer 8 done in 91.0s (INT4)

======================================================================
[LAYER 9/31] type=minicpm4  -> BF16 (skip)
======================================================================
  MiniCPM4 layer -> keeping all weights in BF16
  Updating hidden states for next layer...
[W331 03:06:09.064275357 PyInterpreter.cpp:263] Warning: Deallocating Tensor that still has live PyObject references.  This probably happened because you took out a weak reference to Tensor and didn't call _fix_weakref() after dereferencing it.  Subsequent accesses to this tensor via the PyObject will now fail. (function decref)
[W331 03:06:09.064404028 PyInterpreter.cpp:263] Warning: Deallocating Tensor that still has live PyObject references.  This probably happened because you took out a weak reference to Tensor and didn't call _fix_weakref() after dereferencing it.  Subsequent accesses to this tensor via the PyObject will now fail. (function decref)
[W331 03:06:09.064431038 PyInterpreter.cpp:263] Warning: Deallocating Tensor that still has live PyObject references.  This probably happened because you took out a weak reference to Tensor and didn't call _fix_weakref() after dereferencing it.  Subsequent accesses to this tensor via the PyObject will now fail. (function decref)
[W331 03:06:09.064443968 PyInterpreter.cpp:263] Warning: Deallocating Tensor that still has live PyObject references.  This probably happened because you took out a weak reference to Tensor and didn't call _fix_weakref() after dereferencing it.  Subsequent accesses to this tensor via the PyObject will now fail. (function decref)
[W331 03:06:09.064469478 PyInterpreter.cpp:263] Warning: Deallocating Tensor that still has live PyObject references.  This probably happened because you took out a weak reference to Tensor and didn't call _fix_weakref() after dereferencing it.  Subsequent accesses to this tensor via the PyObject will now fail. (function decref)
[W331 03:06:09.064485838 PyInterpreter.cpp:263] Warning: Deallocating Tensor that still has live PyObject references.  This probably happened because you took out a weak reference to Tensor and didn't call _fix_weakref() after dereferencing it.  Subsequent accesses to this tensor via the PyObject will now fail. (function decref)
[W331 03:06:09.064522069 PyInterpreter.cpp:263] Warning: Deallocating Tensor that still has live PyObject references.  This probably happened because you took out a weak reference to Tensor and didn't call _fix_weakref() after dereferencing it.  Subsequent accesses to this tensor via the PyObject will now fail. (function decref)
[W331 03:06:09.064532879 PyInterpreter.cpp:263] Warning: Deallocating Tensor that still has live PyObject references.  This probably happened because you took out a weak reference to Tensor and didn't call _fix_weakref() after dereferencing it.  Subsequent accesses to this tensor via the PyObject will now fail. (function decref)
[W331 03:06:09.064579869 PyInterpreter.cpp:263] Warning: Deallocating Tensor that still has live PyObject references.  This probably happened because you took out a weak reference to Tensor and didn't call _fix_weakref() after dereferencing it.  Subsequent accesses to this tensor via the PyObject will now fail. (function decref)
[W331 03:06:09.064589659 PyInterpreter.cpp:263] Warning: Deallocating Tensor that still has live PyObject references.  This probably happened because you took out a weak reference to Tensor and didn't call _fix_weakref() after dereferencing it.  Subsequent accesses to this tensor via the PyObject will now fail. (function decref)
[W331 03:06:09.064611369 PyInterpreter.cpp:263] Warning: Deallocating Tensor that still has live PyObject references.  This probably happened because you took out a weak reference to Tensor and didn't call _fix_weakref() after dereferencing it.  Subsequent accesses to this tensor via the PyObject will now fail. (function decref)
[W331 03:06:09.064621629 PyInterpreter.cpp:263] Warning: Deallocating Tensor that still has live PyObject references.  This probably happened because you took out a weak reference to Tensor and didn't call _fix_weakref() after dereferencing it.  Subsequent accesses to this tensor via the PyObject will now fail. (function decref)
[W331 03:06:09.064636509 PyInterpreter.cpp:263] Warning: Deallocating Tensor that still has live PyObject references.  This probably happened because you took out a weak reference to Tensor and didn't call _fix_weakref() after dereferencing it.  Subsequent accesses to this tensor via the PyObject will now fail. (function decref)
[W331 03:06:09.064651419 PyInterpreter.cpp:263] Warning: Deallocating Tensor that still has live PyObject references.  This probably happened because you took out a weak reference to Tensor and didn't call _fix_weakref() after dereferencing it.  Subsequent accesses to this tensor via the PyObject will now fail. (function decref)
[W331 03:06:09.064676100 PyInterpreter.cpp:263] Warning: Deallocating Tensor that still has live PyObject references.  This probably happened because you took out a weak reference to Tensor and didn't call _fix_weakref() after dereferencing it.  Subsequent accesses to this tensor via the PyObject will now fail. (function decref)
[W331 03:06:09.064693690 PyInterpreter.cpp:263] Warning: Deallocating Tensor that still has live PyObject references.  This probably happened because you took out a weak reference to Tensor and didn't call _fix_weakref() after dereferencing it.  Subsequent accesses to this tensor via the PyObject will now fail. (function decref)
[W331 03:06:12.454744018 PyInterpreter.cpp:263] Warning: Deallocating Tensor that still has live PyObject references.  This probably happened because you took out a weak reference to Tensor and didn't call _fix_weakref() after dereferencing it.  Subsequent accesses to this tensor via the PyObject will now fail. (function decref)
[W331 03:06:12.454852359 PyInterpreter.cpp:263] Warning: Deallocating Tensor that still has live PyObject references.  This probably happened because you took out a weak reference to Tensor and didn't call _fix_weakref() after dereferencing it.  Subsequent accesses to this tensor via the PyObject will now fail. (function decref)
[W331 03:06:12.454871849 PyInterpreter.cpp:263] Warning: Deallocating Tensor that still has live PyObject references.  This probably happened because you took out a weak reference to Tensor and didn't call _fix_weakref() after dereferencing it.  Subsequent accesses to this tensor via the PyObject will now fail. (function decref)
[W331 03:06:12.454882429 PyInterpreter.cpp:263] Warning: Deallocating Tensor that still has live PyObject references.  This probably happened because you took out a weak reference to Tensor and didn't call _fix_weakref() after dereferencing it.  Subsequent accesses to this tensor via the PyObject will now fail. (function decref)
[W331 03:06:12.454916389 PyInterpreter.cpp:263] Warning: Deallocating Tensor that still has live PyObject references.  This probably happened because you took out a weak reference to Tensor and didn't call _fix_weakref() after dereferencing it.  Subsequent accesses to this tensor via the PyObject will now fail. (function decref)
[W331 03:06:12.454929029 PyInterpreter.cpp:263] Warning: Deallocating Tensor that still has live PyObject references.  This probably happened because you took out a weak reference to Tensor and didn't call _fix_weakref() after dereferencing it.  Subsequent accesses to this tensor via the PyObject will now fail. (function decref)
[W331 03:06:12.454954560 PyInterpreter.cpp:263] Warning: Deallocating Tensor that still has live PyObject references.  This probably happened because you took out a weak reference to Tensor and didn't call _fix_weakref() after dereferencing it.  Subsequent accesses to this tensor via the PyObject will now fail. (function decref)
[W331 03:06:12.454967990 PyInterpreter.cpp:263] Warning: Deallocating Tensor that still has live PyObject references.  This probably happened because you took out a weak reference to Tensor and didn't call _fix_weakref() after dereferencing it.  Subsequent accesses to this tensor via the PyObject will now fail. (function decref)
[W331 03:06:12.454986810 PyInterpreter.cpp:263] Warning: Deallocating Tensor that still has live PyObject references.  This probably happened because you took out a weak reference to Tensor and didn't call _fix_weakref() after dereferencing it.  Subsequent accesses to this tensor via the PyObject will now fail. (function decref)
[W331 03:06:12.455022620 PyInterpreter.cpp:263] Warning: Deallocating Tensor that still has live PyObject references.  This probably happened because you took out a weak reference to Tensor and didn't call _fix_weakref() after dereferencing it.  Subsequent accesses to this tensor via the PyObject will now fail. (function decref)
[W331 03:06:12.455054970 PyInterpreter.cpp:263] Warning: Deallocating Tensor that still has live PyObject references.  This probably happened because you took out a weak reference to Tensor and didn't call _fix_weakref() after dereferencing it.  Subsequent accesses to this tensor via the PyObject will now fail. (function decref)
[W331 03:06:12.455064730 PyInterpreter.cpp:263] Warning: Deallocating Tensor that still has live PyObject references.  This probably happened because you took out a weak reference to Tensor and didn't call _fix_weakref() after dereferencing it.  Subsequent accesses to this tensor via the PyObject will now fail. (function decref)
[W331 03:06:12.455088171 PyInterpreter.cpp:263] Warning: Deallocating Tensor that still has live PyObject references.  This probably happened because you took out a weak reference to Tensor and didn't call _fix_weakref() after dereferencing it.  Subsequent accesses to this tensor via the PyObject will now fail. (function decref)
[W331 03:06:12.455098001 PyInterpreter.cpp:263] Warning: Deallocating Tensor that still has live PyObject references.  This probably happened because you took out a weak reference to Tensor and didn't call _fix_weakref() after dereferencing it.  Subsequent accesses to this tensor via the PyObject will now fail. (function decref)
[W331 03:06:12.455127821 PyInterpreter.cpp:263] Warning: Deallocating Tensor that still has live PyObject references.  This probably happened because you took out a weak reference to Tensor and didn't call _fix_weakref() after dereferencing it.  Subsequent accesses to this tensor via the PyObject will now fail. (function decref)
[W331 03:06:12.455140541 PyInterpreter.cpp:263] Warning: Deallocating Tensor that still has live PyObject references.  This probably happened because you took out a weak reference to Tensor and didn't call _fix_weakref() after dereferencing it.  Subsequent accesses to this tensor via the PyObject will now fail. (function decref)
[W331 03:06:15.484592708 PyInterpreter.cpp:263] Warning: Deallocating Tensor that still has live PyObject references.  This probably happened because you took out a weak reference to Tensor and didn't call _fix_weakref() after dereferencing it.  Subsequent accesses to this tensor via the PyObject will now fail. (function decref)
[W331 03:06:15.484751829 PyInterpreter.cpp:263] Warning: Deallocating Tensor that still has live PyObject references.  This probably happened because you took out a weak reference to Tensor and didn't call _fix_weakref() after dereferencing it.  Subsequent accesses to this tensor via the PyObject will now fail. (function decref)
[W331 03:06:15.484786179 PyInterpreter.cpp:263] Warning: Deallocating Tensor that still has live PyObject references.  This probably happened because you took out a weak reference to Tensor and didn't call _fix_weakref() after dereferencing it.  Subsequent accesses to this tensor via the PyObject will now fail. (function decref)
[W331 03:06:15.484812819 PyInterpreter.cpp:263] Warning: Deallocating Tensor that still has live PyObject references.  This probably happened because you took out a weak reference to Tensor and didn't call _fix_weakref() after dereferencing it.  Subsequent accesses to this tensor via the PyObject will now fail. (function decref)
[W331 03:06:15.484840259 PyInterpreter.cpp:263] Warning: Deallocating Tensor that still has live PyObject references.  This probably happened because you took out a weak reference to Tensor and didn't call _fix_weakref() after dereferencing it.  Subsequent accesses to this tensor via the PyObject will now fail. (function decref)
[W331 03:06:15.484854320 PyInterpreter.cpp:263] Warning: Deallocating Tensor that still has live PyObject references.  This probably happened because you took out a weak reference to Tensor and didn't call _fix_weakref() after dereferencing it.  Subsequent accesses to this tensor via the PyObject will now fail. (function decref)
[W331 03:06:15.484880860 PyInterpreter.cpp:263] Warning: Deallocating Tensor that still has live PyObject references.  This probably happened because you took out a weak reference to Tensor and didn't call _fix_weakref() after dereferencing it.  Subsequent accesses to this tensor via the PyObject will now fail. (function decref)
[W331 03:06:15.484904030 PyInterpreter.cpp:263] Warning: Deallocating Tensor that still has live PyObject references.  This probably happened because you took out a weak reference to Tensor and didn't call _fix_weakref() after dereferencing it.  Subsequent accesses to this tensor via the PyObject will now fail. (function decref)
[W331 03:06:15.484953000 PyInterpreter.cpp:263] Warning: Deallocating Tensor that still has live PyObject references.  This probably happened because you took out a weak reference to Tensor and didn't call _fix_weakref() after dereferencing it.  Subsequent accesses to this tensor via the PyObject will now fail. (function decref)
[W331 03:06:15.484966200 PyInterpreter.cpp:263] Warning: Deallocating Tensor that still has live PyObject references.  This probably happened because you took out a weak reference to Tensor and didn't call _fix_weakref() after dereferencing it.  Subsequent accesses to this tensor via the PyObject will now fail. (function decref)
[W331 03:06:15.484989370 PyInterpreter.cpp:263] Warning: Deallocating Tensor that still has live PyObject references.  This probably happened because you took out a weak reference to Tensor and didn't call _fix_weakref() after dereferencing it.  Subsequent accesses to this tensor via the PyObject will now fail. (function decref)
[W331 03:06:15.485013961 PyInterpreter.cpp:263] Warning: Deallocating Tensor that still has live PyObject references.  This probably happened because you took out a weak reference to Tensor and didn't call _fix_weakref() after dereferencing it.  Subsequent accesses to this tensor via the PyObject will now fail. (function decref)
[W331 03:06:15.485043241 PyInterpreter.cpp:263] Warning: Deallocating Tensor that still has live PyObject references.  This probably happened because you took out a weak reference to Tensor and didn't call _fix_weakref() after dereferencing it.  Subsequent accesses to this tensor via the PyObject will now fail. (function decref)
[W331 03:06:15.485103961 PyInterpreter.cpp:263] Warning: Deallocating Tensor that still has live PyObject references.  This probably happened because you took out a weak reference to Tensor and didn't call _fix_weakref() after dereferencing it.  Subsequent accesses to this tensor via the PyObject will now fail. (function decref)
[W331 03:06:15.485122841 PyInterpreter.cpp:263] Warning: Deallocating Tensor that still has live PyObject references.  This probably happened because you took out a weak reference to Tensor and didn't call _fix_weakref() after dereferencing it.  Subsequent accesses to this tensor via the PyObject will now fail. (function decref)
[W331 03:06:15.485137712 PyInterpreter.cpp:263] Warning: Deallocating Tensor that still has live PyObject references.  This probably happened because you took out a weak reference to Tensor and didn't call _fix_weakref() after dereferencing it.  Subsequent accesses to this tensor via the PyObject will now fail. (function decref)
[W331 03:06:17.638494219 PyInterpreter.cpp:263] Warning: Deallocating Tensor that still has live PyObject references.  This probably happened because you took out a weak reference to Tensor and didn't call _fix_weakref() after dereferencing it.  Subsequent accesses to this tensor via the PyObject will now fail. (function decref)
[W331 03:06:17.638618120 PyInterpreter.cpp:263] Warning: Deallocating Tensor that still has live PyObject references.  This probably happened because you took out a weak reference to Tensor and didn't call _fix_weakref() after dereferencing it.  Subsequent accesses to this tensor via the PyObject will now fail. (function decref)
[W331 03:06:17.638640530 PyInterpreter.cpp:263] Warning: Deallocating Tensor that still has live PyObject references.  This probably happened because you took out a weak reference to Tensor and didn't call _fix_weakref() after dereferencing it.  Subsequent accesses to this tensor via the PyObject will now fail. (function decref)
[W331 03:06:17.638651580 PyInterpreter.cpp:263] Warning: Deallocating Tensor that still has live PyObject references.  This probably happened because you took out a weak reference to Tensor and didn't call _fix_weakref() after dereferencing it.  Subsequent accesses to this tensor via the PyObject will now fail. (function decref)
[W331 03:06:17.638666910 PyInterpreter.cpp:263] Warning: Deallocating Tensor that still has live PyObject references.  This probably happened because you took out a weak reference to Tensor and didn't call _fix_weakref() after dereferencing it.  Subsequent accesses to this tensor via the PyObject will now fail. (function decref)
[W331 03:06:17.638678070 PyInterpreter.cpp:263] Warning: Deallocating Tensor that still has live PyObject references.  This probably happened because you took out a weak reference to Tensor and didn't call _fix_weakref() after dereferencing it.  Subsequent accesses to this tensor via the PyObject will now fail. (function decref)
[W331 03:06:17.638695781 PyInterpreter.cpp:263] Warning: Deallocating Tensor that still has live PyObject references.  This probably happened because you took out a weak reference to Tensor and didn't call _fix_weakref() after dereferencing it.  Subsequent accesses to this tensor via the PyObject will now fail. (function decref)
[W331 03:06:17.638705071 PyInterpreter.cpp:263] Warning: Deallocating Tensor that still has live PyObject references.  This probably happened because you took out a weak reference to Tensor and didn't call _fix_weakref() after dereferencing it.  Subsequent accesses to this tensor via the PyObject will now fail. (function decref)
[W331 03:06:17.638743421 PyInterpreter.cpp:263] Warning: Deallocating Tensor that still has live PyObject references.  This probably happened because you took out a weak reference to Tensor and didn't call _fix_weakref() after dereferencing it.  Subsequent accesses to this tensor via the PyObject will now fail. (function decref)
[W331 03:06:17.638786111 PyInterpreter.cpp:263] Warning: Deallocating Tensor that still has live PyObject references.  This probably happened because you took out a weak reference to Tensor and didn't call _fix_weakref() after dereferencing it.  Subsequent accesses to this tensor via the PyObject will now fail. (function decref)
[W331 03:06:17.638807691 PyInterpreter.cpp:263] Warning: Deallocating Tensor that still has live PyObject references.  This probably happened because you took out a weak reference to Tensor and didn't call _fix_weakref() after dereferencing it.  Subsequent accesses to this tensor via the PyObject will now fail. (function decref)
[W331 03:06:17.638818501 PyInterpreter.cpp:263] Warning: Deallocating Tensor that still has live PyObject references.  This probably happened because you took out a weak reference to Tensor and didn't call _fix_weakref() after dereferencing it.  Subsequent accesses to this tensor via the PyObject will now fail. (function decref)
[W331 03:06:17.638838631 PyInterpreter.cpp:263] Warning: Deallocating Tensor that still has live PyObject references.  This probably happened because you took out a weak reference to Tensor and didn't call _fix_weakref() after dereferencing it.  Subsequent accesses to this tensor via the PyObject will now fail. (function decref)
[W331 03:06:17.638855542 PyInterpreter.cpp:263] Warning: Deallocating Tensor that still has live PyObject references.  This probably happened because you took out a weak reference to Tensor and didn't call _fix_weakref() after dereferencing it.  Subsequent accesses to this tensor via the PyObject will now fail. (function decref)
[W331 03:06:17.638883292 PyInterpreter.cpp:263] Warning: Deallocating Tensor that still has live PyObject references.  This probably happened because you took out a weak reference to Tensor and didn't call _fix_weakref() after dereferencing it.  Subsequent accesses to this tensor via the PyObject will now fail. (function decref)
[W331 03:06:17.638896872 PyInterpreter.cpp:263] Warning: Deallocating Tensor that still has live PyObject references.  This probably happened because you took out a weak reference to Tensor and didn't call _fix_weakref() after dereferencing it.  Subsequent accesses to this tensor via the PyObject will now fail. (function decref)
[W331 03:06:19.968408210 PyInterpreter.cpp:263] Warning: Deallocating Tensor that still has live PyObject references.  This probably happened because you took out a weak reference to Tensor and didn't call _fix_weakref() after dereferencing it.  Subsequent accesses to this tensor via the PyObject will now fail. (function decref)
[W331 03:06:19.968539091 PyInterpreter.cpp:263] Warning: Deallocating Tensor that still has live PyObject references.  This probably happened because you took out a weak reference to Tensor and didn't call _fix_weakref() after dereferencing it.  Subsequent accesses to this tensor via the PyObject will now fail. (function decref)
[W331 03:06:19.968553321 PyInterpreter.cpp:263] Warning: Deallocating Tensor that still has live PyObject references.  This probably happened because you took out a weak reference to Tensor and didn't call _fix_weakref() after dereferencing it.  Subsequent accesses to this tensor via the PyObject will now fail. (function decref)
[W331 03:06:19.968570381 PyInterpreter.cpp:263] Warning: Deallocating Tensor that still has live PyObject references.  This probably happened because you took out a weak reference to Tensor and didn't call _fix_weakref() after dereferencing it.  Subsequent accesses to this tensor via the PyObject will now fail. (function decref)
[W331 03:06:19.968581471 PyInterpreter.cpp:263] Warning: Deallocating Tensor that still has live PyObject references.  This probably happened because you took out a weak reference to Tensor and didn't call _fix_weakref() after dereferencing it.  Subsequent accesses to this tensor via the PyObject will now fail. (function decref)
[W331 03:06:19.968597201 PyInterpreter.cpp:263] Warning: Deallocating Tensor that still has live PyObject references.  This probably happened because you took out a weak reference to Tensor and didn't call _fix_weakref() after dereferencing it.  Subsequent accesses to this tensor via the PyObject will now fail. (function decref)
[W331 03:06:19.968650351 PyInterpreter.cpp:263] Warning: Deallocating Tensor that still has live PyObject references.  This probably happened because you took out a weak reference to Tensor and didn't call _fix_weakref() after dereferencing it.  Subsequent accesses to this tensor via the PyObject will now fail. (function decref)
[W331 03:06:19.968665332 PyInterpreter.cpp:263] Warning: Deallocating Tensor that still has live PyObject references.  This probably happened because you took out a weak reference to Tensor and didn't call _fix_weakref() after dereferencing it.  Subsequent accesses to this tensor via the PyObject will now fail. (function decref)
[W331 03:06:19.968673982 PyInterpreter.cpp:263] Warning: Deallocating Tensor that still has live PyObject references.  This probably happened because you took out a weak reference to Tensor and didn't call _fix_weakref() after dereferencing it.  Subsequent accesses to this tensor via the PyObject will now fail. (function decref)
[W331 03:06:19.968711292 PyInterpreter.cpp:263] Warning: Deallocating Tensor that still has live PyObject references.  This probably happened because you took out a weak reference to Tensor and didn't call _fix_weakref() after dereferencing it.  Subsequent accesses to this tensor via the PyObject will now fail. (function decref)
[W331 03:06:19.968721532 PyInterpreter.cpp:263] Warning: Deallocating Tensor that still has live PyObject references.  This probably happened because you took out a weak reference to Tensor and didn't call _fix_weakref() after dereferencing it.  Subsequent accesses to this tensor via the PyObject will now fail. (function decref)
[W331 03:06:19.968740362 PyInterpreter.cpp:263] Warning: Deallocating Tensor that still has live PyObject references.  This probably happened because you took out a weak reference to Tensor and didn't call _fix_weakref() after dereferencing it.  Subsequent accesses to this tensor via the PyObject will now fail. (function decref)
[W331 03:06:19.968750612 PyInterpreter.cpp:263] Warning: Deallocating Tensor that still has live PyObject references.  This probably happened because you took out a weak reference to Tensor and didn't call _fix_weakref() after dereferencing it.  Subsequent accesses to this tensor via the PyObject will now fail. (function decref)
[W331 03:06:19.968773872 PyInterpreter.cpp:263] Warning: Deallocating Tensor that still has live PyObject references.  This probably happened because you took out a weak reference to Tensor and didn't call _fix_weakref() after dereferencing it.  Subsequent accesses to this tensor via the PyObject will now fail. (function decref)
[W331 03:06:19.968787832 PyInterpreter.cpp:263] Warning: Deallocating Tensor that still has live PyObject references.  This probably happened because you took out a weak reference to Tensor and didn't call _fix_weakref() after dereferencing it.  Subsequent accesses to this tensor via the PyObject will now fail. (function decref)
[W331 03:06:19.968810723 PyInterpreter.cpp:263] Warning: Deallocating Tensor that still has live PyObject references.  This probably happened because you took out a weak reference to Tensor and didn't call _fix_weakref() after dereferencing it.  Subsequent accesses to this tensor via the PyObject will now fail. (function decref)
[W331 03:06:21.279659051 PyInterpreter.cpp:263] Warning: Deallocating Tensor that still has live PyObject references.  This probably happened because you took out a weak reference to Tensor and didn't call _fix_weakref() after dereferencing it.  Subsequent accesses to this tensor via the PyObject will now fail. (function decref)
[W331 03:06:21.279770312 PyInterpreter.cpp:263] Warning: Deallocating Tensor that still has live PyObject references.  This probably happened because you took out a weak reference to Tensor and didn't call _fix_weakref() after dereferencing it.  Subsequent accesses to this tensor via the PyObject will now fail. (function decref)
[W331 03:06:21.279830802 PyInterpreter.cpp:263] Warning: Deallocating Tensor that still has live PyObject references.  This probably happened because you took out a weak reference to Tensor and didn't call _fix_weakref() after dereferencing it.  Subsequent accesses to this tensor via the PyObject will now fail. (function decref)
[W331 03:06:21.279842352 PyInterpreter.cpp:263] Warning: Deallocating Tensor that still has live PyObject references.  This probably happened because you took out a weak reference to Tensor and didn't call _fix_weakref() after dereferencing it.  Subsequent accesses to this tensor via the PyObject will now fail. (function decref)
[W331 03:06:21.279857763 PyInterpreter.cpp:263] Warning: Deallocating Tensor that still has live PyObject references.  This probably happened because you took out a weak reference to Tensor and didn't call _fix_weakref() after dereferencing it.  Subsequent accesses to this tensor via the PyObject will now fail. (function decref)
[W331 03:06:21.279867653 PyInterpreter.cpp:263] Warning: Deallocating Tensor that still has live PyObject references.  This probably happened because you took out a weak reference to Tensor and didn't call _fix_weakref() after dereferencing it.  Subsequent accesses to this tensor via the PyObject will now fail. (function decref)
[W331 03:06:21.279882043 PyInterpreter.cpp:263] Warning: Deallocating Tensor that still has live PyObject references.  This probably happened because you took out a weak reference to Tensor and didn't call _fix_weakref() after dereferencing it.  Subsequent accesses to this tensor via the PyObject will now fail. (function decref)
[W331 03:06:21.279892913 PyInterpreter.cpp:263] Warning: Deallocating Tensor that still has live PyObject references.  This probably happened because you took out a weak reference to Tensor and didn't call _fix_weakref() after dereferencing it.  Subsequent accesses to this tensor via the PyObject will now fail. (function decref)
[W331 03:06:21.279907323 PyInterpreter.cpp:263] Warning: Deallocating Tensor that still has live PyObject references.  This probably happened because you took out a weak reference to Tensor and didn't call _fix_weakref() after dereferencing it.  Subsequent accesses to this tensor via the PyObject will now fail. (function decref)
[W331 03:06:21.279917373 PyInterpreter.cpp:263] Warning: Deallocating Tensor that still has live PyObject references.  This probably happened because you took out a weak reference to Tensor and didn't call _fix_weakref() after dereferencing it.  Subsequent accesses to this tensor via the PyObject will now fail. (function decref)
[W331 03:06:21.279945233 PyInterpreter.cpp:263] Warning: Deallocating Tensor that still has live PyObject references.  This probably happened because you took out a weak reference to Tensor and didn't call _fix_weakref() after dereferencing it.  Subsequent accesses to this tensor via the PyObject will now fail. (function decref)
[W331 03:06:21.279955863 PyInterpreter.cpp:263] Warning: Deallocating Tensor that still has live PyObject references.  This probably happened because you took out a weak reference to Tensor and didn't call _fix_weakref() after dereferencing it.  Subsequent accesses to this tensor via the PyObject will now fail. (function decref)
[W331 03:06:21.279978483 PyInterpreter.cpp:263] Warning: Deallocating Tensor that still has live PyObject references.  This probably happened because you took out a weak reference to Tensor and didn't call _fix_weakref() after dereferencing it.  Subsequent accesses to this tensor via the PyObject will now fail. (function decref)
[W331 03:06:21.279988653 PyInterpreter.cpp:263] Warning: Deallocating Tensor that still has live PyObject references.  This probably happened because you took out a weak reference to Tensor and didn't call _fix_weakref() after dereferencing it.  Subsequent accesses to this tensor via the PyObject will now fail. (function decref)
[W331 03:06:21.280015754 PyInterpreter.cpp:263] Warning: Deallocating Tensor that still has live PyObject references.  This probably happened because you took out a weak reference to Tensor and didn't call _fix_weakref() after dereferencing it.  Subsequent accesses to this tensor via the PyObject will now fail. (function decref)
[W331 03:06:21.280028364 PyInterpreter.cpp:263] Warning: Deallocating Tensor that still has live PyObject references.  This probably happened because you took out a weak reference to Tensor and didn't call _fix_weakref() after dereferencing it.  Subsequent accesses to this tensor via the PyObject will now fail. (function decref)
  Layer 9 done in 15.8s (BF16 skip)

======================================================================
[LAYER 10/31] type=lightning-attn  -> INT4 (quantize)
======================================================================
  Linears to quantize: ['mlp.down_proj', 'mlp.gate_proj', 'mlp.up_proj', 'self_attn.k_proj', 'self_attn.o_proj', 'self_attn.q_proj', 'self_attn.v_proj', 'self_attn.z_proj']
  Collecting Hessians (96 samples)...
  Applying SmoothQuant channel equalization (alpha=0.5)...
  Smoothed [input_layernorm] -> ['self_attn.k_proj', 'self_attn.q_proj', 'self_attn.v_proj', 'self_attn.z_proj'] | s: min=0.1661 max=2.5373 std=0.0915
  Smoothed [o_norm] -> [o_proj] | s: min=0.2085 max=2.1326 std=0.2215
  Smoothed [post_attn_layernorm] -> ['mlp.gate_proj', 'mlp.up_proj'] | s: min=0.0657 max=1.8334 std=0.0904
  Smoothed [up_proj] -> [down_proj] | s: min=0.3625 max=2.1034 std=0.1427
  Running GPTQ quantization (bits=4, group_size=128)...
    mlp.down_proj MSE=1.093789e-05 RelErr=0.1387
    mlp.down_proj [4096x16384] W4 quantized in 3.7s
    mlp.gate_proj MSE=1.073497e-05 RelErr=0.1354
    mlp.gate_proj [16384x4096] W4 quantized in 0.9s
    mlp.up_proj MSE=1.095872e-05 RelErr=0.1346
    mlp.up_proj [16384x4096] W4 quantized in 0.9s
    self_attn.k_proj MSE=1.591750e-05 RelErr=0.1655
    self_attn.k_proj [4096x4096] W4 quantized in 0.9s
    self_attn.o_proj MSE=1.171170e-05 RelErr=0.1405
    self_attn.o_proj [4096x4096] W4 quantized in 0.9s
    self_attn.q_proj MSE=1.158755e-05 RelErr=0.1467
    self_attn.q_proj [4096x4096] W4 quantized in 0.9s
    self_attn.v_proj MSE=1.210088e-05 RelErr=0.1420
    self_attn.v_proj [4096x4096] W4 quantized in 0.9s
    self_attn.z_proj MSE=9.800955e-06 RelErr=0.1399
    self_attn.z_proj [4096x4096] W4 quantized in 0.9s
  Updating hidden states for next layer...
  Layer 10 done in 91.3s (INT4)

======================================================================
[LAYER 11/31] type=lightning-attn  -> INT4 (quantize)
======================================================================
  Linears to quantize: ['mlp.down_proj', 'mlp.gate_proj', 'mlp.up_proj', 'self_attn.k_proj', 'self_attn.o_proj', 'self_attn.q_proj', 'self_attn.v_proj', 'self_attn.z_proj']
  Collecting Hessians (96 samples)...
  Applying SmoothQuant channel equalization (alpha=0.5)...
  Smoothed [input_layernorm] -> ['self_attn.k_proj', 'self_attn.q_proj', 'self_attn.v_proj', 'self_attn.z_proj'] | s: min=0.0402 max=1.7420 std=0.0926
  Smoothed [o_norm] -> [o_proj] | s: min=0.2301 max=2.1623 std=0.1998
  Smoothed [post_attn_layernorm] -> ['mlp.gate_proj', 'mlp.up_proj'] | s: min=0.0221 max=2.0601 std=0.0965
  Smoothed [up_proj] -> [down_proj] | s: min=0.3447 max=2.0708 std=0.1522
  Running GPTQ quantization (bits=4, group_size=128)...
    mlp.down_proj MSE=1.181699e-05 RelErr=0.1427
    mlp.down_proj [4096x16384] W4 quantized in 3.7s
    mlp.gate_proj MSE=1.094857e-05 RelErr=0.1372
    mlp.gate_proj [16384x4096] W4 quantized in 0.9s
    mlp.up_proj MSE=1.156862e-05 RelErr=0.1360
    mlp.up_proj [16384x4096] W4 quantized in 0.9s
    self_attn.k_proj MSE=1.486019e-05 RelErr=0.1637
    self_attn.k_proj [4096x4096] W4 quantized in 0.9s
    self_attn.o_proj MSE=1.111556e-05 RelErr=0.1362
    self_attn.o_proj [4096x4096] W4 quantized in 0.9s
    self_attn.q_proj MSE=1.148627e-05 RelErr=0.1463
    self_attn.q_proj [4096x4096] W4 quantized in 0.9s
    self_attn.v_proj MSE=1.209934e-05 RelErr=0.1404
    self_attn.v_proj [4096x4096] W4 quantized in 0.9s
    self_attn.z_proj MSE=9.322898e-06 RelErr=0.1373
    self_attn.z_proj [4096x4096] W4 quantized in 0.9s
  Updating hidden states for next layer...
  Layer 11 done in 91.5s (INT4)

======================================================================
[LAYER 12/31] type=lightning-attn  -> INT4 (quantize)
======================================================================
  Linears to quantize: ['mlp.down_proj', 'mlp.gate_proj', 'mlp.up_proj', 'self_attn.k_proj', 'self_attn.o_proj', 'self_attn.q_proj', 'self_attn.v_proj', 'self_attn.z_proj']
  Collecting Hessians (96 samples)...
  Applying SmoothQuant channel equalization (alpha=0.5)...
  Smoothed [input_layernorm] -> ['self_attn.k_proj', 'self_attn.q_proj', 'self_attn.v_proj', 'self_attn.z_proj'] | s: min=0.1995 max=3.2175 std=0.1135
  Smoothed [o_norm] -> [o_proj] | s: min=0.3419 max=2.8556 std=0.2083
  Smoothed [post_attn_layernorm] -> ['mlp.gate_proj', 'mlp.up_proj'] | s: min=0.0494 max=2.5243 std=0.1045
  Smoothed [up_proj] -> [down_proj] | s: min=0.2869 max=1.8867 std=0.1327
  Running GPTQ quantization (bits=4, group_size=128)...
    mlp.down_proj MSE=1.116306e-05 RelErr=0.1379
    mlp.down_proj [4096x16384] W4 quantized in 3.7s
    mlp.gate_proj MSE=1.091004e-05 RelErr=0.1379
    mlp.gate_proj [16384x4096] W4 quantized in 0.9s
    mlp.up_proj MSE=1.155102e-05 RelErr=0.1359
    mlp.up_proj [16384x4096] W4 quantized in 0.9s
    self_attn.k_proj MSE=1.424150e-05 RelErr=0.1624
    self_attn.k_proj [4096x4096] W4 quantized in 0.9s
    self_attn.o_proj MSE=1.162335e-05 RelErr=0.1384
    self_attn.o_proj [4096x4096] W4 quantized in 0.9s
    self_attn.q_proj MSE=1.234680e-05 RelErr=0.1505
    self_attn.q_proj [4096x4096] W4 quantized in 0.9s
    self_attn.v_proj MSE=1.333787e-05 RelErr=0.1489
    self_attn.v_proj [4096x4096] W4 quantized in 0.9s
    self_attn.z_proj MSE=1.042106e-05 RelErr=0.1419
    self_attn.z_proj [4096x4096] W4 quantized in 0.9s
  Updating hidden states for next layer...
  Layer 12 done in 90.8s (INT4)

======================================================================
[LAYER 13/31] type=lightning-attn  -> INT4 (quantize)
======================================================================
  Linears to quantize: ['mlp.down_proj', 'mlp.gate_proj', 'mlp.up_proj', 'self_attn.k_proj', 'self_attn.o_proj', 'self_attn.q_proj', 'self_attn.v_proj', 'self_attn.z_proj']
  Collecting Hessians (96 samples)...
  Applying SmoothQuant channel equalization (alpha=0.5)...
  Smoothed [input_layernorm] -> ['self_attn.k_proj', 'self_attn.q_proj', 'self_attn.v_proj', 'self_attn.z_proj'] | s: min=0.1081 max=2.0632 std=0.1080
  Smoothed [o_norm] -> [o_proj] | s: min=0.3193 max=2.4287 std=0.1533
  Smoothed [post_attn_layernorm] -> ['mlp.gate_proj', 'mlp.up_proj'] | s: min=0.1591 max=2.6664 std=0.1047
  Smoothed [up_proj] -> [down_proj] | s: min=0.3317 max=1.8261 std=0.1260
  Running GPTQ quantization (bits=4, group_size=128)...
    mlp.down_proj MSE=1.114340e-05 RelErr=0.1375
    mlp.down_proj [4096x16384] W4 quantized in 3.7s
    mlp.gate_proj MSE=1.085091e-05 RelErr=0.1385
    mlp.gate_proj [16384x4096] W4 quantized in 0.9s
    mlp.up_proj MSE=1.149772e-05 RelErr=0.1352
    mlp.up_proj [16384x4096] W4 quantized in 0.9s
    self_attn.k_proj MSE=1.787417e-05 RelErr=0.1709
    self_attn.k_proj [4096x4096] W4 quantized in 0.9s
    self_attn.o_proj MSE=1.012578e-05 RelErr=0.1322
    self_attn.o_proj [4096x4096] W4 quantized in 0.9s
    self_attn.q_proj MSE=1.231298e-05 RelErr=0.1460
    self_attn.q_proj [4096x4096] W4 quantized in 0.9s
    self_attn.v_proj MSE=1.214128e-05 RelErr=0.1409
    self_attn.v_proj [4096x4096] W4 quantized in 0.9s
    self_attn.z_proj MSE=9.684607e-06 RelErr=0.1403
    self_attn.z_proj [4096x4096] W4 quantized in 0.9s
  Updating hidden states for next layer...
  Layer 13 done in 91.2s (INT4)

======================================================================
[LAYER 14/31] type=lightning-attn  -> INT4 (quantize)
======================================================================
  Linears to quantize: ['mlp.down_proj', 'mlp.gate_proj', 'mlp.up_proj', 'self_attn.k_proj', 'self_attn.o_proj', 'self_attn.q_proj', 'self_attn.v_proj', 'self_attn.z_proj']
  Collecting Hessians (96 samples)...
  Applying SmoothQuant channel equalization (alpha=0.5)...
  Smoothed [input_layernorm] -> ['self_attn.k_proj', 'self_attn.q_proj', 'self_attn.v_proj', 'self_attn.z_proj'] | s: min=0.1340 max=2.4573 std=0.1140
  Smoothed [o_norm] -> [o_proj] | s: min=0.3289 max=1.7771 std=0.1746
  Smoothed [post_attn_layernorm] -> ['mlp.gate_proj', 'mlp.up_proj'] | s: min=0.2426 max=2.3037 std=0.1063
  Smoothed [up_proj] -> [down_proj] | s: min=0.3435 max=2.1550 std=0.1350
  Running GPTQ quantization (bits=4, group_size=128)...
    mlp.down_proj MSE=1.166213e-05 RelErr=0.1390
    mlp.down_proj [4096x16384] W4 quantized in 3.7s
    mlp.gate_proj MSE=1.051833e-05 RelErr=0.1380
    mlp.gate_proj [16384x4096] W4 quantized in 0.9s
    mlp.up_proj MSE=1.191867e-05 RelErr=0.1355
    mlp.up_proj [16384x4096] W4 quantized in 0.9s
    self_attn.k_proj MSE=1.637745e-05 RelErr=0.1689
    self_attn.k_proj [4096x4096] W4 quantized in 0.9s
    self_attn.o_proj MSE=1.058345e-05 RelErr=0.1344
    self_attn.o_proj [4096x4096] W4 quantized in 0.9s
    self_attn.q_proj MSE=1.269101e-05 RelErr=0.1511
    self_attn.q_proj [4096x4096] W4 quantized in 0.9s
    self_attn.v_proj MSE=1.236184e-05 RelErr=0.1408
    self_attn.v_proj [4096x4096] W4 quantized in 0.9s
    self_attn.z_proj MSE=9.366744e-06 RelErr=0.1380
    self_attn.z_proj [4096x4096] W4 quantized in 0.9s
  Updating hidden states for next layer...
  Layer 14 done in 90.9s (INT4)

======================================================================
[LAYER 15/31] type=lightning-attn  -> INT4 (quantize)
======================================================================
  Linears to quantize: ['mlp.down_proj', 'mlp.gate_proj', 'mlp.up_proj', 'self_attn.k_proj', 'self_attn.o_proj', 'self_attn.q_proj', 'self_attn.v_proj', 'self_attn.z_proj']
  Collecting Hessians (96 samples)...
  Applying SmoothQuant channel equalization (alpha=0.5)...
  Smoothed [input_layernorm] -> ['self_attn.k_proj', 'self_attn.q_proj', 'self_attn.v_proj', 'self_attn.z_proj'] | s: min=0.5938 max=2.5995 std=0.1090
  Smoothed [o_norm] -> [o_proj] | s: min=0.1032 max=1.8271 std=0.1793
  Smoothed [post_attn_layernorm] -> ['mlp.gate_proj', 'mlp.up_proj'] | s: min=0.0856 max=2.6008 std=0.1029
  Smoothed [up_proj] -> [down_proj] | s: min=0.3793 max=2.1186 std=0.1402
  Running GPTQ quantization (bits=4, group_size=128)...
    mlp.down_proj MSE=1.111201e-05 RelErr=0.1377
    mlp.down_proj [4096x16384] W4 quantized in 3.7s
    mlp.gate_proj MSE=1.096422e-05 RelErr=0.1376
    mlp.gate_proj [16384x4096] W4 quantized in 0.9s
    mlp.up_proj MSE=1.157531e-05 RelErr=0.1353
    mlp.up_proj [16384x4096] W4 quantized in 0.9s
    self_attn.k_proj MSE=1.861023e-05 RelErr=0.1722
    self_attn.k_proj [4096x4096] W4 quantized in 0.9s
    self_attn.o_proj MSE=1.093719e-05 RelErr=0.1347
    self_attn.o_proj [4096x4096] W4 quantized in 0.9s
    self_attn.q_proj MSE=1.316067e-05 RelErr=0.1500
    self_attn.q_proj [4096x4096] W4 quantized in 0.9s
    self_attn.v_proj MSE=1.251257e-05 RelErr=0.1406
    self_attn.v_proj [4096x4096] W4 quantized in 0.9s
    self_attn.z_proj MSE=9.467488e-06 RelErr=0.1384
    self_attn.z_proj [4096x4096] W4 quantized in 0.9s
  Updating hidden states for next layer...
  Layer 15 done in 90.2s (INT4)

======================================================================
[LAYER 16/31] type=minicpm4  -> BF16 (skip)
======================================================================
  MiniCPM4 layer -> keeping all weights in BF16
  Updating hidden states for next layer...
[W331 03:15:31.006182053 PyInterpreter.cpp:263] Warning: Deallocating Tensor that still has live PyObject references.  This probably happened because you took out a weak reference to Tensor and didn't call _fix_weakref() after dereferencing it.  Subsequent accesses to this tensor via the PyObject will now fail. (function decref)
[W331 03:15:31.006314414 PyInterpreter.cpp:263] Warning: Deallocating Tensor that still has live PyObject references.  This probably happened because you took out a weak reference to Tensor and didn't call _fix_weakref() after dereferencing it.  Subsequent accesses to this tensor via the PyObject will now fail. (function decref)
[W331 03:15:31.006337284 PyInterpreter.cpp:263] Warning: Deallocating Tensor that still has live PyObject references.  This probably happened because you took out a weak reference to Tensor and didn't call _fix_weakref() after dereferencing it.  Subsequent accesses to this tensor via the PyObject will now fail. (function decref)
[W331 03:15:31.006352684 PyInterpreter.cpp:263] Warning: Deallocating Tensor that still has live PyObject references.  This probably happened because you took out a weak reference to Tensor and didn't call _fix_weakref() after dereferencing it.  Subsequent accesses to this tensor via the PyObject will now fail. (function decref)
[W331 03:15:31.006381424 PyInterpreter.cpp:263] Warning: Deallocating Tensor that still has live PyObject references.  This probably happened because you took out a weak reference to Tensor and didn't call _fix_weakref() after dereferencing it.  Subsequent accesses to this tensor via the PyObject will now fail. (function decref)
[W331 03:15:31.006394104 PyInterpreter.cpp:263] Warning: Deallocating Tensor that still has live PyObject references.  This probably happened because you took out a weak reference to Tensor and didn't call _fix_weakref() after dereferencing it.  Subsequent accesses to this tensor via the PyObject will now fail. (function decref)
[W331 03:15:31.006426334 PyInterpreter.cpp:263] Warning: Deallocating Tensor that still has live PyObject references.  This probably happened because you took out a weak reference to Tensor and didn't call _fix_weakref() after dereferencing it.  Subsequent accesses to this tensor via the PyObject will now fail. (function decref)
[W331 03:15:31.006436584 PyInterpreter.cpp:263] Warning: Deallocating Tensor that still has live PyObject references.  This probably happened because you took out a weak reference to Tensor and didn't call _fix_weakref() after dereferencing it.  Subsequent accesses to this tensor via the PyObject will now fail. (function decref)
[W331 03:15:31.006454044 PyInterpreter.cpp:263] Warning: Deallocating Tensor that still has live PyObject references.  This probably happened because you took out a weak reference to Tensor and didn't call _fix_weakref() after dereferencing it.  Subsequent accesses to this tensor via the PyObject will now fail. (function decref)
[W331 03:15:31.006464965 PyInterpreter.cpp:263] Warning: Deallocating Tensor that still has live PyObject references.  This probably happened because you took out a weak reference to Tensor and didn't call _fix_weakref() after dereferencing it.  Subsequent accesses to this tensor via the PyObject will now fail. (function decref)
[W331 03:15:31.006488515 PyInterpreter.cpp:263] Warning: Deallocating Tensor that still has live PyObject references.  This probably happened because you took out a weak reference to Tensor and didn't call _fix_weakref() after dereferencing it.  Subsequent accesses to this tensor via the PyObject will now fail. (function decref)
[W331 03:15:31.006500715 PyInterpreter.cpp:263] Warning: Deallocating Tensor that still has live PyObject references.  This probably happened because you took out a weak reference to Tensor and didn't call _fix_weakref() after dereferencing it.  Subsequent accesses to this tensor via the PyObject will now fail. (function decref)
[W331 03:15:31.006524125 PyInterpreter.cpp:263] Warning: Deallocating Tensor that still has live PyObject references.  This probably happened because you took out a weak reference to Tensor and didn't call _fix_weakref() after dereferencing it.  Subsequent accesses to this tensor via the PyObject will now fail. (function decref)
[W331 03:15:31.006533795 PyInterpreter.cpp:263] Warning: Deallocating Tensor that still has live PyObject references.  This probably happened because you took out a weak reference to Tensor and didn't call _fix_weakref() after dereferencing it.  Subsequent accesses to this tensor via the PyObject will now fail. (function decref)
[W331 03:15:31.006562585 PyInterpreter.cpp:263] Warning: Deallocating Tensor that still has live PyObject references.  This probably happened because you took out a weak reference to Tensor and didn't call _fix_weakref() after dereferencing it.  Subsequent accesses to this tensor via the PyObject will now fail. (function decref)
[W331 03:15:31.006582735 PyInterpreter.cpp:263] Warning: Deallocating Tensor that still has live PyObject references.  This probably happened because you took out a weak reference to Tensor and didn't call _fix_weakref() after dereferencing it.  Subsequent accesses to this tensor via the PyObject will now fail. (function decref)
[W331 03:15:33.321177610 PyInterpreter.cpp:263] Warning: Deallocating Tensor that still has live PyObject references.  This probably happened because you took out a weak reference to Tensor and didn't call _fix_weakref() after dereferencing it.  Subsequent accesses to this tensor via the PyObject will now fail. (function decref)
[W331 03:15:33.321302101 PyInterpreter.cpp:263] Warning: Deallocating Tensor that still has live PyObject references.  This probably happened because you took out a weak reference to Tensor and didn't call _fix_weakref() after dereferencing it.  Subsequent accesses to this tensor via the PyObject will now fail. (function decref)
[W331 03:15:33.321320391 PyInterpreter.cpp:263] Warning: Deallocating Tensor that still has live PyObject references.  This probably happened because you took out a weak reference to Tensor and didn't call _fix_weakref() after dereferencing it.  Subsequent accesses to this tensor via the PyObject will now fail. (function decref)
[W331 03:15:33.321329791 PyInterpreter.cpp:263] Warning: Deallocating Tensor that still has live PyObject references.  This probably happened because you took out a weak reference to Tensor and didn't call _fix_weakref() after dereferencing it.  Subsequent accesses to this tensor via the PyObject will now fail. (function decref)
[W331 03:15:33.321344901 PyInterpreter.cpp:263] Warning: Deallocating Tensor that still has live PyObject references.  This probably happened because you took out a weak reference to Tensor and didn't call _fix_weakref() after dereferencing it.  Subsequent accesses to this tensor via the PyObject will now fail. (function decref)
[W331 03:15:33.321358711 PyInterpreter.cpp:263] Warning: Deallocating Tensor that still has live PyObject references.  This probably happened because you took out a weak reference to Tensor and didn't call _fix_weakref() after dereferencing it.  Subsequent accesses to this tensor via the PyObject will now fail. (function decref)
[W331 03:15:33.321382431 PyInterpreter.cpp:263] Warning: Deallocating Tensor that still has live PyObject references.  This probably happened because you took out a weak reference to Tensor and didn't call _fix_weakref() after dereferencing it.  Subsequent accesses to this tensor via the PyObject will now fail. (function decref)
[W331 03:15:33.321392251 PyInterpreter.cpp:263] Warning: Deallocating Tensor that still has live PyObject references.  This probably happened because you took out a weak reference to Tensor and didn't call _fix_weakref() after dereferencing it.  Subsequent accesses to this tensor via the PyObject will now fail. (function decref)
[W331 03:15:33.321405941 PyInterpreter.cpp:263] Warning: Deallocating Tensor that still has live PyObject references.  This probably happened because you took out a weak reference to Tensor and didn't call _fix_weakref() after dereferencing it.  Subsequent accesses to this tensor via the PyObject will now fail. (function decref)
[W331 03:15:33.321416312 PyInterpreter.cpp:263] Warning: Deallocating Tensor that still has live PyObject references.  This probably happened because you took out a weak reference to Tensor and didn't call _fix_weakref() after dereferencing it.  Subsequent accesses to this tensor via the PyObject will now fail. (function decref)
[W331 03:15:33.321481332 PyInterpreter.cpp:263] Warning: Deallocating Tensor that still has live PyObject references.  This probably happened because you took out a weak reference to Tensor and didn't call _fix_weakref() after dereferencing it.  Subsequent accesses to this tensor via the PyObject will now fail. (function decref)
[W331 03:15:33.321492212 PyInterpreter.cpp:263] Warning: Deallocating Tensor that still has live PyObject references.  This probably happened because you took out a weak reference to Tensor and didn't call _fix_weakref() after dereferencing it.  Subsequent accesses to this tensor via the PyObject will now fail. (function decref)
[W331 03:15:33.321516642 PyInterpreter.cpp:263] Warning: Deallocating Tensor that still has live PyObject references.  This probably happened because you took out a weak reference to Tensor and didn't call _fix_weakref() after dereferencing it.  Subsequent accesses to this tensor via the PyObject will now fail. (function decref)
[W331 03:15:33.321526092 PyInterpreter.cpp:263] Warning: Deallocating Tensor that still has live PyObject references.  This probably happened because you took out a weak reference to Tensor and didn't call _fix_weakref() after dereferencing it.  Subsequent accesses to this tensor via the PyObject will now fail. (function decref)
[W331 03:15:33.321554832 PyInterpreter.cpp:263] Warning: Deallocating Tensor that still has live PyObject references.  This probably happened because you took out a weak reference to Tensor and didn't call _fix_weakref() after dereferencing it.  Subsequent accesses to this tensor via the PyObject will now fail. (function decref)
[W331 03:15:33.321566103 PyInterpreter.cpp:263] Warning: Deallocating Tensor that still has live PyObject references.  This probably happened because you took out a weak reference to Tensor and didn't call _fix_weakref() after dereferencing it.  Subsequent accesses to this tensor via the PyObject will now fail. (function decref)
[W331 03:15:36.269218593 PyInterpreter.cpp:263] Warning: Deallocating Tensor that still has live PyObject references.  This probably happened because you took out a weak reference to Tensor and didn't call _fix_weakref() after dereferencing it.  Subsequent accesses to this tensor via the PyObject will now fail. (function decref)
[W331 03:15:36.269349924 PyInterpreter.cpp:263] Warning: Deallocating Tensor that still has live PyObject references.  This probably happened because you took out a weak reference to Tensor and didn't call _fix_weakref() after dereferencing it.  Subsequent accesses to this tensor via the PyObject will now fail. (function decref)
[W331 03:15:36.269376234 PyInterpreter.cpp:263] Warning: Deallocating Tensor that still has live PyObject references.  This probably happened because you took out a weak reference to Tensor and didn't call _fix_weakref() after dereferencing it.  Subsequent accesses to this tensor via the PyObject will now fail. (function decref)
[W331 03:15:36.269392674 PyInterpreter.cpp:263] Warning: Deallocating Tensor that still has live PyObject references.  This probably happened because you took out a weak reference to Tensor and didn't call _fix_weakref() after dereferencing it.  Subsequent accesses to this tensor via the PyObject will now fail. (function decref)
[W331 03:15:36.269426094 PyInterpreter.cpp:263] Warning: Deallocating Tensor that still has live PyObject references.  This probably happened because you took out a weak reference to Tensor and didn't call _fix_weakref() after dereferencing it.  Subsequent accesses to this tensor via the PyObject will now fail. (function decref)
[W331 03:15:36.269437634 PyInterpreter.cpp:263] Warning: Deallocating Tensor that still has live PyObject references.  This probably happened because you took out a weak reference to Tensor and didn't call _fix_weakref() after dereferencing it.  Subsequent accesses to this tensor via the PyObject will now fail. (function decref)
[W331 03:15:36.269499995 PyInterpreter.cpp:263] Warning: Deallocating Tensor that still has live PyObject references.  This probably happened because you took out a weak reference to Tensor and didn't call _fix_weakref() after dereferencing it.  Subsequent accesses to this tensor via the PyObject will now fail. (function decref)
[W331 03:15:36.269515935 PyInterpreter.cpp:263] Warning: Deallocating Tensor that still has live PyObject references.  This probably happened because you took out a weak reference to Tensor and didn't call _fix_weakref() after dereferencing it.  Subsequent accesses to this tensor via the PyObject will now fail. (function decref)
[W331 03:15:36.269547765 PyInterpreter.cpp:263] Warning: Deallocating Tensor that still has live PyObject references.  This probably happened because you took out a weak reference to Tensor and didn't call _fix_weakref() after dereferencing it.  Subsequent accesses to this tensor via the PyObject will now fail. (function decref)
[W331 03:15:36.269557375 PyInterpreter.cpp:263] Warning: Deallocating Tensor that still has live PyObject references.  This probably happened because you took out a weak reference to Tensor and didn't call _fix_weakref() after dereferencing it.  Subsequent accesses to this tensor via the PyObject will now fail. (function decref)
[W331 03:15:36.269576505 PyInterpreter.cpp:263] Warning: Deallocating Tensor that still has live PyObject references.  This probably happened because you took out a weak reference to Tensor and didn't call _fix_weakref() after dereferencing it.  Subsequent accesses to this tensor via the PyObject will now fail. (function decref)
[W331 03:15:36.269586865 PyInterpreter.cpp:263] Warning: Deallocating Tensor that still has live PyObject references.  This probably happened because you took out a weak reference to Tensor and didn't call _fix_weakref() after dereferencing it.  Subsequent accesses to this tensor via the PyObject will now fail. (function decref)
[W331 03:15:36.269604215 PyInterpreter.cpp:263] Warning: Deallocating Tensor that still has live PyObject references.  This probably happened because you took out a weak reference to Tensor and didn't call _fix_weakref() after dereferencing it.  Subsequent accesses to this tensor via the PyObject will now fail. (function decref)
[W331 03:15:36.269616265 PyInterpreter.cpp:263] Warning: Deallocating Tensor that still has live PyObject references.  This probably happened because you took out a weak reference to Tensor and didn't call _fix_weakref() after dereferencing it.  Subsequent accesses to this tensor via the PyObject will now fail. (function decref)
[W331 03:15:36.269633155 PyInterpreter.cpp:263] Warning: Deallocating Tensor that still has live PyObject references.  This probably happened because you took out a weak reference to Tensor and didn't call _fix_weakref() after dereferencing it.  Subsequent accesses to this tensor via the PyObject will now fail. (function decref)
[W331 03:15:36.269642395 PyInterpreter.cpp:263] Warning: Deallocating Tensor that still has live PyObject references.  This probably happened because you took out a weak reference to Tensor and didn't call _fix_weakref() after dereferencing it.  Subsequent accesses to this tensor via the PyObject will now fail. (function decref)
[W331 03:15:38.402238310 PyInterpreter.cpp:263] Warning: Deallocating Tensor that still has live PyObject references.  This probably happened because you took out a weak reference to Tensor and didn't call _fix_weakref() after dereferencing it.  Subsequent accesses to this tensor via the PyObject will now fail. (function decref)
[W331 03:15:38.402365371 PyInterpreter.cpp:263] Warning: Deallocating Tensor that still has live PyObject references.  This probably happened because you took out a weak reference to Tensor and didn't call _fix_weakref() after dereferencing it.  Subsequent accesses to this tensor via the PyObject will now fail. (function decref)
[W331 03:15:38.402391191 PyInterpreter.cpp:263] Warning: Deallocating Tensor that still has live PyObject references.  This probably happened because you took out a weak reference to Tensor and didn't call _fix_weakref() after dereferencing it.  Subsequent accesses to this tensor via the PyObject will now fail. (function decref)
[W331 03:15:38.402436931 PyInterpreter.cpp:263] Warning: Deallocating Tensor that still has live PyObject references.  This probably happened because you took out a weak reference to Tensor and didn't call _fix_weakref() after dereferencing it.  Subsequent accesses to this tensor via the PyObject will now fail. (function decref)
[W331 03:15:38.402456062 PyInterpreter.cpp:263] Warning: Deallocating Tensor that still has live PyObject references.  This probably happened because you took out a weak reference to Tensor and didn't call _fix_weakref() after dereferencing it.  Subsequent accesses to this tensor via the PyObject will now fail. (function decref)
[W331 03:15:38.402469182 PyInterpreter.cpp:263] Warning: Deallocating Tensor that still has live PyObject references.  This probably happened because you took out a weak reference to Tensor and didn't call _fix_weakref() after dereferencing it.  Subsequent accesses to this tensor via the PyObject will now fail. (function decref)
[W331 03:15:38.402486582 PyInterpreter.cpp:263] Warning: Deallocating Tensor that still has live PyObject references.  This probably happened because you took out a weak reference to Tensor and didn't call _fix_weakref() after dereferencing it.  Subsequent accesses to this tensor via the PyObject will now fail. (function decref)
[W331 03:15:38.402499992 PyInterpreter.cpp:263] Warning: Deallocating Tensor that still has live PyObject references.  This probably happened because you took out a weak reference to Tensor and didn't call _fix_weakref() after dereferencing it.  Subsequent accesses to this tensor via the PyObject will now fail. (function decref)
[W331 03:15:38.402535732 PyInterpreter.cpp:263] Warning: Deallocating Tensor that still has live PyObject references.  This probably happened because you took out a weak reference to Tensor and didn't call _fix_weakref() after dereferencing it.  Subsequent accesses to this tensor via the PyObject will now fail. (function decref)
[W331 03:15:38.402545862 PyInterpreter.cpp:263] Warning: Deallocating Tensor that still has live PyObject references.  This probably happened because you took out a weak reference to Tensor and didn't call _fix_weakref() after dereferencing it.  Subsequent accesses to this tensor via the PyObject will now fail. (function decref)
[W331 03:15:38.402570102 PyInterpreter.cpp:263] Warning: Deallocating Tensor that still has live PyObject references.  This probably happened because you took out a weak reference to Tensor and didn't call _fix_weakref() after dereferencing it.  Subsequent accesses to this tensor via the PyObject will now fail. (function decref)
[W331 03:15:38.402581932 PyInterpreter.cpp:263] Warning: Deallocating Tensor that still has live PyObject references.  This probably happened because you took out a weak reference to Tensor and didn't call _fix_weakref() after dereferencing it.  Subsequent accesses to this tensor via the PyObject will now fail. (function decref)
[W331 03:15:38.402605733 PyInterpreter.cpp:263] Warning: Deallocating Tensor that still has live PyObject references.  This probably happened because you took out a weak reference to Tensor and didn't call _fix_weakref() after dereferencing it.  Subsequent accesses to this tensor via the PyObject will now fail. (function decref)
[W331 03:15:38.402622053 PyInterpreter.cpp:263] Warning: Deallocating Tensor that still has live PyObject references.  This probably happened because you took out a weak reference to Tensor and didn't call _fix_weakref() after dereferencing it.  Subsequent accesses to this tensor via the PyObject will now fail. (function decref)
[W331 03:15:38.402648743 PyInterpreter.cpp:263] Warning: Deallocating Tensor that still has live PyObject references.  This probably happened because you took out a weak reference to Tensor and didn't call _fix_weakref() after dereferencing it.  Subsequent accesses to this tensor via the PyObject will now fail. (function decref)
[W331 03:15:38.402668933 PyInterpreter.cpp:263] Warning: Deallocating Tensor that still has live PyObject references.  This probably happened because you took out a weak reference to Tensor and didn't call _fix_weakref() after dereferencing it.  Subsequent accesses to this tensor via the PyObject will now fail. (function decref)
[W331 03:15:41.469730166 PyInterpreter.cpp:263] Warning: Deallocating Tensor that still has live PyObject references.  This probably happened because you took out a weak reference to Tensor and didn't call _fix_weakref() after dereferencing it.  Subsequent accesses to this tensor via the PyObject will now fail. (function decref)
[W331 03:15:41.469856296 PyInterpreter.cpp:263] Warning: Deallocating Tensor that still has live PyObject references.  This probably happened because you took out a weak reference to Tensor and didn't call _fix_weakref() after dereferencing it.  Subsequent accesses to this tensor via the PyObject will now fail. (function decref)
[W331 03:15:41.469871147 PyInterpreter.cpp:263] Warning: Deallocating Tensor that still has live PyObject references.  This probably happened because you took out a weak reference to Tensor and didn't call _fix_weakref() after dereferencing it.  Subsequent accesses to this tensor via the PyObject will now fail. (function decref)
[W331 03:15:41.469889467 PyInterpreter.cpp:263] Warning: Deallocating Tensor that still has live PyObject references.  This probably happened because you took out a weak reference to Tensor and didn't call _fix_weakref() after dereferencing it.  Subsequent accesses to this tensor via the PyObject will now fail. (function decref)
[W331 03:15:41.469899017 PyInterpreter.cpp:263] Warning: Deallocating Tensor that still has live PyObject references.  This probably happened because you took out a weak reference to Tensor and didn't call _fix_weakref() after dereferencing it.  Subsequent accesses to this tensor via the PyObject will now fail. (function decref)
[W331 03:15:41.469914777 PyInterpreter.cpp:263] Warning: Deallocating Tensor that still has live PyObject references.  This probably happened because you took out a weak reference to Tensor and didn't call _fix_weakref() after dereferencing it.  Subsequent accesses to this tensor via the PyObject will now fail. (function decref)
[W331 03:15:41.469925987 PyInterpreter.cpp:263] Warning: Deallocating Tensor that still has live PyObject references.  This probably happened because you took out a weak reference to Tensor and didn't call _fix_weakref() after dereferencing it.  Subsequent accesses to this tensor via the PyObject will now fail. (function decref)
[W331 03:15:41.469940277 PyInterpreter.cpp:263] Warning: Deallocating Tensor that still has live PyObject references.  This probably happened because you took out a weak reference to Tensor and didn't call _fix_weakref() after dereferencing it.  Subsequent accesses to this tensor via the PyObject will now fail. (function decref)
[W331 03:15:41.469950117 PyInterpreter.cpp:263] Warning: Deallocating Tensor that still has live PyObject references.  This probably happened because you took out a weak reference to Tensor and didn't call _fix_weakref() after dereferencing it.  Subsequent accesses to this tensor via the PyObject will now fail. (function decref)
[W331 03:15:41.469982937 PyInterpreter.cpp:263] Warning: Deallocating Tensor that still has live PyObject references.  This probably happened because you took out a weak reference to Tensor and didn't call _fix_weakref() after dereferencing it.  Subsequent accesses to this tensor via the PyObject will now fail. (function decref)
[W331 03:15:41.469993067 PyInterpreter.cpp:263] Warning: Deallocating Tensor that still has live PyObject references.  This probably happened because you took out a weak reference to Tensor and didn't call _fix_weakref() after dereferencing it.  Subsequent accesses to this tensor via the PyObject will now fail. (function decref)
[W331 03:15:41.470021157 PyInterpreter.cpp:263] Warning: Deallocating Tensor that still has live PyObject references.  This probably happened because you took out a weak reference to Tensor and didn't call _fix_weakref() after dereferencing it.  Subsequent accesses to this tensor via the PyObject will now fail. (function decref)
[W331 03:15:41.470080208 PyInterpreter.cpp:263] Warning: Deallocating Tensor that still has live PyObject references.  This probably happened because you took out a weak reference to Tensor and didn't call _fix_weakref() after dereferencing it.  Subsequent accesses to this tensor via the PyObject will now fail. (function decref)
[W331 03:15:41.470101338 PyInterpreter.cpp:263] Warning: Deallocating Tensor that still has live PyObject references.  This probably happened because you took out a weak reference to Tensor and didn't call _fix_weakref() after dereferencing it.  Subsequent accesses to this tensor via the PyObject will now fail. (function decref)
[W331 03:15:41.470111438 PyInterpreter.cpp:263] Warning: Deallocating Tensor that still has live PyObject references.  This probably happened because you took out a weak reference to Tensor and didn't call _fix_weakref() after dereferencing it.  Subsequent accesses to this tensor via the PyObject will now fail. (function decref)
[W331 03:15:41.470130268 PyInterpreter.cpp:263] Warning: Deallocating Tensor that still has live PyObject references.  This probably happened because you took out a weak reference to Tensor and didn't call _fix_weakref() after dereferencing it.  Subsequent accesses to this tensor via the PyObject will now fail. (function decref)
[W331 03:15:43.712190431 PyInterpreter.cpp:263] Warning: Deallocating Tensor that still has live PyObject references.  This probably happened because you took out a weak reference to Tensor and didn't call _fix_weakref() after dereferencing it.  Subsequent accesses to this tensor via the PyObject will now fail. (function decref)
[W331 03:15:43.712294842 PyInterpreter.cpp:263] Warning: Deallocating Tensor that still has live PyObject references.  This probably happened because you took out a weak reference to Tensor and didn't call _fix_weakref() after dereferencing it.  Subsequent accesses to this tensor via the PyObject will now fail. (function decref)
[W331 03:15:43.712315462 PyInterpreter.cpp:263] Warning: Deallocating Tensor that still has live PyObject references.  This probably happened because you took out a weak reference to Tensor and didn't call _fix_weakref() after dereferencing it.  Subsequent accesses to this tensor via the PyObject will now fail. (function decref)
[W331 03:15:43.712326032 PyInterpreter.cpp:263] Warning: Deallocating Tensor that still has live PyObject references.  This probably happened because you took out a weak reference to Tensor and didn't call _fix_weakref() after dereferencing it.  Subsequent accesses to this tensor via the PyObject will now fail. (function decref)
[W331 03:15:43.712340602 PyInterpreter.cpp:263] Warning: Deallocating Tensor that still has live PyObject references.  This probably happened because you took out a weak reference to Tensor and didn't call _fix_weakref() after dereferencing it.  Subsequent accesses to this tensor via the PyObject will now fail. (function decref)
[W331 03:15:43.712349603 PyInterpreter.cpp:263] Warning: Deallocating Tensor that still has live PyObject references.  This probably happened because you took out a weak reference to Tensor and didn't call _fix_weakref() after dereferencing it.  Subsequent accesses to this tensor via the PyObject will now fail. (function decref)
[W331 03:15:43.712364083 PyInterpreter.cpp:263] Warning: Deallocating Tensor that still has live PyObject references.  This probably happened because you took out a weak reference to Tensor and didn't call _fix_weakref() after dereferencing it.  Subsequent accesses to this tensor via the PyObject will now fail. (function decref)
[W331 03:15:43.712375053 PyInterpreter.cpp:263] Warning: Deallocating Tensor that still has live PyObject references.  This probably happened because you took out a weak reference to Tensor and didn't call _fix_weakref() after dereferencing it.  Subsequent accesses to this tensor via the PyObject will now fail. (function decref)
[W331 03:15:43.712432573 PyInterpreter.cpp:263] Warning: Deallocating Tensor that still has live PyObject references.  This probably happened because you took out a weak reference to Tensor and didn't call _fix_weakref() after dereferencing it.  Subsequent accesses to this tensor via the PyObject will now fail. (function decref)
[W331 03:15:43.712442053 PyInterpreter.cpp:263] Warning: Deallocating Tensor that still has live PyObject references.  This probably happened because you took out a weak reference to Tensor and didn't call _fix_weakref() after dereferencing it.  Subsequent accesses to this tensor via the PyObject will now fail. (function decref)
[W331 03:15:43.712468893 PyInterpreter.cpp:263] Warning: Deallocating Tensor that still has live PyObject references.  This probably happened because you took out a weak reference to Tensor and didn't call _fix_weakref() after dereferencing it.  Subsequent accesses to this tensor via the PyObject will now fail. (function decref)
[W331 03:15:43.712482513 PyInterpreter.cpp:263] Warning: Deallocating Tensor that still has live PyObject references.  This probably happened because you took out a weak reference to Tensor and didn't call _fix_weakref() after dereferencing it.  Subsequent accesses to this tensor via the PyObject will now fail. (function decref)
[W331 03:15:43.712504824 PyInterpreter.cpp:263] Warning: Deallocating Tensor that still has live PyObject references.  This probably happened because you took out a weak reference to Tensor and didn't call _fix_weakref() after dereferencing it.  Subsequent accesses to this tensor via the PyObject will now fail. (function decref)
[W331 03:15:43.712514074 PyInterpreter.cpp:263] Warning: Deallocating Tensor that still has live PyObject references.  This probably happened because you took out a weak reference to Tensor and didn't call _fix_weakref() after dereferencing it.  Subsequent accesses to this tensor via the PyObject will now fail. (function decref)
[W331 03:15:43.712531364 PyInterpreter.cpp:263] Warning: Deallocating Tensor that still has live PyObject references.  This probably happened because you took out a weak reference to Tensor and didn't call _fix_weakref() after dereferencing it.  Subsequent accesses to this tensor via the PyObject will now fail. (function decref)
[W331 03:15:43.712540394 PyInterpreter.cpp:263] Warning: Deallocating Tensor that still has live PyObject references.  This probably happened because you took out a weak reference to Tensor and didn't call _fix_weakref() after dereferencing it.  Subsequent accesses to this tensor via the PyObject will now fail. (function decref)
  Layer 16 done in 15.5s (BF16 skip)

======================================================================
[LAYER 17/31] type=minicpm4  -> BF16 (skip)
======================================================================
  MiniCPM4 layer -> keeping all weights in BF16
  Updating hidden states for next layer...
[W331 03:15:46.251260578 PyInterpreter.cpp:263] Warning: Deallocating Tensor that still has live PyObject references.  This probably happened because you took out a weak reference to Tensor and didn't call _fix_weakref() after dereferencing it.  Subsequent accesses to this tensor via the PyObject will now fail. (function decref)
[W331 03:15:46.251375278 PyInterpreter.cpp:263] Warning: Deallocating Tensor that still has live PyObject references.  This probably happened because you took out a weak reference to Tensor and didn't call _fix_weakref() after dereferencing it.  Subsequent accesses to this tensor via the PyObject will now fail. (function decref)
[W331 03:15:46.251393368 PyInterpreter.cpp:263] Warning: Deallocating Tensor that still has live PyObject references.  This probably happened because you took out a weak reference to Tensor and didn't call _fix_weakref() after dereferencing it.  Subsequent accesses to this tensor via the PyObject will now fail. (function decref)
[W331 03:15:46.251422699 PyInterpreter.cpp:263] Warning: Deallocating Tensor that still has live PyObject references.  This probably happened because you took out a weak reference to Tensor and didn't call _fix_weakref() after dereferencing it.  Subsequent accesses to this tensor via the PyObject will now fail. (function decref)
[W331 03:15:46.251442129 PyInterpreter.cpp:263] Warning: Deallocating Tensor that still has live PyObject references.  This probably happened because you took out a weak reference to Tensor and didn't call _fix_weakref() after dereferencing it.  Subsequent accesses to this tensor via the PyObject will now fail. (function decref)
[W331 03:15:46.251452669 PyInterpreter.cpp:263] Warning: Deallocating Tensor that still has live PyObject references.  This probably happened because you took out a weak reference to Tensor and didn't call _fix_weakref() after dereferencing it.  Subsequent accesses to this tensor via the PyObject will now fail. (function decref)
[W331 03:15:46.251484549 PyInterpreter.cpp:263] Warning: Deallocating Tensor that still has live PyObject references.  This probably happened because you took out a weak reference to Tensor and didn't call _fix_weakref() after dereferencing it.  Subsequent accesses to this tensor via the PyObject will now fail. (function decref)
[W331 03:15:46.251494649 PyInterpreter.cpp:263] Warning: Deallocating Tensor that still has live PyObject references.  This probably happened because you took out a weak reference to Tensor and didn't call _fix_weakref() after dereferencing it.  Subsequent accesses to this tensor via the PyObject will now fail. (function decref)
[W331 03:15:46.251508909 PyInterpreter.cpp:263] Warning: Deallocating Tensor that still has live PyObject references.  This probably happened because you took out a weak reference to Tensor and didn't call _fix_weakref() after dereferencing it.  Subsequent accesses to this tensor via the PyObject will now fail. (function decref)
[W331 03:15:46.251517999 PyInterpreter.cpp:263] Warning: Deallocating Tensor that still has live PyObject references.  This probably happened because you took out a weak reference to Tensor and didn't call _fix_weakref() after dereferencing it.  Subsequent accesses to this tensor via the PyObject will now fail. (function decref)
[W331 03:15:46.251538539 PyInterpreter.cpp:263] Warning: Deallocating Tensor that still has live PyObject references.  This probably happened because you took out a weak reference to Tensor and didn't call _fix_weakref() after dereferencing it.  Subsequent accesses to this tensor via the PyObject will now fail. (function decref)
[W331 03:15:46.251548819 PyInterpreter.cpp:263] Warning: Deallocating Tensor that still has live PyObject references.  This probably happened because you took out a weak reference to Tensor and didn't call _fix_weakref() after dereferencing it.  Subsequent accesses to this tensor via the PyObject will now fail. (function decref)
[W331 03:15:46.251564340 PyInterpreter.cpp:263] Warning: Deallocating Tensor that still has live PyObject references.  This probably happened because you took out a weak reference to Tensor and didn't call _fix_weakref() after dereferencing it.  Subsequent accesses to this tensor via the PyObject will now fail. (function decref)
[W331 03:15:46.251573390 PyInterpreter.cpp:263] Warning: Deallocating Tensor that still has live PyObject references.  This probably happened because you took out a weak reference to Tensor and didn't call _fix_weakref() after dereferencing it.  Subsequent accesses to this tensor via the PyObject will now fail. (function decref)
[W331 03:15:46.251594130 PyInterpreter.cpp:263] Warning: Deallocating Tensor that still has live PyObject references.  This probably happened because you took out a weak reference to Tensor and didn't call _fix_weakref() after dereferencing it.  Subsequent accesses to this tensor via the PyObject will now fail. (function decref)
[W331 03:15:46.251605200 PyInterpreter.cpp:263] Warning: Deallocating Tensor that still has live PyObject references.  This probably happened because you took out a weak reference to Tensor and didn't call _fix_weakref() after dereferencing it.  Subsequent accesses to this tensor via the PyObject will now fail. (function decref)
[W331 03:15:49.603222622 PyInterpreter.cpp:263] Warning: Deallocating Tensor that still has live PyObject references.  This probably happened because you took out a weak reference to Tensor and didn't call _fix_weakref() after dereferencing it.  Subsequent accesses to this tensor via the PyObject will now fail. (function decref)
[W331 03:15:49.603356502 PyInterpreter.cpp:263] Warning: Deallocating Tensor that still has live PyObject references.  This probably happened because you took out a weak reference to Tensor and didn't call _fix_weakref() after dereferencing it.  Subsequent accesses to this tensor via the PyObject will now fail. (function decref)
[W331 03:15:49.603375543 PyInterpreter.cpp:263] Warning: Deallocating Tensor that still has live PyObject references.  This probably happened because you took out a weak reference to Tensor and didn't call _fix_weakref() after dereferencing it.  Subsequent accesses to this tensor via the PyObject will now fail. (function decref)
[W331 03:15:49.603387033 PyInterpreter.cpp:263] Warning: Deallocating Tensor that still has live PyObject references.  This probably happened because you took out a weak reference to Tensor and didn't call _fix_weakref() after dereferencing it.  Subsequent accesses to this tensor via the PyObject will now fail. (function decref)
[W331 03:15:49.603402173 PyInterpreter.cpp:263] Warning: Deallocating Tensor that still has live PyObject references.  This probably happened because you took out a weak reference to Tensor and didn't call _fix_weakref() after dereferencing it.  Subsequent accesses to this tensor via the PyObject will now fail. (function decref)
[W331 03:15:49.603416753 PyInterpreter.cpp:263] Warning: Deallocating Tensor that still has live PyObject references.  This probably happened because you took out a weak reference to Tensor and didn't call _fix_weakref() after dereferencing it.  Subsequent accesses to this tensor via the PyObject will now fail. (function decref)
[W331 03:15:49.603440653 PyInterpreter.cpp:263] Warning: Deallocating Tensor that still has live PyObject references.  This probably happened because you took out a weak reference to Tensor and didn't call _fix_weakref() after dereferencing it.  Subsequent accesses to this tensor via the PyObject will now fail. (function decref)
[W331 03:15:49.603452913 PyInterpreter.cpp:263] Warning: Deallocating Tensor that still has live PyObject references.  This probably happened because you took out a weak reference to Tensor and didn't call _fix_weakref() after dereferencing it.  Subsequent accesses to this tensor via the PyObject will now fail. (function decref)
[W331 03:15:49.603469343 PyInterpreter.cpp:263] Warning: Deallocating Tensor that still has live PyObject references.  This probably happened because you took out a weak reference to Tensor and didn't call _fix_weakref() after dereferencing it.  Subsequent accesses to this tensor via the PyObject will now fail. (function decref)
[W331 03:15:49.603479153 PyInterpreter.cpp:263] Warning: Deallocating Tensor that still has live PyObject references.  This probably happened because you took out a weak reference to Tensor and didn't call _fix_weakref() after dereferencing it.  Subsequent accesses to this tensor via the PyObject will now fail. (function decref)
[W331 03:15:49.603505673 PyInterpreter.cpp:263] Warning: Deallocating Tensor that still has live PyObject references.  This probably happened because you took out a weak reference to Tensor and didn't call _fix_weakref() after dereferencing it.  Subsequent accesses to this tensor via the PyObject will now fail. (function decref)
[W331 03:15:49.603515883 PyInterpreter.cpp:263] Warning: Deallocating Tensor that still has live PyObject references.  This probably happened because you took out a weak reference to Tensor and didn't call _fix_weakref() after dereferencing it.  Subsequent accesses to this tensor via the PyObject will now fail. (function decref)
[W331 03:15:49.603566914 PyInterpreter.cpp:263] Warning: Deallocating Tensor that still has live PyObject references.  This probably happened because you took out a weak reference to Tensor and didn't call _fix_weakref() after dereferencing it.  Subsequent accesses to this tensor via the PyObject will now fail. (function decref)
[W331 03:15:49.603577034 PyInterpreter.cpp:263] Warning: Deallocating Tensor that still has live PyObject references.  This probably happened because you took out a weak reference to Tensor and didn't call _fix_weakref() after dereferencing it.  Subsequent accesses to this tensor via the PyObject will now fail. (function decref)
[W331 03:15:49.603606564 PyInterpreter.cpp:263] Warning: Deallocating Tensor that still has live PyObject references.  This probably happened because you took out a weak reference to Tensor and didn't call _fix_weakref() after dereferencing it.  Subsequent accesses to this tensor via the PyObject will now fail. (function decref)
[W331 03:15:49.603623924 PyInterpreter.cpp:263] Warning: Deallocating Tensor that still has live PyObject references.  This probably happened because you took out a weak reference to Tensor and didn't call _fix_weakref() after dereferencing it.  Subsequent accesses to this tensor via the PyObject will now fail. (function decref)
[W331 03:15:52.573736353 PyInterpreter.cpp:263] Warning: Deallocating Tensor that still has live PyObject references.  This probably happened because you took out a weak reference to Tensor and didn't call _fix_weakref() after dereferencing it.  Subsequent accesses to this tensor via the PyObject will now fail. (function decref)
[W331 03:15:52.573868184 PyInterpreter.cpp:263] Warning: Deallocating Tensor that still has live PyObject references.  This probably happened because you took out a weak reference to Tensor and didn't call _fix_weakref() after dereferencing it.  Subsequent accesses to this tensor via the PyObject will now fail. (function decref)
[W331 03:15:52.573897304 PyInterpreter.cpp:263] Warning: Deallocating Tensor that still has live PyObject references.  This probably happened because you took out a weak reference to Tensor and didn't call _fix_weakref() after dereferencing it.  Subsequent accesses to this tensor via the PyObject will now fail. (function decref)
[W331 03:15:52.573910535 PyInterpreter.cpp:263] Warning: Deallocating Tensor that still has live PyObject references.  This probably happened because you took out a weak reference to Tensor and didn't call _fix_weakref() after dereferencing it.  Subsequent accesses to this tensor via the PyObject will now fail. (function decref)
[W331 03:15:52.573934445 PyInterpreter.cpp:263] Warning: Deallocating Tensor that still has live PyObject references.  This probably happened because you took out a weak reference to Tensor and didn't call _fix_weakref() after dereferencing it.  Subsequent accesses to this tensor via the PyObject will now fail. (function decref)
[W331 03:15:52.573946415 PyInterpreter.cpp:263] Warning: Deallocating Tensor that still has live PyObject references.  This probably happened because you took out a weak reference to Tensor and didn't call _fix_weakref() after dereferencing it.  Subsequent accesses to this tensor via the PyObject will now fail. (function decref)
[W331 03:15:52.573969595 PyInterpreter.cpp:263] Warning: Deallocating Tensor that still has live PyObject references.  This probably happened because you took out a weak reference to Tensor and didn't call _fix_weakref() after dereferencing it.  Subsequent accesses to this tensor via the PyObject will now fail. (function decref)
[W331 03:15:52.573979895 PyInterpreter.cpp:263] Warning: Deallocating Tensor that still has live PyObject references.  This probably happened because you took out a weak reference to Tensor and didn't call _fix_weakref() after dereferencing it.  Subsequent accesses to this tensor via the PyObject will now fail. (function decref)
[W331 03:15:52.574014035 PyInterpreter.cpp:263] Warning: Deallocating Tensor that still has live PyObject references.  This probably happened because you took out a weak reference to Tensor and didn't call _fix_weakref() after dereferencing it.  Subsequent accesses to this tensor via the PyObject will now fail. (function decref)
[W331 03:15:52.574048195 PyInterpreter.cpp:263] Warning: Deallocating Tensor that still has live PyObject references.  This probably happened because you took out a weak reference to Tensor and didn't call _fix_weakref() after dereferencing it.  Subsequent accesses to this tensor via the PyObject will now fail. (function decref)
[W331 03:15:52.574082966 PyInterpreter.cpp:263] Warning: Deallocating Tensor that still has live PyObject references.  This probably happened because you took out a weak reference to Tensor and didn't call _fix_weakref() after dereferencing it.  Subsequent accesses to this tensor via the PyObject will now fail. (function decref)
[W331 03:15:52.574094576 PyInterpreter.cpp:263] Warning: Deallocating Tensor that still has live PyObject references.  This probably happened because you took out a weak reference to Tensor and didn't call _fix_weakref() after dereferencing it.  Subsequent accesses to this tensor via the PyObject will now fail. (function decref)
[W331 03:15:52.574113216 PyInterpreter.cpp:263] Warning: Deallocating Tensor that still has live PyObject references.  This probably happened because you took out a weak reference to Tensor and didn't call _fix_weakref() after dereferencing it.  Subsequent accesses to this tensor via the PyObject will now fail. (function decref)
[W331 03:15:52.574125266 PyInterpreter.cpp:263] Warning: Deallocating Tensor that still has live PyObject references.  This probably happened because you took out a weak reference to Tensor and didn't call _fix_weakref() after dereferencing it.  Subsequent accesses to this tensor via the PyObject will now fail. (function decref)
[W331 03:15:52.574141866 PyInterpreter.cpp:263] Warning: Deallocating Tensor that still has live PyObject references.  This probably happened because you took out a weak reference to Tensor and didn't call _fix_weakref() after dereferencing it.  Subsequent accesses to this tensor via the PyObject will now fail. (function decref)
[W331 03:15:52.574152016 PyInterpreter.cpp:263] Warning: Deallocating Tensor that still has live PyObject references.  This probably happened because you took out a weak reference to Tensor and didn't call _fix_weakref() after dereferencing it.  Subsequent accesses to this tensor via the PyObject will now fail. (function decref)
[W331 03:15:54.826426952 PyInterpreter.cpp:263] Warning: Deallocating Tensor that still has live PyObject references.  This probably happened because you took out a weak reference to Tensor and didn't call _fix_weakref() after dereferencing it.  Subsequent accesses to this tensor via the PyObject will now fail. (function decref)
[W331 03:15:54.826568993 PyInterpreter.cpp:263] Warning: Deallocating Tensor that still has live PyObject references.  This probably happened because you took out a weak reference to Tensor and didn't call _fix_weakref() after dereferencing it.  Subsequent accesses to this tensor via the PyObject will now fail. (function decref)
[W331 03:15:54.826598053 PyInterpreter.cpp:263] Warning: Deallocating Tensor that still has live PyObject references.  This probably happened because you took out a weak reference to Tensor and didn't call _fix_weakref() after dereferencing it.  Subsequent accesses to this tensor via the PyObject will now fail. (function decref)
[W331 03:15:54.826608593 PyInterpreter.cpp:263] Warning: Deallocating Tensor that still has live PyObject references.  This probably happened because you took out a weak reference to Tensor and didn't call _fix_weakref() after dereferencing it.  Subsequent accesses to this tensor via the PyObject will now fail. (function decref)
[W331 03:15:54.826624613 PyInterpreter.cpp:263] Warning: Deallocating Tensor that still has live PyObject references.  This probably happened because you took out a weak reference to Tensor and didn't call _fix_weakref() after dereferencing it.  Subsequent accesses to this tensor via the PyObject will now fail. (function decref)
[W331 03:15:54.826676144 PyInterpreter.cpp:263] Warning: Deallocating Tensor that still has live PyObject references.  This probably happened because you took out a weak reference to Tensor and didn't call _fix_weakref() after dereferencing it.  Subsequent accesses to this tensor via the PyObject will now fail. (function decref)
[W331 03:15:54.826692894 PyInterpreter.cpp:263] Warning: Deallocating Tensor that still has live PyObject references.  This probably happened because you took out a weak reference to Tensor and didn't call _fix_weakref() after dereferencing it.  Subsequent accesses to this tensor via the PyObject will now fail. (function decref)
[W331 03:15:54.826703944 PyInterpreter.cpp:263] Warning: Deallocating Tensor that still has live PyObject references.  This probably happened because you took out a weak reference to Tensor and didn't call _fix_weakref() after dereferencing it.  Subsequent accesses to this tensor via the PyObject will now fail. (function decref)
[W331 03:15:54.826738314 PyInterpreter.cpp:263] Warning: Deallocating Tensor that still has live PyObject references.  This probably happened because you took out a weak reference to Tensor and didn't call _fix_weakref() after dereferencing it.  Subsequent accesses to this tensor via the PyObject will now fail. (function decref)
[W331 03:15:54.826748514 PyInterpreter.cpp:263] Warning: Deallocating Tensor that still has live PyObject references.  This probably happened because you took out a weak reference to Tensor and didn't call _fix_weakref() after dereferencing it.  Subsequent accesses to this tensor via the PyObject will now fail. (function decref)
[W331 03:15:54.826769504 PyInterpreter.cpp:263] Warning: Deallocating Tensor that still has live PyObject references.  This probably happened because you took out a weak reference to Tensor and didn't call _fix_weakref() after dereferencing it.  Subsequent accesses to this tensor via the PyObject will now fail. (function decref)
[W331 03:15:54.826780424 PyInterpreter.cpp:263] Warning: Deallocating Tensor that still has live PyObject references.  This probably happened because you took out a weak reference to Tensor and didn't call _fix_weakref() after dereferencing it.  Subsequent accesses to this tensor via the PyObject will now fail. (function decref)
[W331 03:15:54.826799415 PyInterpreter.cpp:263] Warning: Deallocating Tensor that still has live PyObject references.  This probably happened because you took out a weak reference to Tensor and didn't call _fix_weakref() after dereferencing it.  Subsequent accesses to this tensor via the PyObject will now fail. (function decref)
[W331 03:15:54.826811475 PyInterpreter.cpp:263] Warning: Deallocating Tensor that still has live PyObject references.  This probably happened because you took out a weak reference to Tensor and didn't call _fix_weakref() after dereferencing it.  Subsequent accesses to this tensor via the PyObject will now fail. (function decref)
[W331 03:15:54.826836825 PyInterpreter.cpp:263] Warning: Deallocating Tensor that still has live PyObject references.  This probably happened because you took out a weak reference to Tensor and didn't call _fix_weakref() after dereferencing it.  Subsequent accesses to this tensor via the PyObject will now fail. (function decref)
[W331 03:15:54.826849075 PyInterpreter.cpp:263] Warning: Deallocating Tensor that still has live PyObject references.  This probably happened because you took out a weak reference to Tensor and didn't call _fix_weakref() after dereferencing it.  Subsequent accesses to this tensor via the PyObject will now fail. (function decref)
[W331 03:15:56.970842888 PyInterpreter.cpp:263] Warning: Deallocating Tensor that still has live PyObject references.  This probably happened because you took out a weak reference to Tensor and didn't call _fix_weakref() after dereferencing it.  Subsequent accesses to this tensor via the PyObject will now fail. (function decref)
[W331 03:15:56.971061919 PyInterpreter.cpp:263] Warning: Deallocating Tensor that still has live PyObject references.  This probably happened because you took out a weak reference to Tensor and didn't call _fix_weakref() after dereferencing it.  Subsequent accesses to this tensor via the PyObject will now fail. (function decref)
[W331 03:15:56.971094369 PyInterpreter.cpp:263] Warning: Deallocating Tensor that still has live PyObject references.  This probably happened because you took out a weak reference to Tensor and didn't call _fix_weakref() after dereferencing it.  Subsequent accesses to this tensor via the PyObject will now fail. (function decref)
[W331 03:15:56.971117399 PyInterpreter.cpp:263] Warning: Deallocating Tensor that still has live PyObject references.  This probably happened because you took out a weak reference to Tensor and didn't call _fix_weakref() after dereferencing it.  Subsequent accesses to this tensor via the PyObject will now fail. (function decref)
[W331 03:15:56.971136440 PyInterpreter.cpp:263] Warning: Deallocating Tensor that still has live PyObject references.  This probably happened because you took out a weak reference to Tensor and didn't call _fix_weakref() after dereferencing it.  Subsequent accesses to this tensor via the PyObject will now fail. (function decref)
[W331 03:15:56.971164590 PyInterpreter.cpp:263] Warning: Deallocating Tensor that still has live PyObject references.  This probably happened because you took out a weak reference to Tensor and didn't call _fix_weakref() after dereferencing it.  Subsequent accesses to this tensor via the PyObject will now fail. (function decref)
[W331 03:15:56.971177650 PyInterpreter.cpp:263] Warning: Deallocating Tensor that still has live PyObject references.  This probably happened because you took out a weak reference to Tensor and didn't call _fix_weakref() after dereferencing it.  Subsequent accesses to this tensor via the PyObject will now fail. (function decref)
[W331 03:15:56.971196850 PyInterpreter.cpp:263] Warning: Deallocating Tensor that still has live PyObject references.  This probably happened because you took out a weak reference to Tensor and didn't call _fix_weakref() after dereferencing it.  Subsequent accesses to this tensor via the PyObject will now fail. (function decref)
[W331 03:15:56.971211460 PyInterpreter.cpp:263] Warning: Deallocating Tensor that still has live PyObject references.  This probably happened because you took out a weak reference to Tensor and didn't call _fix_weakref() after dereferencing it.  Subsequent accesses to this tensor via the PyObject will now fail. (function decref)
[W331 03:15:56.971252470 PyInterpreter.cpp:263] Warning: Deallocating Tensor that still has live PyObject references.  This probably happened because you took out a weak reference to Tensor and didn't call _fix_weakref() after dereferencing it.  Subsequent accesses to this tensor via the PyObject will now fail. (function decref)
[W331 03:15:56.971271940 PyInterpreter.cpp:263] Warning: Deallocating Tensor that still has live PyObject references.  This probably happened because you took out a weak reference to Tensor and didn't call _fix_weakref() after dereferencing it.  Subsequent accesses to this tensor via the PyObject will now fail. (function decref)
[W331 03:15:56.971296241 PyInterpreter.cpp:263] Warning: Deallocating Tensor that still has live PyObject references.  This probably happened because you took out a weak reference to Tensor and didn't call _fix_weakref() after dereferencing it.  Subsequent accesses to this tensor via the PyObject will now fail. (function decref)
[W331 03:15:56.971310401 PyInterpreter.cpp:263] Warning: Deallocating Tensor that still has live PyObject references.  This probably happened because you took out a weak reference to Tensor and didn't call _fix_weakref() after dereferencing it.  Subsequent accesses to this tensor via the PyObject will now fail. (function decref)
[W331 03:15:56.971337381 PyInterpreter.cpp:263] Warning: Deallocating Tensor that still has live PyObject references.  This probably happened because you took out a weak reference to Tensor and didn't call _fix_weakref() after dereferencing it.  Subsequent accesses to this tensor via the PyObject will now fail. (function decref)
[W331 03:15:56.971356061 PyInterpreter.cpp:263] Warning: Deallocating Tensor that still has live PyObject references.  This probably happened because you took out a weak reference to Tensor and didn't call _fix_weakref() after dereferencing it.  Subsequent accesses to this tensor via the PyObject will now fail. (function decref)
[W331 03:15:56.971383251 PyInterpreter.cpp:263] Warning: Deallocating Tensor that still has live PyObject references.  This probably happened because you took out a weak reference to Tensor and didn't call _fix_weakref() after dereferencing it.  Subsequent accesses to this tensor via the PyObject will now fail. (function decref)
[W331 03:15:58.295334127 PyInterpreter.cpp:263] Warning: Deallocating Tensor that still has live PyObject references.  This probably happened because you took out a weak reference to Tensor and didn't call _fix_weakref() after dereferencing it.  Subsequent accesses to this tensor via the PyObject will now fail. (function decref)
[W331 03:15:58.295463897 PyInterpreter.cpp:263] Warning: Deallocating Tensor that still has live PyObject references.  This probably happened because you took out a weak reference to Tensor and didn't call _fix_weakref() after dereferencing it.  Subsequent accesses to this tensor via the PyObject will now fail. (function decref)
[W331 03:15:58.295484128 PyInterpreter.cpp:263] Warning: Deallocating Tensor that still has live PyObject references.  This probably happened because you took out a weak reference to Tensor and didn't call _fix_weakref() after dereferencing it.  Subsequent accesses to this tensor via the PyObject will now fail. (function decref)
[W331 03:15:58.295494598 PyInterpreter.cpp:263] Warning: Deallocating Tensor that still has live PyObject references.  This probably happened because you took out a weak reference to Tensor and didn't call _fix_weakref() after dereferencing it.  Subsequent accesses to this tensor via the PyObject will now fail. (function decref)
[W331 03:15:58.295510818 PyInterpreter.cpp:263] Warning: Deallocating Tensor that still has live PyObject references.  This probably happened because you took out a weak reference to Tensor and didn't call _fix_weakref() after dereferencing it.  Subsequent accesses to this tensor via the PyObject will now fail. (function decref)
[W331 03:15:58.295521158 PyInterpreter.cpp:263] Warning: Deallocating Tensor that still has live PyObject references.  This probably happened because you took out a weak reference to Tensor and didn't call _fix_weakref() after dereferencing it.  Subsequent accesses to this tensor via the PyObject will now fail. (function decref)
[W331 03:15:58.295534908 PyInterpreter.cpp:263] Warning: Deallocating Tensor that still has live PyObject references.  This probably happened because you took out a weak reference to Tensor and didn't call _fix_weakref() after dereferencing it.  Subsequent accesses to this tensor via the PyObject will now fail. (function decref)
[W331 03:15:58.295548688 PyInterpreter.cpp:263] Warning: Deallocating Tensor that still has live PyObject references.  This probably happened because you took out a weak reference to Tensor and didn't call _fix_weakref() after dereferencing it.  Subsequent accesses to this tensor via the PyObject will now fail. (function decref)
[W331 03:15:58.295569568 PyInterpreter.cpp:263] Warning: Deallocating Tensor that still has live PyObject references.  This probably happened because you took out a weak reference to Tensor and didn't call _fix_weakref() after dereferencing it.  Subsequent accesses to this tensor via the PyObject will now fail. (function decref)
[W331 03:15:58.295581868 PyInterpreter.cpp:263] Warning: Deallocating Tensor that still has live PyObject references.  This probably happened because you took out a weak reference to Tensor and didn't call _fix_weakref() after dereferencing it.  Subsequent accesses to this tensor via the PyObject will now fail. (function decref)
[W331 03:15:58.295651459 PyInterpreter.cpp:263] Warning: Deallocating Tensor that still has live PyObject references.  This probably happened because you took out a weak reference to Tensor and didn't call _fix_weakref() after dereferencing it.  Subsequent accesses to this tensor via the PyObject will now fail. (function decref)
[W331 03:15:58.295662629 PyInterpreter.cpp:263] Warning: Deallocating Tensor that still has live PyObject references.  This probably happened because you took out a weak reference to Tensor and didn't call _fix_weakref() after dereferencing it.  Subsequent accesses to this tensor via the PyObject will now fail. (function decref)
[W331 03:15:58.295684909 PyInterpreter.cpp:263] Warning: Deallocating Tensor that still has live PyObject references.  This probably happened because you took out a weak reference to Tensor and didn't call _fix_weakref() after dereferencing it.  Subsequent accesses to this tensor via the PyObject will now fail. (function decref)
[W331 03:15:58.295695429 PyInterpreter.cpp:263] Warning: Deallocating Tensor that still has live PyObject references.  This probably happened because you took out a weak reference to Tensor and didn't call _fix_weakref() after dereferencing it.  Subsequent accesses to this tensor via the PyObject will now fail. (function decref)
[W331 03:15:58.295716919 PyInterpreter.cpp:263] Warning: Deallocating Tensor that still has live PyObject references.  This probably happened because you took out a weak reference to Tensor and didn't call _fix_weakref() after dereferencing it.  Subsequent accesses to this tensor via the PyObject will now fail. (function decref)
[W331 03:15:58.295727579 PyInterpreter.cpp:263] Warning: Deallocating Tensor that still has live PyObject references.  This probably happened because you took out a weak reference to Tensor and didn't call _fix_weakref() after dereferencing it.  Subsequent accesses to this tensor via the PyObject will now fail. (function decref)
  Layer 17 done in 15.6s (BF16 skip)

======================================================================
[LAYER 18/31] type=lightning-attn  -> INT4 (quantize)
======================================================================
  Linears to quantize: ['mlp.down_proj', 'mlp.gate_proj', 'mlp.up_proj', 'self_attn.k_proj', 'self_attn.o_proj', 'self_attn.q_proj', 'self_attn.v_proj', 'self_attn.z_proj']
  Collecting Hessians (96 samples)...
  Applying SmoothQuant channel equalization (alpha=0.5)...
  Smoothed [input_layernorm] -> ['self_attn.k_proj', 'self_attn.q_proj', 'self_attn.v_proj', 'self_attn.z_proj'] | s: min=0.0311 max=2.3721 std=0.1278
  Smoothed [o_norm] -> [o_proj] | s: min=0.4196 max=2.3068 std=0.1545
  Smoothed [post_attn_layernorm] -> ['mlp.gate_proj', 'mlp.up_proj'] | s: min=0.1641 max=2.4709 std=0.1278
  Smoothed [up_proj] -> [down_proj] | s: min=0.3760 max=2.3148 std=0.1257
  Running GPTQ quantization (bits=4, group_size=128)...
    mlp.down_proj MSE=1.032518e-05 RelErr=0.1343
    mlp.down_proj [4096x16384] W4 quantized in 3.7s
    mlp.gate_proj MSE=1.171135e-05 RelErr=0.1385
    mlp.gate_proj [16384x4096] W4 quantized in 0.9s
    mlp.up_proj MSE=1.146393e-05 RelErr=0.1357
    mlp.up_proj [16384x4096] W4 quantized in 0.9s
    self_attn.k_proj MSE=1.851418e-05 RelErr=0.1726
    self_attn.k_proj [4096x4096] W4 quantized in 0.9s
    self_attn.o_proj MSE=1.064832e-05 RelErr=0.1339
    self_attn.o_proj [4096x4096] W4 quantized in 0.9s
    self_attn.q_proj MSE=1.282878e-05 RelErr=0.1495
    self_attn.q_proj [4096x4096] W4 quantized in 0.9s
    self_attn.v_proj MSE=1.311239e-05 RelErr=0.1437
    self_attn.v_proj [4096x4096] W4 quantized in 0.9s
    self_attn.z_proj MSE=1.007780e-05 RelErr=0.1389
    self_attn.z_proj [4096x4096] W4 quantized in 0.9s
  Updating hidden states for next layer...
  Layer 18 done in 91.3s (INT4)

======================================================================
[LAYER 19/31] type=lightning-attn  -> INT4 (quantize)
======================================================================
  Linears to quantize: ['mlp.down_proj', 'mlp.gate_proj', 'mlp.up_proj', 'self_attn.k_proj', 'self_attn.o_proj', 'self_attn.q_proj', 'self_attn.v_proj', 'self_attn.z_proj']
  Collecting Hessians (96 samples)...
  Applying SmoothQuant channel equalization (alpha=0.5)...
  Smoothed [input_layernorm] -> ['self_attn.k_proj', 'self_attn.q_proj', 'self_attn.v_proj', 'self_attn.z_proj'] | s: min=0.1935 max=1.9340 std=0.1094
  Smoothed [o_norm] -> [o_proj] | s: min=0.4899 max=2.3036 std=0.1590
  Smoothed [post_attn_layernorm] -> ['mlp.gate_proj', 'mlp.up_proj'] | s: min=0.1715 max=2.0204 std=0.1270
  Smoothed [up_proj] -> [down_proj] | s: min=0.3683 max=2.3276 std=0.1263
  Running GPTQ quantization (bits=4, group_size=128)...
    mlp.down_proj MSE=1.074760e-05 RelErr=0.1350
    mlp.down_proj [4096x16384] W4 quantized in 3.7s
    mlp.gate_proj MSE=1.123072e-05 RelErr=0.1380
    mlp.gate_proj [16384x4096] W4 quantized in 0.9s
    mlp.up_proj MSE=1.199278e-05 RelErr=0.1361
    mlp.up_proj [16384x4096] W4 quantized in 0.9s
    self_attn.k_proj MSE=1.641110e-05 RelErr=0.1666
    self_attn.k_proj [4096x4096] W4 quantized in 0.9s
    self_attn.o_proj MSE=1.068770e-05 RelErr=0.1352
    self_attn.o_proj [4096x4096] W4 quantized in 0.9s
    self_attn.q_proj MSE=1.222227e-05 RelErr=0.1471
    self_attn.q_proj [4096x4096] W4 quantized in 0.9s
    self_attn.v_proj MSE=1.274530e-05 RelErr=0.1434
    self_attn.v_proj [4096x4096] W4 quantized in 0.9s
    self_attn.z_proj MSE=9.950380e-06 RelErr=0.1378
    self_attn.z_proj [4096x4096] W4 quantized in 0.9s
  Updating hidden states for next layer...
  Layer 19 done in 91.4s (INT4)

======================================================================
[LAYER 20/31] type=lightning-attn  -> INT4 (quantize)
======================================================================
  Linears to quantize: ['mlp.down_proj', 'mlp.gate_proj', 'mlp.up_proj', 'self_attn.k_proj', 'self_attn.o_proj', 'self_attn.q_proj', 'self_attn.v_proj', 'self_attn.z_proj']
  Collecting Hessians (96 samples)...
  Applying SmoothQuant channel equalization (alpha=0.5)...
  Smoothed [input_layernorm] -> ['self_attn.k_proj', 'self_attn.q_proj', 'self_attn.v_proj', 'self_attn.z_proj'] | s: min=0.0700 max=3.7644 std=0.1101
  Smoothed [o_norm] -> [o_proj] | s: min=0.3822 max=2.3124 std=0.1324
  Smoothed [post_attn_layernorm] -> ['mlp.gate_proj', 'mlp.up_proj'] | s: min=0.1432 max=2.0585 std=0.1190
  Smoothed [up_proj] -> [down_proj] | s: min=0.3857 max=2.5485 std=0.1431
  Running GPTQ quantization (bits=4, group_size=128)...
    mlp.down_proj MSE=1.122934e-05 RelErr=0.1373
    mlp.down_proj [4096x16384] W4 quantized in 3.7s
    mlp.gate_proj MSE=1.115261e-05 RelErr=0.1395
    mlp.gate_proj [16384x4096] W4 quantized in 0.9s
    mlp.up_proj MSE=1.237644e-05 RelErr=0.1364
    mlp.up_proj [16384x4096] W4 quantized in 0.9s
    self_attn.k_proj MSE=1.921542e-05 RelErr=0.1735
    self_attn.k_proj [4096x4096] W4 quantized in 0.9s
    self_attn.o_proj MSE=9.938644e-06 RelErr=0.1302
    self_attn.o_proj [4096x4096] W4 quantized in 0.9s
    self_attn.q_proj MSE=1.324477e-05 RelErr=0.1505
    self_attn.q_proj [4096x4096] W4 quantized in 0.9s
    self_attn.v_proj MSE=1.224722e-05 RelErr=0.1413
    self_attn.v_proj [4096x4096] W4 quantized in 0.9s
    self_attn.z_proj MSE=1.031616e-05 RelErr=0.1398
    self_attn.z_proj [4096x4096] W4 quantized in 0.9s
  Updating hidden states for next layer...
  Layer 20 done in 92.7s (INT4)

======================================================================
[LAYER 21/31] type=lightning-attn  -> INT4 (quantize)
======================================================================
  Linears to quantize: ['mlp.down_proj', 'mlp.gate_proj', 'mlp.up_proj', 'self_attn.k_proj', 'self_attn.o_proj', 'self_attn.q_proj', 'self_attn.v_proj', 'self_attn.z_proj']
  Collecting Hessians (96 samples)...
  Applying SmoothQuant channel equalization (alpha=0.5)...
  Smoothed [input_layernorm] -> ['self_attn.k_proj', 'self_attn.q_proj', 'self_attn.v_proj', 'self_attn.z_proj'] | s: min=0.1470 max=2.9946 std=0.1183
  Smoothed [o_norm] -> [o_proj] | s: min=0.3897 max=2.3896 std=0.1882
  Smoothed [post_attn_layernorm] -> ['mlp.gate_proj', 'mlp.up_proj'] | s: min=0.0905 max=1.9564 std=0.1057
  Smoothed [up_proj] -> [down_proj] | s: min=0.4016 max=3.0794 std=0.1628
  Running GPTQ quantization (bits=4, group_size=128)...
    mlp.down_proj MSE=1.146681e-05 RelErr=0.1382
    mlp.down_proj [4096x16384] W4 quantized in 3.7s
    mlp.gate_proj MSE=1.091901e-05 RelErr=0.1386
    mlp.gate_proj [16384x4096] W4 quantized in 0.9s
    mlp.up_proj MSE=1.251181e-05 RelErr=0.1363
    mlp.up_proj [16384x4096] W4 quantized in 0.9s
    self_attn.k_proj MSE=1.690035e-05 RelErr=0.1696
    self_attn.k_proj [4096x4096] W4 quantized in 0.9s
    self_attn.o_proj MSE=1.141046e-05 RelErr=0.1390
    self_attn.o_proj [4096x4096] W4 quantized in 0.9s
    self_attn.q_proj MSE=1.377878e-05 RelErr=0.1550
    self_attn.q_proj [4096x4096] W4 quantized in 0.9s
    self_attn.v_proj MSE=1.350834e-05 RelErr=0.1485
    self_attn.v_proj [4096x4096] W4 quantized in 0.9s
    self_attn.z_proj MSE=1.039397e-05 RelErr=0.1403
    self_attn.z_proj [4096x4096] W4 quantized in 0.9s
  Updating hidden states for next layer...
  Layer 21 done in 92.4s (INT4)

======================================================================
[LAYER 22/31] type=minicpm4  -> BF16 (skip)
======================================================================
  MiniCPM4 layer -> keeping all weights in BF16
  Updating hidden states for next layer...
[W331 03:22:10.714505857 PyInterpreter.cpp:263] Warning: Deallocating Tensor that still has live PyObject references.  This probably happened because you took out a weak reference to Tensor and didn't call _fix_weakref() after dereferencing it.  Subsequent accesses to this tensor via the PyObject will now fail. (function decref)
[W331 03:22:10.714644328 PyInterpreter.cpp:263] Warning: Deallocating Tensor that still has live PyObject references.  This probably happened because you took out a weak reference to Tensor and didn't call _fix_weakref() after dereferencing it.  Subsequent accesses to this tensor via the PyObject will now fail. (function decref)
[W331 03:22:10.714664428 PyInterpreter.cpp:263] Warning: Deallocating Tensor that still has live PyObject references.  This probably happened because you took out a weak reference to Tensor and didn't call _fix_weakref() after dereferencing it.  Subsequent accesses to this tensor via the PyObject will now fail. (function decref)
[W331 03:22:10.714674658 PyInterpreter.cpp:263] Warning: Deallocating Tensor that still has live PyObject references.  This probably happened because you took out a weak reference to Tensor and didn't call _fix_weakref() after dereferencing it.  Subsequent accesses to this tensor via the PyObject will now fail. (function decref)
[W331 03:22:10.714693618 PyInterpreter.cpp:263] Warning: Deallocating Tensor that still has live PyObject references.  This probably happened because you took out a weak reference to Tensor and didn't call _fix_weakref() after dereferencing it.  Subsequent accesses to this tensor via the PyObject will now fail. (function decref)
[W331 03:22:10.714705008 PyInterpreter.cpp:263] Warning: Deallocating Tensor that still has live PyObject references.  This probably happened because you took out a weak reference to Tensor and didn't call _fix_weakref() after dereferencing it.  Subsequent accesses to this tensor via the PyObject will now fail. (function decref)
[W331 03:22:10.714738359 PyInterpreter.cpp:263] Warning: Deallocating Tensor that still has live PyObject references.  This probably happened because you took out a weak reference to Tensor and didn't call _fix_weakref() after dereferencing it.  Subsequent accesses to this tensor via the PyObject will now fail. (function decref)
[W331 03:22:10.714749209 PyInterpreter.cpp:263] Warning: Deallocating Tensor that still has live PyObject references.  This probably happened because you took out a weak reference to Tensor and didn't call _fix_weakref() after dereferencing it.  Subsequent accesses to this tensor via the PyObject will now fail. (function decref)
[W331 03:22:10.714786779 PyInterpreter.cpp:263] Warning: Deallocating Tensor that still has live PyObject references.  This probably happened because you took out a weak reference to Tensor and didn't call _fix_weakref() after dereferencing it.  Subsequent accesses to this tensor via the PyObject will now fail. (function decref)
[W331 03:22:10.714795809 PyInterpreter.cpp:263] Warning: Deallocating Tensor that still has live PyObject references.  This probably happened because you took out a weak reference to Tensor and didn't call _fix_weakref() after dereferencing it.  Subsequent accesses to this tensor via the PyObject will now fail. (function decref)
[W331 03:22:10.714817569 PyInterpreter.cpp:263] Warning: Deallocating Tensor that still has live PyObject references.  This probably happened because you took out a weak reference to Tensor and didn't call _fix_weakref() after dereferencing it.  Subsequent accesses to this tensor via the PyObject will now fail. (function decref)
[W331 03:22:10.714827089 PyInterpreter.cpp:263] Warning: Deallocating Tensor that still has live PyObject references.  This probably happened because you took out a weak reference to Tensor and didn't call _fix_weakref() after dereferencing it.  Subsequent accesses to this tensor via the PyObject will now fail. (function decref)
[W331 03:22:10.714842479 PyInterpreter.cpp:263] Warning: Deallocating Tensor that still has live PyObject references.  This probably happened because you took out a weak reference to Tensor and didn't call _fix_weakref() after dereferencing it.  Subsequent accesses to this tensor via the PyObject will now fail. (function decref)
[W331 03:22:10.714851959 PyInterpreter.cpp:263] Warning: Deallocating Tensor that still has live PyObject references.  This probably happened because you took out a weak reference to Tensor and didn't call _fix_weakref() after dereferencing it.  Subsequent accesses to this tensor via the PyObject will now fail. (function decref)
[W331 03:22:10.714881389 PyInterpreter.cpp:263] Warning: Deallocating Tensor that still has live PyObject references.  This probably happened because you took out a weak reference to Tensor and didn't call _fix_weakref() after dereferencing it.  Subsequent accesses to this tensor via the PyObject will now fail. (function decref)
[W331 03:22:10.714894870 PyInterpreter.cpp:263] Warning: Deallocating Tensor that still has live PyObject references.  This probably happened because you took out a weak reference to Tensor and didn't call _fix_weakref() after dereferencing it.  Subsequent accesses to this tensor via the PyObject will now fail. (function decref)
[W331 03:22:12.101997275 PyInterpreter.cpp:263] Warning: Deallocating Tensor that still has live PyObject references.  This probably happened because you took out a weak reference to Tensor and didn't call _fix_weakref() after dereferencing it.  Subsequent accesses to this tensor via the PyObject will now fail. (function decref)
[W331 03:22:12.102122555 PyInterpreter.cpp:263] Warning: Deallocating Tensor that still has live PyObject references.  This probably happened because you took out a weak reference to Tensor and didn't call _fix_weakref() after dereferencing it.  Subsequent accesses to this tensor via the PyObject will now fail. (function decref)
[W331 03:22:12.102140485 PyInterpreter.cpp:263] Warning: Deallocating Tensor that still has live PyObject references.  This probably happened because you took out a weak reference to Tensor and didn't call _fix_weakref() after dereferencing it.  Subsequent accesses to this tensor via the PyObject will now fail. (function decref)
[W331 03:22:12.102152206 PyInterpreter.cpp:263] Warning: Deallocating Tensor that still has live PyObject references.  This probably happened because you took out a weak reference to Tensor and didn't call _fix_weakref() after dereferencing it.  Subsequent accesses to this tensor via the PyObject will now fail. (function decref)
[W331 03:22:12.102216636 PyInterpreter.cpp:263] Warning: Deallocating Tensor that still has live PyObject references.  This probably happened because you took out a weak reference to Tensor and didn't call _fix_weakref() after dereferencing it.  Subsequent accesses to this tensor via the PyObject will now fail. (function decref)
[W331 03:22:12.102232566 PyInterpreter.cpp:263] Warning: Deallocating Tensor that still has live PyObject references.  This probably happened because you took out a weak reference to Tensor and didn't call _fix_weakref() after dereferencing it.  Subsequent accesses to this tensor via the PyObject will now fail. (function decref)
[W331 03:22:12.102259136 PyInterpreter.cpp:263] Warning: Deallocating Tensor that still has live PyObject references.  This probably happened because you took out a weak reference to Tensor and didn't call _fix_weakref() after dereferencing it.  Subsequent accesses to this tensor via the PyObject will now fail. (function decref)
[W331 03:22:12.102270326 PyInterpreter.cpp:263] Warning: Deallocating Tensor that still has live PyObject references.  This probably happened because you took out a weak reference to Tensor and didn't call _fix_weakref() after dereferencing it.  Subsequent accesses to this tensor via the PyObject will now fail. (function decref)
[W331 03:22:12.102286856 PyInterpreter.cpp:263] Warning: Deallocating Tensor that still has live PyObject references.  This probably happened because you took out a weak reference to Tensor and didn't call _fix_weakref() after dereferencing it.  Subsequent accesses to this tensor via the PyObject will now fail. (function decref)
[W331 03:22:12.102297446 PyInterpreter.cpp:263] Warning: Deallocating Tensor that still has live PyObject references.  This probably happened because you took out a weak reference to Tensor and didn't call _fix_weakref() after dereferencing it.  Subsequent accesses to this tensor via the PyObject will now fail. (function decref)
[W331 03:22:12.102322837 PyInterpreter.cpp:263] Warning: Deallocating Tensor that still has live PyObject references.  This probably happened because you took out a weak reference to Tensor and didn't call _fix_weakref() after dereferencing it.  Subsequent accesses to this tensor via the PyObject will now fail. (function decref)
[W331 03:22:12.102334937 PyInterpreter.cpp:263] Warning: Deallocating Tensor that still has live PyObject references.  This probably happened because you took out a weak reference to Tensor and didn't call _fix_weakref() after dereferencing it.  Subsequent accesses to this tensor via the PyObject will now fail. (function decref)
[W331 03:22:12.102360717 PyInterpreter.cpp:263] Warning: Deallocating Tensor that still has live PyObject references.  This probably happened because you took out a weak reference to Tensor and didn't call _fix_weakref() after dereferencing it.  Subsequent accesses to this tensor via the PyObject will now fail. (function decref)
[W331 03:22:12.102370077 PyInterpreter.cpp:263] Warning: Deallocating Tensor that still has live PyObject references.  This probably happened because you took out a weak reference to Tensor and didn't call _fix_weakref() after dereferencing it.  Subsequent accesses to this tensor via the PyObject will now fail. (function decref)
[W331 03:22:12.102398947 PyInterpreter.cpp:263] Warning: Deallocating Tensor that still has live PyObject references.  This probably happened because you took out a weak reference to Tensor and didn't call _fix_weakref() after dereferencing it.  Subsequent accesses to this tensor via the PyObject will now fail. (function decref)
[W331 03:22:12.102410647 PyInterpreter.cpp:263] Warning: Deallocating Tensor that still has live PyObject references.  This probably happened because you took out a weak reference to Tensor and didn't call _fix_weakref() after dereferencing it.  Subsequent accesses to this tensor via the PyObject will now fail. (function decref)
[W331 03:22:15.126413612 PyInterpreter.cpp:263] Warning: Deallocating Tensor that still has live PyObject references.  This probably happened because you took out a weak reference to Tensor and didn't call _fix_weakref() after dereferencing it.  Subsequent accesses to this tensor via the PyObject will now fail. (function decref)
[W331 03:22:15.126574783 PyInterpreter.cpp:263] Warning: Deallocating Tensor that still has live PyObject references.  This probably happened because you took out a weak reference to Tensor and didn't call _fix_weakref() after dereferencing it.  Subsequent accesses to this tensor via the PyObject will now fail. (function decref)
[W331 03:22:15.126599983 PyInterpreter.cpp:263] Warning: Deallocating Tensor that still has live PyObject references.  This probably happened because you took out a weak reference to Tensor and didn't call _fix_weakref() after dereferencing it.  Subsequent accesses to this tensor via the PyObject will now fail. (function decref)
[W331 03:22:15.126612313 PyInterpreter.cpp:263] Warning: Deallocating Tensor that still has live PyObject references.  This probably happened because you took out a weak reference to Tensor and didn't call _fix_weakref() after dereferencing it.  Subsequent accesses to this tensor via the PyObject will now fail. (function decref)
[W331 03:22:15.126636203 PyInterpreter.cpp:263] Warning: Deallocating Tensor that still has live PyObject references.  This probably happened because you took out a weak reference to Tensor and didn't call _fix_weakref() after dereferencing it.  Subsequent accesses to this tensor via the PyObject will now fail. (function decref)
[W331 03:22:15.126646813 PyInterpreter.cpp:263] Warning: Deallocating Tensor that still has live PyObject references.  This probably happened because you took out a weak reference to Tensor and didn't call _fix_weakref() after dereferencing it.  Subsequent accesses to this tensor via the PyObject will now fail. (function decref)
[W331 03:22:15.126668583 PyInterpreter.cpp:263] Warning: Deallocating Tensor that still has live PyObject references.  This probably happened because you took out a weak reference to Tensor and didn't call _fix_weakref() after dereferencing it.  Subsequent accesses to this tensor via the PyObject will now fail. (function decref)
[W331 03:22:15.126682613 PyInterpreter.cpp:263] Warning: Deallocating Tensor that still has live PyObject references.  This probably happened because you took out a weak reference to Tensor and didn't call _fix_weakref() after dereferencing it.  Subsequent accesses to this tensor via the PyObject will now fail. (function decref)
[W331 03:22:15.126706353 PyInterpreter.cpp:263] Warning: Deallocating Tensor that still has live PyObject references.  This probably happened because you took out a weak reference to Tensor and didn't call _fix_weakref() after dereferencing it.  Subsequent accesses to this tensor via the PyObject will now fail. (function decref)
[W331 03:22:15.126716154 PyInterpreter.cpp:263] Warning: Deallocating Tensor that still has live PyObject references.  This probably happened because you took out a weak reference to Tensor and didn't call _fix_weakref() after dereferencing it.  Subsequent accesses to this tensor via the PyObject will now fail. (function decref)
[W331 03:22:15.126737584 PyInterpreter.cpp:263] Warning: Deallocating Tensor that still has live PyObject references.  This probably happened because you took out a weak reference to Tensor and didn't call _fix_weakref() after dereferencing it.  Subsequent accesses to this tensor via the PyObject will now fail. (function decref)
[W331 03:22:15.126748114 PyInterpreter.cpp:263] Warning: Deallocating Tensor that still has live PyObject references.  This probably happened because you took out a weak reference to Tensor and didn't call _fix_weakref() after dereferencing it.  Subsequent accesses to this tensor via the PyObject will now fail. (function decref)
[W331 03:22:15.126767324 PyInterpreter.cpp:263] Warning: Deallocating Tensor that still has live PyObject references.  This probably happened because you took out a weak reference to Tensor and didn't call _fix_weakref() after dereferencing it.  Subsequent accesses to this tensor via the PyObject will now fail. (function decref)
[W331 03:22:15.126781814 PyInterpreter.cpp:263] Warning: Deallocating Tensor that still has live PyObject references.  This probably happened because you took out a weak reference to Tensor and didn't call _fix_weakref() after dereferencing it.  Subsequent accesses to this tensor via the PyObject will now fail. (function decref)
[W331 03:22:15.126797314 PyInterpreter.cpp:263] Warning: Deallocating Tensor that still has live PyObject references.  This probably happened because you took out a weak reference to Tensor and didn't call _fix_weakref() after dereferencing it.  Subsequent accesses to this tensor via the PyObject will now fail. (function decref)
[W331 03:22:15.126807574 PyInterpreter.cpp:263] Warning: Deallocating Tensor that still has live PyObject references.  This probably happened because you took out a weak reference to Tensor and didn't call _fix_weakref() after dereferencing it.  Subsequent accesses to this tensor via the PyObject will now fail. (function decref)
[W331 03:22:17.318749665 PyInterpreter.cpp:263] Warning: Deallocating Tensor that still has live PyObject references.  This probably happened because you took out a weak reference to Tensor and didn't call _fix_weakref() after dereferencing it.  Subsequent accesses to this tensor via the PyObject will now fail. (function decref)
[W331 03:22:17.318864886 PyInterpreter.cpp:263] Warning: Deallocating Tensor that still has live PyObject references.  This probably happened because you took out a weak reference to Tensor and didn't call _fix_weakref() after dereferencing it.  Subsequent accesses to this tensor via the PyObject will now fail. (function decref)
[W331 03:22:17.318884596 PyInterpreter.cpp:263] Warning: Deallocating Tensor that still has live PyObject references.  This probably happened because you took out a weak reference to Tensor and didn't call _fix_weakref() after dereferencing it.  Subsequent accesses to this tensor via the PyObject will now fail. (function decref)
[W331 03:22:17.318897466 PyInterpreter.cpp:263] Warning: Deallocating Tensor that still has live PyObject references.  This probably happened because you took out a weak reference to Tensor and didn't call _fix_weakref() after dereferencing it.  Subsequent accesses to this tensor via the PyObject will now fail. (function decref)
[W331 03:22:17.318913846 PyInterpreter.cpp:263] Warning: Deallocating Tensor that still has live PyObject references.  This probably happened because you took out a weak reference to Tensor and didn't call _fix_weakref() after dereferencing it.  Subsequent accesses to this tensor via the PyObject will now fail. (function decref)
[W331 03:22:17.318924266 PyInterpreter.cpp:263] Warning: Deallocating Tensor that still has live PyObject references.  This probably happened because you took out a weak reference to Tensor and didn't call _fix_weakref() after dereferencing it.  Subsequent accesses to this tensor via the PyObject will now fail. (function decref)
[W331 03:22:17.318940456 PyInterpreter.cpp:263] Warning: Deallocating Tensor that still has live PyObject references.  This probably happened because you took out a weak reference to Tensor and didn't call _fix_weakref() after dereferencing it.  Subsequent accesses to this tensor via the PyObject will now fail. (function decref)
[W331 03:22:17.318950296 PyInterpreter.cpp:263] Warning: Deallocating Tensor that still has live PyObject references.  This probably happened because you took out a weak reference to Tensor and didn't call _fix_weakref() after dereferencing it.  Subsequent accesses to this tensor via the PyObject will now fail. (function decref)
[W331 03:22:17.318983017 PyInterpreter.cpp:263] Warning: Deallocating Tensor that still has live PyObject references.  This probably happened because you took out a weak reference to Tensor and didn't call _fix_weakref() after dereferencing it.  Subsequent accesses to this tensor via the PyObject will now fail. (function decref)
[W331 03:22:17.318993017 PyInterpreter.cpp:263] Warning: Deallocating Tensor that still has live PyObject references.  This probably happened because you took out a weak reference to Tensor and didn't call _fix_weakref() after dereferencing it.  Subsequent accesses to this tensor via the PyObject will now fail. (function decref)
[W331 03:22:17.319067657 PyInterpreter.cpp:263] Warning: Deallocating Tensor that still has live PyObject references.  This probably happened because you took out a weak reference to Tensor and didn't call _fix_weakref() after dereferencing it.  Subsequent accesses to this tensor via the PyObject will now fail. (function decref)
[W331 03:22:17.319080887 PyInterpreter.cpp:263] Warning: Deallocating Tensor that still has live PyObject references.  This probably happened because you took out a weak reference to Tensor and didn't call _fix_weakref() after dereferencing it.  Subsequent accesses to this tensor via the PyObject will now fail. (function decref)
[W331 03:22:17.319099227 PyInterpreter.cpp:263] Warning: Deallocating Tensor that still has live PyObject references.  This probably happened because you took out a weak reference to Tensor and didn't call _fix_weakref() after dereferencing it.  Subsequent accesses to this tensor via the PyObject will now fail. (function decref)
[W331 03:22:17.319109907 PyInterpreter.cpp:263] Warning: Deallocating Tensor that still has live PyObject references.  This probably happened because you took out a weak reference to Tensor and didn't call _fix_weakref() after dereferencing it.  Subsequent accesses to this tensor via the PyObject will now fail. (function decref)
[W331 03:22:17.319134538 PyInterpreter.cpp:263] Warning: Deallocating Tensor that still has live PyObject references.  This probably happened because you took out a weak reference to Tensor and didn't call _fix_weakref() after dereferencing it.  Subsequent accesses to this tensor via the PyObject will now fail. (function decref)
[W331 03:22:17.319147208 PyInterpreter.cpp:263] Warning: Deallocating Tensor that still has live PyObject references.  This probably happened because you took out a weak reference to Tensor and didn't call _fix_weakref() after dereferencing it.  Subsequent accesses to this tensor via the PyObject will now fail. (function decref)
[W331 03:22:19.397088060 PyInterpreter.cpp:263] Warning: Deallocating Tensor that still has live PyObject references.  This probably happened because you took out a weak reference to Tensor and didn't call _fix_weakref() after dereferencing it.  Subsequent accesses to this tensor via the PyObject will now fail. (function decref)
[W331 03:22:19.397231061 PyInterpreter.cpp:263] Warning: Deallocating Tensor that still has live PyObject references.  This probably happened because you took out a weak reference to Tensor and didn't call _fix_weakref() after dereferencing it.  Subsequent accesses to this tensor via the PyObject will now fail. (function decref)
[W331 03:22:19.397245481 PyInterpreter.cpp:263] Warning: Deallocating Tensor that still has live PyObject references.  This probably happened because you took out a weak reference to Tensor and didn't call _fix_weakref() after dereferencing it.  Subsequent accesses to this tensor via the PyObject will now fail. (function decref)
[W331 03:22:19.397263931 PyInterpreter.cpp:263] Warning: Deallocating Tensor that still has live PyObject references.  This probably happened because you took out a weak reference to Tensor and didn't call _fix_weakref() after dereferencing it.  Subsequent accesses to this tensor via the PyObject will now fail. (function decref)
[W331 03:22:19.397274991 PyInterpreter.cpp:263] Warning: Deallocating Tensor that still has live PyObject references.  This probably happened because you took out a weak reference to Tensor and didn't call _fix_weakref() after dereferencing it.  Subsequent accesses to this tensor via the PyObject will now fail. (function decref)
[W331 03:22:19.397293771 PyInterpreter.cpp:263] Warning: Deallocating Tensor that still has live PyObject references.  This probably happened because you took out a weak reference to Tensor and didn't call _fix_weakref() after dereferencing it.  Subsequent accesses to this tensor via the PyObject will now fail. (function decref)
[W331 03:22:19.397331802 PyInterpreter.cpp:263] Warning: Deallocating Tensor that still has live PyObject references.  This probably happened because you took out a weak reference to Tensor and didn't call _fix_weakref() after dereferencing it.  Subsequent accesses to this tensor via the PyObject will now fail. (function decref)
[W331 03:22:19.397347482 PyInterpreter.cpp:263] Warning: Deallocating Tensor that still has live PyObject references.  This probably happened because you took out a weak reference to Tensor and didn't call _fix_weakref() after dereferencing it.  Subsequent accesses to this tensor via the PyObject will now fail. (function decref)
[W331 03:22:19.397356782 PyInterpreter.cpp:263] Warning: Deallocating Tensor that still has live PyObject references.  This probably happened because you took out a weak reference to Tensor and didn't call _fix_weakref() after dereferencing it.  Subsequent accesses to this tensor via the PyObject will now fail. (function decref)
[W331 03:22:19.397388952 PyInterpreter.cpp:263] Warning: Deallocating Tensor that still has live PyObject references.  This probably happened because you took out a weak reference to Tensor and didn't call _fix_weakref() after dereferencing it.  Subsequent accesses to this tensor via the PyObject will now fail. (function decref)
[W331 03:22:19.397399332 PyInterpreter.cpp:263] Warning: Deallocating Tensor that still has live PyObject references.  This probably happened because you took out a weak reference to Tensor and didn't call _fix_weakref() after dereferencing it.  Subsequent accesses to this tensor via the PyObject will now fail. (function decref)
[W331 03:22:19.397418232 PyInterpreter.cpp:263] Warning: Deallocating Tensor that still has live PyObject references.  This probably happened because you took out a weak reference to Tensor and didn't call _fix_weakref() after dereferencing it.  Subsequent accesses to this tensor via the PyObject will now fail. (function decref)
[W331 03:22:19.397428192 PyInterpreter.cpp:263] Warning: Deallocating Tensor that still has live PyObject references.  This probably happened because you took out a weak reference to Tensor and didn't call _fix_weakref() after dereferencing it.  Subsequent accesses to this tensor via the PyObject will now fail. (function decref)
[W331 03:22:19.397447772 PyInterpreter.cpp:263] Warning: Deallocating Tensor that still has live PyObject references.  This probably happened because you took out a weak reference to Tensor and didn't call _fix_weakref() after dereferencing it.  Subsequent accesses to this tensor via the PyObject will now fail. (function decref)
[W331 03:22:19.397457342 PyInterpreter.cpp:263] Warning: Deallocating Tensor that still has live PyObject references.  This probably happened because you took out a weak reference to Tensor and didn't call _fix_weakref() after dereferencing it.  Subsequent accesses to this tensor via the PyObject will now fail. (function decref)
[W331 03:22:19.397478322 PyInterpreter.cpp:263] Warning: Deallocating Tensor that still has live PyObject references.  This probably happened because you took out a weak reference to Tensor and didn't call _fix_weakref() after dereferencing it.  Subsequent accesses to this tensor via the PyObject will now fail. (function decref)
[W331 03:22:22.707823927 PyInterpreter.cpp:263] Warning: Deallocating Tensor that still has live PyObject references.  This probably happened because you took out a weak reference to Tensor and didn't call _fix_weakref() after dereferencing it.  Subsequent accesses to this tensor via the PyObject will now fail. (function decref)
[W331 03:22:22.707938988 PyInterpreter.cpp:263] Warning: Deallocating Tensor that still has live PyObject references.  This probably happened because you took out a weak reference to Tensor and didn't call _fix_weakref() after dereferencing it.  Subsequent accesses to this tensor via the PyObject will now fail. (function decref)
[W331 03:22:22.708016618 PyInterpreter.cpp:263] Warning: Deallocating Tensor that still has live PyObject references.  This probably happened because you took out a weak reference to Tensor and didn't call _fix_weakref() after dereferencing it.  Subsequent accesses to this tensor via the PyObject will now fail. (function decref)
[W331 03:22:22.708031728 PyInterpreter.cpp:263] Warning: Deallocating Tensor that still has live PyObject references.  This probably happened because you took out a weak reference to Tensor and didn't call _fix_weakref() after dereferencing it.  Subsequent accesses to this tensor via the PyObject will now fail. (function decref)
[W331 03:22:22.708048468 PyInterpreter.cpp:263] Warning: Deallocating Tensor that still has live PyObject references.  This probably happened because you took out a weak reference to Tensor and didn't call _fix_weakref() after dereferencing it.  Subsequent accesses to this tensor via the PyObject will now fail. (function decref)
[W331 03:22:22.708057959 PyInterpreter.cpp:263] Warning: Deallocating Tensor that still has live PyObject references.  This probably happened because you took out a weak reference to Tensor and didn't call _fix_weakref() after dereferencing it.  Subsequent accesses to this tensor via the PyObject will now fail. (function decref)
[W331 03:22:22.708072989 PyInterpreter.cpp:263] Warning: Deallocating Tensor that still has live PyObject references.  This probably happened because you took out a weak reference to Tensor and didn't call _fix_weakref() after dereferencing it.  Subsequent accesses to this tensor via the PyObject will now fail. (function decref)
[W331 03:22:22.708081789 PyInterpreter.cpp:263] Warning: Deallocating Tensor that still has live PyObject references.  This probably happened because you took out a weak reference to Tensor and didn't call _fix_weakref() after dereferencing it.  Subsequent accesses to this tensor via the PyObject will now fail. (function decref)
[W331 03:22:22.708097719 PyInterpreter.cpp:263] Warning: Deallocating Tensor that still has live PyObject references.  This probably happened because you took out a weak reference to Tensor and didn't call _fix_weakref() after dereferencing it.  Subsequent accesses to this tensor via the PyObject will now fail. (function decref)
[W331 03:22:22.708108969 PyInterpreter.cpp:263] Warning: Deallocating Tensor that still has live PyObject references.  This probably happened because you took out a weak reference to Tensor and didn't call _fix_weakref() after dereferencing it.  Subsequent accesses to this tensor via the PyObject will now fail. (function decref)
[W331 03:22:22.708135459 PyInterpreter.cpp:263] Warning: Deallocating Tensor that still has live PyObject references.  This probably happened because you took out a weak reference to Tensor and didn't call _fix_weakref() after dereferencing it.  Subsequent accesses to this tensor via the PyObject will now fail. (function decref)
[W331 03:22:22.708146139 PyInterpreter.cpp:263] Warning: Deallocating Tensor that still has live PyObject references.  This probably happened because you took out a weak reference to Tensor and didn't call _fix_weakref() after dereferencing it.  Subsequent accesses to this tensor via the PyObject will now fail. (function decref)
[W331 03:22:22.708169139 PyInterpreter.cpp:263] Warning: Deallocating Tensor that still has live PyObject references.  This probably happened because you took out a weak reference to Tensor and didn't call _fix_weakref() after dereferencing it.  Subsequent accesses to this tensor via the PyObject will now fail. (function decref)
[W331 03:22:22.708179559 PyInterpreter.cpp:263] Warning: Deallocating Tensor that still has live PyObject references.  This probably happened because you took out a weak reference to Tensor and didn't call _fix_weakref() after dereferencing it.  Subsequent accesses to this tensor via the PyObject will now fail. (function decref)
[W331 03:22:22.708197619 PyInterpreter.cpp:263] Warning: Deallocating Tensor that still has live PyObject references.  This probably happened because you took out a weak reference to Tensor and didn't call _fix_weakref() after dereferencing it.  Subsequent accesses to this tensor via the PyObject will now fail. (function decref)
[W331 03:22:22.708210729 PyInterpreter.cpp:263] Warning: Deallocating Tensor that still has live PyObject references.  This probably happened because you took out a weak reference to Tensor and didn't call _fix_weakref() after dereferencing it.  Subsequent accesses to this tensor via the PyObject will now fail. (function decref)
  Layer 22 done in 15.6s (BF16 skip)

======================================================================
[LAYER 23/31] type=lightning-attn  -> INT4 (quantize)
======================================================================
  Linears to quantize: ['mlp.down_proj', 'mlp.gate_proj', 'mlp.up_proj', 'self_attn.k_proj', 'self_attn.o_proj', 'self_attn.q_proj', 'self_attn.v_proj', 'self_attn.z_proj']
  Collecting Hessians (96 samples)...
  Applying SmoothQuant channel equalization (alpha=0.5)...
  Smoothed [input_layernorm] -> ['self_attn.k_proj', 'self_attn.q_proj', 'self_attn.v_proj', 'self_attn.z_proj'] | s: min=0.1801 max=2.7232 std=0.1036
  Smoothed [o_norm] -> [o_proj] | s: min=0.4624 max=2.4284 std=0.1497
  Smoothed [post_attn_layernorm] -> ['mlp.gate_proj', 'mlp.up_proj'] | s: min=0.2162 max=2.1916 std=0.0982
  Smoothed [up_proj] -> [down_proj] | s: min=0.3690 max=3.1611 std=0.1652
  Running GPTQ quantization (bits=4, group_size=128)...
    mlp.down_proj MSE=1.181436e-05 RelErr=0.1401
    mlp.down_proj [4096x16384] W4 quantized in 3.7s
    mlp.gate_proj MSE=1.096703e-05 RelErr=0.1398
    mlp.gate_proj [16384x4096] W4 quantized in 0.9s
    mlp.up_proj MSE=1.249537e-05 RelErr=0.1358
    mlp.up_proj [16384x4096] W4 quantized in 0.9s
    self_attn.k_proj MSE=1.876011e-05 RelErr=0.1673
    self_attn.k_proj [4096x4096] W4 quantized in 0.9s
    self_attn.o_proj MSE=1.044494e-05 RelErr=0.1343
    self_attn.o_proj [4096x4096] W4 quantized in 0.9s
    self_attn.q_proj MSE=1.342578e-05 RelErr=0.1496
    self_attn.q_proj [4096x4096] W4 quantized in 0.9s
    self_attn.v_proj MSE=1.189127e-05 RelErr=0.1404
    self_attn.v_proj [4096x4096] W4 quantized in 0.9s
    self_attn.z_proj MSE=1.019448e-05 RelErr=0.1400
    self_attn.z_proj [4096x4096] W4 quantized in 0.9s
  Updating hidden states for next layer...
  Layer 23 done in 91.7s (INT4)

======================================================================
[LAYER 24/31] type=lightning-attn  -> INT4 (quantize)
======================================================================
  Linears to quantize: ['mlp.down_proj', 'mlp.gate_proj', 'mlp.up_proj', 'self_attn.k_proj', 'self_attn.o_proj', 'self_attn.q_proj', 'self_attn.v_proj', 'self_attn.z_proj']
  Collecting Hessians (96 samples)...
  Applying SmoothQuant channel equalization (alpha=0.5)...
  Smoothed [input_layernorm] -> ['self_attn.k_proj', 'self_attn.q_proj', 'self_attn.v_proj', 'self_attn.z_proj'] | s: min=0.4135 max=2.9861 std=0.1163
  Smoothed [o_norm] -> [o_proj] | s: min=0.4564 max=2.0084 std=0.1651
  Smoothed [post_attn_layernorm] -> ['mlp.gate_proj', 'mlp.up_proj'] | s: min=0.0835 max=2.2805 std=0.0925
  Smoothed [up_proj] -> [down_proj] | s: min=0.3127 max=3.0924 std=0.1753
  Running GPTQ quantization (bits=4, group_size=128)...
    mlp.down_proj MSE=1.271588e-05 RelErr=0.1443
    mlp.down_proj [4096x16384] W4 quantized in 3.7s
    mlp.gate_proj MSE=1.118345e-05 RelErr=0.1418
    mlp.gate_proj [16384x4096] W4 quantized in 0.9s
    mlp.up_proj MSE=1.282442e-05 RelErr=0.1365
    mlp.up_proj [16384x4096] W4 quantized in 0.9s
    self_attn.k_proj MSE=1.908012e-05 RelErr=0.1690
    self_attn.k_proj [4096x4096] W4 quantized in 0.9s
    self_attn.o_proj MSE=1.055816e-05 RelErr=0.1342
    self_attn.o_proj [4096x4096] W4 quantized in 0.9s
    self_attn.q_proj MSE=1.354995e-05 RelErr=0.1505
    self_attn.q_proj [4096x4096] W4 quantized in 0.9s
    self_attn.v_proj MSE=1.239494e-05 RelErr=0.1432
    self_attn.v_proj [4096x4096] W4 quantized in 0.9s
    self_attn.z_proj MSE=1.042589e-05 RelErr=0.1413
    self_attn.z_proj [4096x4096] W4 quantized in 0.9s
  Updating hidden states for next layer...
  Layer 24 done in 91.6s (INT4)

======================================================================
[LAYER 25/31] type=lightning-attn  -> INT4 (quantize)
======================================================================
  Linears to quantize: ['mlp.down_proj', 'mlp.gate_proj', 'mlp.up_proj', 'self_attn.k_proj', 'self_attn.o_proj', 'self_attn.q_proj', 'self_attn.v_proj', 'self_attn.z_proj']
  Collecting Hessians (96 samples)...
  Applying SmoothQuant channel equalization (alpha=0.5)...
  Smoothed [input_layernorm] -> ['self_attn.k_proj', 'self_attn.q_proj', 'self_attn.v_proj', 'self_attn.z_proj'] | s: min=0.1599 max=3.6601 std=0.1200
  Smoothed [o_norm] -> [o_proj] | s: min=0.3898 max=2.6529 std=0.1567
  Smoothed [post_attn_layernorm] -> ['mlp.gate_proj', 'mlp.up_proj'] | s: min=0.1764 max=2.7370 std=0.1070
  Smoothed [up_proj] -> [down_proj] | s: min=0.3138 max=3.5167 std=0.2113
  Running GPTQ quantization (bits=4, group_size=128)...
    mlp.down_proj MSE=1.528680e-05 RelErr=0.1550
    mlp.down_proj [4096x16384] W4 quantized in 3.7s
    mlp.gate_proj MSE=1.207315e-05 RelErr=0.1474
    mlp.gate_proj [16384x4096] W4 quantized in 0.9s
    mlp.up_proj MSE=1.417435e-05 RelErr=0.1395
    mlp.up_proj [16384x4096] W4 quantized in 0.9s
    self_attn.k_proj MSE=1.975440e-05 RelErr=0.1743
    self_attn.k_proj [4096x4096] W4 quantized in 0.9s
    self_attn.o_proj MSE=1.121319e-05 RelErr=0.1372
    self_attn.o_proj [4096x4096] W4 quantized in 0.9s
    self_attn.q_proj MSE=1.438002e-05 RelErr=0.1544
    self_attn.q_proj [4096x4096] W4 quantized in 0.9s
    self_attn.v_proj MSE=1.263654e-05 RelErr=0.1434
    self_attn.v_proj [4096x4096] W4 quantized in 0.9s
    self_attn.z_proj MSE=1.070943e-05 RelErr=0.1422
    self_attn.z_proj [4096x4096] W4 quantized in 0.9s
  Updating hidden states for next layer...
  Layer 25 done in 91.3s (INT4)

======================================================================
[LAYER 26/31] type=lightning-attn  -> INT4 (quantize)
======================================================================
  Linears to quantize: ['mlp.down_proj', 'mlp.gate_proj', 'mlp.up_proj', 'self_attn.k_proj', 'self_attn.o_proj', 'self_attn.q_proj', 'self_attn.v_proj', 'self_attn.z_proj']
  Collecting Hessians (96 samples)...
  Applying SmoothQuant channel equalization (alpha=0.5)...
  Smoothed [input_layernorm] -> ['self_attn.k_proj', 'self_attn.q_proj', 'self_attn.v_proj', 'self_attn.z_proj'] | s: min=0.2209 max=2.7130 std=0.1625
  Smoothed [o_norm] -> [o_proj] | s: min=0.3103 max=2.0642 std=0.1944
  Smoothed [post_attn_layernorm] -> ['mlp.gate_proj', 'mlp.up_proj'] | s: min=0.2600 max=2.3609 std=0.1085
  Smoothed [up_proj] -> [down_proj] | s: min=0.3386 max=3.6429 std=0.2034
  Running GPTQ quantization (bits=4, group_size=128)...
    mlp.down_proj MSE=1.414911e-05 RelErr=0.1477
    mlp.down_proj [4096x16384] W4 quantized in 3.7s
    mlp.gate_proj MSE=1.167653e-05 RelErr=0.1440
    mlp.gate_proj [16384x4096] W4 quantized in 0.9s
    mlp.up_proj MSE=1.369483e-05 RelErr=0.1378
    mlp.up_proj [16384x4096] W4 quantized in 0.9s
    self_attn.k_proj MSE=2.720871e-05 RelErr=0.1912
    self_attn.k_proj [4096x4096] W4 quantized in 0.9s
    self_attn.o_proj MSE=1.098593e-05 RelErr=0.1327
    self_attn.o_proj [4096x4096] W4 quantized in 0.9s
    self_attn.q_proj MSE=1.577979e-05 RelErr=0.1586
    self_attn.q_proj [4096x4096] W4 quantized in 0.9s
    self_attn.v_proj MSE=2.128054e-05 RelErr=0.1865
    self_attn.v_proj [4096x4096] W4 quantized in 0.9s
    self_attn.z_proj MSE=1.177628e-05 RelErr=0.1451
    self_attn.z_proj [4096x4096] W4 quantized in 0.9s
  Updating hidden states for next layer...
  Layer 26 done in 91.5s (INT4)

======================================================================
[LAYER 27/31] type=lightning-attn  -> INT4 (quantize)
======================================================================
  Linears to quantize: ['mlp.down_proj', 'mlp.gate_proj', 'mlp.up_proj', 'self_attn.k_proj', 'self_attn.o_proj', 'self_attn.q_proj', 'self_attn.v_proj', 'self_attn.z_proj']
  Collecting Hessians (96 samples)...
  Applying SmoothQuant channel equalization (alpha=0.5)...
  Smoothed [input_layernorm] -> ['self_attn.k_proj', 'self_attn.q_proj', 'self_attn.v_proj', 'self_attn.z_proj'] | s: min=0.1847 max=3.1635 std=0.1126
  Smoothed [o_norm] -> [o_proj] | s: min=0.2607 max=2.5028 std=0.1975
  Smoothed [post_attn_layernorm] -> ['mlp.gate_proj', 'mlp.up_proj'] | s: min=0.0861 max=2.5086 std=0.1082
  Smoothed [up_proj] -> [down_proj] | s: min=0.3999 max=2.7704 std=0.1930
  Running GPTQ quantization (bits=4, group_size=128)...
    mlp.down_proj MSE=1.387741e-05 RelErr=0.1456
    mlp.down_proj [4096x16384] W4 quantized in 3.7s
    mlp.gate_proj MSE=1.148566e-05 RelErr=0.1434
    mlp.gate_proj [16384x4096] W4 quantized in 0.9s
    mlp.up_proj MSE=1.374229e-05 RelErr=0.1377
    mlp.up_proj [16384x4096] W4 quantized in 0.9s
    self_attn.k_proj MSE=1.671465e-05 RelErr=0.1660
    self_attn.k_proj [4096x4096] W4 quantized in 0.9s
    self_attn.o_proj MSE=1.181819e-05 RelErr=0.1399
    self_attn.o_proj [4096x4096] W4 quantized in 0.9s
    self_attn.q_proj MSE=1.461692e-05 RelErr=0.1574
    self_attn.q_proj [4096x4096] W4 quantized in 0.9s
    self_attn.v_proj MSE=1.263720e-05 RelErr=0.1440
    self_attn.v_proj [4096x4096] W4 quantized in 0.9s
    self_attn.z_proj MSE=1.105843e-05 RelErr=0.1426
    self_attn.z_proj [4096x4096] W4 quantized in 0.9s
  Updating hidden states for next layer...
  Layer 27 done in 91.0s (INT4)

======================================================================
[LAYER 28/31] type=lightning-attn  -> INT4 (quantize)
======================================================================
  Linears to quantize: ['mlp.down_proj', 'mlp.gate_proj', 'mlp.up_proj', 'self_attn.k_proj', 'self_attn.o_proj', 'self_attn.q_proj', 'self_attn.v_proj', 'self_attn.z_proj']
  Collecting Hessians (96 samples)...
  Applying SmoothQuant channel equalization (alpha=0.5)...
  Smoothed [input_layernorm] -> ['self_attn.k_proj', 'self_attn.q_proj', 'self_attn.v_proj', 'self_attn.z_proj'] | s: min=0.5988 max=3.0612 std=0.1554
  Smoothed [o_norm] -> [o_proj] | s: min=0.1367 max=3.0030 std=0.1959
  Smoothed [post_attn_layernorm] -> ['mlp.gate_proj', 'mlp.up_proj'] | s: min=0.0321 max=2.3330 std=0.1118
  Smoothed [up_proj] -> [down_proj] | s: min=0.3160 max=2.7961 std=0.1839
  Running GPTQ quantization (bits=4, group_size=128)...
    mlp.down_proj MSE=1.357598e-05 RelErr=0.1430
    mlp.down_proj [4096x16384] W4 quantized in 3.7s
    mlp.gate_proj MSE=1.127830e-05 RelErr=0.1425
    mlp.gate_proj [16384x4096] W4 quantized in 0.9s
    mlp.up_proj MSE=1.390913e-05 RelErr=0.1379
    mlp.up_proj [16384x4096] W4 quantized in 0.9s
    self_attn.k_proj MSE=2.761459e-05 RelErr=0.1994
    self_attn.k_proj [4096x4096] W4 quantized in 0.9s
    self_attn.o_proj MSE=1.244254e-05 RelErr=0.1445
    self_attn.o_proj [4096x4096] W4 quantized in 0.9s
    self_attn.q_proj MSE=1.625866e-05 RelErr=0.1621
    self_attn.q_proj [4096x4096] W4 quantized in 0.9s
    self_attn.v_proj MSE=1.843935e-05 RelErr=0.1781
    self_attn.v_proj [4096x4096] W4 quantized in 0.9s
    self_attn.z_proj MSE=1.219553e-05 RelErr=0.1471
    self_attn.z_proj [4096x4096] W4 quantized in 0.9s
  Updating hidden states for next layer...
  Layer 28 done in 90.6s (INT4)

======================================================================
[LAYER 29/31] type=minicpm4  -> BF16 (skip)
======================================================================
  MiniCPM4 layer -> keeping all weights in BF16
  Updating hidden states for next layer...
[W331 03:31:33.945093310 PyInterpreter.cpp:263] Warning: Deallocating Tensor that still has live PyObject references.  This probably happened because you took out a weak reference to Tensor and didn't call _fix_weakref() after dereferencing it.  Subsequent accesses to this tensor via the PyObject will now fail. (function decref)
[W331 03:31:33.945232711 PyInterpreter.cpp:263] Warning: Deallocating Tensor that still has live PyObject references.  This probably happened because you took out a weak reference to Tensor and didn't call _fix_weakref() after dereferencing it.  Subsequent accesses to this tensor via the PyObject will now fail. (function decref)
[W331 03:31:33.945289431 PyInterpreter.cpp:263] Warning: Deallocating Tensor that still has live PyObject references.  This probably happened because you took out a weak reference to Tensor and didn't call _fix_weakref() after dereferencing it.  Subsequent accesses to this tensor via the PyObject will now fail. (function decref)
[W331 03:31:33.945300752 PyInterpreter.cpp:263] Warning: Deallocating Tensor that still has live PyObject references.  This probably happened because you took out a weak reference to Tensor and didn't call _fix_weakref() after dereferencing it.  Subsequent accesses to this tensor via the PyObject will now fail. (function decref)
[W331 03:31:33.945320162 PyInterpreter.cpp:263] Warning: Deallocating Tensor that still has live PyObject references.  This probably happened because you took out a weak reference to Tensor and didn't call _fix_weakref() after dereferencing it.  Subsequent accesses to this tensor via the PyObject will now fail. (function decref)
[W331 03:31:33.945330802 PyInterpreter.cpp:263] Warning: Deallocating Tensor that still has live PyObject references.  This probably happened because you took out a weak reference to Tensor and didn't call _fix_weakref() after dereferencing it.  Subsequent accesses to this tensor via the PyObject will now fail. (function decref)
[W331 03:31:33.945364322 PyInterpreter.cpp:263] Warning: Deallocating Tensor that still has live PyObject references.  This probably happened because you took out a weak reference to Tensor and didn't call _fix_weakref() after dereferencing it.  Subsequent accesses to this tensor via the PyObject will now fail. (function decref)
[W331 03:31:33.945375202 PyInterpreter.cpp:263] Warning: Deallocating Tensor that still has live PyObject references.  This probably happened because you took out a weak reference to Tensor and didn't call _fix_weakref() after dereferencing it.  Subsequent accesses to this tensor via the PyObject will now fail. (function decref)
[W331 03:31:33.945391832 PyInterpreter.cpp:263] Warning: Deallocating Tensor that still has live PyObject references.  This probably happened because you took out a weak reference to Tensor and didn't call _fix_weakref() after dereferencing it.  Subsequent accesses to this tensor via the PyObject will now fail. (function decref)
[W331 03:31:33.945401462 PyInterpreter.cpp:263] Warning: Deallocating Tensor that still has live PyObject references.  This probably happened because you took out a weak reference to Tensor and didn't call _fix_weakref() after dereferencing it.  Subsequent accesses to this tensor via the PyObject will now fail. (function decref)
[W331 03:31:33.945424522 PyInterpreter.cpp:263] Warning: Deallocating Tensor that still has live PyObject references.  This probably happened because you took out a weak reference to Tensor and didn't call _fix_weakref() after dereferencing it.  Subsequent accesses to this tensor via the PyObject will now fail. (function decref)
[W331 03:31:33.945434122 PyInterpreter.cpp:263] Warning: Deallocating Tensor that still has live PyObject references.  This probably happened because you took out a weak reference to Tensor and didn't call _fix_weakref() after dereferencing it.  Subsequent accesses to this tensor via the PyObject will now fail. (function decref)
[W331 03:31:33.945447732 PyInterpreter.cpp:263] Warning: Deallocating Tensor that still has live PyObject references.  This probably happened because you took out a weak reference to Tensor and didn't call _fix_weakref() after dereferencing it.  Subsequent accesses to this tensor via the PyObject will now fail. (function decref)
[W331 03:31:33.945457043 PyInterpreter.cpp:263] Warning: Deallocating Tensor that still has live PyObject references.  This probably happened because you took out a weak reference to Tensor and didn't call _fix_weakref() after dereferencing it.  Subsequent accesses to this tensor via the PyObject will now fail. (function decref)
[W331 03:31:33.945481303 PyInterpreter.cpp:263] Warning: Deallocating Tensor that still has live PyObject references.  This probably happened because you took out a weak reference to Tensor and didn't call _fix_weakref() after dereferencing it.  Subsequent accesses to this tensor via the PyObject will now fail. (function decref)
[W331 03:31:33.945492923 PyInterpreter.cpp:263] Warning: Deallocating Tensor that still has live PyObject references.  This probably happened because you took out a weak reference to Tensor and didn't call _fix_weakref() after dereferencing it.  Subsequent accesses to this tensor via the PyObject will now fail. (function decref)
[W331 03:31:35.324513894 PyInterpreter.cpp:263] Warning: Deallocating Tensor that still has live PyObject references.  This probably happened because you took out a weak reference to Tensor and didn't call _fix_weakref() after dereferencing it.  Subsequent accesses to this tensor via the PyObject will now fail. (function decref)
[W331 03:31:35.324659185 PyInterpreter.cpp:263] Warning: Deallocating Tensor that still has live PyObject references.  This probably happened because you took out a weak reference to Tensor and didn't call _fix_weakref() after dereferencing it.  Subsequent accesses to this tensor via the PyObject will now fail. (function decref)
[W331 03:31:35.324677505 PyInterpreter.cpp:263] Warning: Deallocating Tensor that still has live PyObject references.  This probably happened because you took out a weak reference to Tensor and didn't call _fix_weakref() after dereferencing it.  Subsequent accesses to this tensor via the PyObject will now fail. (function decref)
[W331 03:31:35.324688555 PyInterpreter.cpp:263] Warning: Deallocating Tensor that still has live PyObject references.  This probably happened because you took out a weak reference to Tensor and didn't call _fix_weakref() after dereferencing it.  Subsequent accesses to this tensor via the PyObject will now fail. (function decref)
[W331 03:31:35.324707165 PyInterpreter.cpp:263] Warning: Deallocating Tensor that still has live PyObject references.  This probably happened because you took out a weak reference to Tensor and didn't call _fix_weakref() after dereferencing it.  Subsequent accesses to this tensor via the PyObject will now fail. (function decref)
[W331 03:31:35.324725345 PyInterpreter.cpp:263] Warning: Deallocating Tensor that still has live PyObject references.  This probably happened because you took out a weak reference to Tensor and didn't call _fix_weakref() after dereferencing it.  Subsequent accesses to this tensor via the PyObject will now fail. (function decref)
[W331 03:31:35.324748045 PyInterpreter.cpp:263] Warning: Deallocating Tensor that still has live PyObject references.  This probably happened because you took out a weak reference to Tensor and didn't call _fix_weakref() after dereferencing it.  Subsequent accesses to this tensor via the PyObject will now fail. (function decref)
[W331 03:31:35.324764615 PyInterpreter.cpp:263] Warning: Deallocating Tensor that still has live PyObject references.  This probably happened because you took out a weak reference to Tensor and didn't call _fix_weakref() after dereferencing it.  Subsequent accesses to this tensor via the PyObject will now fail. (function decref)
[W331 03:31:35.324783236 PyInterpreter.cpp:263] Warning: Deallocating Tensor that still has live PyObject references.  This probably happened because you took out a weak reference to Tensor and didn't call _fix_weakref() after dereferencing it.  Subsequent accesses to this tensor via the PyObject will now fail. (function decref)
[W331 03:31:35.324795626 PyInterpreter.cpp:263] Warning: Deallocating Tensor that still has live PyObject references.  This probably happened because you took out a weak reference to Tensor and didn't call _fix_weakref() after dereferencing it.  Subsequent accesses to this tensor via the PyObject will now fail. (function decref)
[W331 03:31:35.324858026 PyInterpreter.cpp:263] Warning: Deallocating Tensor that still has live PyObject references.  This probably happened because you took out a weak reference to Tensor and didn't call _fix_weakref() after dereferencing it.  Subsequent accesses to this tensor via the PyObject will now fail. (function decref)
[W331 03:31:35.324869546 PyInterpreter.cpp:263] Warning: Deallocating Tensor that still has live PyObject references.  This probably happened because you took out a weak reference to Tensor and didn't call _fix_weakref() after dereferencing it.  Subsequent accesses to this tensor via the PyObject will now fail. (function decref)
[W331 03:31:35.324893146 PyInterpreter.cpp:263] Warning: Deallocating Tensor that still has live PyObject references.  This probably happened because you took out a weak reference to Tensor and didn't call _fix_weakref() after dereferencing it.  Subsequent accesses to this tensor via the PyObject will now fail. (function decref)
[W331 03:31:35.324902706 PyInterpreter.cpp:263] Warning: Deallocating Tensor that still has live PyObject references.  This probably happened because you took out a weak reference to Tensor and didn't call _fix_weakref() after dereferencing it.  Subsequent accesses to this tensor via the PyObject will now fail. (function decref)
[W331 03:31:35.324927416 PyInterpreter.cpp:263] Warning: Deallocating Tensor that still has live PyObject references.  This probably happened because you took out a weak reference to Tensor and didn't call _fix_weakref() after dereferencing it.  Subsequent accesses to this tensor via the PyObject will now fail. (function decref)
[W331 03:31:35.324938047 PyInterpreter.cpp:263] Warning: Deallocating Tensor that still has live PyObject references.  This probably happened because you took out a weak reference to Tensor and didn't call _fix_weakref() after dereferencing it.  Subsequent accesses to this tensor via the PyObject will now fail. (function decref)
[W331 03:31:38.331536730 PyInterpreter.cpp:263] Warning: Deallocating Tensor that still has live PyObject references.  This probably happened because you took out a weak reference to Tensor and didn't call _fix_weakref() after dereferencing it.  Subsequent accesses to this tensor via the PyObject will now fail. (function decref)
[W331 03:31:38.331665850 PyInterpreter.cpp:263] Warning: Deallocating Tensor that still has live PyObject references.  This probably happened because you took out a weak reference to Tensor and didn't call _fix_weakref() after dereferencing it.  Subsequent accesses to this tensor via the PyObject will now fail. (function decref)
[W331 03:31:38.331691261 PyInterpreter.cpp:263] Warning: Deallocating Tensor that still has live PyObject references.  This probably happened because you took out a weak reference to Tensor and didn't call _fix_weakref() after dereferencing it.  Subsequent accesses to this tensor via the PyObject will now fail. (function decref)
[W331 03:31:38.331704971 PyInterpreter.cpp:263] Warning: Deallocating Tensor that still has live PyObject references.  This probably happened because you took out a weak reference to Tensor and didn't call _fix_weakref() after dereferencing it.  Subsequent accesses to this tensor via the PyObject will now fail. (function decref)
[W331 03:31:38.331731841 PyInterpreter.cpp:263] Warning: Deallocating Tensor that still has live PyObject references.  This probably happened because you took out a weak reference to Tensor and didn't call _fix_weakref() after dereferencing it.  Subsequent accesses to this tensor via the PyObject will now fail. (function decref)
[W331 03:31:38.331741481 PyInterpreter.cpp:263] Warning: Deallocating Tensor that still has live PyObject references.  This probably happened because you took out a weak reference to Tensor and didn't call _fix_weakref() after dereferencing it.  Subsequent accesses to this tensor via the PyObject will now fail. (function decref)
[W331 03:31:38.331762941 PyInterpreter.cpp:263] Warning: Deallocating Tensor that still has live PyObject references.  This probably happened because you took out a weak reference to Tensor and didn't call _fix_weakref() after dereferencing it.  Subsequent accesses to this tensor via the PyObject will now fail. (function decref)
[W331 03:31:38.331815061 PyInterpreter.cpp:263] Warning: Deallocating Tensor that still has live PyObject references.  This probably happened because you took out a weak reference to Tensor and didn't call _fix_weakref() after dereferencing it.  Subsequent accesses to this tensor via the PyObject will now fail. (function decref)
[W331 03:31:38.331842332 PyInterpreter.cpp:263] Warning: Deallocating Tensor that still has live PyObject references.  This probably happened because you took out a weak reference to Tensor and didn't call _fix_weakref() after dereferencing it.  Subsequent accesses to this tensor via the PyObject will now fail. (function decref)
[W331 03:31:38.331853232 PyInterpreter.cpp:263] Warning: Deallocating Tensor that still has live PyObject references.  This probably happened because you took out a weak reference to Tensor and didn't call _fix_weakref() after dereferencing it.  Subsequent accesses to this tensor via the PyObject will now fail. (function decref)
[W331 03:31:38.331872772 PyInterpreter.cpp:263] Warning: Deallocating Tensor that still has live PyObject references.  This probably happened because you took out a weak reference to Tensor and didn't call _fix_weakref() after dereferencing it.  Subsequent accesses to this tensor via the PyObject will now fail. (function decref)
[W331 03:31:38.331898632 PyInterpreter.cpp:263] Warning: Deallocating Tensor that still has live PyObject references.  This probably happened because you took out a weak reference to Tensor and didn't call _fix_weakref() after dereferencing it.  Subsequent accesses to this tensor via the PyObject will now fail. (function decref)
[W331 03:31:38.331917492 PyInterpreter.cpp:263] Warning: Deallocating Tensor that still has live PyObject references.  This probably happened because you took out a weak reference to Tensor and didn't call _fix_weakref() after dereferencing it.  Subsequent accesses to this tensor via the PyObject will now fail. (function decref)
[W331 03:31:38.331929422 PyInterpreter.cpp:263] Warning: Deallocating Tensor that still has live PyObject references.  This probably happened because you took out a weak reference to Tensor and didn't call _fix_weakref() after dereferencing it.  Subsequent accesses to this tensor via the PyObject will now fail. (function decref)
[W331 03:31:38.331944812 PyInterpreter.cpp:263] Warning: Deallocating Tensor that still has live PyObject references.  This probably happened because you took out a weak reference to Tensor and didn't call _fix_weakref() after dereferencing it.  Subsequent accesses to this tensor via the PyObject will now fail. (function decref)
[W331 03:31:38.331954332 PyInterpreter.cpp:263] Warning: Deallocating Tensor that still has live PyObject references.  This probably happened because you took out a weak reference to Tensor and didn't call _fix_weakref() after dereferencing it.  Subsequent accesses to this tensor via the PyObject will now fail. (function decref)
[W331 03:31:41.503086520 PyInterpreter.cpp:263] Warning: Deallocating Tensor that still has live PyObject references.  This probably happened because you took out a weak reference to Tensor and didn't call _fix_weakref() after dereferencing it.  Subsequent accesses to this tensor via the PyObject will now fail. (function decref)
[W331 03:31:41.503215191 PyInterpreter.cpp:263] Warning: Deallocating Tensor that still has live PyObject references.  This probably happened because you took out a weak reference to Tensor and didn't call _fix_weakref() after dereferencing it.  Subsequent accesses to this tensor via the PyObject will now fail. (function decref)
[W331 03:31:41.503237921 PyInterpreter.cpp:263] Warning: Deallocating Tensor that still has live PyObject references.  This probably happened because you took out a weak reference to Tensor and didn't call _fix_weakref() after dereferencing it.  Subsequent accesses to this tensor via the PyObject will now fail. (function decref)
[W331 03:31:41.503282121 PyInterpreter.cpp:263] Warning: Deallocating Tensor that still has live PyObject references.  This probably happened because you took out a weak reference to Tensor and didn't call _fix_weakref() after dereferencing it.  Subsequent accesses to this tensor via the PyObject will now fail. (function decref)
[W331 03:31:41.503298181 PyInterpreter.cpp:263] Warning: Deallocating Tensor that still has live PyObject references.  This probably happened because you took out a weak reference to Tensor and didn't call _fix_weakref() after dereferencing it.  Subsequent accesses to this tensor via the PyObject will now fail. (function decref)
[W331 03:31:41.503308852 PyInterpreter.cpp:263] Warning: Deallocating Tensor that still has live PyObject references.  This probably happened because you took out a weak reference to Tensor and didn't call _fix_weakref() after dereferencing it.  Subsequent accesses to this tensor via the PyObject will now fail. (function decref)
[W331 03:31:41.503323702 PyInterpreter.cpp:263] Warning: Deallocating Tensor that still has live PyObject references.  This probably happened because you took out a weak reference to Tensor and didn't call _fix_weakref() after dereferencing it.  Subsequent accesses to this tensor via the PyObject will now fail. (function decref)
[W331 03:31:41.503333082 PyInterpreter.cpp:263] Warning: Deallocating Tensor that still has live PyObject references.  This probably happened because you took out a weak reference to Tensor and didn't call _fix_weakref() after dereferencing it.  Subsequent accesses to this tensor via the PyObject will now fail. (function decref)
[W331 03:31:41.503364782 PyInterpreter.cpp:263] Warning: Deallocating Tensor that still has live PyObject references.  This probably happened because you took out a weak reference to Tensor and didn't call _fix_weakref() after dereferencing it.  Subsequent accesses to this tensor via the PyObject will now fail. (function decref)
[W331 03:31:41.503374942 PyInterpreter.cpp:263] Warning: Deallocating Tensor that still has live PyObject references.  This probably happened because you took out a weak reference to Tensor and didn't call _fix_weakref() after dereferencing it.  Subsequent accesses to this tensor via the PyObject will now fail. (function decref)
[W331 03:31:41.503399252 PyInterpreter.cpp:263] Warning: Deallocating Tensor that still has live PyObject references.  This probably happened because you took out a weak reference to Tensor and didn't call _fix_weakref() after dereferencing it.  Subsequent accesses to this tensor via the PyObject will now fail. (function decref)
[W331 03:31:41.503410172 PyInterpreter.cpp:263] Warning: Deallocating Tensor that still has live PyObject references.  This probably happened because you took out a weak reference to Tensor and didn't call _fix_weakref() after dereferencing it.  Subsequent accesses to this tensor via the PyObject will now fail. (function decref)
[W331 03:31:41.503428312 PyInterpreter.cpp:263] Warning: Deallocating Tensor that still has live PyObject references.  This probably happened because you took out a weak reference to Tensor and didn't call _fix_weakref() after dereferencing it.  Subsequent accesses to this tensor via the PyObject will now fail. (function decref)
[W331 03:31:41.503440662 PyInterpreter.cpp:263] Warning: Deallocating Tensor that still has live PyObject references.  This probably happened because you took out a weak reference to Tensor and didn't call _fix_weakref() after dereferencing it.  Subsequent accesses to this tensor via the PyObject will now fail. (function decref)
[W331 03:31:41.503462572 PyInterpreter.cpp:263] Warning: Deallocating Tensor that still has live PyObject references.  This probably happened because you took out a weak reference to Tensor and didn't call _fix_weakref() after dereferencing it.  Subsequent accesses to this tensor via the PyObject will now fail. (function decref)
[W331 03:31:41.503475993 PyInterpreter.cpp:263] Warning: Deallocating Tensor that still has live PyObject references.  This probably happened because you took out a weak reference to Tensor and didn't call _fix_weakref() after dereferencing it.  Subsequent accesses to this tensor via the PyObject will now fail. (function decref)
[W331 03:31:43.639628650 PyInterpreter.cpp:263] Warning: Deallocating Tensor that still has live PyObject references.  This probably happened because you took out a weak reference to Tensor and didn't call _fix_weakref() after dereferencing it.  Subsequent accesses to this tensor via the PyObject will now fail. (function decref)
[W331 03:31:43.639782151 PyInterpreter.cpp:263] Warning: Deallocating Tensor that still has live PyObject references.  This probably happened because you took out a weak reference to Tensor and didn't call _fix_weakref() after dereferencing it.  Subsequent accesses to this tensor via the PyObject will now fail. (function decref)
[W331 03:31:43.639796661 PyInterpreter.cpp:263] Warning: Deallocating Tensor that still has live PyObject references.  This probably happened because you took out a weak reference to Tensor and didn't call _fix_weakref() after dereferencing it.  Subsequent accesses to this tensor via the PyObject will now fail. (function decref)
[W331 03:31:43.639814361 PyInterpreter.cpp:263] Warning: Deallocating Tensor that still has live PyObject references.  This probably happened because you took out a weak reference to Tensor and didn't call _fix_weakref() after dereferencing it.  Subsequent accesses to this tensor via the PyObject will now fail. (function decref)
[W331 03:31:43.639827881 PyInterpreter.cpp:263] Warning: Deallocating Tensor that still has live PyObject references.  This probably happened because you took out a weak reference to Tensor and didn't call _fix_weakref() after dereferencing it.  Subsequent accesses to this tensor via the PyObject will now fail. (function decref)
[W331 03:31:43.639848181 PyInterpreter.cpp:263] Warning: Deallocating Tensor that still has live PyObject references.  This probably happened because you took out a weak reference to Tensor and didn't call _fix_weakref() after dereferencing it.  Subsequent accesses to this tensor via the PyObject will now fail. (function decref)
[W331 03:31:43.639859681 PyInterpreter.cpp:263] Warning: Deallocating Tensor that still has live PyObject references.  This probably happened because you took out a weak reference to Tensor and didn't call _fix_weakref() after dereferencing it.  Subsequent accesses to this tensor via the PyObject will now fail. (function decref)
[W331 03:31:43.639875392 PyInterpreter.cpp:263] Warning: Deallocating Tensor that still has live PyObject references.  This probably happened because you took out a weak reference to Tensor and didn't call _fix_weakref() after dereferencing it.  Subsequent accesses to this tensor via the PyObject will now fail. (function decref)
[W331 03:31:43.639885362 PyInterpreter.cpp:263] Warning: Deallocating Tensor that still has live PyObject references.  This probably happened because you took out a weak reference to Tensor and didn't call _fix_weakref() after dereferencing it.  Subsequent accesses to this tensor via the PyObject will now fail. (function decref)
[W331 03:31:43.639918202 PyInterpreter.cpp:263] Warning: Deallocating Tensor that still has live PyObject references.  This probably happened because you took out a weak reference to Tensor and didn't call _fix_weakref() after dereferencing it.  Subsequent accesses to this tensor via the PyObject will now fail. (function decref)
[W331 03:31:43.639929612 PyInterpreter.cpp:263] Warning: Deallocating Tensor that still has live PyObject references.  This probably happened because you took out a weak reference to Tensor and didn't call _fix_weakref() after dereferencing it.  Subsequent accesses to this tensor via the PyObject will now fail. (function decref)
[W331 03:31:43.639948452 PyInterpreter.cpp:263] Warning: Deallocating Tensor that still has live PyObject references.  This probably happened because you took out a weak reference to Tensor and didn't call _fix_weakref() after dereferencing it.  Subsequent accesses to this tensor via the PyObject will now fail. (function decref)
[W331 03:31:43.639999212 PyInterpreter.cpp:263] Warning: Deallocating Tensor that still has live PyObject references.  This probably happened because you took out a weak reference to Tensor and didn't call _fix_weakref() after dereferencing it.  Subsequent accesses to this tensor via the PyObject will now fail. (function decref)
[W331 03:31:43.640037553 PyInterpreter.cpp:263] Warning: Deallocating Tensor that still has live PyObject references.  This probably happened because you took out a weak reference to Tensor and didn't call _fix_weakref() after dereferencing it.  Subsequent accesses to this tensor via the PyObject will now fail. (function decref)
[W331 03:31:43.640047433 PyInterpreter.cpp:263] Warning: Deallocating Tensor that still has live PyObject references.  This probably happened because you took out a weak reference to Tensor and didn't call _fix_weakref() after dereferencing it.  Subsequent accesses to this tensor via the PyObject will now fail. (function decref)
[W331 03:31:43.640068273 PyInterpreter.cpp:263] Warning: Deallocating Tensor that still has live PyObject references.  This probably happened because you took out a weak reference to Tensor and didn't call _fix_weakref() after dereferencing it.  Subsequent accesses to this tensor via the PyObject will now fail. (function decref)
[W331 03:31:45.958562615 PyInterpreter.cpp:263] Warning: Deallocating Tensor that still has live PyObject references.  This probably happened because you took out a weak reference to Tensor and didn't call _fix_weakref() after dereferencing it.  Subsequent accesses to this tensor via the PyObject will now fail. (function decref)
[W331 03:31:45.958699526 PyInterpreter.cpp:263] Warning: Deallocating Tensor that still has live PyObject references.  This probably happened because you took out a weak reference to Tensor and didn't call _fix_weakref() after dereferencing it.  Subsequent accesses to this tensor via the PyObject will now fail. (function decref)
[W331 03:31:45.958729396 PyInterpreter.cpp:263] Warning: Deallocating Tensor that still has live PyObject references.  This probably happened because you took out a weak reference to Tensor and didn't call _fix_weakref() after dereferencing it.  Subsequent accesses to this tensor via the PyObject will now fail. (function decref)
[W331 03:31:45.958745996 PyInterpreter.cpp:263] Warning: Deallocating Tensor that still has live PyObject references.  This probably happened because you took out a weak reference to Tensor and didn't call _fix_weakref() after dereferencing it.  Subsequent accesses to this tensor via the PyObject will now fail. (function decref)
[W331 03:31:45.958766386 PyInterpreter.cpp:263] Warning: Deallocating Tensor that still has live PyObject references.  This probably happened because you took out a weak reference to Tensor and didn't call _fix_weakref() after dereferencing it.  Subsequent accesses to this tensor via the PyObject will now fail. (function decref)
[W331 03:31:45.958779366 PyInterpreter.cpp:263] Warning: Deallocating Tensor that still has live PyObject references.  This probably happened because you took out a weak reference to Tensor and didn't call _fix_weakref() after dereferencing it.  Subsequent accesses to this tensor via the PyObject will now fail. (function decref)
[W331 03:31:45.958801866 PyInterpreter.cpp:263] Warning: Deallocating Tensor that still has live PyObject references.  This probably happened because you took out a weak reference to Tensor and didn't call _fix_weakref() after dereferencing it.  Subsequent accesses to this tensor via the PyObject will now fail. (function decref)
[W331 03:31:45.958819126 PyInterpreter.cpp:263] Warning: Deallocating Tensor that still has live PyObject references.  This probably happened because you took out a weak reference to Tensor and didn't call _fix_weakref() after dereferencing it.  Subsequent accesses to this tensor via the PyObject will now fail. (function decref)
[W331 03:31:45.958878087 PyInterpreter.cpp:263] Warning: Deallocating Tensor that still has live PyObject references.  This probably happened because you took out a weak reference to Tensor and didn't call _fix_weakref() after dereferencing it.  Subsequent accesses to this tensor via the PyObject will now fail. (function decref)
[W331 03:31:45.958893527 PyInterpreter.cpp:263] Warning: Deallocating Tensor that still has live PyObject references.  This probably happened because you took out a weak reference to Tensor and didn't call _fix_weakref() after dereferencing it.  Subsequent accesses to this tensor via the PyObject will now fail. (function decref)
[W331 03:31:45.958929597 PyInterpreter.cpp:263] Warning: Deallocating Tensor that still has live PyObject references.  This probably happened because you took out a weak reference to Tensor and didn't call _fix_weakref() after dereferencing it.  Subsequent accesses to this tensor via the PyObject will now fail. (function decref)
[W331 03:31:45.958942317 PyInterpreter.cpp:263] Warning: Deallocating Tensor that still has live PyObject references.  This probably happened because you took out a weak reference to Tensor and didn't call _fix_weakref() after dereferencing it.  Subsequent accesses to this tensor via the PyObject will now fail. (function decref)
[W331 03:31:45.958971817 PyInterpreter.cpp:263] Warning: Deallocating Tensor that still has live PyObject references.  This probably happened because you took out a weak reference to Tensor and didn't call _fix_weakref() after dereferencing it.  Subsequent accesses to this tensor via the PyObject will now fail. (function decref)
[W331 03:31:45.958983837 PyInterpreter.cpp:263] Warning: Deallocating Tensor that still has live PyObject references.  This probably happened because you took out a weak reference to Tensor and didn't call _fix_weakref() after dereferencing it.  Subsequent accesses to this tensor via the PyObject will now fail. (function decref)
[W331 03:31:45.959015678 PyInterpreter.cpp:263] Warning: Deallocating Tensor that still has live PyObject references.  This probably happened because you took out a weak reference to Tensor and didn't call _fix_weakref() after dereferencing it.  Subsequent accesses to this tensor via the PyObject will now fail. (function decref)
[W331 03:31:45.959033918 PyInterpreter.cpp:263] Warning: Deallocating Tensor that still has live PyObject references.  This probably happened because you took out a weak reference to Tensor and didn't call _fix_weakref() after dereferencing it.  Subsequent accesses to this tensor via the PyObject will now fail. (function decref)
  Layer 29 done in 15.6s (BF16 skip)

======================================================================
[LAYER 30/31] type=minicpm4  -> BF16 (skip)
======================================================================
  MiniCPM4 layer -> keeping all weights in BF16
  Updating hidden states for next layer...
[W331 03:31:49.614826554 PyInterpreter.cpp:263] Warning: Deallocating Tensor that still has live PyObject references.  This probably happened because you took out a weak reference to Tensor and didn't call _fix_weakref() after dereferencing it.  Subsequent accesses to this tensor via the PyObject will now fail. (function decref)
[W331 03:31:49.614966775 PyInterpreter.cpp:263] Warning: Deallocating Tensor that still has live PyObject references.  This probably happened because you took out a weak reference to Tensor and didn't call _fix_weakref() after dereferencing it.  Subsequent accesses to this tensor via the PyObject will now fail. (function decref)
[W331 03:31:49.614987616 PyInterpreter.cpp:263] Warning: Deallocating Tensor that still has live PyObject references.  This probably happened because you took out a weak reference to Tensor and didn't call _fix_weakref() after dereferencing it.  Subsequent accesses to this tensor via the PyObject will now fail. (function decref)
[W331 03:31:49.614999466 PyInterpreter.cpp:263] Warning: Deallocating Tensor that still has live PyObject references.  This probably happened because you took out a weak reference to Tensor and didn't call _fix_weakref() after dereferencing it.  Subsequent accesses to this tensor via the PyObject will now fail. (function decref)
[W331 03:31:49.615048746 PyInterpreter.cpp:263] Warning: Deallocating Tensor that still has live PyObject references.  This probably happened because you took out a weak reference to Tensor and didn't call _fix_weakref() after dereferencing it.  Subsequent accesses to this tensor via the PyObject will now fail. (function decref)
[W331 03:31:49.615059096 PyInterpreter.cpp:263] Warning: Deallocating Tensor that still has live PyObject references.  This probably happened because you took out a weak reference to Tensor and didn't call _fix_weakref() after dereferencing it.  Subsequent accesses to this tensor via the PyObject will now fail. (function decref)
[W331 03:31:49.615096346 PyInterpreter.cpp:263] Warning: Deallocating Tensor that still has live PyObject references.  This probably happened because you took out a weak reference to Tensor and didn't call _fix_weakref() after dereferencing it.  Subsequent accesses to this tensor via the PyObject will now fail. (function decref)
[W331 03:31:49.615106986 PyInterpreter.cpp:263] Warning: Deallocating Tensor that still has live PyObject references.  This probably happened because you took out a weak reference to Tensor and didn't call _fix_weakref() after dereferencing it.  Subsequent accesses to this tensor via the PyObject will now fail. (function decref)
[W331 03:31:49.615123756 PyInterpreter.cpp:263] Warning: Deallocating Tensor that still has live PyObject references.  This probably happened because you took out a weak reference to Tensor and didn't call _fix_weakref() after dereferencing it.  Subsequent accesses to this tensor via the PyObject will now fail. (function decref)
[W331 03:31:49.615133396 PyInterpreter.cpp:263] Warning: Deallocating Tensor that still has live PyObject references.  This probably happened because you took out a weak reference to Tensor and didn't call _fix_weakref() after dereferencing it.  Subsequent accesses to this tensor via the PyObject will now fail. (function decref)
[W331 03:31:49.615156097 PyInterpreter.cpp:263] Warning: Deallocating Tensor that still has live PyObject references.  This probably happened because you took out a weak reference to Tensor and didn't call _fix_weakref() after dereferencing it.  Subsequent accesses to this tensor via the PyObject will now fail. (function decref)
[W331 03:31:49.615167047 PyInterpreter.cpp:263] Warning: Deallocating Tensor that still has live PyObject references.  This probably happened because you took out a weak reference to Tensor and didn't call _fix_weakref() after dereferencing it.  Subsequent accesses to this tensor via the PyObject will now fail. (function decref)
[W331 03:31:49.615181747 PyInterpreter.cpp:263] Warning: Deallocating Tensor that still has live PyObject references.  This probably happened because you took out a weak reference to Tensor and didn't call _fix_weakref() after dereferencing it.  Subsequent accesses to this tensor via the PyObject will now fail. (function decref)
[W331 03:31:49.615193177 PyInterpreter.cpp:263] Warning: Deallocating Tensor that still has live PyObject references.  This probably happened because you took out a weak reference to Tensor and didn't call _fix_weakref() after dereferencing it.  Subsequent accesses to this tensor via the PyObject will now fail. (function decref)
[W331 03:31:49.615218067 PyInterpreter.cpp:263] Warning: Deallocating Tensor that still has live PyObject references.  This probably happened because you took out a weak reference to Tensor and didn't call _fix_weakref() after dereferencing it.  Subsequent accesses to this tensor via the PyObject will now fail. (function decref)
[W331 03:31:49.615230997 PyInterpreter.cpp:263] Warning: Deallocating Tensor that still has live PyObject references.  This probably happened because you took out a weak reference to Tensor and didn't call _fix_weakref() after dereferencing it.  Subsequent accesses to this tensor via the PyObject will now fail. (function decref)
[W331 03:31:51.033976976 PyInterpreter.cpp:263] Warning: Deallocating Tensor that still has live PyObject references.  This probably happened because you took out a weak reference to Tensor and didn't call _fix_weakref() after dereferencing it.  Subsequent accesses to this tensor via the PyObject will now fail. (function decref)
[W331 03:31:51.034132777 PyInterpreter.cpp:263] Warning: Deallocating Tensor that still has live PyObject references.  This probably happened because you took out a weak reference to Tensor and didn't call _fix_weakref() after dereferencing it.  Subsequent accesses to this tensor via the PyObject will now fail. (function decref)
[W331 03:31:51.034165117 PyInterpreter.cpp:263] Warning: Deallocating Tensor that still has live PyObject references.  This probably happened because you took out a weak reference to Tensor and didn't call _fix_weakref() after dereferencing it.  Subsequent accesses to this tensor via the PyObject will now fail. (function decref)
[W331 03:31:51.034182347 PyInterpreter.cpp:263] Warning: Deallocating Tensor that still has live PyObject references.  This probably happened because you took out a weak reference to Tensor and didn't call _fix_weakref() after dereferencing it.  Subsequent accesses to this tensor via the PyObject will now fail. (function decref)
[W331 03:31:51.034198997 PyInterpreter.cpp:263] Warning: Deallocating Tensor that still has live PyObject references.  This probably happened because you took out a weak reference to Tensor and didn't call _fix_weakref() after dereferencing it.  Subsequent accesses to this tensor via the PyObject will now fail. (function decref)
[W331 03:31:51.034220268 PyInterpreter.cpp:263] Warning: Deallocating Tensor that still has live PyObject references.  This probably happened because you took out a weak reference to Tensor and didn't call _fix_weakref() after dereferencing it.  Subsequent accesses to this tensor via the PyObject will now fail. (function decref)
[W331 03:31:51.034255808 PyInterpreter.cpp:263] Warning: Deallocating Tensor that still has live PyObject references.  This probably happened because you took out a weak reference to Tensor and didn't call _fix_weakref() after dereferencing it.  Subsequent accesses to this tensor via the PyObject will now fail. (function decref)
[W331 03:31:51.034276918 PyInterpreter.cpp:263] Warning: Deallocating Tensor that still has live PyObject references.  This probably happened because you took out a weak reference to Tensor and didn't call _fix_weakref() after dereferencing it.  Subsequent accesses to this tensor via the PyObject will now fail. (function decref)
[W331 03:31:51.034298368 PyInterpreter.cpp:263] Warning: Deallocating Tensor that still has live PyObject references.  This probably happened because you took out a weak reference to Tensor and didn't call _fix_weakref() after dereferencing it.  Subsequent accesses to this tensor via the PyObject will now fail. (function decref)
[W331 03:31:51.034319448 PyInterpreter.cpp:263] Warning: Deallocating Tensor that still has live PyObject references.  This probably happened because you took out a weak reference to Tensor and didn't call _fix_weakref() after dereferencing it.  Subsequent accesses to this tensor via the PyObject will now fail. (function decref)
[W331 03:31:51.034356188 PyInterpreter.cpp:263] Warning: Deallocating Tensor that still has live PyObject references.  This probably happened because you took out a weak reference to Tensor and didn't call _fix_weakref() after dereferencing it.  Subsequent accesses to this tensor via the PyObject will now fail. (function decref)
[W331 03:31:51.034371239 PyInterpreter.cpp:263] Warning: Deallocating Tensor that still has live PyObject references.  This probably happened because you took out a weak reference to Tensor and didn't call _fix_weakref() after dereferencing it.  Subsequent accesses to this tensor via the PyObject will now fail. (function decref)
[W331 03:31:51.034404459 PyInterpreter.cpp:263] Warning: Deallocating Tensor that still has live PyObject references.  This probably happened because you took out a weak reference to Tensor and didn't call _fix_weakref() after dereferencing it.  Subsequent accesses to this tensor via the PyObject will now fail. (function decref)
[W331 03:31:51.034437819 PyInterpreter.cpp:263] Warning: Deallocating Tensor that still has live PyObject references.  This probably happened because you took out a weak reference to Tensor and didn't call _fix_weakref() after dereferencing it.  Subsequent accesses to this tensor via the PyObject will now fail. (function decref)
[W331 03:31:51.034470139 PyInterpreter.cpp:263] Warning: Deallocating Tensor that still has live PyObject references.  This probably happened because you took out a weak reference to Tensor and didn't call _fix_weakref() after dereferencing it.  Subsequent accesses to this tensor via the PyObject will now fail. (function decref)
[W331 03:31:51.034488919 PyInterpreter.cpp:263] Warning: Deallocating Tensor that still has live PyObject references.  This probably happened because you took out a weak reference to Tensor and didn't call _fix_weakref() after dereferencing it.  Subsequent accesses to this tensor via the PyObject will now fail. (function decref)
[W331 03:31:54.067337617 PyInterpreter.cpp:263] Warning: Deallocating Tensor that still has live PyObject references.  This probably happened because you took out a weak reference to Tensor and didn't call _fix_weakref() after dereferencing it.  Subsequent accesses to this tensor via the PyObject will now fail. (function decref)
[W331 03:31:54.067462387 PyInterpreter.cpp:263] Warning: Deallocating Tensor that still has live PyObject references.  This probably happened because you took out a weak reference to Tensor and didn't call _fix_weakref() after dereferencing it.  Subsequent accesses to this tensor via the PyObject will now fail. (function decref)
[W331 03:31:54.067485367 PyInterpreter.cpp:263] Warning: Deallocating Tensor that still has live PyObject references.  This probably happened because you took out a weak reference to Tensor and didn't call _fix_weakref() after dereferencing it.  Subsequent accesses to this tensor via the PyObject will now fail. (function decref)
[W331 03:31:54.067497598 PyInterpreter.cpp:263] Warning: Deallocating Tensor that still has live PyObject references.  This probably happened because you took out a weak reference to Tensor and didn't call _fix_weakref() after dereferencing it.  Subsequent accesses to this tensor via the PyObject will now fail. (function decref)
[W331 03:31:54.067520148 PyInterpreter.cpp:263] Warning: Deallocating Tensor that still has live PyObject references.  This probably happened because you took out a weak reference to Tensor and didn't call _fix_weakref() after dereferencing it.  Subsequent accesses to this tensor via the PyObject will now fail. (function decref)
[W331 03:31:54.067551428 PyInterpreter.cpp:263] Warning: Deallocating Tensor that still has live PyObject references.  This probably happened because you took out a weak reference to Tensor and didn't call _fix_weakref() after dereferencing it.  Subsequent accesses to this tensor via the PyObject will now fail. (function decref)
[W331 03:31:54.067572628 PyInterpreter.cpp:263] Warning: Deallocating Tensor that still has live PyObject references.  This probably happened because you took out a weak reference to Tensor and didn't call _fix_weakref() after dereferencing it.  Subsequent accesses to this tensor via the PyObject will now fail. (function decref)
[W331 03:31:54.067582418 PyInterpreter.cpp:263] Warning: Deallocating Tensor that still has live PyObject references.  This probably happened because you took out a weak reference to Tensor and didn't call _fix_weakref() after dereferencing it.  Subsequent accesses to this tensor via the PyObject will now fail. (function decref)
[W331 03:31:54.067610058 PyInterpreter.cpp:263] Warning: Deallocating Tensor that still has live PyObject references.  This probably happened because you took out a weak reference to Tensor and didn't call _fix_weakref() after dereferencing it.  Subsequent accesses to this tensor via the PyObject will now fail. (function decref)
[W331 03:31:54.067637668 PyInterpreter.cpp:263] Warning: Deallocating Tensor that still has live PyObject references.  This probably happened because you took out a weak reference to Tensor and didn't call _fix_weakref() after dereferencing it.  Subsequent accesses to this tensor via the PyObject will now fail. (function decref)
[W331 03:31:54.067658089 PyInterpreter.cpp:263] Warning: Deallocating Tensor that still has live PyObject references.  This probably happened because you took out a weak reference to Tensor and didn't call _fix_weakref() after dereferencing it.  Subsequent accesses to this tensor via the PyObject will now fail. (function decref)
[W331 03:31:54.067668439 PyInterpreter.cpp:263] Warning: Deallocating Tensor that still has live PyObject references.  This probably happened because you took out a weak reference to Tensor and didn't call _fix_weakref() after dereferencing it.  Subsequent accesses to this tensor via the PyObject will now fail. (function decref)
[W331 03:31:54.067687689 PyInterpreter.cpp:263] Warning: Deallocating Tensor that still has live PyObject references.  This probably happened because you took out a weak reference to Tensor and didn't call _fix_weakref() after dereferencing it.  Subsequent accesses to this tensor via the PyObject will now fail. (function decref)
[W331 03:31:54.067697989 PyInterpreter.cpp:263] Warning: Deallocating Tensor that still has live PyObject references.  This probably happened because you took out a weak reference to Tensor and didn't call _fix_weakref() after dereferencing it.  Subsequent accesses to this tensor via the PyObject will now fail. (function decref)
[W331 03:31:54.067712629 PyInterpreter.cpp:263] Warning: Deallocating Tensor that still has live PyObject references.  This probably happened because you took out a weak reference to Tensor and didn't call _fix_weakref() after dereferencing it.  Subsequent accesses to this tensor via the PyObject will now fail. (function decref)
[W331 03:31:54.067721799 PyInterpreter.cpp:263] Warning: Deallocating Tensor that still has live PyObject references.  This probably happened because you took out a weak reference to Tensor and didn't call _fix_weakref() after dereferencing it.  Subsequent accesses to this tensor via the PyObject will now fail. (function decref)
[W331 03:31:56.200885552 PyInterpreter.cpp:263] Warning: Deallocating Tensor that still has live PyObject references.  This probably happened because you took out a weak reference to Tensor and didn't call _fix_weakref() after dereferencing it.  Subsequent accesses to this tensor via the PyObject will now fail. (function decref)
[W331 03:31:56.201020333 PyInterpreter.cpp:263] Warning: Deallocating Tensor that still has live PyObject references.  This probably happened because you took out a weak reference to Tensor and didn't call _fix_weakref() after dereferencing it.  Subsequent accesses to this tensor via the PyObject will now fail. (function decref)
[W331 03:31:56.201041883 PyInterpreter.cpp:263] Warning: Deallocating Tensor that still has live PyObject references.  This probably happened because you took out a weak reference to Tensor and didn't call _fix_weakref() after dereferencing it.  Subsequent accesses to this tensor via the PyObject will now fail. (function decref)
[W331 03:31:56.201059193 PyInterpreter.cpp:263] Warning: Deallocating Tensor that still has live PyObject references.  This probably happened because you took out a weak reference to Tensor and didn't call _fix_weakref() after dereferencing it.  Subsequent accesses to this tensor via the PyObject will now fail. (function decref)
[W331 03:31:56.201080663 PyInterpreter.cpp:263] Warning: Deallocating Tensor that still has live PyObject references.  This probably happened because you took out a weak reference to Tensor and didn't call _fix_weakref() after dereferencing it.  Subsequent accesses to this tensor via the PyObject will now fail. (function decref)
[W331 03:31:56.201156364 PyInterpreter.cpp:263] Warning: Deallocating Tensor that still has live PyObject references.  This probably happened because you took out a weak reference to Tensor and didn't call _fix_weakref() after dereferencing it.  Subsequent accesses to this tensor via the PyObject will now fail. (function decref)
[W331 03:31:56.201171514 PyInterpreter.cpp:263] Warning: Deallocating Tensor that still has live PyObject references.  This probably happened because you took out a weak reference to Tensor and didn't call _fix_weakref() after dereferencing it.  Subsequent accesses to this tensor via the PyObject will now fail. (function decref)
[W331 03:31:56.201180964 PyInterpreter.cpp:263] Warning: Deallocating Tensor that still has live PyObject references.  This probably happened because you took out a weak reference to Tensor and didn't call _fix_weakref() after dereferencing it.  Subsequent accesses to this tensor via the PyObject will now fail. (function decref)
[W331 03:31:56.201222554 PyInterpreter.cpp:263] Warning: Deallocating Tensor that still has live PyObject references.  This probably happened because you took out a weak reference to Tensor and didn't call _fix_weakref() after dereferencing it.  Subsequent accesses to this tensor via the PyObject will now fail. (function decref)
[W331 03:31:56.201235474 PyInterpreter.cpp:263] Warning: Deallocating Tensor that still has live PyObject references.  This probably happened because you took out a weak reference to Tensor and didn't call _fix_weakref() after dereferencing it.  Subsequent accesses to this tensor via the PyObject will now fail. (function decref)
[W331 03:31:56.201264465 PyInterpreter.cpp:263] Warning: Deallocating Tensor that still has live PyObject references.  This probably happened because you took out a weak reference to Tensor and didn't call _fix_weakref() after dereferencing it.  Subsequent accesses to this tensor via the PyObject will now fail. (function decref)
[W331 03:31:56.201275135 PyInterpreter.cpp:263] Warning: Deallocating Tensor that still has live PyObject references.  This probably happened because you took out a weak reference to Tensor and didn't call _fix_weakref() after dereferencing it.  Subsequent accesses to this tensor via the PyObject will now fail. (function decref)
[W331 03:31:56.201295315 PyInterpreter.cpp:263] Warning: Deallocating Tensor that still has live PyObject references.  This probably happened because you took out a weak reference to Tensor and didn't call _fix_weakref() after dereferencing it.  Subsequent accesses to this tensor via the PyObject will now fail. (function decref)
[W331 03:31:56.201307375 PyInterpreter.cpp:263] Warning: Deallocating Tensor that still has live PyObject references.  This probably happened because you took out a weak reference to Tensor and didn't call _fix_weakref() after dereferencing it.  Subsequent accesses to this tensor via the PyObject will now fail. (function decref)
[W331 03:31:56.201333695 PyInterpreter.cpp:263] Warning: Deallocating Tensor that still has live PyObject references.  This probably happened because you took out a weak reference to Tensor and didn't call _fix_weakref() after dereferencing it.  Subsequent accesses to this tensor via the PyObject will now fail. (function decref)
[W331 03:31:56.201345975 PyInterpreter.cpp:263] Warning: Deallocating Tensor that still has live PyObject references.  This probably happened because you took out a weak reference to Tensor and didn't call _fix_weakref() after dereferencing it.  Subsequent accesses to this tensor via the PyObject will now fail. (function decref)
[W331 03:31:58.342896042 PyInterpreter.cpp:263] Warning: Deallocating Tensor that still has live PyObject references.  This probably happened because you took out a weak reference to Tensor and didn't call _fix_weakref() after dereferencing it.  Subsequent accesses to this tensor via the PyObject will now fail. (function decref)
[W331 03:31:58.343075893 PyInterpreter.cpp:263] Warning: Deallocating Tensor that still has live PyObject references.  This probably happened because you took out a weak reference to Tensor and didn't call _fix_weakref() after dereferencing it.  Subsequent accesses to this tensor via the PyObject will now fail. (function decref)
[W331 03:31:58.343177114 PyInterpreter.cpp:263] Warning: Deallocating Tensor that still has live PyObject references.  This probably happened because you took out a weak reference to Tensor and didn't call _fix_weakref() after dereferencing it.  Subsequent accesses to this tensor via the PyObject will now fail. (function decref)
[W331 03:31:58.343216874 PyInterpreter.cpp:263] Warning: Deallocating Tensor that still has live PyObject references.  This probably happened because you took out a weak reference to Tensor and didn't call _fix_weakref() after dereferencing it.  Subsequent accesses to this tensor via the PyObject will now fail. (function decref)
[W331 03:31:58.343245124 PyInterpreter.cpp:263] Warning: Deallocating Tensor that still has live PyObject references.  This probably happened because you took out a weak reference to Tensor and didn't call _fix_weakref() after dereferencing it.  Subsequent accesses to this tensor via the PyObject will now fail. (function decref)
[W331 03:31:58.343277095 PyInterpreter.cpp:263] Warning: Deallocating Tensor that still has live PyObject references.  This probably happened because you took out a weak reference to Tensor and didn't call _fix_weakref() after dereferencing it.  Subsequent accesses to this tensor via the PyObject will now fail. (function decref)
[W331 03:31:58.343298655 PyInterpreter.cpp:263] Warning: Deallocating Tensor that still has live PyObject references.  This probably happened because you took out a weak reference to Tensor and didn't call _fix_weakref() after dereferencing it.  Subsequent accesses to this tensor via the PyObject will now fail. (function decref)
[W331 03:31:58.343329565 PyInterpreter.cpp:263] Warning: Deallocating Tensor that still has live PyObject references.  This probably happened because you took out a weak reference to Tensor and didn't call _fix_weakref() after dereferencing it.  Subsequent accesses to this tensor via the PyObject will now fail. (function decref)
[W331 03:31:58.343349835 PyInterpreter.cpp:263] Warning: Deallocating Tensor that still has live PyObject references.  This probably happened because you took out a weak reference to Tensor and didn't call _fix_weakref() after dereferencing it.  Subsequent accesses to this tensor via the PyObject will now fail. (function decref)
[W331 03:31:58.343395905 PyInterpreter.cpp:263] Warning: Deallocating Tensor that still has live PyObject references.  This probably happened because you took out a weak reference to Tensor and didn't call _fix_weakref() after dereferencing it.  Subsequent accesses to this tensor via the PyObject will now fail. (function decref)
[W331 03:31:58.343411446 PyInterpreter.cpp:263] Warning: Deallocating Tensor that still has live PyObject references.  This probably happened because you took out a weak reference to Tensor and didn't call _fix_weakref() after dereferencing it.  Subsequent accesses to this tensor via the PyObject will now fail. (function decref)
[W331 03:31:58.343441276 PyInterpreter.cpp:263] Warning: Deallocating Tensor that still has live PyObject references.  This probably happened because you took out a weak reference to Tensor and didn't call _fix_weakref() after dereferencing it.  Subsequent accesses to this tensor via the PyObject will now fail. (function decref)
[W331 03:31:58.343456686 PyInterpreter.cpp:263] Warning: Deallocating Tensor that still has live PyObject references.  This probably happened because you took out a weak reference to Tensor and didn't call _fix_weakref() after dereferencing it.  Subsequent accesses to this tensor via the PyObject will now fail. (function decref)
[W331 03:31:58.343485076 PyInterpreter.cpp:263] Warning: Deallocating Tensor that still has live PyObject references.  This probably happened because you took out a weak reference to Tensor and didn't call _fix_weakref() after dereferencing it.  Subsequent accesses to this tensor via the PyObject will now fail. (function decref)
[W331 03:31:58.343504466 PyInterpreter.cpp:263] Warning: Deallocating Tensor that still has live PyObject references.  This probably happened because you took out a weak reference to Tensor and didn't call _fix_weakref() after dereferencing it.  Subsequent accesses to this tensor via the PyObject will now fail. (function decref)
[W331 03:31:58.343535306 PyInterpreter.cpp:263] Warning: Deallocating Tensor that still has live PyObject references.  This probably happened because you took out a weak reference to Tensor and didn't call _fix_weakref() after dereferencing it.  Subsequent accesses to this tensor via the PyObject will now fail. (function decref)
[W331 03:32:01.641259143 PyInterpreter.cpp:263] Warning: Deallocating Tensor that still has live PyObject references.  This probably happened because you took out a weak reference to Tensor and didn't call _fix_weakref() after dereferencing it.  Subsequent accesses to this tensor via the PyObject will now fail. (function decref)
[W331 03:32:01.641394404 PyInterpreter.cpp:263] Warning: Deallocating Tensor that still has live PyObject references.  This probably happened because you took out a weak reference to Tensor and didn't call _fix_weakref() after dereferencing it.  Subsequent accesses to this tensor via the PyObject will now fail. (function decref)
[W331 03:32:01.641417134 PyInterpreter.cpp:263] Warning: Deallocating Tensor that still has live PyObject references.  This probably happened because you took out a weak reference to Tensor and didn't call _fix_weakref() after dereferencing it.  Subsequent accesses to this tensor via the PyObject will now fail. (function decref)
[W331 03:32:01.641428114 PyInterpreter.cpp:263] Warning: Deallocating Tensor that still has live PyObject references.  This probably happened because you took out a weak reference to Tensor and didn't call _fix_weakref() after dereferencing it.  Subsequent accesses to this tensor via the PyObject will now fail. (function decref)
[W331 03:32:01.641444654 PyInterpreter.cpp:263] Warning: Deallocating Tensor that still has live PyObject references.  This probably happened because you took out a weak reference to Tensor and didn't call _fix_weakref() after dereferencing it.  Subsequent accesses to this tensor via the PyObject will now fail. (function decref)
[W331 03:32:01.641455434 PyInterpreter.cpp:263] Warning: Deallocating Tensor that still has live PyObject references.  This probably happened because you took out a weak reference to Tensor and didn't call _fix_weakref() after dereferencing it.  Subsequent accesses to this tensor via the PyObject will now fail. (function decref)
[W331 03:32:01.641471744 PyInterpreter.cpp:263] Warning: Deallocating Tensor that still has live PyObject references.  This probably happened because you took out a weak reference to Tensor and didn't call _fix_weakref() after dereferencing it.  Subsequent accesses to this tensor via the PyObject will now fail. (function decref)
[W331 03:32:01.641489915 PyInterpreter.cpp:263] Warning: Deallocating Tensor that still has live PyObject references.  This probably happened because you took out a weak reference to Tensor and didn't call _fix_weakref() after dereferencing it.  Subsequent accesses to this tensor via the PyObject will now fail. (function decref)
[W331 03:32:01.641504925 PyInterpreter.cpp:263] Warning: Deallocating Tensor that still has live PyObject references.  This probably happened because you took out a weak reference to Tensor and didn't call _fix_weakref() after dereferencing it.  Subsequent accesses to this tensor via the PyObject will now fail. (function decref)
[W331 03:32:01.641515295 PyInterpreter.cpp:263] Warning: Deallocating Tensor that still has live PyObject references.  This probably happened because you took out a weak reference to Tensor and didn't call _fix_weakref() after dereferencing it.  Subsequent accesses to this tensor via the PyObject will now fail. (function decref)
[W331 03:32:01.641578225 PyInterpreter.cpp:263] Warning: Deallocating Tensor that still has live PyObject references.  This probably happened because you took out a weak reference to Tensor and didn't call _fix_weakref() after dereferencing it.  Subsequent accesses to this tensor via the PyObject will now fail. (function decref)
[W331 03:32:01.641591295 PyInterpreter.cpp:263] Warning: Deallocating Tensor that still has live PyObject references.  This probably happened because you took out a weak reference to Tensor and didn't call _fix_weakref() after dereferencing it.  Subsequent accesses to this tensor via the PyObject will now fail. (function decref)
[W331 03:32:01.641615675 PyInterpreter.cpp:263] Warning: Deallocating Tensor that still has live PyObject references.  This probably happened because you took out a weak reference to Tensor and didn't call _fix_weakref() after dereferencing it.  Subsequent accesses to this tensor via the PyObject will now fail. (function decref)
[W331 03:32:01.641625625 PyInterpreter.cpp:263] Warning: Deallocating Tensor that still has live PyObject references.  This probably happened because you took out a weak reference to Tensor and didn't call _fix_weakref() after dereferencing it.  Subsequent accesses to this tensor via the PyObject will now fail. (function decref)
[W331 03:32:01.641643626 PyInterpreter.cpp:263] Warning: Deallocating Tensor that still has live PyObject references.  This probably happened because you took out a weak reference to Tensor and didn't call _fix_weakref() after dereferencing it.  Subsequent accesses to this tensor via the PyObject will now fail. (function decref)
[W331 03:32:01.641654266 PyInterpreter.cpp:263] Warning: Deallocating Tensor that still has live PyObject references.  This probably happened because you took out a weak reference to Tensor and didn't call _fix_weakref() after dereferencing it.  Subsequent accesses to this tensor via the PyObject will now fail. (function decref)
  Layer 30 done in 15.7s (BF16 skip)

======================================================================
[LAYER 31/31] type=minicpm4  -> BF16 (skip)
======================================================================
  MiniCPM4 layer -> keeping all weights in BF16
  Updating hidden states for next layer...
[W331 03:32:04.288983848 PyInterpreter.cpp:263] Warning: Deallocating Tensor that still has live PyObject references.  This probably happened because you took out a weak reference to Tensor and didn't call _fix_weakref() after dereferencing it.  Subsequent accesses to this tensor via the PyObject will now fail. (function decref)
[W331 03:32:04.289116429 PyInterpreter.cpp:263] Warning: Deallocating Tensor that still has live PyObject references.  This probably happened because you took out a weak reference to Tensor and didn't call _fix_weakref() after dereferencing it.  Subsequent accesses to this tensor via the PyObject will now fail. (function decref)
[W331 03:32:04.289139159 PyInterpreter.cpp:263] Warning: Deallocating Tensor that still has live PyObject references.  This probably happened because you took out a weak reference to Tensor and didn't call _fix_weakref() after dereferencing it.  Subsequent accesses to this tensor via the PyObject will now fail. (function decref)
[W331 03:32:04.289153219 PyInterpreter.cpp:263] Warning: Deallocating Tensor that still has live PyObject references.  This probably happened because you took out a weak reference to Tensor and didn't call _fix_weakref() after dereferencing it.  Subsequent accesses to this tensor via the PyObject will now fail. (function decref)
[W331 03:32:04.289180050 PyInterpreter.cpp:263] Warning: Deallocating Tensor that still has live PyObject references.  This probably happened because you took out a weak reference to Tensor and didn't call _fix_weakref() after dereferencing it.  Subsequent accesses to this tensor via the PyObject will now fail. (function decref)
[W331 03:32:04.289195970 PyInterpreter.cpp:263] Warning: Deallocating Tensor that still has live PyObject references.  This probably happened because you took out a weak reference to Tensor and didn't call _fix_weakref() after dereferencing it.  Subsequent accesses to this tensor via the PyObject will now fail. (function decref)
[W331 03:32:04.289256830 PyInterpreter.cpp:263] Warning: Deallocating Tensor that still has live PyObject references.  This probably happened because you took out a weak reference to Tensor and didn't call _fix_weakref() after dereferencing it.  Subsequent accesses to this tensor via the PyObject will now fail. (function decref)
[W331 03:32:04.289269680 PyInterpreter.cpp:263] Warning: Deallocating Tensor that still has live PyObject references.  This probably happened because you took out a weak reference to Tensor and didn't call _fix_weakref() after dereferencing it.  Subsequent accesses to this tensor via the PyObject will now fail. (function decref)
[W331 03:32:04.289292960 PyInterpreter.cpp:263] Warning: Deallocating Tensor that still has live PyObject references.  This probably happened because you took out a weak reference to Tensor and didn't call _fix_weakref() after dereferencing it.  Subsequent accesses to this tensor via the PyObject will now fail. (function decref)
[W331 03:32:04.289303030 PyInterpreter.cpp:263] Warning: Deallocating Tensor that still has live PyObject references.  This probably happened because you took out a weak reference to Tensor and didn't call _fix_weakref() after dereferencing it.  Subsequent accesses to this tensor via the PyObject will now fail. (function decref)
[W331 03:32:04.289334961 PyInterpreter.cpp:263] Warning: Deallocating Tensor that still has live PyObject references.  This probably happened because you took out a weak reference to Tensor and didn't call _fix_weakref() after dereferencing it.  Subsequent accesses to this tensor via the PyObject will now fail. (function decref)
[W331 03:32:04.289351071 PyInterpreter.cpp:263] Warning: Deallocating Tensor that still has live PyObject references.  This probably happened because you took out a weak reference to Tensor and didn't call _fix_weakref() after dereferencing it.  Subsequent accesses to this tensor via the PyObject will now fail. (function decref)
[W331 03:32:04.289370251 PyInterpreter.cpp:263] Warning: Deallocating Tensor that still has live PyObject references.  This probably happened because you took out a weak reference to Tensor and didn't call _fix_weakref() after dereferencing it.  Subsequent accesses to this tensor via the PyObject will now fail. (function decref)
[W331 03:32:04.289382781 PyInterpreter.cpp:263] Warning: Deallocating Tensor that still has live PyObject references.  This probably happened because you took out a weak reference to Tensor and didn't call _fix_weakref() after dereferencing it.  Subsequent accesses to this tensor via the PyObject will now fail. (function decref)
[W331 03:32:04.289407921 PyInterpreter.cpp:263] Warning: Deallocating Tensor that still has live PyObject references.  This probably happened because you took out a weak reference to Tensor and didn't call _fix_weakref() after dereferencing it.  Subsequent accesses to this tensor via the PyObject will now fail. (function decref)
[W331 03:32:04.289426471 PyInterpreter.cpp:263] Warning: Deallocating Tensor that still has live PyObject references.  This probably happened because you took out a weak reference to Tensor and didn't call _fix_weakref() after dereferencing it.  Subsequent accesses to this tensor via the PyObject will now fail. (function decref)
[W331 03:32:07.705231178 PyInterpreter.cpp:263] Warning: Deallocating Tensor that still has live PyObject references.  This probably happened because you took out a weak reference to Tensor and didn't call _fix_weakref() after dereferencing it.  Subsequent accesses to this tensor via the PyObject will now fail. (function decref)
[W331 03:32:07.705349659 PyInterpreter.cpp:263] Warning: Deallocating Tensor that still has live PyObject references.  This probably happened because you took out a weak reference to Tensor and didn't call _fix_weakref() after dereferencing it.  Subsequent accesses to this tensor via the PyObject will now fail. (function decref)
[W331 03:32:07.705386909 PyInterpreter.cpp:263] Warning: Deallocating Tensor that still has live PyObject references.  This probably happened because you took out a weak reference to Tensor and didn't call _fix_weakref() after dereferencing it.  Subsequent accesses to this tensor via the PyObject will now fail. (function decref)
[W331 03:32:07.705398939 PyInterpreter.cpp:263] Warning: Deallocating Tensor that still has live PyObject references.  This probably happened because you took out a weak reference to Tensor and didn't call _fix_weakref() after dereferencing it.  Subsequent accesses to this tensor via the PyObject will now fail. (function decref)
[W331 03:32:07.705414549 PyInterpreter.cpp:263] Warning: Deallocating Tensor that still has live PyObject references.  This probably happened because you took out a weak reference to Tensor and didn't call _fix_weakref() after dereferencing it.  Subsequent accesses to this tensor via the PyObject will now fail. (function decref)
[W331 03:32:07.705430719 PyInterpreter.cpp:263] Warning: Deallocating Tensor that still has live PyObject references.  This probably happened because you took out a weak reference to Tensor and didn't call _fix_weakref() after dereferencing it.  Subsequent accesses to this tensor via the PyObject will now fail. (function decref)
[W331 03:32:07.705452409 PyInterpreter.cpp:263] Warning: Deallocating Tensor that still has live PyObject references.  This probably happened because you took out a weak reference to Tensor and didn't call _fix_weakref() after dereferencing it.  Subsequent accesses to this tensor via the PyObject will now fail. (function decref)
[W331 03:32:07.705465589 PyInterpreter.cpp:263] Warning: Deallocating Tensor that still has live PyObject references.  This probably happened because you took out a weak reference to Tensor and didn't call _fix_weakref() after dereferencing it.  Subsequent accesses to this tensor via the PyObject will now fail. (function decref)
[W331 03:32:07.705480849 PyInterpreter.cpp:263] Warning: Deallocating Tensor that still has live PyObject references.  This probably happened because you took out a weak reference to Tensor and didn't call _fix_weakref() after dereferencing it.  Subsequent accesses to this tensor via the PyObject will now fail. (function decref)
[W331 03:32:07.705490519 PyInterpreter.cpp:263] Warning: Deallocating Tensor that still has live PyObject references.  This probably happened because you took out a weak reference to Tensor and didn't call _fix_weakref() after dereferencing it.  Subsequent accesses to this tensor via the PyObject will now fail. (function decref)
[W331 03:32:07.705516620 PyInterpreter.cpp:263] Warning: Deallocating Tensor that still has live PyObject references.  This probably happened because you took out a weak reference to Tensor and didn't call _fix_weakref() after dereferencing it.  Subsequent accesses to this tensor via the PyObject will now fail. (function decref)
[W331 03:32:07.705529370 PyInterpreter.cpp:263] Warning: Deallocating Tensor that still has live PyObject references.  This probably happened because you took out a weak reference to Tensor and didn't call _fix_weakref() after dereferencing it.  Subsequent accesses to this tensor via the PyObject will now fail. (function decref)
[W331 03:32:07.705551850 PyInterpreter.cpp:263] Warning: Deallocating Tensor that still has live PyObject references.  This probably happened because you took out a weak reference to Tensor and didn't call _fix_weakref() after dereferencing it.  Subsequent accesses to this tensor via the PyObject will now fail. (function decref)
[W331 03:32:07.705561790 PyInterpreter.cpp:263] Warning: Deallocating Tensor that still has live PyObject references.  This probably happened because you took out a weak reference to Tensor and didn't call _fix_weakref() after dereferencing it.  Subsequent accesses to this tensor via the PyObject will now fail. (function decref)
[W331 03:32:07.705588590 PyInterpreter.cpp:263] Warning: Deallocating Tensor that still has live PyObject references.  This probably happened because you took out a weak reference to Tensor and didn't call _fix_weakref() after dereferencing it.  Subsequent accesses to this tensor via the PyObject will now fail. (function decref)
[W331 03:32:07.705605190 PyInterpreter.cpp:263] Warning: Deallocating Tensor that still has live PyObject references.  This probably happened because you took out a weak reference to Tensor and didn't call _fix_weakref() after dereferencing it.  Subsequent accesses to this tensor via the PyObject will now fail. (function decref)
[W331 03:32:10.279902234 PyInterpreter.cpp:263] Warning: Deallocating Tensor that still has live PyObject references.  This probably happened because you took out a weak reference to Tensor and didn't call _fix_weakref() after dereferencing it.  Subsequent accesses to this tensor via the PyObject will now fail. (function decref)
[W331 03:32:10.280060455 PyInterpreter.cpp:263] Warning: Deallocating Tensor that still has live PyObject references.  This probably happened because you took out a weak reference to Tensor and didn't call _fix_weakref() after dereferencing it.  Subsequent accesses to this tensor via the PyObject will now fail. (function decref)
[W331 03:32:10.280090295 PyInterpreter.cpp:263] Warning: Deallocating Tensor that still has live PyObject references.  This probably happened because you took out a weak reference to Tensor and didn't call _fix_weakref() after dereferencing it.  Subsequent accesses to this tensor via the PyObject will now fail. (function decref)
[W331 03:32:10.280102925 PyInterpreter.cpp:263] Warning: Deallocating Tensor that still has live PyObject references.  This probably happened because you took out a weak reference to Tensor and didn't call _fix_weakref() after dereferencing it.  Subsequent accesses to this tensor via the PyObject will now fail. (function decref)
[W331 03:32:10.280131905 PyInterpreter.cpp:263] Warning: Deallocating Tensor that still has live PyObject references.  This probably happened because you took out a weak reference to Tensor and didn't call _fix_weakref() after dereferencing it.  Subsequent accesses to this tensor via the PyObject will now fail. (function decref)
[W331 03:32:10.280146956 PyInterpreter.cpp:263] Warning: Deallocating Tensor that still has live PyObject references.  This probably happened because you took out a weak reference to Tensor and didn't call _fix_weakref() after dereferencing it.  Subsequent accesses to this tensor via the PyObject will now fail. (function decref)
[W331 03:32:10.280169606 PyInterpreter.cpp:263] Warning: Deallocating Tensor that still has live PyObject references.  This probably happened because you took out a weak reference to Tensor and didn't call _fix_weakref() after dereferencing it.  Subsequent accesses to this tensor via the PyObject will now fail. (function decref)
[W331 03:32:10.280186346 PyInterpreter.cpp:263] Warning: Deallocating Tensor that still has live PyObject references.  This probably happened because you took out a weak reference to Tensor and didn't call _fix_weakref() after dereferencing it.  Subsequent accesses to this tensor via the PyObject will now fail. (function decref)
[W331 03:32:10.280215656 PyInterpreter.cpp:263] Warning: Deallocating Tensor that still has live PyObject references.  This probably happened because you took out a weak reference to Tensor and didn't call _fix_weakref() after dereferencing it.  Subsequent accesses to this tensor via the PyObject will now fail. (function decref)
[W331 03:32:10.280226946 PyInterpreter.cpp:263] Warning: Deallocating Tensor that still has live PyObject references.  This probably happened because you took out a weak reference to Tensor and didn't call _fix_weakref() after dereferencing it.  Subsequent accesses to this tensor via the PyObject will now fail. (function decref)
[W331 03:32:10.280247256 PyInterpreter.cpp:263] Warning: Deallocating Tensor that still has live PyObject references.  This probably happened because you took out a weak reference to Tensor and didn't call _fix_weakref() after dereferencing it.  Subsequent accesses to this tensor via the PyObject will now fail. (function decref)
[W331 03:32:10.280288696 PyInterpreter.cpp:263] Warning: Deallocating Tensor that still has live PyObject references.  This probably happened because you took out a weak reference to Tensor and didn't call _fix_weakref() after dereferencing it.  Subsequent accesses to this tensor via the PyObject will now fail. (function decref)
[W331 03:32:10.280309767 PyInterpreter.cpp:263] Warning: Deallocating Tensor that still has live PyObject references.  This probably happened because you took out a weak reference to Tensor and didn't call _fix_weakref() after dereferencing it.  Subsequent accesses to this tensor via the PyObject will now fail. (function decref)
[W331 03:32:10.280322057 PyInterpreter.cpp:263] Warning: Deallocating Tensor that still has live PyObject references.  This probably happened because you took out a weak reference to Tensor and didn't call _fix_weakref() after dereferencing it.  Subsequent accesses to this tensor via the PyObject will now fail. (function decref)
[W331 03:32:10.280342137 PyInterpreter.cpp:263] Warning: Deallocating Tensor that still has live PyObject references.  This probably happened because you took out a weak reference to Tensor and didn't call _fix_weakref() after dereferencing it.  Subsequent accesses to this tensor via the PyObject will now fail. (function decref)
[W331 03:32:10.280352667 PyInterpreter.cpp:263] Warning: Deallocating Tensor that still has live PyObject references.  This probably happened because you took out a weak reference to Tensor and didn't call _fix_weakref() after dereferencing it.  Subsequent accesses to this tensor via the PyObject will now fail. (function decref)
[W331 03:32:12.310010040 PyInterpreter.cpp:263] Warning: Deallocating Tensor that still has live PyObject references.  This probably happened because you took out a weak reference to Tensor and didn't call _fix_weakref() after dereferencing it.  Subsequent accesses to this tensor via the PyObject will now fail. (function decref)
[W331 03:32:12.310135761 PyInterpreter.cpp:263] Warning: Deallocating Tensor that still has live PyObject references.  This probably happened because you took out a weak reference to Tensor and didn't call _fix_weakref() after dereferencing it.  Subsequent accesses to this tensor via the PyObject will now fail. (function decref)
[W331 03:32:12.310155671 PyInterpreter.cpp:263] Warning: Deallocating Tensor that still has live PyObject references.  This probably happened because you took out a weak reference to Tensor and didn't call _fix_weakref() after dereferencing it.  Subsequent accesses to this tensor via the PyObject will now fail. (function decref)
[W331 03:32:12.310168231 PyInterpreter.cpp:263] Warning: Deallocating Tensor that still has live PyObject references.  This probably happened because you took out a weak reference to Tensor and didn't call _fix_weakref() after dereferencing it.  Subsequent accesses to this tensor via the PyObject will now fail. (function decref)
[W331 03:32:12.310185641 PyInterpreter.cpp:263] Warning: Deallocating Tensor that still has live PyObject references.  This probably happened because you took out a weak reference to Tensor and didn't call _fix_weakref() after dereferencing it.  Subsequent accesses to this tensor via the PyObject will now fail. (function decref)
[W331 03:32:12.310196022 PyInterpreter.cpp:263] Warning: Deallocating Tensor that still has live PyObject references.  This probably happened because you took out a weak reference to Tensor and didn't call _fix_weakref() after dereferencing it.  Subsequent accesses to this tensor via the PyObject will now fail. (function decref)
[W331 03:32:12.310211502 PyInterpreter.cpp:263] Warning: Deallocating Tensor that still has live PyObject references.  This probably happened because you took out a weak reference to Tensor and didn't call _fix_weakref() after dereferencing it.  Subsequent accesses to this tensor via the PyObject will now fail. (function decref)
[W331 03:32:12.310246982 PyInterpreter.cpp:263] Warning: Deallocating Tensor that still has live PyObject references.  This probably happened because you took out a weak reference to Tensor and didn't call _fix_weakref() after dereferencing it.  Subsequent accesses to this tensor via the PyObject will now fail. (function decref)
[W331 03:32:12.310282082 PyInterpreter.cpp:263] Warning: Deallocating Tensor that still has live PyObject references.  This probably happened because you took out a weak reference to Tensor and didn't call _fix_weakref() after dereferencing it.  Subsequent accesses to this tensor via the PyObject will now fail. (function decref)
[W331 03:32:12.310292482 PyInterpreter.cpp:263] Warning: Deallocating Tensor that still has live PyObject references.  This probably happened because you took out a weak reference to Tensor and didn't call _fix_weakref() after dereferencing it.  Subsequent accesses to this tensor via the PyObject will now fail. (function decref)
[W331 03:32:12.310318502 PyInterpreter.cpp:263] Warning: Deallocating Tensor that still has live PyObject references.  This probably happened because you took out a weak reference to Tensor and didn't call _fix_weakref() after dereferencing it.  Subsequent accesses to this tensor via the PyObject will now fail. (function decref)
[W331 03:32:12.310329352 PyInterpreter.cpp:263] Warning: Deallocating Tensor that still has live PyObject references.  This probably happened because you took out a weak reference to Tensor and didn't call _fix_weakref() after dereferencing it.  Subsequent accesses to this tensor via the PyObject will now fail. (function decref)
[W331 03:32:12.310348232 PyInterpreter.cpp:263] Warning: Deallocating Tensor that still has live PyObject references.  This probably happened because you took out a weak reference to Tensor and didn't call _fix_weakref() after dereferencing it.  Subsequent accesses to this tensor via the PyObject will now fail. (function decref)
[W331 03:32:12.310359573 PyInterpreter.cpp:263] Warning: Deallocating Tensor that still has live PyObject references.  This probably happened because you took out a weak reference to Tensor and didn't call _fix_weakref() after dereferencing it.  Subsequent accesses to this tensor via the PyObject will now fail. (function decref)
[W331 03:32:12.310382053 PyInterpreter.cpp:263] Warning: Deallocating Tensor that still has live PyObject references.  This probably happened because you took out a weak reference to Tensor and didn't call _fix_weakref() after dereferencing it.  Subsequent accesses to this tensor via the PyObject will now fail. (function decref)
[W331 03:32:12.310397323 PyInterpreter.cpp:263] Warning: Deallocating Tensor that still has live PyObject references.  This probably happened because you took out a weak reference to Tensor and didn't call _fix_weakref() after dereferencing it.  Subsequent accesses to this tensor via the PyObject will now fail. (function decref)
[W331 03:32:15.432212381 PyInterpreter.cpp:263] Warning: Deallocating Tensor that still has live PyObject references.  This probably happened because you took out a weak reference to Tensor and didn't call _fix_weakref() after dereferencing it.  Subsequent accesses to this tensor via the PyObject will now fail. (function decref)
[W331 03:32:15.432347862 PyInterpreter.cpp:263] Warning: Deallocating Tensor that still has live PyObject references.  This probably happened because you took out a weak reference to Tensor and didn't call _fix_weakref() after dereferencing it.  Subsequent accesses to this tensor via the PyObject will now fail. (function decref)
[W331 03:32:15.432361602 PyInterpreter.cpp:263] Warning: Deallocating Tensor that still has live PyObject references.  This probably happened because you took out a weak reference to Tensor and didn't call _fix_weakref() after dereferencing it.  Subsequent accesses to this tensor via the PyObject will now fail. (function decref)
[W331 03:32:15.432376612 PyInterpreter.cpp:263] Warning: Deallocating Tensor that still has live PyObject references.  This probably happened because you took out a weak reference to Tensor and didn't call _fix_weakref() after dereferencing it.  Subsequent accesses to this tensor via the PyObject will now fail. (function decref)
[W331 03:32:15.432419942 PyInterpreter.cpp:263] Warning: Deallocating Tensor that still has live PyObject references.  This probably happened because you took out a weak reference to Tensor and didn't call _fix_weakref() after dereferencing it.  Subsequent accesses to this tensor via the PyObject will now fail. (function decref)
[W331 03:32:15.432436832 PyInterpreter.cpp:263] Warning: Deallocating Tensor that still has live PyObject references.  This probably happened because you took out a weak reference to Tensor and didn't call _fix_weakref() after dereferencing it.  Subsequent accesses to this tensor via the PyObject will now fail. (function decref)
[W331 03:32:15.432446582 PyInterpreter.cpp:263] Warning: Deallocating Tensor that still has live PyObject references.  This probably happened because you took out a weak reference to Tensor and didn't call _fix_weakref() after dereferencing it.  Subsequent accesses to this tensor via the PyObject will now fail. (function decref)
[W331 03:32:15.432462062 PyInterpreter.cpp:263] Warning: Deallocating Tensor that still has live PyObject references.  This probably happened because you took out a weak reference to Tensor and didn't call _fix_weakref() after dereferencing it.  Subsequent accesses to this tensor via the PyObject will now fail. (function decref)
[W331 03:32:15.432471982 PyInterpreter.cpp:263] Warning: Deallocating Tensor that still has live PyObject references.  This probably happened because you took out a weak reference to Tensor and didn't call _fix_weakref() after dereferencing it.  Subsequent accesses to this tensor via the PyObject will now fail. (function decref)
[W331 03:32:15.432504063 PyInterpreter.cpp:263] Warning: Deallocating Tensor that still has live PyObject references.  This probably happened because you took out a weak reference to Tensor and didn't call _fix_weakref() after dereferencing it.  Subsequent accesses to this tensor via the PyObject will now fail. (function decref)
[W331 03:32:15.432513623 PyInterpreter.cpp:263] Warning: Deallocating Tensor that still has live PyObject references.  This probably happened because you took out a weak reference to Tensor and didn't call _fix_weakref() after dereferencing it.  Subsequent accesses to this tensor via the PyObject will now fail. (function decref)
[W331 03:32:15.432533333 PyInterpreter.cpp:263] Warning: Deallocating Tensor that still has live PyObject references.  This probably happened because you took out a weak reference to Tensor and didn't call _fix_weakref() after dereferencing it.  Subsequent accesses to this tensor via the PyObject will now fail. (function decref)
[W331 03:32:15.432542613 PyInterpreter.cpp:263] Warning: Deallocating Tensor that still has live PyObject references.  This probably happened because you took out a weak reference to Tensor and didn't call _fix_weakref() after dereferencing it.  Subsequent accesses to this tensor via the PyObject will now fail. (function decref)
[W331 03:32:15.432561953 PyInterpreter.cpp:263] Warning: Deallocating Tensor that still has live PyObject references.  This probably happened because you took out a weak reference to Tensor and didn't call _fix_weakref() after dereferencing it.  Subsequent accesses to this tensor via the PyObject will now fail. (function decref)
[W331 03:32:15.432571173 PyInterpreter.cpp:263] Warning: Deallocating Tensor that still has live PyObject references.  This probably happened because you took out a weak reference to Tensor and didn't call _fix_weakref() after dereferencing it.  Subsequent accesses to this tensor via the PyObject will now fail. (function decref)
[W331 03:32:15.432591403 PyInterpreter.cpp:263] Warning: Deallocating Tensor that still has live PyObject references.  This probably happened because you took out a weak reference to Tensor and didn't call _fix_weakref() after dereferencing it.  Subsequent accesses to this tensor via the PyObject will now fail. (function decref)
[W331 03:32:17.694788111 PyInterpreter.cpp:263] Warning: Deallocating Tensor that still has live PyObject references.  This probably happened because you took out a weak reference to Tensor and didn't call _fix_weakref() after dereferencing it.  Subsequent accesses to this tensor via the PyObject will now fail. (function decref)
[W331 03:32:17.694919332 PyInterpreter.cpp:263] Warning: Deallocating Tensor that still has live PyObject references.  This probably happened because you took out a weak reference to Tensor and didn't call _fix_weakref() after dereferencing it.  Subsequent accesses to this tensor via the PyObject will now fail. (function decref)
[W331 03:32:17.694940642 PyInterpreter.cpp:263] Warning: Deallocating Tensor that still has live PyObject references.  This probably happened because you took out a weak reference to Tensor and didn't call _fix_weakref() after dereferencing it.  Subsequent accesses to this tensor via the PyObject will now fail. (function decref)
[W331 03:32:17.694951142 PyInterpreter.cpp:263] Warning: Deallocating Tensor that still has live PyObject references.  This probably happened because you took out a weak reference to Tensor and didn't call _fix_weakref() after dereferencing it.  Subsequent accesses to this tensor via the PyObject will now fail. (function decref)
[W331 03:32:17.694966882 PyInterpreter.cpp:263] Warning: Deallocating Tensor that still has live PyObject references.  This probably happened because you took out a weak reference to Tensor and didn't call _fix_weakref() after dereferencing it.  Subsequent accesses to this tensor via the PyObject will now fail. (function decref)
[W331 03:32:17.694977082 PyInterpreter.cpp:263] Warning: Deallocating Tensor that still has live PyObject references.  This probably happened because you took out a weak reference to Tensor and didn't call _fix_weakref() after dereferencing it.  Subsequent accesses to this tensor via the PyObject will now fail. (function decref)
[W331 03:32:17.694992292 PyInterpreter.cpp:263] Warning: Deallocating Tensor that still has live PyObject references.  This probably happened because you took out a weak reference to Tensor and didn't call _fix_weakref() after dereferencing it.  Subsequent accesses to this tensor via the PyObject will now fail. (function decref)
[W331 03:32:17.695008872 PyInterpreter.cpp:263] Warning: Deallocating Tensor that still has live PyObject references.  This probably happened because you took out a weak reference to Tensor and didn't call _fix_weakref() after dereferencing it.  Subsequent accesses to this tensor via the PyObject will now fail. (function decref)
[W331 03:32:17.695027562 PyInterpreter.cpp:263] Warning: Deallocating Tensor that still has live PyObject references.  This probably happened because you took out a weak reference to Tensor and didn't call _fix_weakref() after dereferencing it.  Subsequent accesses to this tensor via the PyObject will now fail. (function decref)
[W331 03:32:17.695037912 PyInterpreter.cpp:263] Warning: Deallocating Tensor that still has live PyObject references.  This probably happened because you took out a weak reference to Tensor and didn't call _fix_weakref() after dereferencing it.  Subsequent accesses to this tensor via the PyObject will now fail. (function decref)
[W331 03:32:17.695063563 PyInterpreter.cpp:263] Warning: Deallocating Tensor that still has live PyObject references.  This probably happened because you took out a weak reference to Tensor and didn't call _fix_weakref() after dereferencing it.  Subsequent accesses to this tensor via the PyObject will now fail. (function decref)
[W331 03:32:17.695074083 PyInterpreter.cpp:263] Warning: Deallocating Tensor that still has live PyObject references.  This probably happened because you took out a weak reference to Tensor and didn't call _fix_weakref() after dereferencing it.  Subsequent accesses to this tensor via the PyObject will now fail. (function decref)
[W331 03:32:17.695121843 PyInterpreter.cpp:263] Warning: Deallocating Tensor that still has live PyObject references.  This probably happened because you took out a weak reference to Tensor and didn't call _fix_weakref() after dereferencing it.  Subsequent accesses to this tensor via the PyObject will now fail. (function decref)
[W331 03:32:17.695131133 PyInterpreter.cpp:263] Warning: Deallocating Tensor that still has live PyObject references.  This probably happened because you took out a weak reference to Tensor and didn't call _fix_weakref() after dereferencing it.  Subsequent accesses to this tensor via the PyObject will now fail. (function decref)
[W331 03:32:17.695149083 PyInterpreter.cpp:263] Warning: Deallocating Tensor that still has live PyObject references.  This probably happened because you took out a weak reference to Tensor and didn't call _fix_weakref() after dereferencing it.  Subsequent accesses to this tensor via the PyObject will now fail. (function decref)
[W331 03:32:17.695158993 PyInterpreter.cpp:263] Warning: Deallocating Tensor that still has live PyObject references.  This probably happened because you took out a weak reference to Tensor and didn't call _fix_weakref() after dereferencing it.  Subsequent accesses to this tensor via the PyObject will now fail. (function decref)
  Layer 31 done in 16.1s (BF16 skip)

======================================================================
[INFO] Phase 3: Saving final norm + lm_head (BF16)...
======================================================================

======================================================================
[INFO] Phase 4: Saving quantized model to /opt/model_GPTQ_int4_lightning_only_minicpm4_bf16
======================================================================
  Total model size: 8.22 GB
  Saved model-00001-of-00003.safetensors
  Saved model-00002-of-00003.safetensors
  Saved model-00003-of-00003.safetensors
  Saved weights in safetensors format
  All files saved to /opt/model_GPTQ_int4_lightning_only_minicpm4_bf16

[INFO] Quantization complete!

[INFO] Total time: 2392.6s (39.9m)
